Folder,Filename,FullPath,IssueType,Details,Width,Height,MeanBrightness,StdDev,LaplacianVar
01.01\2014\K2\10X,01_01-2014_03_27-09_59-K2-10X.jpeg,C:\Users\ASUS\Desktop\Ders\blg521\data\01.01\2014\K2\10X\01_01-2014_03_27-09_59-K2-10X.jpeg,TRUNCATED,JPEG missing standard EOI marker \xFF\xD9,0,0,0.00,0.00,0.00
01.01\2014\K2\10X,01_01-2014_06_06-10_00-K2-10X.jpeg,C:\Users\ASUS\Desktop\Ders\blg521\data\01.01\2014\K2\10X\01_01-2014_06_06-10_00-K2-10X.jpeg,BLURRED,Very blurry (Laplacian variance: 30.24),1920,1080,119.49,23.71,30.24
01.01\2014\K2\10X,01_01-2014_12_02-10_00-K2-10X.jpeg,C:\Users\ASUS\Desktop\Ders\blg521\data\01.01\2014\K2\10X\01_01-2014_12_02-10_00-K2-10X.jpeg,TRUNCATED,JPEG missing standard EOI marker \xFF\xD9,0,0,0.00,0.00,0.00
01.01\2014\K2\1X,01_01-2014_03_27-10_01-K2-1X.jpeg,C:\Users\ASUS\Desktop\Ders\blg521\data\01.01\2014\K2\1X\01_01-2014_03_27-10_01-K2-1X.jpeg,TRUNCATED,JPEG missing standard EOI marker \xFF\xD9,0,0,0.00,0.00,0.00
01.01\2014\K2\1X,01_01-2014_12_02-10_00-K2-1X.jpeg,C:\Users\ASUS\Desktop\Ders\blg521\data\01.01\2014\K2\1X\01_01-2014_12_02-10_00-K2-1X.jpeg,TRUNCATED,JPEG missing standard EOI marker \xFF\xD9,0,0,0.00,0.00,0.00
01.01\2015\K1\10X,01_01-2015_01_23-10_00-K1-10X.jpeg,C:\Users\ASUS\Desktop\Ders\blg521\data\01.01\2015\K1\10X\01_01-2015_01_23-10_00-K1-10X.jpeg,TRUNCATED,JPEG missing standard EOI marker \xFF\xD9,0,0,0.00,0.00,0.00
01.01\2015\K1\10X,01_01-2015_01_24-10_00-K1-10X.jpeg,C:\Users\ASUS\Desktop\Ders\blg521\data\01.01\2015\K1\10X\01_01-2015_01_24-10_00-K1-10X.jpeg,TRUNCATED,JPEG missing standard EOI marker \xFF\xD9,0,0,0.00,0.00,0.00
01.01\2015\K1\10X,01_01-2015_01_25-10_00-K1-10X.jpeg,C:\Users\ASUS\Desktop\Ders\blg521\data\01.01\2015\K1\10X\01_01-2015_01_25-10_00-K1-10X.jpeg,TRUNCATED,JPEG missing standard EOI marker \xFF\xD9,0,0,0.00,0.00,0.00
01.01\2015\K1\10X,01_01-2015_01_26-10_00-K1-10X.jpeg,C:\Users\ASUS\Desktop\Ders\blg521\data\01.01\2015\K1\10X\01_01-2015_01_26-10_00-K1-10X.jpeg,TRUNCATED,JPEG missing standard EOI marker \xFF\xD9,0,0,0.00,0.00,0.00
01.01\2015\K1\10X,01_01-2015_01_29-10_00-K1-10X.jpeg,C:\Users\ASUS\Desktop\Ders\blg521\data\01.01\2015\K1\10X\01_01-2015_01_29-10_00-K1-10X.jpeg,TRUNCATED,JPEG missing standard EOI marker \xFF\xD9,0,0,0.00,0.00,0.00
01.01\2015\K1\10X,01_01-2015_02_02-10_01-K1-10X.jpeg,C:\Users\ASUS\Desktop\Ders\blg521\data\01.01\2015\K1\10X\01_01-2015_02_02-10_01-K1-10X.jpeg,TRUNCATED,JPEG missing standard EOI marker \xFF\xD9,0,0,0.00,0.00,0.00
01.01\2015\K1\10X,01_01-2015_02_03-10_02-K1-10X.jpeg,C:\Users\ASUS\Desktop\Ders\blg521\data\01.01\2015\K1\10X\01_01-2015_02_03-10_02-K1-10X.jpeg,TRUNCATED,JPEG missing standard EOI marker \xFF\xD9,0,0,0.00,0.00,0.00
01.01\2015\K1\10X,01_01-2015_02_09-10_43-K1-10X.jpeg,C:\Users\ASUS\Desktop\Ders\blg521\data\01.01\2015\K1\10X\01_01-2015_02_09-10_43-K1-10X.jpeg,TRUNCATED,JPEG missing standard EOI marker \xFF\xD9,0,0,0.00,0.00,0.00
01.01\2015\K1\10X,01_01-2015_02_10-10_00-K1-10X.jpeg,C:\Users\ASUS\Desktop\Ders\blg521\data\01.01\2015\K1\10X\01_01-2015_02_10-10_00-K1-10X.jpeg,TRUNCATED,JPEG missing standard EOI marker \xFF\xD9,0,0,0.00,0.00,0.00
01.01\2015\K1\10X,01_01-2015_02_17-10_00-K1-10X.jpeg,C:\Users\ASUS\Desktop\Ders\blg521\data\01.01\2015\K1\10X\01_01-2015_02_17-10_00-K1-10X.jpeg,TRUNCATED,JPEG missing standard EOI marker \xFF\xD9,0,0,0.00,0.00,0.00
01.01\2015\K1\10X,01_01-2015_02_21-10_00-K1-10X.jpeg,C:\Users\ASUS\Desktop\Ders\blg521\data\01.01\2015\K1\10X\01_01-2015_02_21-10_00-K1-10X.jpeg,TRUNCATED,JPEG missing standard EOI marker \xFF\xD9,0,0,0.00,0.00,0.00
01.01\2015\K1\10X,01_01-2015_02_26-10_44-K1-10X.jpeg,C:\Users\ASUS\Desktop\Ders\blg521\data\01.01\2015\K1\10X\01_01-2015_02_26-10_44-K1-10X.jpeg,TRUNCATED,JPEG missing standard EOI marker \xFF\xD9,0,0,0.00,0.00,0.00
01.01\2015\K1\10X,01_01-2015_02_28-10_00-K1-10X.jpeg,C:\Users\ASUS\Desktop\Ders\blg521\data\01.01\2015\K1\10X\01_01-2015_02_28-10_00-K1-10X.jpeg,TRUNCATED,JPEG missing standard EOI marker \xFF\xD9,0,0,0.00,0.00,0.00
01.01\2015\K1\10X,01_01-2015_03_01-10_00-K1-10X.jpeg,C:\Users\ASUS\Desktop\Ders\blg521\data\01.01\2015\K1\10X\01_01-2015_03_01-10_00-K1-10X.jpeg,TRUNCATED,JPEG missing standard EOI marker \xFF\xD9,0,0,0.00,0.00,0.00
01.01\2015\K1\10X,01_01-2015_03_02-10_00-K1-10X.jpeg,C:\Users\ASUS\Desktop\Ders\blg521\data\01.01\2015\K1\10X\01_01-2015_03_02-10_00-K1-10X.jpeg,TRUNCATED,JPEG missing standard EOI marker \xFF\xD9,0,0,0.00,0.00,0.00
01.01\2015\K1\10X,01_01-2015_03_14-10_21-K1-10X.jpeg,C:\Users\ASUS\Desktop\Ders\blg521\data\01.01\2015\K1\10X\01_01-2015_03_14-10_21-K1-10X.jpeg,TRUNCATED,JPEG missing standard EOI marker \xFF\xD9,0,0,0.00,0.00,0.00
01.01\2015\K1\10X,01_01-2015_03_23-10_00-K1-10X.jpeg,C:\Users\ASUS\Desktop\Ders\blg521\data\01.01\2015\K1\10X\01_01-2015_03_23-10_00-K1-10X.jpeg,TRUNCATED,JPEG missing standard EOI marker \xFF\xD9,0,0,0.00,0.00,0.00
01.01\2015\K1\10X,01_01-2015_03_25-10_00-K1-10X.jpeg,C:\Users\ASUS\Desktop\Ders\blg521\data\01.01\2015\K1\10X\01_01-2015_03_25-10_00-K1-10X.jpeg,TRUNCATED,JPEG missing standard EOI marker \xFF\xD9,0,0,0.00,0.00,0.00
01.01\2015\K1\10X,01_01-2015_03_31-10_00-K1-10X.jpeg,C:\Users\ASUS\Desktop\Ders\blg521\data\01.01\2015\K1\10X\01_01-2015_03_31-10_00-K1-10X.jpeg,TRUNCATED,JPEG missing standard EOI marker \xFF\xD9,0,0,0.00,0.00,0.00
01.01\2015\K1\10X,01_01-2015_04_01-10_00-K1-10X.jpeg,C:\Users\ASUS\Desktop\Ders\blg521\data\01.01\2015\K1\10X\01_01-2015_04_01-10_00-K1-10X.jpeg,TRUNCATED,JPEG missing standard EOI marker \xFF\xD9,0,0,0.00,0.00,0.00
01.01\2015\K1\10X,01_01-2015_04_03-11_43-K1-10X.jpeg,C:\Users\ASUS\Desktop\Ders\blg521\data\01.01\2015\K1\10X\01_01-2015_04_03-11_43-K1-10X.jpeg,TRUNCATED,JPEG missing standard EOI marker \xFF\xD9,0,0,0.00,0.00,0.00
01.01\2015\K1\10X,01_01-2015_04_06-10_00-K1-10X.jpeg,C:\Users\ASUS\Desktop\Ders\blg521\data\01.01\2015\K1\10X\01_01-2015_04_06-10_00-K1-10X.jpeg,TRUNCATED,JPEG missing standard EOI marker \xFF\xD9,0,0,0.00,0.00,0.00
01.01\2015\K1\10X,01_01-2015_04_10-10_00-K1-10X.jpeg,C:\Users\ASUS\Desktop\Ders\blg521\data\01.01\2015\K1\10X\01_01-2015_04_10-10_00-K1-10X.jpeg,TRUNCATED,JPEG missing standard EOI marker \xFF\xD9,0,0,0.00,0.00,0.00
01.01\2015\K1\10X,01_01-2015_04_11-10_00-K1-10X.jpeg,C:\Users\ASUS\Desktop\Ders\blg521\data\01.01\2015\K1\10X\01_01-2015_04_11-10_00-K1-10X.jpeg,TRUNCATED,JPEG missing standard EOI marker \xFF\xD9,0,0,0.00,0.00,0.00
01.01\2015\K1\10X,01_01-2015_04_12-10_00-K1-10X.jpeg,C:\Users\ASUS\Desktop\Ders\blg521\data\01.01\2015\K1\10X\01_01-2015_04_12-10_00-K1-10X.jpeg,TRUNCATED,JPEG missing standard EOI marker \xFF\xD9,0,0,0.00,0.00,0.00
01.01\2015\K1\10X,01_01-2015_04_13-11_42-K1-10X.jpeg,C:\Users\ASUS\Desktop\Ders\blg521\data\01.01\2015\K1\10X\01_01-2015_04_13-11_42-K1-10X.jpeg,TRUNCATED,JPEG missing standard EOI marker \xFF\xD9,0,0,0.00,0.00,0.00
01.01\2015\K1\10X,01_01-2015_04_17-10_00-K1-10X.jpeg,C:\Users\ASUS\Desktop\Ders\blg521\data\01.01\2015\K1\10X\01_01-2015_04_17-10_00-K1-10X.jpeg,TRUNCATED,JPEG missing standard EOI marker \xFF\xD9,0,0,0.00,0.00,0.00
01.01\2015\K1\10X,01_01-2015_04_23-10_00-K1-10X.jpeg,C:\Users\ASUS\Desktop\Ders\blg521\data\01.01\2015\K1\10X\01_01-2015_04_23-10_00-K1-10X.jpeg,TRUNCATED,JPEG missing standard EOI marker \xFF\xD9,0,0,0.00,0.00,0.00
01.01\2015\K1\10X,01_01-2015_05_01-10_00-K1-10X.jpeg,C:\Users\ASUS\Desktop\Ders\blg521\data\01.01\2015\K1\10X\01_01-2015_05_01-10_00-K1-10X.jpeg,TRUNCATED,JPEG missing standard EOI marker \xFF\xD9,0,0,0.00,0.00,0.00
01.01\2015\K1\10X,01_01-2015_05_04-10_00-K1-10X.jpeg,C:\Users\ASUS\Desktop\Ders\blg521\data\01.01\2015\K1\10X\01_01-2015_05_04-10_00-K1-10X.jpeg,TRUNCATED,JPEG missing standard EOI marker \xFF\xD9,0,0,0.00,0.00,0.00
01.01\2015\K1\10X,01_01-2015_05_05-10_00-K1-10X.jpeg,C:\Users\ASUS\Desktop\Ders\blg521\data\01.01\2015\K1\10X\01_01-2015_05_05-10_00-K1-10X.jpeg,TRUNCATED,JPEG missing standard EOI marker \xFF\xD9,0,0,0.00,0.00,0.00
01.01\2015\K1\10X,01_01-2015_05_08-10_00-K1-10X.jpeg,C:\Users\ASUS\Desktop\Ders\blg521\data\01.01\2015\K1\10X\01_01-2015_05_08-10_00-K1-10X.jpeg,TRUNCATED,JPEG missing standard EOI marker \xFF\xD9,0,0,0.00,0.00,0.00
01.01\2015\K1\10X,01_01-2015_05_11-10_00-K1-10X.jpeg,C:\Users\ASUS\Desktop\Ders\blg521\data\01.01\2015\K1\10X\01_01-2015_05_11-10_00-K1-10X.jpeg,TRUNCATED,JPEG missing standard EOI marker \xFF\xD9,0,0,0.00,0.00,0.00
01.01\2015\K1\10X,01_01-2015_05_15-10_01-K1-10X.jpeg,C:\Users\ASUS\Desktop\Ders\blg521\data\01.01\2015\K1\10X\01_01-2015_05_15-10_01-K1-10X.jpeg,TRUNCATED,JPEG missing standard EOI marker \xFF\xD9,0,0,0.00,0.00,0.00
01.01\2015\K1\10X,01_01-2015_05_16-10_02-K1-10X.jpeg,C:\Users\ASUS\Desktop\Ders\blg521\data\01.01\2015\K1\10X\01_01-2015_05_16-10_02-K1-10X.jpeg,TRUNCATED,JPEG missing standard EOI marker \xFF\xD9,0,0,0.00,0.00,0.00
01.01\2015\K1\10X,01_01-2015_05_17-10_05-K1-10X.jpeg,C:\Users\ASUS\Desktop\Ders\blg521\data\01.01\2015\K1\10X\01_01-2015_05_17-10_05-K1-10X.jpeg,TRUNCATED,JPEG missing standard EOI marker \xFF\xD9,0,0,0.00,0.00,0.00
01.01\2015\K1\10X,01_01-2015_05_18-10_00-K1-10X.jpeg,C:\Users\ASUS\Desktop\Ders\blg521\data\01.01\2015\K1\10X\01_01-2015_05_18-10_00-K1-10X.jpeg,TRUNCATED,JPEG missing standard EOI marker \xFF\xD9,0,0,0.00,0.00,0.00
01.01\2015\K1\10X,01_01-2015_05_20-10_00-K1-10X.jpeg,C:\Users\ASUS\Desktop\Ders\blg521\data\01.01\2015\K1\10X\01_01-2015_05_20-10_00-K1-10X.jpeg,TRUNCATED,JPEG missing standard EOI marker \xFF\xD9,0,0,0.00,0.00,0.00
01.01\2015\K1\10X,01_01-2015_05_23-10_00-K1-10X.jpeg,C:\Users\ASUS\Desktop\Ders\blg521\data\01.01\2015\K1\10X\01_01-2015_05_23-10_00-K1-10X.jpeg,TRUNCATED,JPEG missing standard EOI marker \xFF\xD9,0,0,0.00,0.00,0.00
01.01\2015\K1\10X,01_01-2015_05_25-10_00-K1-10X.jpeg,C:\Users\ASUS\Desktop\Ders\blg521\data\01.01\2015\K1\10X\01_01-2015_05_25-10_00-K1-10X.jpeg,TRUNCATED,JPEG missing standard EOI marker \xFF\xD9,0,0,0.00,0.00,0.00
01.01\2015\K1\10X,01_01-2015_05_31-10_00-K1-10X.jpeg,C:\Users\ASUS\Desktop\Ders\blg521\data\01.01\2015\K1\10X\01_01-2015_05_31-10_00-K1-10X.jpeg,TRUNCATED,JPEG missing standard EOI marker \xFF\xD9,0,0,0.00,0.00,0.00
01.01\2015\K1\10X,01_01-2015_06_05-10_00-K1-10X.jpeg,C:\Users\ASUS\Desktop\Ders\blg521\data\01.01\2015\K1\10X\01_01-2015_06_05-10_00-K1-10X.jpeg,TRUNCATED,JPEG missing standard EOI marker \xFF\xD9,0,0,0.00,0.00,0.00
01.01\2015\K1\10X,01_01-2015_06_06-10_00-K1-10X.jpeg,C:\Users\ASUS\Desktop\Ders\blg521\data\01.01\2015\K1\10X\01_01-2015_06_06-10_00-K1-10X.jpeg,TRUNCATED,JPEG missing standard EOI marker \xFF\xD9,0,0,0.00,0.00,0.00
01.01\2015\K1\10X,01_01-2015_06_09-10_00-K1-10X.jpeg,C:\Users\ASUS\Desktop\Ders\blg521\data\01.01\2015\K1\10X\01_01-2015_06_09-10_00-K1-10X.jpeg,TRUNCATED,JPEG missing standard EOI marker \xFF\xD9,0,0,0.00,0.00,0.00
01.01\2015\K1\10X,01_01-2015_06_11-10_00-K1-10X.jpeg,C:\Users\ASUS\Desktop\Ders\blg521\data\01.01\2015\K1\10X\01_01-2015_06_11-10_00-K1-10X.jpeg,TRUNCATED,JPEG missing standard EOI marker \xFF\xD9,0,0,0.00,0.00,0.00
01.01\2015\K1\10X,01_01-2015_06_12-10_00-K1-10X.jpeg,C:\Users\ASUS\Desktop\Ders\blg521\data\01.01\2015\K1\10X\01_01-2015_06_12-10_00-K1-10X.jpeg,TRUNCATED,JPEG missing standard EOI marker \xFF\xD9,0,0,0.00,0.00,0.00
01.01\2015\K1\10X,01_01-2015_10_24-10_00-K1-10X.jpeg,C:\Users\ASUS\Desktop\Ders\blg521\data\01.01\2015\K1\10X\01_01-2015_10_24-10_00-K1-10X.jpeg,BLURRED,Very blurry (Laplacian variance: 19.72),1920,1080,122.38,12.54,19.72
01.01\2015\K1\10X,01_01-2015_11_26-10_00-K1-10X.jpeg,C:\Users\ASUS\Desktop\Ders\blg521\data\01.01\2015\K1\10X\01_01-2015_11_26-10_00-K1-10X.jpeg,BLURRED,Very blurry (Laplacian variance: 36.71),1920,1080,120.44,16.21,36.71
01.01\2015\K1\10X,01_01-2015_11_30-11_51-K1-10X.jpeg,C:\Users\ASUS\Desktop\Ders\blg521\data\01.01\2015\K1\10X\01_01-2015_11_30-11_51-K1-10X.jpeg,BLURRED,Very blurry (Laplacian variance: 6.30),1920,1080,118.13,12.55,6.30
01.01\2015\K1\10X,01_01-2015_12_17-11_03-K1-10X.jpeg,C:\Users\ASUS\Desktop\Ders\blg521\data\01.01\2015\K1\10X\01_01-2015_12_17-11_03-K1-10X.jpeg,BLURRED,Very blurry (Laplacian variance: 6.55),1920,1080,99.96,10.59,6.55
01.01\2015\K1\1X,01_01-2015_01_23-10_00-K1-1X.jpeg,C:\Users\ASUS\Desktop\Ders\blg521\data\01.01\2015\K1\1X\01_01-2015_01_23-10_00-K1-1X.jpeg,TRUNCATED,JPEG missing standard EOI marker \xFF\xD9,0,0,0.00,0.00,0.00
01.01\2015\K1\1X,01_01-2015_01_25-10_00-K1-1X.jpeg,C:\Users\ASUS\Desktop\Ders\blg521\data\01.01\2015\K1\1X\01_01-2015_01_25-10_00-K1-1X.jpeg,TRUNCATED,JPEG missing standard EOI marker \xFF\xD9,0,0,0.00,0.00,0.00
01.01\2015\K1\1X,01_01-2015_01_26-10_00-K1-1X.jpeg,C:\Users\ASUS\Desktop\Ders\blg521\data\01.01\2015\K1\1X\01_01-2015_01_26-10_00-K1-1X.jpeg,TRUNCATED,JPEG missing standard EOI marker \xFF\xD9,0,0,0.00,0.00,0.00
01.01\2015\K1\1X,01_01-2015_01_27-10_00-K1-1X.jpeg,C:\Users\ASUS\Desktop\Ders\blg521\data\01.01\2015\K1\1X\01_01-2015_01_27-10_00-K1-1X.jpeg,TRUNCATED,JPEG missing standard EOI marker \xFF\xD9,0,0,0.00,0.00,0.00
01.01\2015\K1\1X,01_01-2015_01_29-10_00-K1-1X.jpeg,C:\Users\ASUS\Desktop\Ders\blg521\data\01.01\2015\K1\1X\01_01-2015_01_29-10_00-K1-1X.jpeg,TRUNCATED,JPEG missing standard EOI marker \xFF\xD9,0,0,0.00,0.00,0.00
01.01\2015\K1\1X,01_01-2015_01_31-12_00-K1-1X.jpeg,C:\Users\ASUS\Desktop\Ders\blg521\data\01.01\2015\K1\1X\01_01-2015_01_31-12_00-K1-1X.jpeg,TRUNCATED,JPEG missing standard EOI marker \xFF\xD9,0,0,0.00,0.00,0.00
01.01\2015\K1\1X,01_01-2015_02_01-11_30-K1-1X.jpeg,C:\Users\ASUS\Desktop\Ders\blg521\data\01.01\2015\K1\1X\01_01-2015_02_01-11_30-K1-1X.jpeg,TRUNCATED,JPEG missing standard EOI marker \xFF\xD9,0,0,0.00,0.00,0.00
01.01\2015\K1\1X,01_01-2015_02_03-10_03-K1-1X.jpeg,C:\Users\ASUS\Desktop\Ders\blg521\data\01.01\2015\K1\1X\01_01-2015_02_03-10_03-K1-1X.jpeg,TRUNCATED,JPEG missing standard EOI marker \xFF\xD9,0,0,0.00,0.00,0.00
01.01\2015\K1\1X,01_01-2015_02_04-10_00-K1-1X.jpeg,C:\Users\ASUS\Desktop\Ders\blg521\data\01.01\2015\K1\1X\01_01-2015_02_04-10_00-K1-1X.jpeg,TRUNCATED,JPEG missing standard EOI marker \xFF\xD9,0,0,0.00,0.00,0.00
01.01\2015\K1\1X,01_01-2015_02_05-10_00-K1-1X.jpeg,C:\Users\ASUS\Desktop\Ders\blg521\data\01.01\2015\K1\1X\01_01-2015_02_05-10_00-K1-1X.jpeg,TRUNCATED,JPEG missing standard EOI marker \xFF\xD9,0,0,0.00,0.00,0.00
01.01\2015\K1\1X,01_01-2015_02_06-10_00-K1-1X.jpeg,C:\Users\ASUS\Desktop\Ders\blg521\data\01.01\2015\K1\1X\01_01-2015_02_06-10_00-K1-1X.jpeg,TRUNCATED,JPEG missing standard EOI marker \xFF\xD9,0,0,0.00,0.00,0.00
01.01\2015\K1\1X,01_01-2015_02_07-10_00-K1-1X.jpeg,C:\Users\ASUS\Desktop\Ders\blg521\data\01.01\2015\K1\1X\01_01-2015_02_07-10_00-K1-1X.jpeg,TRUNCATED,JPEG missing standard EOI marker \xFF\xD9,0,0,0.00,0.00,0.00
01.01\2015\K1\1X,01_01-2015_02_09-10_44-K1-1X.jpeg,C:\Users\ASUS\Desktop\Ders\blg521\data\01.01\2015\K1\1X\01_01-2015_02_09-10_44-K1-1X.jpeg,TRUNCATED,JPEG missing standard EOI marker \xFF\xD9,0,0,0.00,0.00,0.00
01.01\2015\K1\1X,01_01-2015_02_14-10_00-K1-1X.jpeg,C:\Users\ASUS\Desktop\Ders\blg521\data\01.01\2015\K1\1X\01_01-2015_02_14-10_00-K1-1X.jpeg,TRUNCATED,JPEG missing standard EOI marker \xFF\xD9,0,0,0.00,0.00,0.00
01.01\2015\K1\1X,01_01-2015_02_15-10_00-K1-1X.jpeg,C:\Users\ASUS\Desktop\Ders\blg521\data\01.01\2015\K1\1X\01_01-2015_02_15-10_00-K1-1X.jpeg,TRUNCATED,JPEG missing standard EOI marker \xFF\xD9,0,0,0.00,0.00,0.00
01.01\2015\K1\1X,01_01-2015_02_16-10_19-K1-1X.jpeg,C:\Users\ASUS\Desktop\Ders\blg521\data\01.01\2015\K1\1X\01_01-2015_02_16-10_19-K1-1X.jpeg,TRUNCATED,JPEG missing standard EOI marker \xFF\xD9,0,0,0.00,0.00,0.00
01.01\2015\K1\1X,01_01-2015_02_20-10_00-K1-1X.jpeg,C:\Users\ASUS\Desktop\Ders\blg521\data\01.01\2015\K1\1X\01_01-2015_02_20-10_00-K1-1X.jpeg,TRUNCATED,JPEG missing standard EOI marker \xFF\xD9,0,0,0.00,0.00,0.00
01.01\2015\K1\1X,01_01-2015_02_21-10_00-K1-1X.jpeg,C:\Users\ASUS\Desktop\Ders\blg521\data\01.01\2015\K1\1X\01_01-2015_02_21-10_00-K1-1X.jpeg,TRUNCATED,JPEG missing standard EOI marker \xFF\xD9,0,0,0.00,0.00,0.00
01.01\2015\K1\1X,01_01-2015_02_22-10_00-K1-1X.jpeg,C:\Users\ASUS\Desktop\Ders\blg521\data\01.01\2015\K1\1X\01_01-2015_02_22-10_00-K1-1X.jpeg,TRUNCATED,JPEG missing standard EOI marker \xFF\xD9,0,0,0.00,0.00,0.00
01.01\2015\K1\1X,01_01-2015_02_23-10_00-K1-1X.jpeg,C:\Users\ASUS\Desktop\Ders\blg521\data\01.01\2015\K1\1X\01_01-2015_02_23-10_00-K1-1X.jpeg,TRUNCATED,JPEG missing standard EOI marker \xFF\xD9,0,0,0.00,0.00,0.00
01.01\2015\K1\1X,01_01-2015_02_25-11_35-K1-1X.jpeg,C:\Users\ASUS\Desktop\Ders\blg521\data\01.01\2015\K1\1X\01_01-2015_02_25-11_35-K1-1X.jpeg,TRUNCATED,JPEG missing standard EOI marker \xFF\xD9,0,0,0.00,0.00,0.00
01.01\2015\K1\1X,01_01-2015_02_26-10_46-K1-1X.jpeg,C:\Users\ASUS\Desktop\Ders\blg521\data\01.01\2015\K1\1X\01_01-2015_02_26-10_46-K1-1X.jpeg,TRUNCATED,JPEG missing standard EOI marker \xFF\xD9,0,0,0.00,0.00,0.00
01.01\2015\K1\1X,01_01-2015_02_27-10_00-K1-1X.jpeg,C:\Users\ASUS\Desktop\Ders\blg521\data\01.01\2015\K1\1X\01_01-2015_02_27-10_00-K1-1X.jpeg,TRUNCATED,JPEG missing standard EOI marker \xFF\xD9,0,0,0.00,0.00,0.00
01.01\2015\K1\1X,01_01-2015_02_28-10_00-K1-1X.jpeg,C:\Users\ASUS\Desktop\Ders\blg521\data\01.01\2015\K1\1X\01_01-2015_02_28-10_00-K1-1X.jpeg,TRUNCATED,JPEG missing standard EOI marker \xFF\xD9,0,0,0.00,0.00,0.00
01.01\2015\K1\1X,01_01-2015_03_01-10_00-K1-1X.jpeg,C:\Users\ASUS\Desktop\Ders\blg521\data\01.01\2015\K1\1X\01_01-2015_03_01-10_00-K1-1X.jpeg,TRUNCATED,JPEG missing standard EOI marker \xFF\xD9,0,0,0.00,0.00,0.00
01.01\2015\K1\1X,01_01-2015_03_03-10_00-K1-1X.jpeg,C:\Users\ASUS\Desktop\Ders\blg521\data\01.01\2015\K1\1X\01_01-2015_03_03-10_00-K1-1X.jpeg,TRUNCATED,JPEG missing standard EOI marker \xFF\xD9,0,0,0.00,0.00,0.00
01.01\2015\K1\1X,01_01-2015_03_04-10_00-K1-1X.jpeg,C:\Users\ASUS\Desktop\Ders\blg521\data\01.01\2015\K1\1X\01_01-2015_03_04-10_00-K1-1X.jpeg,TRUNCATED,JPEG missing standard EOI marker \xFF\xD9,0,0,0.00,0.00,0.00
01.01\2015\K1\1X,01_01-2015_03_05-10_00-K1-1X.jpeg,C:\Users\ASUS\Desktop\Ders\blg521\data\01.01\2015\K1\1X\01_01-2015_03_05-10_00-K1-1X.jpeg,TRUNCATED,JPEG missing standard EOI marker \xFF\xD9,0,0,0.00,0.00,0.00
01.01\2015\K1\1X,01_01-2015_03_06-10_00-K1-1X.jpeg,C:\Users\ASUS\Desktop\Ders\blg521\data\01.01\2015\K1\1X\01_01-2015_03_06-10_00-K1-1X.jpeg,TRUNCATED,JPEG missing standard EOI marker \xFF\xD9,0,0,0.00,0.00,0.00
01.01\2015\K1\1X,01_01-2015_03_07-10_00-K1-1X.jpeg,C:\Users\ASUS\Desktop\Ders\blg521\data\01.01\2015\K1\1X\01_01-2015_03_07-10_00-K1-1X.jpeg,TRUNCATED,JPEG missing standard EOI marker \xFF\xD9,0,0,0.00,0.00,0.00
01.01\2015\K1\1X,01_01-2015_03_08-10_00-K1-1X.jpeg,C:\Users\ASUS\Desktop\Ders\blg521\data\01.01\2015\K1\1X\01_01-2015_03_08-10_00-K1-1X.jpeg,TRUNCATED,JPEG missing standard EOI marker \xFF\xD9,0,0,0.00,0.00,0.00
01.01\2015\K1\1X,01_01-2015_03_09-10_00-K1-1X.jpeg,C:\Users\ASUS\Desktop\Ders\blg521\data\01.01\2015\K1\1X\01_01-2015_03_09-10_00-K1-1X.jpeg,TRUNCATED,JPEG missing standard EOI marker \xFF\xD9,0,0,0.00,0.00,0.00
01.01\2015\K1\1X,01_01-2015_03_10-10_00-K1-1X.jpeg,C:\Users\ASUS\Desktop\Ders\blg521\data\01.01\2015\K1\1X\01_01-2015_03_10-10_00-K1-1X.jpeg,TRUNCATED,JPEG missing standard EOI marker \xFF\xD9,0,0,0.00,0.00,0.00
01.01\2015\K1\1X,01_01-2015_03_13-10_00-K1-1X.jpeg,C:\Users\ASUS\Desktop\Ders\blg521\data\01.01\2015\K1\1X\01_01-2015_03_13-10_00-K1-1X.jpeg,TRUNCATED,JPEG missing standard EOI marker \xFF\xD9,0,0,0.00,0.00,0.00
01.01\2015\K1\1X,01_01-2015_03_14-10_23-K1-1X.jpeg,C:\Users\ASUS\Desktop\Ders\blg521\data\01.01\2015\K1\1X\01_01-2015_03_14-10_23-K1-1X.jpeg,TRUNCATED,JPEG missing standard EOI marker \xFF\xD9,0,0,0.00,0.00,0.00
01.01\2015\K1\1X,01_01-2015_03_15-10_00-K1-1X.jpeg,C:\Users\ASUS\Desktop\Ders\blg521\data\01.01\2015\K1\1X\01_01-2015_03_15-10_00-K1-1X.jpeg,TRUNCATED,JPEG missing standard EOI marker \xFF\xD9,0,0,0.00,0.00,0.00
01.01\2015\K1\1X,01_01-2015_03_16-10_00-K1-1X.jpeg,C:\Users\ASUS\Desktop\Ders\blg521\data\01.01\2015\K1\1X\01_01-2015_03_16-10_00-K1-1X.jpeg,TRUNCATED,JPEG missing standard EOI marker \xFF\xD9,0,0,0.00,0.00,0.00
01.01\2015\K1\1X,01_01-2015_03_19-10_33-K1-1X.jpeg,C:\Users\ASUS\Desktop\Ders\blg521\data\01.01\2015\K1\1X\01_01-2015_03_19-10_33-K1-1X.jpeg,TRUNCATED,JPEG missing standard EOI marker \xFF\xD9,0,0,0.00,0.00,0.00
01.01\2015\K1\1X,01_01-2015_03_23-10_00-K1-1X.jpeg,C:\Users\ASUS\Desktop\Ders\blg521\data\01.01\2015\K1\1X\01_01-2015_03_23-10_00-K1-1X.jpeg,TRUNCATED,JPEG missing standard EOI marker \xFF\xD9,0,0,0.00,0.00,0.00
01.01\2015\K1\1X,01_01-2015_03_25-10_00-K1-1X.jpeg,C:\Users\ASUS\Desktop\Ders\blg521\data\01.01\2015\K1\1X\01_01-2015_03_25-10_00-K1-1X.jpeg,TRUNCATED,JPEG missing standard EOI marker \xFF\xD9,0,0,0.00,0.00,0.00
01.01\2015\K1\1X,01_01-2015_03_26-10_00-K1-1X.jpeg,C:\Users\ASUS\Desktop\Ders\blg521\data\01.01\2015\K1\1X\01_01-2015_03_26-10_00-K1-1X.jpeg,TRUNCATED,JPEG missing standard EOI marker \xFF\xD9,0,0,0.00,0.00,0.00
01.01\2015\K1\1X,01_01-2015_03_30-10_00-K1-1X.jpeg,C:\Users\ASUS\Desktop\Ders\blg521\data\01.01\2015\K1\1X\01_01-2015_03_30-10_00-K1-1X.jpeg,TRUNCATED,JPEG missing standard EOI marker \xFF\xD9,0,0,0.00,0.00,0.00
01.01\2015\K1\1X,01_01-2015_03_31-10_00-K1-1X.jpeg,C:\Users\ASUS\Desktop\Ders\blg521\data\01.01\2015\K1\1X\01_01-2015_03_31-10_00-K1-1X.jpeg,TRUNCATED,JPEG missing standard EOI marker \xFF\xD9,0,0,0.00,0.00,0.00
01.01\2015\K1\1X,01_01-2015_04_01-10_00-K1-1X.jpeg,C:\Users\ASUS\Desktop\Ders\blg521\data\01.01\2015\K1\1X\01_01-2015_04_01-10_00-K1-1X.jpeg,TRUNCATED,JPEG missing standard EOI marker \xFF\xD9,0,0,0.00,0.00,0.00
01.01\2015\K1\1X,01_01-2015_04_02-10_00-K1-1X.jpeg,C:\Users\ASUS\Desktop\Ders\blg521\data\01.01\2015\K1\1X\01_01-2015_04_02-10_00-K1-1X.jpeg,TRUNCATED,JPEG missing standard EOI marker \xFF\xD9,0,0,0.00,0.00,0.00
01.01\2015\K1\1X,01_01-2015_04_03-11_44-K1-1X.jpeg,C:\Users\ASUS\Desktop\Ders\blg521\data\01.01\2015\K1\1X\01_01-2015_04_03-11_44-K1-1X.jpeg,TRUNCATED,JPEG missing standard EOI marker \xFF\xD9,0,0,0.00,0.00,0.00
01.01\2015\K1\1X,01_01-2015_04_05-10_00-K1-1X.jpeg,C:\Users\ASUS\Desktop\Ders\blg521\data\01.01\2015\K1\1X\01_01-2015_04_05-10_00-K1-1X.jpeg,TRUNCATED,JPEG missing standard EOI marker \xFF\xD9,0,0,0.00,0.00,0.00
01.01\2015\K1\1X,01_01-2015_04_06-10_00-K1-1X.jpeg,C:\Users\ASUS\Desktop\Ders\blg521\data\01.01\2015\K1\1X\01_01-2015_04_06-10_00-K1-1X.jpeg,TRUNCATED,JPEG missing standard EOI marker \xFF\xD9,0,0,0.00,0.00,0.00
01.01\2015\K1\1X,01_01-2015_04_07-10_00-K1-1X.jpeg,C:\Users\ASUS\Desktop\Ders\blg521\data\01.01\2015\K1\1X\01_01-2015_04_07-10_00-K1-1X.jpeg,TRUNCATED,JPEG missing standard EOI marker \xFF\xD9,0,0,0.00,0.00,0.00
01.01\2015\K1\1X,01_01-2015_04_08-10_00-K1-1X.jpeg,C:\Users\ASUS\Desktop\Ders\blg521\data\01.01\2015\K1\1X\01_01-2015_04_08-10_00-K1-1X.jpeg,TRUNCATED,JPEG missing standard EOI marker \xFF\xD9,0,0,0.00,0.00,0.00
01.01\2015\K1\1X,01_01-2015_04_10-10_00-K1-1X.jpeg,C:\Users\ASUS\Desktop\Ders\blg521\data\01.01\2015\K1\1X\01_01-2015_04_10-10_00-K1-1X.jpeg,TRUNCATED,JPEG missing standard EOI marker \xFF\xD9,0,0,0.00,0.00,0.00
01.01\2015\K1\1X,01_01-2015_04_11-10_00-K1-1X.jpeg,C:\Users\ASUS\Desktop\Ders\blg521\data\01.01\2015\K1\1X\01_01-2015_04_11-10_00-K1-1X.jpeg,TRUNCATED,JPEG missing standard EOI marker \xFF\xD9,0,0,0.00,0.00,0.00
01.01\2015\K1\1X,01_01-2015_04_12-10_00-K1-1X.jpeg,C:\Users\ASUS\Desktop\Ders\blg521\data\01.01\2015\K1\1X\01_01-2015_04_12-10_00-K1-1X.jpeg,TRUNCATED,JPEG missing standard EOI marker \xFF\xD9,0,0,0.00,0.00,0.00
01.01\2015\K1\1X,01_01-2015_04_13-11_43-K1-1X.jpeg,C:\Users\ASUS\Desktop\Ders\blg521\data\01.01\2015\K1\1X\01_01-2015_04_13-11_43-K1-1X.jpeg,TRUNCATED,JPEG missing standard EOI marker \xFF\xD9,0,0,0.00,0.00,0.00
01.01\2015\K1\1X,01_01-2015_04_17-10_00-K1-1X.jpeg,C:\Users\ASUS\Desktop\Ders\blg521\data\01.01\2015\K1\1X\01_01-2015_04_17-10_00-K1-1X.jpeg,TRUNCATED,JPEG missing standard EOI marker \xFF\xD9,0,0,0.00,0.00,0.00
01.01\2015\K1\1X,01_01-2015_04_18-10_00-K1-1X.jpeg,C:\Users\ASUS\Desktop\Ders\blg521\data\01.01\2015\K1\1X\01_01-2015_04_18-10_00-K1-1X.jpeg,TRUNCATED,JPEG missing standard EOI marker \xFF\xD9,0,0,0.00,0.00,0.00
01.01\2015\K1\1X,01_01-2015_04_23-10_00-K1-1X.jpeg,C:\Users\ASUS\Desktop\Ders\blg521\data\01.01\2015\K1\1X\01_01-2015_04_23-10_00-K1-1X.jpeg,TRUNCATED,JPEG missing standard EOI marker \xFF\xD9,0,0,0.00,0.00,0.00
01.01\2015\K1\1X,01_01-2015_04_25-10_00-K1-1X.jpeg,C:\Users\ASUS\Desktop\Ders\blg521\data\01.01\2015\K1\1X\01_01-2015_04_25-10_00-K1-1X.jpeg,TRUNCATED,JPEG missing standard EOI marker \xFF\xD9,0,0,0.00,0.00,0.00
01.01\2015\K1\1X,01_01-2015_04_26-10_00-K1-1X.jpeg,C:\Users\ASUS\Desktop\Ders\blg521\data\01.01\2015\K1\1X\01_01-2015_04_26-10_00-K1-1X.jpeg,TRUNCATED,JPEG missing standard EOI marker \xFF\xD9,0,0,0.00,0.00,0.00
01.01\2015\K1\1X,01_01-2015_04_27-10_00-K1-1X.jpeg,C:\Users\ASUS\Desktop\Ders\blg521\data\01.01\2015\K1\1X\01_01-2015_04_27-10_00-K1-1X.jpeg,TRUNCATED,JPEG missing standard EOI marker \xFF\xD9,0,0,0.00,0.00,0.00
01.01\2015\K1\1X,01_01-2015_04_28-10_00-K1-1X.jpeg,C:\Users\ASUS\Desktop\Ders\blg521\data\01.01\2015\K1\1X\01_01-2015_04_28-10_00-K1-1X.jpeg,TRUNCATED,JPEG missing standard EOI marker \xFF\xD9,0,0,0.00,0.00,0.00
01.01\2015\K1\1X,01_01-2015_04_29-10_00-K1-1X.jpeg,C:\Users\ASUS\Desktop\Ders\blg521\data\01.01\2015\K1\1X\01_01-2015_04_29-10_00-K1-1X.jpeg,TRUNCATED,JPEG missing standard EOI marker \xFF\xD9,0,0,0.00,0.00,0.00
01.01\2015\K1\1X,01_01-2015_05_01-10_00-K1-1X.jpeg,C:\Users\ASUS\Desktop\Ders\blg521\data\01.01\2015\K1\1X\01_01-2015_05_01-10_00-K1-1X.jpeg,TRUNCATED,JPEG missing standard EOI marker \xFF\xD9,0,0,0.00,0.00,0.00
01.01\2015\K1\1X,01_01-2015_05_02-10_00-K1-1X.jpeg,C:\Users\ASUS\Desktop\Ders\blg521\data\01.01\2015\K1\1X\01_01-2015_05_02-10_00-K1-1X.jpeg,TRUNCATED,JPEG missing standard EOI marker \xFF\xD9,0,0,0.00,0.00,0.00
01.01\2015\K1\1X,01_01-2015_05_03-10_00-K1-1X.jpeg,C:\Users\ASUS\Desktop\Ders\blg521\data\01.01\2015\K1\1X\01_01-2015_05_03-10_00-K1-1X.jpeg,TRUNCATED,JPEG missing standard EOI marker \xFF\xD9,0,0,0.00,0.00,0.00
01.01\2015\K1\1X,01_01-2015_05_04-10_00-K1-1X.jpeg,C:\Users\ASUS\Desktop\Ders\blg521\data\01.01\2015\K1\1X\01_01-2015_05_04-10_00-K1-1X.jpeg,TRUNCATED,JPEG missing standard EOI marker \xFF\xD9,0,0,0.00,0.00,0.00
01.01\2015\K1\1X,01_01-2015_05_05-10_00-K1-1X.jpeg,C:\Users\ASUS\Desktop\Ders\blg521\data\01.01\2015\K1\1X\01_01-2015_05_05-10_00-K1-1X.jpeg,TRUNCATED,JPEG missing standard EOI marker \xFF\xD9,0,0,0.00,0.00,0.00
01.01\2015\K1\1X,01_01-2015_05_06-10_00-K1-1X.jpeg,C:\Users\ASUS\Desktop\Ders\blg521\data\01.01\2015\K1\1X\01_01-2015_05_06-10_00-K1-1X.jpeg,TRUNCATED,JPEG missing standard EOI marker \xFF\xD9,0,0,0.00,0.00,0.00
01.01\2015\K1\1X,01_01-2015_05_07-10_00-K1-1X.jpeg,C:\Users\ASUS\Desktop\Ders\blg521\data\01.01\2015\K1\1X\01_01-2015_05_07-10_00-K1-1X.jpeg,TRUNCATED,JPEG missing standard EOI marker \xFF\xD9,0,0,0.00,0.00,0.00
01.01\2015\K1\1X,01_01-2015_05_09-10_00-K1-1X.jpeg,C:\Users\ASUS\Desktop\Ders\blg521\data\01.01\2015\K1\1X\01_01-2015_05_09-10_00-K1-1X.jpeg,TRUNCATED,JPEG missing standard EOI marker \xFF\xD9,0,0,0.00,0.00,0.00
01.01\2015\K1\1X,01_01-2015_05_10-10_00-K1-1X.jpeg,C:\Users\ASUS\Desktop\Ders\blg521\data\01.01\2015\K1\1X\01_01-2015_05_10-10_00-K1-1X.jpeg,TRUNCATED,JPEG missing standard EOI marker \xFF\xD9,0,0,0.00,0.00,0.00
01.01\2015\K1\1X,01_01-2015_05_11-10_00-K1-1X.jpeg,C:\Users\ASUS\Desktop\Ders\blg521\data\01.01\2015\K1\1X\01_01-2015_05_11-10_00-K1-1X.jpeg,TRUNCATED,JPEG missing standard EOI marker \xFF\xD9,0,0,0.00,0.00,0.00
01.01\2015\K1\1X,01_01-2015_05_12-10_00-K1-1X.jpeg,C:\Users\ASUS\Desktop\Ders\blg521\data\01.01\2015\K1\1X\01_01-2015_05_12-10_00-K1-1X.jpeg,TRUNCATED,JPEG missing standard EOI marker \xFF\xD9,0,0,0.00,0.00,0.00
01.01\2015\K1\1X,01_01-2015_05_13-10_00-K1-1X.jpeg,C:\Users\ASUS\Desktop\Ders\blg521\data\01.01\2015\K1\1X\01_01-2015_05_13-10_00-K1-1X.jpeg,TRUNCATED,JPEG missing standard EOI marker \xFF\xD9,0,0,0.00,0.00,0.00
01.01\2015\K1\1X,01_01-2015_05_14-10_00-K1-1X.jpeg,C:\Users\ASUS\Desktop\Ders\blg521\data\01.01\2015\K1\1X\01_01-2015_05_14-10_00-K1-1X.jpeg,TRUNCATED,JPEG missing standard EOI marker \xFF\xD9,0,0,0.00,0.00,0.00
01.01\2015\K1\1X,01_01-2015_05_15-10_02-K1-1X.jpeg,C:\Users\ASUS\Desktop\Ders\blg521\data\01.01\2015\K1\1X\01_01-2015_05_15-10_02-K1-1X.jpeg,TRUNCATED,JPEG missing standard EOI marker \xFF\xD9,0,0,0.00,0.00,0.00
01.01\2015\K1\1X,01_01-2015_05_17-10_06-K1-1X.jpeg,C:\Users\ASUS\Desktop\Ders\blg521\data\01.01\2015\K1\1X\01_01-2015_05_17-10_06-K1-1X.jpeg,TRUNCATED,JPEG missing standard EOI marker \xFF\xD9,0,0,0.00,0.00,0.00
01.01\2015\K1\1X,01_01-2015_05_18-10_05-K1-1X.jpeg,C:\Users\ASUS\Desktop\Ders\blg521\data\01.01\2015\K1\1X\01_01-2015_05_18-10_05-K1-1X.jpeg,TRUNCATED,JPEG missing standard EOI marker \xFF\xD9,0,0,0.00,0.00,0.00
01.01\2015\K1\1X,01_01-2015_05_19-10_00-K1-1X.jpeg,C:\Users\ASUS\Desktop\Ders\blg521\data\01.01\2015\K1\1X\01_01-2015_05_19-10_00-K1-1X.jpeg,TRUNCATED,JPEG missing standard EOI marker \xFF\xD9,0,0,0.00,0.00,0.00
01.01\2015\K1\1X,01_01-2015_05_21-10_00-K1-1X.jpeg,C:\Users\ASUS\Desktop\Ders\blg521\data\01.01\2015\K1\1X\01_01-2015_05_21-10_00-K1-1X.jpeg,TRUNCATED,JPEG missing standard EOI marker \xFF\xD9,0,0,0.00,0.00,0.00
01.01\2015\K1\1X,01_01-2015_05_24-10_00-K1-1X.jpeg,C:\Users\ASUS\Desktop\Ders\blg521\data\01.01\2015\K1\1X\01_01-2015_05_24-10_00-K1-1X.jpeg,TRUNCATED,JPEG missing standard EOI marker \xFF\xD9,0,0,0.00,0.00,0.00
01.01\2015\K1\1X,01_01-2015_05_25-10_00-K1-1X.jpeg,C:\Users\ASUS\Desktop\Ders\blg521\data\01.01\2015\K1\1X\01_01-2015_05_25-10_00-K1-1X.jpeg,TRUNCATED,JPEG missing standard EOI marker \xFF\xD9,0,0,0.00,0.00,0.00
01.01\2015\K1\1X,01_01-2015_05_26-10_00-K1-1X.jpeg,C:\Users\ASUS\Desktop\Ders\blg521\data\01.01\2015\K1\1X\01_01-2015_05_26-10_00-K1-1X.jpeg,TRUNCATED,JPEG missing standard EOI marker \xFF\xD9,0,0,0.00,0.00,0.00
01.01\2015\K1\1X,01_01-2015_05_27-10_00-K1-1X.jpeg,C:\Users\ASUS\Desktop\Ders\blg521\data\01.01\2015\K1\1X\01_01-2015_05_27-10_00-K1-1X.jpeg,TRUNCATED,JPEG missing standard EOI marker \xFF\xD9,0,0,0.00,0.00,0.00
01.01\2015\K1\1X,01_01-2015_05_28-10_00-K1-1X.jpeg,C:\Users\ASUS\Desktop\Ders\blg521\data\01.01\2015\K1\1X\01_01-2015_05_28-10_00-K1-1X.jpeg,TRUNCATED,JPEG missing standard EOI marker \xFF\xD9,0,0,0.00,0.00,0.00
01.01\2015\K1\1X,01_01-2015_05_29-10_00-K1-1X.jpeg,C:\Users\ASUS\Desktop\Ders\blg521\data\01.01\2015\K1\1X\01_01-2015_05_29-10_00-K1-1X.jpeg,TRUNCATED,JPEG missing standard EOI marker \xFF\xD9,0,0,0.00,0.00,0.00
01.01\2015\K1\1X,01_01-2015_05_30-10_00-K1-1X.jpeg,C:\Users\ASUS\Desktop\Ders\blg521\data\01.01\2015\K1\1X\01_01-2015_05_30-10_00-K1-1X.jpeg,TRUNCATED,JPEG missing standard EOI marker \xFF\xD9,0,0,0.00,0.00,0.00
01.01\2015\K1\1X,01_01-2015_06_01-10_00-K1-1X.jpeg,C:\Users\ASUS\Desktop\Ders\blg521\data\01.01\2015\K1\1X\01_01-2015_06_01-10_00-K1-1X.jpeg,TRUNCATED,JPEG missing standard EOI marker \xFF\xD9,0,0,0.00,0.00,0.00
01.01\2015\K1\1X,01_01-2015_06_02-10_00-K1-1X.jpeg,C:\Users\ASUS\Desktop\Ders\blg521\data\01.01\2015\K1\1X\01_01-2015_06_02-10_00-K1-1X.jpeg,TRUNCATED,JPEG missing standard EOI marker \xFF\xD9,0,0,0.00,0.00,0.00
01.01\2015\K1\1X,01_01-2015_06_03-10_00-K1-1X.jpeg,C:\Users\ASUS\Desktop\Ders\blg521\data\01.01\2015\K1\1X\01_01-2015_06_03-10_00-K1-1X.jpeg,TRUNCATED,JPEG missing standard EOI marker \xFF\xD9,0,0,0.00,0.00,0.00
01.01\2015\K1\1X,01_01-2015_06_04-10_00-K1-1X.jpeg,C:\Users\ASUS\Desktop\Ders\blg521\data\01.01\2015\K1\1X\01_01-2015_06_04-10_00-K1-1X.jpeg,TRUNCATED,JPEG missing standard EOI marker \xFF\xD9,0,0,0.00,0.00,0.00
01.01\2015\K1\1X,01_01-2015_06_05-10_00-K1-1X.jpeg,C:\Users\ASUS\Desktop\Ders\blg521\data\01.01\2015\K1\1X\01_01-2015_06_05-10_00-K1-1X.jpeg,TRUNCATED,JPEG missing standard EOI marker \xFF\xD9,0,0,0.00,0.00,0.00
01.01\2015\K1\1X,01_01-2015_06_06-10_00-K1-1X.jpeg,C:\Users\ASUS\Desktop\Ders\blg521\data\01.01\2015\K1\1X\01_01-2015_06_06-10_00-K1-1X.jpeg,TRUNCATED,JPEG missing standard EOI marker \xFF\xD9,0,0,0.00,0.00,0.00
01.01\2015\K1\1X,01_01-2015_06_07-10_00-K1-1X.jpeg,C:\Users\ASUS\Desktop\Ders\blg521\data\01.01\2015\K1\1X\01_01-2015_06_07-10_00-K1-1X.jpeg,TRUNCATED,JPEG missing standard EOI marker \xFF\xD9,0,0,0.00,0.00,0.00
01.01\2015\K1\1X,01_01-2015_06_08-10_00-K1-1X.jpeg,C:\Users\ASUS\Desktop\Ders\blg521\data\01.01\2015\K1\1X\01_01-2015_06_08-10_00-K1-1X.jpeg,TRUNCATED,JPEG missing standard EOI marker \xFF\xD9,0,0,0.00,0.00,0.00
01.01\2015\K1\1X,01_01-2015_06_10-10_00-K1-1X.jpeg,C:\Users\ASUS\Desktop\Ders\blg521\data\01.01\2015\K1\1X\01_01-2015_06_10-10_00-K1-1X.jpeg,TRUNCATED,JPEG missing standard EOI marker \xFF\xD9,0,0,0.00,0.00,0.00
01.01\2015\K1\1X,01_01-2015_06_11-10_00-K1-1X.jpeg,C:\Users\ASUS\Desktop\Ders\blg521\data\01.01\2015\K1\1X\01_01-2015_06_11-10_00-K1-1X.jpeg,TRUNCATED,JPEG missing standard EOI marker \xFF\xD9,0,0,0.00,0.00,0.00
01.01\2015\K1\1X,01_01-2015_06_12-10_00-K1-1X.jpeg,C:\Users\ASUS\Desktop\Ders\blg521\data\01.01\2015\K1\1X\01_01-2015_06_12-10_00-K1-1X.jpeg,TRUNCATED,JPEG missing standard EOI marker \xFF\xD9,0,0,0.00,0.00,0.00
01.01\2015\K1\1X,01_01-2015_06_13-10_00-K1-1X.jpeg,C:\Users\ASUS\Desktop\Ders\blg521\data\01.01\2015\K1\1X\01_01-2015_06_13-10_00-K1-1X.jpeg,TRUNCATED,JPEG missing standard EOI marker \xFF\xD9,0,0,0.00,0.00,0.00
01.01\2015\K2\10X,01_01-2015_01_23-10_00-K2-10X.jpeg,C:\Users\ASUS\Desktop\Ders\blg521\data\01.01\2015\K2\10X\01_01-2015_01_23-10_00-K2-10X.jpeg,TRUNCATED,JPEG missing standard EOI marker \xFF\xD9,0,0,0.00,0.00,0.00
01.01\2015\K2\10X,01_01-2015_01_26-10_00-K2-10X.jpeg,C:\Users\ASUS\Desktop\Ders\blg521\data\01.01\2015\K2\10X\01_01-2015_01_26-10_00-K2-10X.jpeg,TRUNCATED,JPEG missing standard EOI marker \xFF\xD9,0,0,0.00,0.00,0.00
01.01\2015\K2\10X,01_01-2015_01_27-10_00-K2-10X.jpeg,C:\Users\ASUS\Desktop\Ders\blg521\data\01.01\2015\K2\10X\01_01-2015_01_27-10_00-K2-10X.jpeg,TRUNCATED,JPEG missing standard EOI marker \xFF\xD9,0,0,0.00,0.00,0.00
01.01\2015\K2\10X,01_01-2015_01_29-10_00-K2-10X.jpeg,C:\Users\ASUS\Desktop\Ders\blg521\data\01.01\2015\K2\10X\01_01-2015_01_29-10_00-K2-10X.jpeg,TRUNCATED,JPEG missing standard EOI marker \xFF\xD9,0,0,0.00,0.00,0.00
01.01\2015\K2\10X,01_01-2015_01_31-11_52-K2-10X.jpeg,C:\Users\ASUS\Desktop\Ders\blg521\data\01.01\2015\K2\10X\01_01-2015_01_31-11_52-K2-10X.jpeg,TRUNCATED,JPEG missing standard EOI marker \xFF\xD9,0,0,0.00,0.00,0.00
01.01\2015\K2\10X,01_01-2015_02_01-11_28-K2-10X.jpeg,C:\Users\ASUS\Desktop\Ders\blg521\data\01.01\2015\K2\10X\01_01-2015_02_01-11_28-K2-10X.jpeg,TRUNCATED,JPEG missing standard EOI marker \xFF\xD9,0,0,0.00,0.00,0.00
01.01\2015\K2\10X,01_01-2015_02_02-10_00-K2-10X.jpeg,C:\Users\ASUS\Desktop\Ders\blg521\data\01.01\2015\K2\10X\01_01-2015_02_02-10_00-K2-10X.jpeg,TRUNCATED,JPEG missing standard EOI marker \xFF\xD9,0,0,0.00,0.00,0.00
01.01\2015\K2\10X,01_01-2015_02_03-10_02-K2-10X.jpeg,C:\Users\ASUS\Desktop\Ders\blg521\data\01.01\2015\K2\10X\01_01-2015_02_03-10_02-K2-10X.jpeg,TRUNCATED,JPEG missing standard EOI marker \xFF\xD9,0,0,0.00,0.00,0.00
01.01\2015\K2\10X,01_01-2015_02_04-10_00-K2-10X.jpeg,C:\Users\ASUS\Desktop\Ders\blg521\data\01.01\2015\K2\10X\01_01-2015_02_04-10_00-K2-10X.jpeg,TRUNCATED,JPEG missing standard EOI marker \xFF\xD9,0,0,0.00,0.00,0.00
01.01\2015\K2\10X,01_01-2015_02_05-10_00-K2-10X.jpeg,C:\Users\ASUS\Desktop\Ders\blg521\data\01.01\2015\K2\10X\01_01-2015_02_05-10_00-K2-10X.jpeg,TRUNCATED,JPEG missing standard EOI marker \xFF\xD9,0,0,0.00,0.00,0.00
01.01\2015\K2\10X,01_01-2015_02_06-10_00-K2-10X.jpeg,C:\Users\ASUS\Desktop\Ders\blg521\data\01.01\2015\K2\10X\01_01-2015_02_06-10_00-K2-10X.jpeg,TRUNCATED,JPEG missing standard EOI marker \xFF\xD9,0,0,0.00,0.00,0.00
01.01\2015\K2\10X,01_01-2015_02_07-10_00-K2-10X.jpeg,C:\Users\ASUS\Desktop\Ders\blg521\data\01.01\2015\K2\10X\01_01-2015_02_07-10_00-K2-10X.jpeg,TRUNCATED,JPEG missing standard EOI marker \xFF\xD9,0,0,0.00,0.00,0.00
01.01\2015\K2\10X,01_01-2015_02_09-10_04-K2-10X.jpeg,C:\Users\ASUS\Desktop\Ders\blg521\data\01.01\2015\K2\10X\01_01-2015_02_09-10_04-K2-10X.jpeg,TRUNCATED,JPEG missing standard EOI marker \xFF\xD9,0,0,0.00,0.00,0.00
01.01\2015\K2\10X,01_01-2015_02_10-10_00-K2-10X.jpeg,C:\Users\ASUS\Desktop\Ders\blg521\data\01.01\2015\K2\10X\01_01-2015_02_10-10_00-K2-10X.jpeg,TRUNCATED,JPEG missing standard EOI marker \xFF\xD9,0,0,0.00,0.00,0.00
01.01\2015\K2\10X,01_01-2015_02_14-10_00-K2-10X.jpeg,C:\Users\ASUS\Desktop\Ders\blg521\data\01.01\2015\K2\10X\01_01-2015_02_14-10_00-K2-10X.jpeg,TRUNCATED,JPEG missing standard EOI marker \xFF\xD9,0,0,0.00,0.00,0.00
01.01\2015\K2\10X,01_01-2015_02_15-10_00-K2-10X.jpeg,C:\Users\ASUS\Desktop\Ders\blg521\data\01.01\2015\K2\10X\01_01-2015_02_15-10_00-K2-10X.jpeg,TRUNCATED,JPEG missing standard EOI marker \xFF\xD9,0,0,0.00,0.00,0.00
01.01\2015\K2\10X,01_01-2015_02_16-10_25-K2-10X.jpeg,C:\Users\ASUS\Desktop\Ders\blg521\data\01.01\2015\K2\10X\01_01-2015_02_16-10_25-K2-10X.jpeg,TRUNCATED,JPEG missing standard EOI marker \xFF\xD9,0,0,0.00,0.00,0.00
01.01\2015\K2\10X,01_01-2015_02_18-10_00-K2-10X.jpeg,C:\Users\ASUS\Desktop\Ders\blg521\data\01.01\2015\K2\10X\01_01-2015_02_18-10_00-K2-10X.jpeg,TRUNCATED,JPEG missing standard EOI marker \xFF\xD9,0,0,0.00,0.00,0.00
01.01\2015\K2\10X,01_01-2015_02_20-10_00-K2-10X.jpeg,C:\Users\ASUS\Desktop\Ders\blg521\data\01.01\2015\K2\10X\01_01-2015_02_20-10_00-K2-10X.jpeg,TRUNCATED,JPEG missing standard EOI marker \xFF\xD9,0,0,0.00,0.00,0.00
01.01\2015\K2\10X,01_01-2015_02_21-10_00-K2-10X.jpeg,C:\Users\ASUS\Desktop\Ders\blg521\data\01.01\2015\K2\10X\01_01-2015_02_21-10_00-K2-10X.jpeg,TRUNCATED,JPEG missing standard EOI marker \xFF\xD9,0,0,0.00,0.00,0.00
01.01\2015\K2\10X,01_01-2015_02_23-10_00-K2-10X.jpeg,C:\Users\ASUS\Desktop\Ders\blg521\data\01.01\2015\K2\10X\01_01-2015_02_23-10_00-K2-10X.jpeg,TRUNCATED,JPEG missing standard EOI marker \xFF\xD9,0,0,0.00,0.00,0.00
01.01\2015\K2\10X,01_01-2015_02_25-11_27-K2-10X.jpeg,C:\Users\ASUS\Desktop\Ders\blg521\data\01.01\2015\K2\10X\01_01-2015_02_25-11_27-K2-10X.jpeg,TRUNCATED,JPEG missing standard EOI marker \xFF\xD9,0,0,0.00,0.00,0.00
01.01\2015\K2\10X,01_01-2015_02_26-10_39-K2-10X.jpeg,C:\Users\ASUS\Desktop\Ders\blg521\data\01.01\2015\K2\10X\01_01-2015_02_26-10_39-K2-10X.jpeg,TRUNCATED,JPEG missing standard EOI marker \xFF\xD9,0,0,0.00,0.00,0.00
01.01\2015\K2\10X,01_01-2015_02_27-10_00-K2-10X.jpeg,C:\Users\ASUS\Desktop\Ders\blg521\data\01.01\2015\K2\10X\01_01-2015_02_27-10_00-K2-10X.jpeg,TRUNCATED,JPEG missing standard EOI marker \xFF\xD9,0,0,0.00,0.00,0.00
01.01\2015\K2\10X,01_01-2015_02_28-10_00-K2-10X.jpeg,C:\Users\ASUS\Desktop\Ders\blg521\data\01.01\2015\K2\10X\01_01-2015_02_28-10_00-K2-10X.jpeg,TRUNCATED,JPEG missing standard EOI marker \xFF\xD9,0,0,0.00,0.00,0.00
01.01\2015\K2\10X,01_01-2015_03_01-10_00-K2-10X.jpeg,C:\Users\ASUS\Desktop\Ders\blg521\data\01.01\2015\K2\10X\01_01-2015_03_01-10_00-K2-10X.jpeg,TRUNCATED,JPEG missing standard EOI marker \xFF\xD9,0,0,0.00,0.00,0.00
01.01\2015\K2\10X,01_01-2015_03_02-10_00-K2-10X.jpeg,C:\Users\ASUS\Desktop\Ders\blg521\data\01.01\2015\K2\10X\01_01-2015_03_02-10_00-K2-10X.jpeg,TRUNCATED,JPEG missing standard EOI marker \xFF\xD9,0,0,0.00,0.00,0.00
01.01\2015\K2\10X,01_01-2015_03_03-10_00-K2-10X.jpeg,C:\Users\ASUS\Desktop\Ders\blg521\data\01.01\2015\K2\10X\01_01-2015_03_03-10_00-K2-10X.jpeg,TRUNCATED,JPEG missing standard EOI marker \xFF\xD9,0,0,0.00,0.00,0.00
01.01\2015\K2\10X,01_01-2015_03_04-10_00-K2-10X.jpeg,C:\Users\ASUS\Desktop\Ders\blg521\data\01.01\2015\K2\10X\01_01-2015_03_04-10_00-K2-10X.jpeg,TRUNCATED,JPEG missing standard EOI marker \xFF\xD9,0,0,0.00,0.00,0.00
01.01\2015\K2\10X,01_01-2015_03_05-10_00-K2-10X.jpeg,C:\Users\ASUS\Desktop\Ders\blg521\data\01.01\2015\K2\10X\01_01-2015_03_05-10_00-K2-10X.jpeg,TRUNCATED,JPEG missing standard EOI marker \xFF\xD9,0,0,0.00,0.00,0.00
01.01\2015\K2\10X,01_01-2015_03_06-10_00-K2-10X.jpeg,C:\Users\ASUS\Desktop\Ders\blg521\data\01.01\2015\K2\10X\01_01-2015_03_06-10_00-K2-10X.jpeg,TRUNCATED,JPEG missing standard EOI marker \xFF\xD9,0,0,0.00,0.00,0.00
01.01\2015\K2\10X,01_01-2015_03_07-10_00-K2-10X.jpeg,C:\Users\ASUS\Desktop\Ders\blg521\data\01.01\2015\K2\10X\01_01-2015_03_07-10_00-K2-10X.jpeg,TRUNCATED,JPEG missing standard EOI marker \xFF\xD9,0,0,0.00,0.00,0.00
01.01\2015\K2\10X,01_01-2015_03_09-10_00-K2-10X.jpeg,C:\Users\ASUS\Desktop\Ders\blg521\data\01.01\2015\K2\10X\01_01-2015_03_09-10_00-K2-10X.jpeg,TRUNCATED,JPEG missing standard EOI marker \xFF\xD9,0,0,0.00,0.00,0.00
01.01\2015\K2\10X,01_01-2015_03_10-10_00-K2-10X.jpeg,C:\Users\ASUS\Desktop\Ders\blg521\data\01.01\2015\K2\10X\01_01-2015_03_10-10_00-K2-10X.jpeg,TRUNCATED,JPEG missing standard EOI marker \xFF\xD9,0,0,0.00,0.00,0.00
01.01\2015\K2\10X,01_01-2015_03_11-10_00-K2-10X.jpeg,C:\Users\ASUS\Desktop\Ders\blg521\data\01.01\2015\K2\10X\01_01-2015_03_11-10_00-K2-10X.jpeg,TRUNCATED,JPEG missing standard EOI marker \xFF\xD9,0,0,0.00,0.00,0.00
01.01\2015\K2\10X,01_01-2015_03_15-10_00-K2-10X.jpeg,C:\Users\ASUS\Desktop\Ders\blg521\data\01.01\2015\K2\10X\01_01-2015_03_15-10_00-K2-10X.jpeg,TRUNCATED,JPEG missing standard EOI marker \xFF\xD9,0,0,0.00,0.00,0.00
01.01\2015\K2\10X,01_01-2015_03_16-10_00-K2-10X.jpeg,C:\Users\ASUS\Desktop\Ders\blg521\data\01.01\2015\K2\10X\01_01-2015_03_16-10_00-K2-10X.jpeg,TRUNCATED,JPEG missing standard EOI marker \xFF\xD9,0,0,0.00,0.00,0.00
01.01\2015\K2\10X,01_01-2015_03_23-10_00-K2-10X.jpeg,C:\Users\ASUS\Desktop\Ders\blg521\data\01.01\2015\K2\10X\01_01-2015_03_23-10_00-K2-10X.jpeg,TRUNCATED,JPEG missing standard EOI marker \xFF\xD9,0,0,0.00,0.00,0.00
01.01\2015\K2\10X,01_01-2015_03_25-10_00-K2-10X.jpeg,C:\Users\ASUS\Desktop\Ders\blg521\data\01.01\2015\K2\10X\01_01-2015_03_25-10_00-K2-10X.jpeg,TRUNCATED,JPEG missing standard EOI marker \xFF\xD9,0,0,0.00,0.00,0.00
01.01\2015\K2\10X,01_01-2015_03_28-10_00-K2-10X.jpeg,C:\Users\ASUS\Desktop\Ders\blg521\data\01.01\2015\K2\10X\01_01-2015_03_28-10_00-K2-10X.jpeg,TRUNCATED,JPEG missing standard EOI marker \xFF\xD9,0,0,0.00,0.00,0.00
01.01\2015\K2\10X,01_01-2015_03_30-10_00-K2-10X.jpeg,C:\Users\ASUS\Desktop\Ders\blg521\data\01.01\2015\K2\10X\01_01-2015_03_30-10_00-K2-10X.jpeg,TRUNCATED,JPEG missing standard EOI marker \xFF\xD9,0,0,0.00,0.00,0.00
01.01\2015\K2\10X,01_01-2015_03_31-10_00-K2-10X.jpeg,C:\Users\ASUS\Desktop\Ders\blg521\data\01.01\2015\K2\10X\01_01-2015_03_31-10_00-K2-10X.jpeg,TRUNCATED,JPEG missing standard EOI marker \xFF\xD9,0,0,0.00,0.00,0.00
01.01\2015\K2\10X,01_01-2015_04_01-10_00-K2-10X.jpeg,C:\Users\ASUS\Desktop\Ders\blg521\data\01.01\2015\K2\10X\01_01-2015_04_01-10_00-K2-10X.jpeg,TRUNCATED,JPEG missing standard EOI marker \xFF\xD9,0,0,0.00,0.00,0.00
01.01\2015\K2\10X,01_01-2015_04_02-10_00-K2-10X.jpeg,C:\Users\ASUS\Desktop\Ders\blg521\data\01.01\2015\K2\10X\01_01-2015_04_02-10_00-K2-10X.jpeg,TRUNCATED,JPEG missing standard EOI marker \xFF\xD9,0,0,0.00,0.00,0.00
01.01\2015\K2\10X,01_01-2015_04_05-10_00-K2-10X.jpeg,C:\Users\ASUS\Desktop\Ders\blg521\data\01.01\2015\K2\10X\01_01-2015_04_05-10_00-K2-10X.jpeg,TRUNCATED,JPEG missing standard EOI marker \xFF\xD9,0,0,0.00,0.00,0.00
01.01\2015\K2\10X,01_01-2015_04_07-10_00-K2-10X.jpeg,C:\Users\ASUS\Desktop\Ders\blg521\data\01.01\2015\K2\10X\01_01-2015_04_07-10_00-K2-10X.jpeg,TRUNCATED,JPEG missing standard EOI marker \xFF\xD9,0,0,0.00,0.00,0.00
01.01\2015\K2\10X,01_01-2015_04_08-10_00-K2-10X.jpeg,C:\Users\ASUS\Desktop\Ders\blg521\data\01.01\2015\K2\10X\01_01-2015_04_08-10_00-K2-10X.jpeg,TRUNCATED,JPEG missing standard EOI marker \xFF\xD9,0,0,0.00,0.00,0.00
01.01\2015\K2\10X,01_01-2015_04_10-10_00-K2-10X.jpeg,C:\Users\ASUS\Desktop\Ders\blg521\data\01.01\2015\K2\10X\01_01-2015_04_10-10_00-K2-10X.jpeg,TRUNCATED,JPEG missing standard EOI marker \xFF\xD9,0,0,0.00,0.00,0.00
01.01\2015\K2\10X,01_01-2015_04_11-10_00-K2-10X.jpeg,C:\Users\ASUS\Desktop\Ders\blg521\data\01.01\2015\K2\10X\01_01-2015_04_11-10_00-K2-10X.jpeg,TRUNCATED,JPEG missing standard EOI marker \xFF\xD9,0,0,0.00,0.00,0.00
01.01\2015\K2\10X,01_01-2015_04_12-10_00-K2-10X.jpeg,C:\Users\ASUS\Desktop\Ders\blg521\data\01.01\2015\K2\10X\01_01-2015_04_12-10_00-K2-10X.jpeg,TRUNCATED,JPEG missing standard EOI marker \xFF\xD9,0,0,0.00,0.00,0.00
01.01\2015\K2\10X,01_01-2015_04_13-11_42-K2-10X.jpeg,C:\Users\ASUS\Desktop\Ders\blg521\data\01.01\2015\K2\10X\01_01-2015_04_13-11_42-K2-10X.jpeg,TRUNCATED,JPEG missing standard EOI marker \xFF\xD9,0,0,0.00,0.00,0.00
01.01\2015\K2\10X,01_01-2015_04_16-10_00-K2-10X.jpeg,C:\Users\ASUS\Desktop\Ders\blg521\data\01.01\2015\K2\10X\01_01-2015_04_16-10_00-K2-10X.jpeg,TRUNCATED,JPEG missing standard EOI marker \xFF\xD9,0,0,0.00,0.00,0.00
01.01\2015\K2\10X,01_01-2015_04_17-10_00-K2-10X.jpeg,C:\Users\ASUS\Desktop\Ders\blg521\data\01.01\2015\K2\10X\01_01-2015_04_17-10_00-K2-10X.jpeg,TRUNCATED,JPEG missing standard EOI marker \xFF\xD9,0,0,0.00,0.00,0.00
01.01\2015\K2\10X,01_01-2015_04_18-10_00-K2-10X.jpeg,C:\Users\ASUS\Desktop\Ders\blg521\data\01.01\2015\K2\10X\01_01-2015_04_18-10_00-K2-10X.jpeg,TRUNCATED,JPEG missing standard EOI marker \xFF\xD9,0,0,0.00,0.00,0.00
01.01\2015\K2\10X,01_01-2015_04_22-10_00-K2-10X.jpeg,C:\Users\ASUS\Desktop\Ders\blg521\data\01.01\2015\K2\10X\01_01-2015_04_22-10_00-K2-10X.jpeg,TRUNCATED,JPEG missing standard EOI marker \xFF\xD9,0,0,0.00,0.00,0.00
01.01\2015\K2\10X,01_01-2015_04_23-10_00-K2-10X.jpeg,C:\Users\ASUS\Desktop\Ders\blg521\data\01.01\2015\K2\10X\01_01-2015_04_23-10_00-K2-10X.jpeg,TRUNCATED,JPEG missing standard EOI marker \xFF\xD9,0,0,0.00,0.00,0.00
01.01\2015\K2\10X,01_01-2015_04_25-10_00-K2-10X.jpeg,C:\Users\ASUS\Desktop\Ders\blg521\data\01.01\2015\K2\10X\01_01-2015_04_25-10_00-K2-10X.jpeg,TRUNCATED,JPEG missing standard EOI marker \xFF\xD9,0,0,0.00,0.00,0.00
01.01\2015\K2\10X,01_01-2015_04_26-10_00-K2-10X.jpeg,C:\Users\ASUS\Desktop\Ders\blg521\data\01.01\2015\K2\10X\01_01-2015_04_26-10_00-K2-10X.jpeg,TRUNCATED,JPEG missing standard EOI marker \xFF\xD9,0,0,0.00,0.00,0.00
01.01\2015\K2\10X,01_01-2015_04_27-10_00-K2-10X.jpeg,C:\Users\ASUS\Desktop\Ders\blg521\data\01.01\2015\K2\10X\01_01-2015_04_27-10_00-K2-10X.jpeg,TRUNCATED,JPEG missing standard EOI marker \xFF\xD9,0,0,0.00,0.00,0.00
01.01\2015\K2\10X,01_01-2015_04_28-10_00-K2-10X.jpeg,C:\Users\ASUS\Desktop\Ders\blg521\data\01.01\2015\K2\10X\01_01-2015_04_28-10_00-K2-10X.jpeg,TRUNCATED,JPEG missing standard EOI marker \xFF\xD9,0,0,0.00,0.00,0.00
01.01\2015\K2\10X,01_01-2015_04_29-10_00-K2-10X.jpeg,C:\Users\ASUS\Desktop\Ders\blg521\data\01.01\2015\K2\10X\01_01-2015_04_29-10_00-K2-10X.jpeg,TRUNCATED,JPEG missing standard EOI marker \xFF\xD9,0,0,0.00,0.00,0.00
01.01\2015\K2\10X,01_01-2015_04_30-10_00-K2-10X.jpeg,C:\Users\ASUS\Desktop\Ders\blg521\data\01.01\2015\K2\10X\01_01-2015_04_30-10_00-K2-10X.jpeg,TRUNCATED,JPEG missing standard EOI marker \xFF\xD9,0,0,0.00,0.00,0.00
01.01\2015\K2\10X,01_01-2015_05_01-10_00-K2-10X.jpeg,C:\Users\ASUS\Desktop\Ders\blg521\data\01.01\2015\K2\10X\01_01-2015_05_01-10_00-K2-10X.jpeg,TRUNCATED,JPEG missing standard EOI marker \xFF\xD9,0,0,0.00,0.00,0.00
01.01\2015\K2\10X,01_01-2015_05_02-10_00-K2-10X.jpeg,C:\Users\ASUS\Desktop\Ders\blg521\data\01.01\2015\K2\10X\01_01-2015_05_02-10_00-K2-10X.jpeg,TRUNCATED,JPEG missing standard EOI marker \xFF\xD9,0,0,0.00,0.00,0.00
01.01\2015\K2\10X,01_01-2015_05_03-10_00-K2-10X.jpeg,C:\Users\ASUS\Desktop\Ders\blg521\data\01.01\2015\K2\10X\01_01-2015_05_03-10_00-K2-10X.jpeg,TRUNCATED,JPEG missing standard EOI marker \xFF\xD9,0,0,0.00,0.00,0.00
01.01\2015\K2\10X,01_01-2015_05_04-10_00-K2-10X.jpeg,C:\Users\ASUS\Desktop\Ders\blg521\data\01.01\2015\K2\10X\01_01-2015_05_04-10_00-K2-10X.jpeg,TRUNCATED,JPEG missing standard EOI marker \xFF\xD9,0,0,0.00,0.00,0.00
01.01\2015\K2\10X,01_01-2015_05_05-10_00-K2-10X.jpeg,C:\Users\ASUS\Desktop\Ders\blg521\data\01.01\2015\K2\10X\01_01-2015_05_05-10_00-K2-10X.jpeg,TRUNCATED,JPEG missing standard EOI marker \xFF\xD9,0,0,0.00,0.00,0.00
01.01\2015\K2\10X,01_01-2015_05_06-10_00-K2-10X.jpeg,C:\Users\ASUS\Desktop\Ders\blg521\data\01.01\2015\K2\10X\01_01-2015_05_06-10_00-K2-10X.jpeg,TRUNCATED,JPEG missing standard EOI marker \xFF\xD9,0,0,0.00,0.00,0.00
01.01\2015\K2\10X,01_01-2015_05_08-10_00-K2-10X.jpeg,C:\Users\ASUS\Desktop\Ders\blg521\data\01.01\2015\K2\10X\01_01-2015_05_08-10_00-K2-10X.jpeg,TRUNCATED,JPEG missing standard EOI marker \xFF\xD9,0,0,0.00,0.00,0.00
01.01\2015\K2\10X,01_01-2015_05_09-10_00-K2-10X.jpeg,C:\Users\ASUS\Desktop\Ders\blg521\data\01.01\2015\K2\10X\01_01-2015_05_09-10_00-K2-10X.jpeg,TRUNCATED,JPEG missing standard EOI marker \xFF\xD9,0,0,0.00,0.00,0.00
01.01\2015\K2\10X,01_01-2015_05_10-10_00-K2-10X.jpeg,C:\Users\ASUS\Desktop\Ders\blg521\data\01.01\2015\K2\10X\01_01-2015_05_10-10_00-K2-10X.jpeg,TRUNCATED,JPEG missing standard EOI marker \xFF\xD9,0,0,0.00,0.00,0.00
01.01\2015\K2\10X,01_01-2015_05_11-10_00-K2-10X.jpeg,C:\Users\ASUS\Desktop\Ders\blg521\data\01.01\2015\K2\10X\01_01-2015_05_11-10_00-K2-10X.jpeg,TRUNCATED,JPEG missing standard EOI marker \xFF\xD9,0,0,0.00,0.00,0.00
01.01\2015\K2\10X,01_01-2015_05_12-10_00-K2-10X.jpeg,C:\Users\ASUS\Desktop\Ders\blg521\data\01.01\2015\K2\10X\01_01-2015_05_12-10_00-K2-10X.jpeg,TRUNCATED,JPEG missing standard EOI marker \xFF\xD9,0,0,0.00,0.00,0.00
01.01\2015\K2\10X,01_01-2015_05_13-10_00-K2-10X.jpeg,C:\Users\ASUS\Desktop\Ders\blg521\data\01.01\2015\K2\10X\01_01-2015_05_13-10_00-K2-10X.jpeg,TRUNCATED,JPEG missing standard EOI marker \xFF\xD9,0,0,0.00,0.00,0.00
01.01\2015\K2\10X,01_01-2015_05_14-10_00-K2-10X.jpeg,C:\Users\ASUS\Desktop\Ders\blg521\data\01.01\2015\K2\10X\01_01-2015_05_14-10_00-K2-10X.jpeg,TRUNCATED,JPEG missing standard EOI marker \xFF\xD9,0,0,0.00,0.00,0.00
01.01\2015\K2\10X,01_01-2015_05_16-10_02-K2-10X.jpeg,C:\Users\ASUS\Desktop\Ders\blg521\data\01.01\2015\K2\10X\01_01-2015_05_16-10_02-K2-10X.jpeg,TRUNCATED,JPEG missing standard EOI marker \xFF\xD9,0,0,0.00,0.00,0.00
01.01\2015\K2\10X,01_01-2015_05_17-10_05-K2-10X.jpeg,C:\Users\ASUS\Desktop\Ders\blg521\data\01.01\2015\K2\10X\01_01-2015_05_17-10_05-K2-10X.jpeg,TRUNCATED,JPEG missing standard EOI marker \xFF\xD9,0,0,0.00,0.00,0.00
01.01\2015\K2\10X,01_01-2015_05_18-10_04-K2-10X.jpeg,C:\Users\ASUS\Desktop\Ders\blg521\data\01.01\2015\K2\10X\01_01-2015_05_18-10_04-K2-10X.jpeg,TRUNCATED,JPEG missing standard EOI marker \xFF\xD9,0,0,0.00,0.00,0.00
01.01\2015\K2\10X,01_01-2015_05_19-10_00-K2-10X.jpeg,C:\Users\ASUS\Desktop\Ders\blg521\data\01.01\2015\K2\10X\01_01-2015_05_19-10_00-K2-10X.jpeg,TRUNCATED,JPEG missing standard EOI marker \xFF\xD9,0,0,0.00,0.00,0.00
01.01\2015\K2\10X,01_01-2015_05_20-10_00-K2-10X.jpeg,C:\Users\ASUS\Desktop\Ders\blg521\data\01.01\2015\K2\10X\01_01-2015_05_20-10_00-K2-10X.jpeg,TRUNCATED,JPEG missing standard EOI marker \xFF\xD9,0,0,0.00,0.00,0.00
01.01\2015\K2\10X,01_01-2015_05_22-10_00-K2-10X.jpeg,C:\Users\ASUS\Desktop\Ders\blg521\data\01.01\2015\K2\10X\01_01-2015_05_22-10_00-K2-10X.jpeg,TRUNCATED,JPEG missing standard EOI marker \xFF\xD9,0,0,0.00,0.00,0.00
01.01\2015\K2\10X,01_01-2015_05_23-10_00-K2-10X.jpeg,C:\Users\ASUS\Desktop\Ders\blg521\data\01.01\2015\K2\10X\01_01-2015_05_23-10_00-K2-10X.jpeg,TRUNCATED,JPEG missing standard EOI marker \xFF\xD9,0,0,0.00,0.00,0.00
01.01\2015\K2\10X,01_01-2015_05_24-10_00-K2-10X.jpeg,C:\Users\ASUS\Desktop\Ders\blg521\data\01.01\2015\K2\10X\01_01-2015_05_24-10_00-K2-10X.jpeg,TRUNCATED,JPEG missing standard EOI marker \xFF\xD9,0,0,0.00,0.00,0.00
01.01\2015\K2\10X,01_01-2015_05_25-10_00-K2-10X.jpeg,C:\Users\ASUS\Desktop\Ders\blg521\data\01.01\2015\K2\10X\01_01-2015_05_25-10_00-K2-10X.jpeg,TRUNCATED,JPEG missing standard EOI marker \xFF\xD9,0,0,0.00,0.00,0.00
01.01\2015\K2\10X,01_01-2015_05_26-10_00-K2-10X.jpeg,C:\Users\ASUS\Desktop\Ders\blg521\data\01.01\2015\K2\10X\01_01-2015_05_26-10_00-K2-10X.jpeg,TRUNCATED,JPEG missing standard EOI marker \xFF\xD9,0,0,0.00,0.00,0.00
01.01\2015\K2\10X,01_01-2015_05_27-10_00-K2-10X.jpeg,C:\Users\ASUS\Desktop\Ders\blg521\data\01.01\2015\K2\10X\01_01-2015_05_27-10_00-K2-10X.jpeg,TRUNCATED,JPEG missing standard EOI marker \xFF\xD9,0,0,0.00,0.00,0.00
01.01\2015\K2\10X,01_01-2015_05_29-10_00-K2-10X.jpeg,C:\Users\ASUS\Desktop\Ders\blg521\data\01.01\2015\K2\10X\01_01-2015_05_29-10_00-K2-10X.jpeg,TRUNCATED,JPEG missing standard EOI marker \xFF\xD9,0,0,0.00,0.00,0.00
01.01\2015\K2\10X,01_01-2015_05_30-10_00-K2-10X.jpeg,C:\Users\ASUS\Desktop\Ders\blg521\data\01.01\2015\K2\10X\01_01-2015_05_30-10_00-K2-10X.jpeg,TRUNCATED,JPEG missing standard EOI marker \xFF\xD9,0,0,0.00,0.00,0.00
01.01\2015\K2\10X,01_01-2015_06_01-10_00-K2-10X.jpeg,C:\Users\ASUS\Desktop\Ders\blg521\data\01.01\2015\K2\10X\01_01-2015_06_01-10_00-K2-10X.jpeg,TRUNCATED,JPEG missing standard EOI marker \xFF\xD9,0,0,0.00,0.00,0.00
01.01\2015\K2\10X,01_01-2015_06_02-10_00-K2-10X.jpeg,C:\Users\ASUS\Desktop\Ders\blg521\data\01.01\2015\K2\10X\01_01-2015_06_02-10_00-K2-10X.jpeg,TRUNCATED,JPEG missing standard EOI marker \xFF\xD9,0,0,0.00,0.00,0.00
01.01\2015\K2\10X,01_01-2015_06_04-10_00-K2-10X.jpeg,C:\Users\ASUS\Desktop\Ders\blg521\data\01.01\2015\K2\10X\01_01-2015_06_04-10_00-K2-10X.jpeg,TRUNCATED,JPEG missing standard EOI marker \xFF\xD9,0,0,0.00,0.00,0.00
01.01\2015\K2\10X,01_01-2015_06_05-10_00-K2-10X.jpeg,C:\Users\ASUS\Desktop\Ders\blg521\data\01.01\2015\K2\10X\01_01-2015_06_05-10_00-K2-10X.jpeg,TRUNCATED,JPEG missing standard EOI marker \xFF\xD9,0,0,0.00,0.00,0.00
01.01\2015\K2\10X,01_01-2015_06_06-10_00-K2-10X.jpeg,C:\Users\ASUS\Desktop\Ders\blg521\data\01.01\2015\K2\10X\01_01-2015_06_06-10_00-K2-10X.jpeg,TRUNCATED,JPEG missing standard EOI marker \xFF\xD9,0,0,0.00,0.00,0.00
01.01\2015\K2\10X,01_01-2015_06_07-10_00-K2-10X.jpeg,C:\Users\ASUS\Desktop\Ders\blg521\data\01.01\2015\K2\10X\01_01-2015_06_07-10_00-K2-10X.jpeg,TRUNCATED,JPEG missing standard EOI marker \xFF\xD9,0,0,0.00,0.00,0.00
01.01\2015\K2\10X,01_01-2015_06_08-10_00-K2-10X.jpeg,C:\Users\ASUS\Desktop\Ders\blg521\data\01.01\2015\K2\10X\01_01-2015_06_08-10_00-K2-10X.jpeg,TRUNCATED,JPEG missing standard EOI marker \xFF\xD9,0,0,0.00,0.00,0.00
01.01\2015\K2\10X,01_01-2015_06_09-10_00-K2-10X.jpeg,C:\Users\ASUS\Desktop\Ders\blg521\data\01.01\2015\K2\10X\01_01-2015_06_09-10_00-K2-10X.jpeg,TRUNCATED,JPEG missing standard EOI marker \xFF\xD9,0,0,0.00,0.00,0.00
01.01\2015\K2\10X,01_01-2015_06_12-10_00-K2-10X.jpeg,C:\Users\ASUS\Desktop\Ders\blg521\data\01.01\2015\K2\10X\01_01-2015_06_12-10_00-K2-10X.jpeg,TRUNCATED,JPEG missing standard EOI marker \xFF\xD9,0,0,0.00,0.00,0.00
01.01\2015\K2\10X,01_01-2015_06_13-10_00-K2-10X.jpeg,C:\Users\ASUS\Desktop\Ders\blg521\data\01.01\2015\K2\10X\01_01-2015_06_13-10_00-K2-10X.jpeg,TRUNCATED,JPEG missing standard EOI marker \xFF\xD9,0,0,0.00,0.00,0.00
01.01\2015\K2\1X,01_01-2015_01_23-10_00-K2-1X.jpeg,C:\Users\ASUS\Desktop\Ders\blg521\data\01.01\2015\K2\1X\01_01-2015_01_23-10_00-K2-1X.jpeg,TRUNCATED,JPEG missing standard EOI marker \xFF\xD9,0,0,0.00,0.00,0.00
01.01\2015\K2\1X,01_01-2015_01_25-10_00-K2-1X.jpeg,C:\Users\ASUS\Desktop\Ders\blg521\data\01.01\2015\K2\1X\01_01-2015_01_25-10_00-K2-1X.jpeg,TRUNCATED,JPEG missing standard EOI marker \xFF\xD9,0,0,0.00,0.00,0.00
01.01\2015\K2\1X,01_01-2015_01_26-10_00-K2-1X.jpeg,C:\Users\ASUS\Desktop\Ders\blg521\data\01.01\2015\K2\1X\01_01-2015_01_26-10_00-K2-1X.jpeg,TRUNCATED,JPEG missing standard EOI marker \xFF\xD9,0,0,0.00,0.00,0.00
01.01\2015\K2\1X,01_01-2015_01_27-10_00-K2-1X.jpeg,C:\Users\ASUS\Desktop\Ders\blg521\data\01.01\2015\K2\1X\01_01-2015_01_27-10_00-K2-1X.jpeg,TRUNCATED,JPEG missing standard EOI marker \xFF\xD9,0,0,0.00,0.00,0.00
01.01\2015\K2\1X,01_01-2015_01_29-10_00-K2-1X.jpeg,C:\Users\ASUS\Desktop\Ders\blg521\data\01.01\2015\K2\1X\01_01-2015_01_29-10_00-K2-1X.jpeg,TRUNCATED,JPEG missing standard EOI marker \xFF\xD9,0,0,0.00,0.00,0.00
01.01\2015\K2\1X,01_01-2015_01_31-11_52-K2-1X.jpeg,C:\Users\ASUS\Desktop\Ders\blg521\data\01.01\2015\K2\1X\01_01-2015_01_31-11_52-K2-1X.jpeg,TRUNCATED,JPEG missing standard EOI marker \xFF\xD9,0,0,0.00,0.00,0.00
01.01\2015\K2\1X,01_01-2015_02_01-11_29-K2-1X.jpeg,C:\Users\ASUS\Desktop\Ders\blg521\data\01.01\2015\K2\1X\01_01-2015_02_01-11_29-K2-1X.jpeg,TRUNCATED,JPEG missing standard EOI marker \xFF\xD9,0,0,0.00,0.00,0.00
01.01\2015\K2\1X,01_01-2015_02_03-10_03-K2-1X.jpeg,C:\Users\ASUS\Desktop\Ders\blg521\data\01.01\2015\K2\1X\01_01-2015_02_03-10_03-K2-1X.jpeg,TRUNCATED,JPEG missing standard EOI marker \xFF\xD9,0,0,0.00,0.00,0.00
01.01\2015\K2\1X,01_01-2015_02_06-10_00-K2-1X.jpeg,C:\Users\ASUS\Desktop\Ders\blg521\data\01.01\2015\K2\1X\01_01-2015_02_06-10_00-K2-1X.jpeg,TRUNCATED,JPEG missing standard EOI marker \xFF\xD9,0,0,0.00,0.00,0.00
01.01\2015\K2\1X,01_01-2015_02_09-10_04-K2-1X.jpeg,C:\Users\ASUS\Desktop\Ders\blg521\data\01.01\2015\K2\1X\01_01-2015_02_09-10_04-K2-1X.jpeg,TRUNCATED,JPEG missing standard EOI marker \xFF\xD9,0,0,0.00,0.00,0.00
01.01\2015\K2\1X,01_01-2015_02_16-10_26-K2-1X.jpeg,C:\Users\ASUS\Desktop\Ders\blg521\data\01.01\2015\K2\1X\01_01-2015_02_16-10_26-K2-1X.jpeg,TRUNCATED,JPEG missing standard EOI marker \xFF\xD9,0,0,0.00,0.00,0.00
01.01\2015\K2\1X,01_01-2015_02_17-10_00-K2-1X.jpeg,C:\Users\ASUS\Desktop\Ders\blg521\data\01.01\2015\K2\1X\01_01-2015_02_17-10_00-K2-1X.jpeg,TRUNCATED,JPEG missing standard EOI marker \xFF\xD9,0,0,0.00,0.00,0.00
01.01\2015\K2\1X,01_01-2015_02_18-10_00-K2-1X.jpeg,C:\Users\ASUS\Desktop\Ders\blg521\data\01.01\2015\K2\1X\01_01-2015_02_18-10_00-K2-1X.jpeg,TRUNCATED,JPEG missing standard EOI marker \xFF\xD9,0,0,0.00,0.00,0.00
01.01\2015\K2\1X,01_01-2015_02_20-10_00-K2-1X.jpeg,C:\Users\ASUS\Desktop\Ders\blg521\data\01.01\2015\K2\1X\01_01-2015_02_20-10_00-K2-1X.jpeg,TRUNCATED,JPEG missing standard EOI marker \xFF\xD9,0,0,0.00,0.00,0.00
01.01\2015\K2\1X,01_01-2015_02_21-10_00-K2-1X.jpeg,C:\Users\ASUS\Desktop\Ders\blg521\data\01.01\2015\K2\1X\01_01-2015_02_21-10_00-K2-1X.jpeg,TRUNCATED,JPEG missing standard EOI marker \xFF\xD9,0,0,0.00,0.00,0.00
01.01\2015\K2\1X,01_01-2015_02_22-10_00-K2-1X.jpeg,C:\Users\ASUS\Desktop\Ders\blg521\data\01.01\2015\K2\1X\01_01-2015_02_22-10_00-K2-1X.jpeg,TRUNCATED,JPEG missing standard EOI marker \xFF\xD9,0,0,0.00,0.00,0.00
01.01\2015\K2\1X,01_01-2015_02_25-11_27-K2-1X.jpeg,C:\Users\ASUS\Desktop\Ders\blg521\data\01.01\2015\K2\1X\01_01-2015_02_25-11_27-K2-1X.jpeg,TRUNCATED,JPEG missing standard EOI marker \xFF\xD9,0,0,0.00,0.00,0.00
01.01\2015\K2\1X,01_01-2015_02_26-11_00-K2-1X.jpeg,C:\Users\ASUS\Desktop\Ders\blg521\data\01.01\2015\K2\1X\01_01-2015_02_26-11_00-K2-1X.jpeg,TRUNCATED,JPEG missing standard EOI marker \xFF\xD9,0,0,0.00,0.00,0.00
01.01\2015\K2\1X,01_01-2015_02_27-10_00-K2-1X.jpeg,C:\Users\ASUS\Desktop\Ders\blg521\data\01.01\2015\K2\1X\01_01-2015_02_27-10_00-K2-1X.jpeg,TRUNCATED,JPEG missing standard EOI marker \xFF\xD9,0,0,0.00,0.00,0.00
01.01\2015\K2\1X,01_01-2015_03_02-10_00-K2-1X.jpeg,C:\Users\ASUS\Desktop\Ders\blg521\data\01.01\2015\K2\1X\01_01-2015_03_02-10_00-K2-1X.jpeg,TRUNCATED,JPEG missing standard EOI marker \xFF\xD9,0,0,0.00,0.00,0.00
01.01\2015\K2\1X,01_01-2015_03_03-10_00-K2-1X.jpeg,C:\Users\ASUS\Desktop\Ders\blg521\data\01.01\2015\K2\1X\01_01-2015_03_03-10_00-K2-1X.jpeg,TRUNCATED,JPEG missing standard EOI marker \xFF\xD9,0,0,0.00,0.00,0.00
01.01\2015\K2\1X,01_01-2015_03_04-10_00-K2-1X.jpeg,C:\Users\ASUS\Desktop\Ders\blg521\data\01.01\2015\K2\1X\01_01-2015_03_04-10_00-K2-1X.jpeg,TRUNCATED,JPEG missing standard EOI marker \xFF\xD9,0,0,0.00,0.00,0.00
01.01\2015\K2\1X,01_01-2015_03_05-10_00-K2-1X.jpeg,C:\Users\ASUS\Desktop\Ders\blg521\data\01.01\2015\K2\1X\01_01-2015_03_05-10_00-K2-1X.jpeg,TRUNCATED,JPEG missing standard EOI marker \xFF\xD9,0,0,0.00,0.00,0.00
01.01\2015\K2\1X,01_01-2015_03_06-10_00-K2-1X.jpeg,C:\Users\ASUS\Desktop\Ders\blg521\data\01.01\2015\K2\1X\01_01-2015_03_06-10_00-K2-1X.jpeg,TRUNCATED,JPEG missing standard EOI marker \xFF\xD9,0,0,0.00,0.00,0.00
01.01\2015\K2\1X,01_01-2015_03_07-10_00-K2-1X.jpeg,C:\Users\ASUS\Desktop\Ders\blg521\data\01.01\2015\K2\1X\01_01-2015_03_07-10_00-K2-1X.jpeg,TRUNCATED,JPEG missing standard EOI marker \xFF\xD9,0,0,0.00,0.00,0.00
01.01\2015\K2\1X,01_01-2015_03_09-10_00-K2-1X.jpeg,C:\Users\ASUS\Desktop\Ders\blg521\data\01.01\2015\K2\1X\01_01-2015_03_09-10_00-K2-1X.jpeg,TRUNCATED,JPEG missing standard EOI marker \xFF\xD9,0,0,0.00,0.00,0.00
01.01\2015\K2\1X,01_01-2015_03_10-10_00-K2-1X.jpeg,C:\Users\ASUS\Desktop\Ders\blg521\data\01.01\2015\K2\1X\01_01-2015_03_10-10_00-K2-1X.jpeg,TRUNCATED,JPEG missing standard EOI marker \xFF\xD9,0,0,0.00,0.00,0.00
01.01\2015\K2\1X,01_01-2015_03_13-10_00-K2-1X.jpeg,C:\Users\ASUS\Desktop\Ders\blg521\data\01.01\2015\K2\1X\01_01-2015_03_13-10_00-K2-1X.jpeg,TRUNCATED,JPEG missing standard EOI marker \xFF\xD9,0,0,0.00,0.00,0.00
01.01\2015\K2\1X,01_01-2015_03_16-10_00-K2-1X.jpeg,C:\Users\ASUS\Desktop\Ders\blg521\data\01.01\2015\K2\1X\01_01-2015_03_16-10_00-K2-1X.jpeg,TRUNCATED,JPEG missing standard EOI marker \xFF\xD9,0,0,0.00,0.00,0.00
01.01\2015\K2\1X,01_01-2015_03_23-10_00-K2-1X.jpeg,C:\Users\ASUS\Desktop\Ders\blg521\data\01.01\2015\K2\1X\01_01-2015_03_23-10_00-K2-1X.jpeg,TRUNCATED,JPEG missing standard EOI marker \xFF\xD9,0,0,0.00,0.00,0.00
01.01\2015\K2\1X,01_01-2015_03_25-10_00-K2-1X.jpeg,C:\Users\ASUS\Desktop\Ders\blg521\data\01.01\2015\K2\1X\01_01-2015_03_25-10_00-K2-1X.jpeg,TRUNCATED,JPEG missing standard EOI marker \xFF\xD9,0,0,0.00,0.00,0.00
01.01\2015\K2\1X,01_01-2015_03_26-10_00-K2-1X.jpeg,C:\Users\ASUS\Desktop\Ders\blg521\data\01.01\2015\K2\1X\01_01-2015_03_26-10_00-K2-1X.jpeg,TRUNCATED,JPEG missing standard EOI marker \xFF\xD9,0,0,0.00,0.00,0.00
01.01\2015\K2\1X,01_01-2015_03_27-10_00-K2-1X.jpeg,C:\Users\ASUS\Desktop\Ders\blg521\data\01.01\2015\K2\1X\01_01-2015_03_27-10_00-K2-1X.jpeg,TRUNCATED,JPEG missing standard EOI marker \xFF\xD9,0,0,0.00,0.00,0.00
01.01\2015\K2\1X,01_01-2015_03_28-10_00-K2-1X.jpeg,C:\Users\ASUS\Desktop\Ders\blg521\data\01.01\2015\K2\1X\01_01-2015_03_28-10_00-K2-1X.jpeg,TRUNCATED,JPEG missing standard EOI marker \xFF\xD9,0,0,0.00,0.00,0.00
01.01\2015\K2\1X,01_01-2015_03_30-10_00-K2-1X.jpeg,C:\Users\ASUS\Desktop\Ders\blg521\data\01.01\2015\K2\1X\01_01-2015_03_30-10_00-K2-1X.jpeg,TRUNCATED,JPEG missing standard EOI marker \xFF\xD9,0,0,0.00,0.00,0.00
01.01\2015\K2\1X,01_01-2015_03_31-10_00-K2-1X.jpeg,C:\Users\ASUS\Desktop\Ders\blg521\data\01.01\2015\K2\1X\01_01-2015_03_31-10_00-K2-1X.jpeg,TRUNCATED,JPEG missing standard EOI marker \xFF\xD9,0,0,0.00,0.00,0.00
01.01\2015\K2\1X,01_01-2015_04_02-10_00-K2-1X.jpeg,C:\Users\ASUS\Desktop\Ders\blg521\data\01.01\2015\K2\1X\01_01-2015_04_02-10_00-K2-1X.jpeg,TRUNCATED,JPEG missing standard EOI marker \xFF\xD9,0,0,0.00,0.00,0.00
01.01\2015\K2\1X,01_01-2015_04_03-11_44-K2-1X.jpeg,C:\Users\ASUS\Desktop\Ders\blg521\data\01.01\2015\K2\1X\01_01-2015_04_03-11_44-K2-1X.jpeg,TRUNCATED,JPEG missing standard EOI marker \xFF\xD9,0,0,0.00,0.00,0.00
01.01\2015\K2\1X,01_01-2015_04_05-10_00-K2-1X.jpeg,C:\Users\ASUS\Desktop\Ders\blg521\data\01.01\2015\K2\1X\01_01-2015_04_05-10_00-K2-1X.jpeg,TRUNCATED,JPEG missing standard EOI marker \xFF\xD9,0,0,0.00,0.00,0.00
01.01\2015\K2\1X,01_01-2015_04_06-10_00-K2-1X.jpeg,C:\Users\ASUS\Desktop\Ders\blg521\data\01.01\2015\K2\1X\01_01-2015_04_06-10_00-K2-1X.jpeg,TRUNCATED,JPEG missing standard EOI marker \xFF\xD9,0,0,0.00,0.00,0.00
01.01\2015\K2\1X,01_01-2015_04_07-10_00-K2-1X.jpeg,C:\Users\ASUS\Desktop\Ders\blg521\data\01.01\2015\K2\1X\01_01-2015_04_07-10_00-K2-1X.jpeg,TRUNCATED,JPEG missing standard EOI marker \xFF\xD9,0,0,0.00,0.00,0.00
01.01\2015\K2\1X,01_01-2015_04_10-10_00-K2-1X.jpeg,C:\Users\ASUS\Desktop\Ders\blg521\data\01.01\2015\K2\1X\01_01-2015_04_10-10_00-K2-1X.jpeg,TRUNCATED,JPEG missing standard EOI marker \xFF\xD9,0,0,0.00,0.00,0.00
01.01\2015\K2\1X,01_01-2015_04_12-10_00-K2-1X.jpeg,C:\Users\ASUS\Desktop\Ders\blg521\data\01.01\2015\K2\1X\01_01-2015_04_12-10_00-K2-1X.jpeg,TRUNCATED,JPEG missing standard EOI marker \xFF\xD9,0,0,0.00,0.00,0.00
01.01\2015\K2\1X,01_01-2015_04_13-11_43-K2-1X.jpeg,C:\Users\ASUS\Desktop\Ders\blg521\data\01.01\2015\K2\1X\01_01-2015_04_13-11_43-K2-1X.jpeg,TRUNCATED,JPEG missing standard EOI marker \xFF\xD9,0,0,0.00,0.00,0.00
01.01\2015\K2\1X,01_01-2015_04_16-10_00-K2-1X.jpeg,C:\Users\ASUS\Desktop\Ders\blg521\data\01.01\2015\K2\1X\01_01-2015_04_16-10_00-K2-1X.jpeg,TRUNCATED,JPEG missing standard EOI marker \xFF\xD9,0,0,0.00,0.00,0.00
01.01\2015\K2\1X,01_01-2015_04_17-10_00-K2-1X.jpeg,C:\Users\ASUS\Desktop\Ders\blg521\data\01.01\2015\K2\1X\01_01-2015_04_17-10_00-K2-1X.jpeg,TRUNCATED,JPEG missing standard EOI marker \xFF\xD9,0,0,0.00,0.00,0.00
01.01\2015\K2\1X,01_01-2015_04_18-10_00-K2-1X.jpeg,C:\Users\ASUS\Desktop\Ders\blg521\data\01.01\2015\K2\1X\01_01-2015_04_18-10_00-K2-1X.jpeg,TRUNCATED,JPEG missing standard EOI marker \xFF\xD9,0,0,0.00,0.00,0.00
01.01\2015\K2\1X,01_01-2015_04_22-10_00-K2-1X.jpeg,C:\Users\ASUS\Desktop\Ders\blg521\data\01.01\2015\K2\1X\01_01-2015_04_22-10_00-K2-1X.jpeg,TRUNCATED,JPEG missing standard EOI marker \xFF\xD9,0,0,0.00,0.00,0.00
01.01\2015\K2\1X,01_01-2015_04_23-10_00-K2-1X.jpeg,C:\Users\ASUS\Desktop\Ders\blg521\data\01.01\2015\K2\1X\01_01-2015_04_23-10_00-K2-1X.jpeg,TRUNCATED,JPEG missing standard EOI marker \xFF\xD9,0,0,0.00,0.00,0.00
01.01\2015\K2\1X,01_01-2015_04_24-10_00-K2-1X.jpeg,C:\Users\ASUS\Desktop\Ders\blg521\data\01.01\2015\K2\1X\01_01-2015_04_24-10_00-K2-1X.jpeg,TRUNCATED,JPEG missing standard EOI marker \xFF\xD9,0,0,0.00,0.00,0.00
01.01\2015\K2\1X,01_01-2015_04_25-10_00-K2-1X.jpeg,C:\Users\ASUS\Desktop\Ders\blg521\data\01.01\2015\K2\1X\01_01-2015_04_25-10_00-K2-1X.jpeg,TRUNCATED,JPEG missing standard EOI marker \xFF\xD9,0,0,0.00,0.00,0.00
01.01\2015\K2\1X,01_01-2015_04_26-10_00-K2-1X.jpeg,C:\Users\ASUS\Desktop\Ders\blg521\data\01.01\2015\K2\1X\01_01-2015_04_26-10_00-K2-1X.jpeg,TRUNCATED,JPEG missing standard EOI marker \xFF\xD9,0,0,0.00,0.00,0.00
01.01\2015\K2\1X,01_01-2015_04_27-10_00-K2-1X.jpeg,C:\Users\ASUS\Desktop\Ders\blg521\data\01.01\2015\K2\1X\01_01-2015_04_27-10_00-K2-1X.jpeg,TRUNCATED,JPEG missing standard EOI marker \xFF\xD9,0,0,0.00,0.00,0.00
01.01\2015\K2\1X,01_01-2015_04_29-10_00-K2-1X.jpeg,C:\Users\ASUS\Desktop\Ders\blg521\data\01.01\2015\K2\1X\01_01-2015_04_29-10_00-K2-1X.jpeg,TRUNCATED,JPEG missing standard EOI marker \xFF\xD9,0,0,0.00,0.00,0.00
01.01\2015\K2\1X,01_01-2015_04_30-10_00-K2-1X.jpeg,C:\Users\ASUS\Desktop\Ders\blg521\data\01.01\2015\K2\1X\01_01-2015_04_30-10_00-K2-1X.jpeg,TRUNCATED,JPEG missing standard EOI marker \xFF\xD9,0,0,0.00,0.00,0.00
01.01\2015\K2\1X,01_01-2015_05_01-10_00-K2-1X.jpeg,C:\Users\ASUS\Desktop\Ders\blg521\data\01.01\2015\K2\1X\01_01-2015_05_01-10_00-K2-1X.jpeg,TRUNCATED,JPEG missing standard EOI marker \xFF\xD9,0,0,0.00,0.00,0.00
01.01\2015\K2\1X,01_01-2015_05_02-10_00-K2-1X.jpeg,C:\Users\ASUS\Desktop\Ders\blg521\data\01.01\2015\K2\1X\01_01-2015_05_02-10_00-K2-1X.jpeg,TRUNCATED,JPEG missing standard EOI marker \xFF\xD9,0,0,0.00,0.00,0.00
01.01\2015\K2\1X,01_01-2015_05_03-10_00-K2-1X.jpeg,C:\Users\ASUS\Desktop\Ders\blg521\data\01.01\2015\K2\1X\01_01-2015_05_03-10_00-K2-1X.jpeg,TRUNCATED,JPEG missing standard EOI marker \xFF\xD9,0,0,0.00,0.00,0.00
01.01\2015\K2\1X,01_01-2015_05_04-10_00-K2-1X.jpeg,C:\Users\ASUS\Desktop\Ders\blg521\data\01.01\2015\K2\1X\01_01-2015_05_04-10_00-K2-1X.jpeg,TRUNCATED,JPEG missing standard EOI marker \xFF\xD9,0,0,0.00,0.00,0.00
01.01\2015\K2\1X,01_01-2015_05_05-10_00-K2-1X.jpeg,C:\Users\ASUS\Desktop\Ders\blg521\data\01.01\2015\K2\1X\01_01-2015_05_05-10_00-K2-1X.jpeg,TRUNCATED,JPEG missing standard EOI marker \xFF\xD9,0,0,0.00,0.00,0.00
01.01\2015\K2\1X,01_01-2015_05_06-10_00-K2-1X.jpeg,C:\Users\ASUS\Desktop\Ders\blg521\data\01.01\2015\K2\1X\01_01-2015_05_06-10_00-K2-1X.jpeg,TRUNCATED,JPEG missing standard EOI marker \xFF\xD9,0,0,0.00,0.00,0.00
01.01\2015\K2\1X,01_01-2015_05_08-10_00-K2-1X.jpeg,C:\Users\ASUS\Desktop\Ders\blg521\data\01.01\2015\K2\1X\01_01-2015_05_08-10_00-K2-1X.jpeg,TRUNCATED,JPEG missing standard EOI marker \xFF\xD9,0,0,0.00,0.00,0.00
01.01\2015\K2\1X,01_01-2015_05_09-10_00-K2-1X.jpeg,C:\Users\ASUS\Desktop\Ders\blg521\data\01.01\2015\K2\1X\01_01-2015_05_09-10_00-K2-1X.jpeg,TRUNCATED,JPEG missing standard EOI marker \xFF\xD9,0,0,0.00,0.00,0.00
01.01\2015\K2\1X,01_01-2015_05_10-10_00-K2-1X.jpeg,C:\Users\ASUS\Desktop\Ders\blg521\data\01.01\2015\K2\1X\01_01-2015_05_10-10_00-K2-1X.jpeg,TRUNCATED,JPEG missing standard EOI marker \xFF\xD9,0,0,0.00,0.00,0.00
01.01\2015\K2\1X,01_01-2015_05_11-10_00-K2-1X.jpeg,C:\Users\ASUS\Desktop\Ders\blg521\data\01.01\2015\K2\1X\01_01-2015_05_11-10_00-K2-1X.jpeg,TRUNCATED,JPEG missing standard EOI marker \xFF\xD9,0,0,0.00,0.00,0.00
01.01\2015\K2\1X,01_01-2015_05_12-10_00-K2-1X.jpeg,C:\Users\ASUS\Desktop\Ders\blg521\data\01.01\2015\K2\1X\01_01-2015_05_12-10_00-K2-1X.jpeg,TRUNCATED,JPEG missing standard EOI marker \xFF\xD9,0,0,0.00,0.00,0.00
01.01\2015\K2\1X,01_01-2015_05_14-10_00-K2-1X.jpeg,C:\Users\ASUS\Desktop\Ders\blg521\data\01.01\2015\K2\1X\01_01-2015_05_14-10_00-K2-1X.jpeg,TRUNCATED,JPEG missing standard EOI marker \xFF\xD9,0,0,0.00,0.00,0.00
01.01\2015\K2\1X,01_01-2015_05_15-10_02-K2-1X.jpeg,C:\Users\ASUS\Desktop\Ders\blg521\data\01.01\2015\K2\1X\01_01-2015_05_15-10_02-K2-1X.jpeg,TRUNCATED,JPEG missing standard EOI marker \xFF\xD9,0,0,0.00,0.00,0.00
01.01\2015\K2\1X,01_01-2015_05_16-10_03-K2-1X.jpeg,C:\Users\ASUS\Desktop\Ders\blg521\data\01.01\2015\K2\1X\01_01-2015_05_16-10_03-K2-1X.jpeg,TRUNCATED,JPEG missing standard EOI marker \xFF\xD9,0,0,0.00,0.00,0.00
01.01\2015\K2\1X,01_01-2015_05_17-10_06-K2-1X.jpeg,C:\Users\ASUS\Desktop\Ders\blg521\data\01.01\2015\K2\1X\01_01-2015_05_17-10_06-K2-1X.jpeg,TRUNCATED,JPEG missing standard EOI marker \xFF\xD9,0,0,0.00,0.00,0.00
01.01\2015\K2\1X,01_01-2015_05_18-10_00-K2-1X.jpeg,C:\Users\ASUS\Desktop\Ders\blg521\data\01.01\2015\K2\1X\01_01-2015_05_18-10_00-K2-1X.jpeg,TRUNCATED,JPEG missing standard EOI marker \xFF\xD9,0,0,0.00,0.00,0.00
01.01\2015\K2\1X,01_01-2015_05_20-10_07-K2-1X.jpeg,C:\Users\ASUS\Desktop\Ders\blg521\data\01.01\2015\K2\1X\01_01-2015_05_20-10_07-K2-1X.jpeg,TRUNCATED,JPEG missing standard EOI marker \xFF\xD9,0,0,0.00,0.00,0.00
01.01\2015\K2\1X,01_01-2015_05_21-10_00-K2-1X.jpeg,C:\Users\ASUS\Desktop\Ders\blg521\data\01.01\2015\K2\1X\01_01-2015_05_21-10_00-K2-1X.jpeg,TRUNCATED,JPEG missing standard EOI marker \xFF\xD9,0,0,0.00,0.00,0.00
01.01\2015\K2\1X,01_01-2015_05_23-10_00-K2-1X.jpeg,C:\Users\ASUS\Desktop\Ders\blg521\data\01.01\2015\K2\1X\01_01-2015_05_23-10_00-K2-1X.jpeg,TRUNCATED,JPEG missing standard EOI marker \xFF\xD9,0,0,0.00,0.00,0.00
01.01\2015\K2\1X,01_01-2015_05_24-10_00-K2-1X.jpeg,C:\Users\ASUS\Desktop\Ders\blg521\data\01.01\2015\K2\1X\01_01-2015_05_24-10_00-K2-1X.jpeg,TRUNCATED,JPEG missing standard EOI marker \xFF\xD9,0,0,0.00,0.00,0.00
01.01\2015\K2\1X,01_01-2015_05_25-10_00-K2-1X.jpeg,C:\Users\ASUS\Desktop\Ders\blg521\data\01.01\2015\K2\1X\01_01-2015_05_25-10_00-K2-1X.jpeg,TRUNCATED,JPEG missing standard EOI marker \xFF\xD9,0,0,0.00,0.00,0.00
01.01\2015\K2\1X,01_01-2015_05_26-10_00-K2-1X.jpeg,C:\Users\ASUS\Desktop\Ders\blg521\data\01.01\2015\K2\1X\01_01-2015_05_26-10_00-K2-1X.jpeg,TRUNCATED,JPEG missing standard EOI marker \xFF\xD9,0,0,0.00,0.00,0.00
01.01\2015\K2\1X,01_01-2015_05_27-10_00-K2-1X.jpeg,C:\Users\ASUS\Desktop\Ders\blg521\data\01.01\2015\K2\1X\01_01-2015_05_27-10_00-K2-1X.jpeg,TRUNCATED,JPEG missing standard EOI marker \xFF\xD9,0,0,0.00,0.00,0.00
01.01\2015\K2\1X,01_01-2015_05_30-10_00-K2-1X.jpeg,C:\Users\ASUS\Desktop\Ders\blg521\data\01.01\2015\K2\1X\01_01-2015_05_30-10_00-K2-1X.jpeg,TRUNCATED,JPEG missing standard EOI marker \xFF\xD9,0,0,0.00,0.00,0.00
01.01\2015\K2\1X,01_01-2015_05_31-10_00-K2-1X.jpeg,C:\Users\ASUS\Desktop\Ders\blg521\data\01.01\2015\K2\1X\01_01-2015_05_31-10_00-K2-1X.jpeg,TRUNCATED,JPEG missing standard EOI marker \xFF\xD9,0,0,0.00,0.00,0.00
01.01\2015\K2\1X,01_01-2015_06_01-10_00-K2-1X.jpeg,C:\Users\ASUS\Desktop\Ders\blg521\data\01.01\2015\K2\1X\01_01-2015_06_01-10_00-K2-1X.jpeg,TRUNCATED,JPEG missing standard EOI marker \xFF\xD9,0,0,0.00,0.00,0.00
01.01\2015\K2\1X,01_01-2015_06_02-10_00-K2-1X.jpeg,C:\Users\ASUS\Desktop\Ders\blg521\data\01.01\2015\K2\1X\01_01-2015_06_02-10_00-K2-1X.jpeg,TRUNCATED,JPEG missing standard EOI marker \xFF\xD9,0,0,0.00,0.00,0.00
01.01\2015\K2\1X,01_01-2015_06_03-10_00-K2-1X.jpeg,C:\Users\ASUS\Desktop\Ders\blg521\data\01.01\2015\K2\1X\01_01-2015_06_03-10_00-K2-1X.jpeg,TRUNCATED,JPEG missing standard EOI marker \xFF\xD9,0,0,0.00,0.00,0.00
01.01\2015\K2\1X,01_01-2015_06_04-10_00-K2-1X.jpeg,C:\Users\ASUS\Desktop\Ders\blg521\data\01.01\2015\K2\1X\01_01-2015_06_04-10_00-K2-1X.jpeg,TRUNCATED,JPEG missing standard EOI marker \xFF\xD9,0,0,0.00,0.00,0.00
01.01\2015\K2\1X,01_01-2015_06_07-10_00-K2-1X.jpeg,C:\Users\ASUS\Desktop\Ders\blg521\data\01.01\2015\K2\1X\01_01-2015_06_07-10_00-K2-1X.jpeg,TRUNCATED,JPEG missing standard EOI marker \xFF\xD9,0,0,0.00,0.00,0.00
01.01\2015\K2\1X,01_01-2015_06_08-10_00-K2-1X.jpeg,C:\Users\ASUS\Desktop\Ders\blg521\data\01.01\2015\K2\1X\01_01-2015_06_08-10_00-K2-1X.jpeg,TRUNCATED,JPEG missing standard EOI marker \xFF\xD9,0,0,0.00,0.00,0.00
01.01\2015\K2\1X,01_01-2015_06_09-10_00-K2-1X.jpeg,C:\Users\ASUS\Desktop\Ders\blg521\data\01.01\2015\K2\1X\01_01-2015_06_09-10_00-K2-1X.jpeg,TRUNCATED,JPEG missing standard EOI marker \xFF\xD9,0,0,0.00,0.00,0.00
01.01\2015\K2\1X,01_01-2015_06_10-10_00-K2-1X.jpeg,C:\Users\ASUS\Desktop\Ders\blg521\data\01.01\2015\K2\1X\01_01-2015_06_10-10_00-K2-1X.jpeg,TRUNCATED,JPEG missing standard EOI marker \xFF\xD9,0,0,0.00,0.00,0.00
01.01\2015\K2\1X,01_01-2015_06_11-10_00-K2-1X.jpeg,C:\Users\ASUS\Desktop\Ders\blg521\data\01.01\2015\K2\1X\01_01-2015_06_11-10_00-K2-1X.jpeg,TRUNCATED,JPEG missing standard EOI marker \xFF\xD9,0,0,0.00,0.00,0.00
01.01\2015\K2\1X,01_01-2015_06_12-10_00-K2-1X.jpeg,C:\Users\ASUS\Desktop\Ders\blg521\data\01.01\2015\K2\1X\01_01-2015_06_12-10_00-K2-1X.jpeg,TRUNCATED,JPEG missing standard EOI marker \xFF\xD9,0,0,0.00,0.00,0.00
01.01\2015\K2\1X,01_01-2015_06_13-10_00-K2-1X.jpeg,C:\Users\ASUS\Desktop\Ders\blg521\data\01.01\2015\K2\1X\01_01-2015_06_13-10_00-K2-1X.jpeg,TRUNCATED,JPEG missing standard EOI marker \xFF\xD9,0,0,0.00,0.00,0.00
01.05\2016\K1\10X,01_05-2016_01_04-10_00-K1-10X.jpeg,C:\Users\ASUS\Desktop\Ders\blg521\data\01.05\2016\K1\10X\01_05-2016_01_04-10_00-K1-10X.jpeg,BLURRED,Very blurry (Laplacian variance: 38.35),1920,1080,120.69,17.74,38.35
01.05\2016\K1\10X,01_05-2016_03_10-10_00-K1-10X.jpeg,C:\Users\ASUS\Desktop\Ders\blg521\data\01.05\2016\K1\10X\01_05-2016_03_10-10_00-K1-10X.jpeg,BLURRED,Very blurry (Laplacian variance: 47.50),1920,1080,110.12,20.57,47.50
01.05\2016\K1\10X,01_05-2016_03_21-09_30-K1-10X.jpeg,C:\Users\ASUS\Desktop\Ders\blg521\data\01.05\2016\K1\10X\01_05-2016_03_21-09_30-K1-10X.jpeg,BLURRED,Very blurry (Laplacian variance: 29.04),1920,1080,114.54,21.01,29.04
01.05\2016\K1\10X,01_05-2016_08_25-10_00-K1-10X.jpeg,C:\Users\ASUS\Desktop\Ders\blg521\data\01.05\2016\K1\10X\01_05-2016_08_25-10_00-K1-10X.jpeg,TRUNCATED,JPEG missing standard EOI marker \xFF\xD9,0,0,0.00,0.00,0.00
01.05\2016\K1\10X,01_05-2016_11_01-10_00-K1-10X.jpeg,C:\Users\ASUS\Desktop\Ders\blg521\data\01.05\2016\K1\10X\01_05-2016_11_01-10_00-K1-10X.jpeg,BLURRED,Very blurry (Laplacian variance: 46.13),1920,1080,115.54,37.97,46.13
01.05\2016\K1\1X,01_05-2016_01_14-10_00-K1-1X.jpeg,C:\Users\ASUS\Desktop\Ders\blg521\data\01.05\2016\K1\1X\01_05-2016_01_14-10_00-K1-1X.jpeg,BLURRED,Very blurry (Laplacian variance: 38.15),1920,1080,123.13,31.48,38.15
01.05\2016\K1\1X,01_05-2016_08_25-10_00-K1-1X.jpeg,C:\Users\ASUS\Desktop\Ders\blg521\data\01.05\2016\K1\1X\01_05-2016_08_25-10_00-K1-1X.jpeg,TRUNCATED,JPEG missing standard EOI marker \xFF\xD9,0,0,0.00,0.00,0.00
01.05\2016\K2\10X,01_05-2016_01_25-10_00-K2-10X.jpeg,C:\Users\ASUS\Desktop\Ders\blg521\data\01.05\2016\K2\10X\01_05-2016_01_25-10_00-K2-10X.jpeg,BLURRED,Very blurry (Laplacian variance: 22.09),1920,1080,107.88,52.46,22.09
01.05\2016\K2\10X,01_05-2016_02_06-09_39-K2-10X.jpeg,C:\Users\ASUS\Desktop\Ders\blg521\data\01.05\2016\K2\10X\01_05-2016_02_06-09_39-K2-10X.jpeg,BLURRED,Very blurry (Laplacian variance: 28.97),1920,1080,129.65,14.82,28.97
01.05\2016\K2\10X,01_05-2016_05_04-10_02-K2-10X.jpeg,C:\Users\ASUS\Desktop\Ders\blg521\data\01.05\2016\K2\10X\01_05-2016_05_04-10_02-K2-10X.jpeg,BLURRED,Very blurry (Laplacian variance: 24.60),1920,1080,115.69,42.34,24.60
01.05\2016\K2\10X,01_05-2016_05_05-10_01-K2-10X.jpeg,C:\Users\ASUS\Desktop\Ders\blg521\data\01.05\2016\K2\10X\01_05-2016_05_05-10_01-K2-10X.jpeg,BLURRED,Very blurry (Laplacian variance: 44.87),1920,1080,124.80,33.86,44.87
01.05\2016\K2\10X,01_05-2016_08_25-10_00-K2-10X.jpeg,C:\Users\ASUS\Desktop\Ders\blg521\data\01.05\2016\K2\10X\01_05-2016_08_25-10_00-K2-10X.jpeg,TRUNCATED,JPEG missing standard EOI marker \xFF\xD9,0,0,0.00,0.00,0.00
01.05\2016\K2\10X,01_05-2016_11_01-10_00-K2-10X.jpeg,C:\Users\ASUS\Desktop\Ders\blg521\data\01.05\2016\K2\10X\01_05-2016_11_01-10_00-K2-10X.jpeg,BLURRED,Very blurry (Laplacian variance: 29.70),1920,1080,117.21,34.25,29.70
01.05\2016\K2\1X,01_05-2016_08_25-10_00-K2-1X.jpeg,C:\Users\ASUS\Desktop\Ders\blg521\data\01.05\2016\K2\1X\01_05-2016_08_25-10_00-K2-1X.jpeg,TRUNCATED,JPEG missing standard EOI marker \xFF\xD9,0,0,0.00,0.00,0.00
01.05\2017\K1\10X,01_05-2017_01_08-12_00-K1-10X.jpeg,C:\Users\ASUS\Desktop\Ders\blg521\data\01.05\2017\K1\10X\01_05-2017_01_08-12_00-K1-10X.jpeg,BLURRED,Very blurry (Laplacian variance: 43.83),1920,1080,123.19,22.06,43.83
01.05\2017\K1\10X,01_05-2017_01_09-11_00-K1-10X.jpeg,C:\Users\ASUS\Desktop\Ders\blg521\data\01.05\2017\K1\10X\01_05-2017_01_09-11_00-K1-10X.jpeg,BLURRED,Very blurry (Laplacian variance: 47.74),1920,1080,128.40,15.83,47.74
01.05\2017\K1\10X,01_05-2017_04_13-10_00-K1-10X.jpeg,C:\Users\ASUS\Desktop\Ders\blg521\data\01.05\2017\K1\10X\01_05-2017_04_13-10_00-K1-10X.jpeg,BLURRED,Very blurry (Laplacian variance: 11.04),1920,1080,128.15,7.11,11.04
01.05\2017\K1\1X,01_05-2017_02_27-10_00-K1-1X.jpeg,C:\Users\ASUS\Desktop\Ders\blg521\data\01.05\2017\K1\1X\01_05-2017_02_27-10_00-K1-1X.jpeg,BLURRED,Very blurry (Laplacian variance: 37.10),1920,1080,125.13,17.70,37.10
01.05\2017\K1\1X,01_05-2017_03_17-10_00-K1-1X.jpeg,C:\Users\ASUS\Desktop\Ders\blg521\data\01.05\2017\K1\1X\01_05-2017_03_17-10_00-K1-1X.jpeg,BLURRED,Very blurry (Laplacian variance: 44.25),1920,1080,131.46,19.61,44.25
01.05\2017\K1\1X,01_05-2017_03_26-10_00-K1-1X.jpeg,C:\Users\ASUS\Desktop\Ders\blg521\data\01.05\2017\K1\1X\01_05-2017_03_26-10_00-K1-1X.jpeg,BLURRED,Very blurry (Laplacian variance: 48.49),1920,1080,131.46,23.23,48.49
01.05\2017\K1\1X,01_05-2017_04_13-10_00-K1-1X.jpeg,C:\Users\ASUS\Desktop\Ders\blg521\data\01.05\2017\K1\1X\01_05-2017_04_13-10_00-K1-1X.jpeg,BLURRED,Very blurry (Laplacian variance: 8.21),1920,1080,124.91,39.36,8.21
01.05\2017\K2\10X,01_05-2017_01_08-12_00-K2-10X.jpeg,C:\Users\ASUS\Desktop\Ders\blg521\data\01.05\2017\K2\10X\01_05-2017_01_08-12_00-K2-10X.jpeg,BLURRED,Very blurry (Laplacian variance: 15.27),1920,1080,124.55,7.72,15.27
01.05\2017\K2\10X,01_05-2017_01_09-11_00-K2-10X.jpeg,C:\Users\ASUS\Desktop\Ders\blg521\data\01.05\2017\K2\10X\01_05-2017_01_09-11_00-K2-10X.jpeg,BLURRED,Very blurry (Laplacian variance: 39.14),1920,1080,128.89,10.12,39.14
01.05\2017\K2\10X,01_05-2017_02_28-11_30-K2-10X.jpeg,C:\Users\ASUS\Desktop\Ders\blg521\data\01.05\2017\K2\10X\01_05-2017_02_28-11_30-K2-10X.jpeg,BLURRED,Very blurry (Laplacian variance: 37.88),1920,1080,118.85,21.38,37.88
02.02\2014\K1\10X,02_02-2014_02_15-09_46-K1-10X.jpeg,C:\Users\ASUS\Desktop\Ders\blg521\data\02.02\2014\K1\10X\02_02-2014_02_15-09_46-K1-10X.jpeg,BLURRED,Very blurry (Laplacian variance: 32.00),2288,1712,126.82,9.03,32.00
02.02\2014\K1\1X,02_02-2014_01_24-10_07-K1-1X.jpeg,C:\Users\ASUS\Desktop\Ders\blg521\data\02.02\2014\K1\1X\02_02-2014_01_24-10_07-K1-1X.jpeg,BLURRED,Very blurry (Laplacian variance: 23.99),2288,1712,136.23,38.65,23.99
02.02\2014\K2\10X,02_02-2014_03_10-10_00-K2-10X.jpeg,C:\Users\ASUS\Desktop\Ders\blg521\data\02.02\2014\K2\10X\02_02-2014_03_10-10_00-K2-10X.jpeg,BLURRED,Very blurry (Laplacian variance: 8.68),2288,1712,98.89,11.06,8.68
02.02\2014\K2\10X,02_02-2014_12_27-10_02-K2-10X.jpeg,C:\Users\ASUS\Desktop\Ders\blg521\data\02.02\2014\K2\10X\02_02-2014_12_27-10_02-K2-10X.jpeg,LOW_CONTRAST,Extremely low contrast (std: 3.71),2288,1712,80.52,3.71,0.00
02.02\2014\K2\1X,02_02-2014_03_10-10_02-K2-1X.jpeg,C:\Users\ASUS\Desktop\Ders\blg521\data\02.02\2014\K2\1X\02_02-2014_03_10-10_02-K2-1X.jpeg,BLURRED,Very blurry (Laplacian variance: 38.39),2288,1712,115.12,26.02,38.39
02.02\2014\K2\1X,02_02-2014_12_20-10_30-K2-1X.jpeg,C:\Users\ASUS\Desktop\Ders\blg521\data\02.02\2014\K2\1X\02_02-2014_12_20-10_30-K2-1X.jpeg,BLURRED,Very blurry (Laplacian variance: 27.48),2288,1712,117.59,26.85,27.48
02.02\2014\K2\1X,02_02-2014_12_27-10_02-K2-1X.jpeg,C:\Users\ASUS\Desktop\Ders\blg521\data\02.02\2014\K2\1X\02_02-2014_12_27-10_02-K2-1X.jpeg,LOW_CONTRAST,Extremely low contrast (std: 3.82),2288,1712,82.74,3.82,0.00
02.02\2015\K1\10X,02_02-2015_01_23-10_00-K1-10X.jpeg,C:\Users\ASUS\Desktop\Ders\blg521\data\02.02\2015\K1\10X\02_02-2015_01_23-10_00-K1-10X.jpeg,TRUNCATED,JPEG missing standard EOI marker \xFF\xD9,0,0,0.00,0.00,0.00
02.02\2015\K1\10X,02_02-2015_01_24-10_00-K1-10X.jpeg,C:\Users\ASUS\Desktop\Ders\blg521\data\02.02\2015\K1\10X\02_02-2015_01_24-10_00-K1-10X.jpeg,TRUNCATED,JPEG missing standard EOI marker \xFF\xD9,0,0,0.00,0.00,0.00
02.02\2015\K1\10X,02_02-2015_01_28-10_00-K1-10X.jpeg,C:\Users\ASUS\Desktop\Ders\blg521\data\02.02\2015\K1\10X\02_02-2015_01_28-10_00-K1-10X.jpeg,TRUNCATED,JPEG missing standard EOI marker \xFF\xD9,0,0,0.00,0.00,0.00
02.02\2015\K1\10X,02_02-2015_01_29-10_00-K1-10X.jpeg,C:\Users\ASUS\Desktop\Ders\blg521\data\02.02\2015\K1\10X\02_02-2015_01_29-10_00-K1-10X.jpeg,TRUNCATED,JPEG missing standard EOI marker \xFF\xD9,0,0,0.00,0.00,0.00
02.02\2015\K1\10X,02_02-2015_01_30-10_00-K1-10X.jpeg,C:\Users\ASUS\Desktop\Ders\blg521\data\02.02\2015\K1\10X\02_02-2015_01_30-10_00-K1-10X.jpeg,TRUNCATED,JPEG missing standard EOI marker \xFF\xD9,0,0,0.00,0.00,0.00
02.02\2015\K1\10X,02_02-2015_01_31-10_00-K1-10X.jpeg,C:\Users\ASUS\Desktop\Ders\blg521\data\02.02\2015\K1\10X\02_02-2015_01_31-10_00-K1-10X.jpeg,TRUNCATED,JPEG missing standard EOI marker \xFF\xD9,0,0,0.00,0.00,0.00
02.02\2015\K1\10X,02_02-2015_02_01-10_00-K1-10X.jpeg,C:\Users\ASUS\Desktop\Ders\blg521\data\02.02\2015\K1\10X\02_02-2015_02_01-10_00-K1-10X.jpeg,TRUNCATED,JPEG missing standard EOI marker \xFF\xD9,0,0,0.00,0.00,0.00
02.02\2015\K1\10X,02_02-2015_02_02-10_00-K1-10X.jpeg,C:\Users\ASUS\Desktop\Ders\blg521\data\02.02\2015\K1\10X\02_02-2015_02_02-10_00-K1-10X.jpeg,TRUNCATED,JPEG missing standard EOI marker \xFF\xD9,0,0,0.00,0.00,0.00
02.02\2015\K1\10X,02_02-2015_02_03-10_00-K1-10X.jpeg,C:\Users\ASUS\Desktop\Ders\blg521\data\02.02\2015\K1\10X\02_02-2015_02_03-10_00-K1-10X.jpeg,TRUNCATED,JPEG missing standard EOI marker \xFF\xD9,0,0,0.00,0.00,0.00
02.02\2015\K1\10X,02_02-2015_02_04-10_00-K1-10X.jpeg,C:\Users\ASUS\Desktop\Ders\blg521\data\02.02\2015\K1\10X\02_02-2015_02_04-10_00-K1-10X.jpeg,TRUNCATED,JPEG missing standard EOI marker \xFF\xD9,0,0,0.00,0.00,0.00
02.02\2015\K1\10X,02_02-2015_02_05-10_00-K1-10X.jpeg,C:\Users\ASUS\Desktop\Ders\blg521\data\02.02\2015\K1\10X\02_02-2015_02_05-10_00-K1-10X.jpeg,TRUNCATED,JPEG missing standard EOI marker \xFF\xD9,0,0,0.00,0.00,0.00
02.02\2015\K1\10X,02_02-2015_02_06-10_00-K1-10X.jpeg,C:\Users\ASUS\Desktop\Ders\blg521\data\02.02\2015\K1\10X\02_02-2015_02_06-10_00-K1-10X.jpeg,TRUNCATED,JPEG missing standard EOI marker \xFF\xD9,0,0,0.00,0.00,0.00
02.02\2015\K1\10X,02_02-2015_02_07-10_00-K1-10X.jpeg,C:\Users\ASUS\Desktop\Ders\blg521\data\02.02\2015\K1\10X\02_02-2015_02_07-10_00-K1-10X.jpeg,TRUNCATED,JPEG missing standard EOI marker \xFF\xD9,0,0,0.00,0.00,0.00
02.02\2015\K1\10X,02_02-2015_02_08-10_00-K1-10X.jpeg,C:\Users\ASUS\Desktop\Ders\blg521\data\02.02\2015\K1\10X\02_02-2015_02_08-10_00-K1-10X.jpeg,TRUNCATED,JPEG missing standard EOI marker \xFF\xD9,0,0,0.00,0.00,0.00
02.02\2015\K1\10X,02_02-2015_02_09-10_00-K1-10X.jpeg,C:\Users\ASUS\Desktop\Ders\blg521\data\02.02\2015\K1\10X\02_02-2015_02_09-10_00-K1-10X.jpeg,TRUNCATED,JPEG missing standard EOI marker \xFF\xD9,0,0,0.00,0.00,0.00
02.02\2015\K1\10X,02_02-2015_02_10-10_00-K1-10X.jpeg,C:\Users\ASUS\Desktop\Ders\blg521\data\02.02\2015\K1\10X\02_02-2015_02_10-10_00-K1-10X.jpeg,TRUNCATED,JPEG missing standard EOI marker \xFF\xD9,0,0,0.00,0.00,0.00
02.02\2015\K1\10X,02_02-2015_02_11-10_30-K1-10X.jpeg,C:\Users\ASUS\Desktop\Ders\blg521\data\02.02\2015\K1\10X\02_02-2015_02_11-10_30-K1-10X.jpeg,TRUNCATED,JPEG missing standard EOI marker \xFF\xD9,0,0,0.00,0.00,0.00
02.02\2015\K1\10X,02_02-2015_02_12-10_00-K1-10X.jpeg,C:\Users\ASUS\Desktop\Ders\blg521\data\02.02\2015\K1\10X\02_02-2015_02_12-10_00-K1-10X.jpeg,TRUNCATED,JPEG missing standard EOI marker \xFF\xD9,0,0,0.00,0.00,0.00
02.02\2015\K1\10X,02_02-2015_02_13-10_00-K1-10X.jpeg,C:\Users\ASUS\Desktop\Ders\blg521\data\02.02\2015\K1\10X\02_02-2015_02_13-10_00-K1-10X.jpeg,TRUNCATED,JPEG missing standard EOI marker \xFF\xD9,0,0,0.00,0.00,0.00
02.02\2015\K1\10X,02_02-2015_02_15-10_00-K1-10X.jpeg,C:\Users\ASUS\Desktop\Ders\blg521\data\02.02\2015\K1\10X\02_02-2015_02_15-10_00-K1-10X.jpeg,TRUNCATED,JPEG missing standard EOI marker \xFF\xD9,0,0,0.00,0.00,0.00
02.02\2015\K1\10X,02_02-2015_02_17-10_00-K1-10X.jpeg,C:\Users\ASUS\Desktop\Ders\blg521\data\02.02\2015\K1\10X\02_02-2015_02_17-10_00-K1-10X.jpeg,TRUNCATED,JPEG missing standard EOI marker \xFF\xD9,0,0,0.00,0.00,0.00
02.02\2015\K1\10X,02_02-2015_02_18-10_00-K1-10X.jpeg,C:\Users\ASUS\Desktop\Ders\blg521\data\02.02\2015\K1\10X\02_02-2015_02_18-10_00-K1-10X.jpeg,TRUNCATED,JPEG missing standard EOI marker \xFF\xD9,0,0,0.00,0.00,0.00
02.02\2015\K1\10X,02_02-2015_02_19-12_00-K1-10X.jpeg,C:\Users\ASUS\Desktop\Ders\blg521\data\02.02\2015\K1\10X\02_02-2015_02_19-12_00-K1-10X.jpeg,TRUNCATED,JPEG missing standard EOI marker \xFF\xD9,0,0,0.00,0.00,0.00
02.02\2015\K1\10X,02_02-2015_02_20-10_00-K1-10X.jpeg,C:\Users\ASUS\Desktop\Ders\blg521\data\02.02\2015\K1\10X\02_02-2015_02_20-10_00-K1-10X.jpeg,TRUNCATED,JPEG missing standard EOI marker \xFF\xD9,0,0,0.00,0.00,0.00
02.02\2015\K1\10X,02_02-2015_02_22-10_00-K1-10X.jpeg,C:\Users\ASUS\Desktop\Ders\blg521\data\02.02\2015\K1\10X\02_02-2015_02_22-10_00-K1-10X.jpeg,TRUNCATED,JPEG missing standard EOI marker \xFF\xD9,0,0,0.00,0.00,0.00
02.02\2015\K1\10X,02_02-2015_02_23-10_00-K1-10X.jpeg,C:\Users\ASUS\Desktop\Ders\blg521\data\02.02\2015\K1\10X\02_02-2015_02_23-10_00-K1-10X.jpeg,TRUNCATED,JPEG missing standard EOI marker \xFF\xD9,0,0,0.00,0.00,0.00
02.02\2015\K1\10X,02_02-2015_02_24-10_00-K1-10X.jpeg,C:\Users\ASUS\Desktop\Ders\blg521\data\02.02\2015\K1\10X\02_02-2015_02_24-10_00-K1-10X.jpeg,TRUNCATED,JPEG missing standard EOI marker \xFF\xD9,0,0,0.00,0.00,0.00
02.02\2015\K1\10X,02_02-2015_02_25-10_00-K1-10X.jpeg,C:\Users\ASUS\Desktop\Ders\blg521\data\02.02\2015\K1\10X\02_02-2015_02_25-10_00-K1-10X.jpeg,TRUNCATED,JPEG missing standard EOI marker \xFF\xD9,0,0,0.00,0.00,0.00
02.02\2015\K1\10X,02_02-2015_02_27-10_00-K1-10X.jpeg,C:\Users\ASUS\Desktop\Ders\blg521\data\02.02\2015\K1\10X\02_02-2015_02_27-10_00-K1-10X.jpeg,TRUNCATED,JPEG missing standard EOI marker \xFF\xD9,0,0,0.00,0.00,0.00
02.02\2015\K1\10X,02_02-2015_02_28-10_00-K1-10X.jpeg,C:\Users\ASUS\Desktop\Ders\blg521\data\02.02\2015\K1\10X\02_02-2015_02_28-10_00-K1-10X.jpeg,TRUNCATED,JPEG missing standard EOI marker \xFF\xD9,0,0,0.00,0.00,0.00
02.02\2015\K1\10X,02_02-2015_03_01-10_00-K1-10X.jpeg,C:\Users\ASUS\Desktop\Ders\blg521\data\02.02\2015\K1\10X\02_02-2015_03_01-10_00-K1-10X.jpeg,TRUNCATED,JPEG missing standard EOI marker \xFF\xD9,0,0,0.00,0.00,0.00
02.02\2015\K1\10X,02_02-2015_03_03-10_00-K1-10X.jpeg,C:\Users\ASUS\Desktop\Ders\blg521\data\02.02\2015\K1\10X\02_02-2015_03_03-10_00-K1-10X.jpeg,TRUNCATED,JPEG missing standard EOI marker \xFF\xD9,0,0,0.00,0.00,0.00
02.02\2015\K1\10X,02_02-2015_03_05-10_00-K1-10X.jpeg,C:\Users\ASUS\Desktop\Ders\blg521\data\02.02\2015\K1\10X\02_02-2015_03_05-10_00-K1-10X.jpeg,TRUNCATED,JPEG missing standard EOI marker \xFF\xD9,0,0,0.00,0.00,0.00
02.02\2015\K1\10X,02_02-2015_03_07-10_00-K1-10X.jpeg,C:\Users\ASUS\Desktop\Ders\blg521\data\02.02\2015\K1\10X\02_02-2015_03_07-10_00-K1-10X.jpeg,TRUNCATED,JPEG missing standard EOI marker \xFF\xD9,0,0,0.00,0.00,0.00
02.02\2015\K1\10X,02_02-2015_03_10-10_00-K1-10X.jpeg,C:\Users\ASUS\Desktop\Ders\blg521\data\02.02\2015\K1\10X\02_02-2015_03_10-10_00-K1-10X.jpeg,TRUNCATED,JPEG missing standard EOI marker \xFF\xD9,0,0,0.00,0.00,0.00
02.02\2015\K1\10X,02_02-2015_03_13-11_00-K1-10X.jpeg,C:\Users\ASUS\Desktop\Ders\blg521\data\02.02\2015\K1\10X\02_02-2015_03_13-11_00-K1-10X.jpeg,TRUNCATED,JPEG missing standard EOI marker \xFF\xD9,0,0,0.00,0.00,0.00
02.02\2015\K1\10X,02_02-2015_03_19-10_00-K1-10X.jpeg,C:\Users\ASUS\Desktop\Ders\blg521\data\02.02\2015\K1\10X\02_02-2015_03_19-10_00-K1-10X.jpeg,TRUNCATED,JPEG missing standard EOI marker \xFF\xD9,0,0,0.00,0.00,0.00
02.02\2015\K1\10X,02_02-2015_03_20-10_00-K1-10X.jpeg,C:\Users\ASUS\Desktop\Ders\blg521\data\02.02\2015\K1\10X\02_02-2015_03_20-10_00-K1-10X.jpeg,TRUNCATED,JPEG missing standard EOI marker \xFF\xD9,0,0,0.00,0.00,0.00
02.02\2015\K1\10X,02_02-2015_03_22-10_00-K1-10X.jpeg,C:\Users\ASUS\Desktop\Ders\blg521\data\02.02\2015\K1\10X\02_02-2015_03_22-10_00-K1-10X.jpeg,TRUNCATED,JPEG missing standard EOI marker \xFF\xD9,0,0,0.00,0.00,0.00
02.02\2015\K1\10X,02_02-2015_03_23-10_00-K1-10X.jpeg,C:\Users\ASUS\Desktop\Ders\blg521\data\02.02\2015\K1\10X\02_02-2015_03_23-10_00-K1-10X.jpeg,TRUNCATED,JPEG missing standard EOI marker \xFF\xD9,0,0,0.00,0.00,0.00
02.02\2015\K1\10X,02_02-2015_03_25-10_00-K1-10X.jpeg,C:\Users\ASUS\Desktop\Ders\blg521\data\02.02\2015\K1\10X\02_02-2015_03_25-10_00-K1-10X.jpeg,TRUNCATED,JPEG missing standard EOI marker \xFF\xD9,0,0,0.00,0.00,0.00
02.02\2015\K1\10X,02_02-2015_03_26-10_00-K1-10X.jpeg,C:\Users\ASUS\Desktop\Ders\blg521\data\02.02\2015\K1\10X\02_02-2015_03_26-10_00-K1-10X.jpeg,TRUNCATED,JPEG missing standard EOI marker \xFF\xD9,0,0,0.00,0.00,0.00
02.02\2015\K1\10X,02_02-2015_03_28-09_00-K1-10X.jpeg,C:\Users\ASUS\Desktop\Ders\blg521\data\02.02\2015\K1\10X\02_02-2015_03_28-09_00-K1-10X.jpeg,TRUNCATED,JPEG missing standard EOI marker \xFF\xD9,0,0,0.00,0.00,0.00
02.02\2015\K1\10X,02_02-2015_03_29-10_00-K1-10X.jpeg,C:\Users\ASUS\Desktop\Ders\blg521\data\02.02\2015\K1\10X\02_02-2015_03_29-10_00-K1-10X.jpeg,TRUNCATED,JPEG missing standard EOI marker \xFF\xD9,0,0,0.00,0.00,0.00
02.02\2015\K1\10X,02_02-2015_03_30-10_00-K1-10X.jpeg,C:\Users\ASUS\Desktop\Ders\blg521\data\02.02\2015\K1\10X\02_02-2015_03_30-10_00-K1-10X.jpeg,TRUNCATED,JPEG missing standard EOI marker \xFF\xD9,0,0,0.00,0.00,0.00
02.02\2015\K1\10X,02_02-2015_03_31-10_00-K1-10X.jpeg,C:\Users\ASUS\Desktop\Ders\blg521\data\02.02\2015\K1\10X\02_02-2015_03_31-10_00-K1-10X.jpeg,TRUNCATED,JPEG missing standard EOI marker \xFF\xD9,0,0,0.00,0.00,0.00
02.02\2015\K1\10X,02_02-2015_04_01-10_00-K1-10X.jpeg,C:\Users\ASUS\Desktop\Ders\blg521\data\02.02\2015\K1\10X\02_02-2015_04_01-10_00-K1-10X.jpeg,TRUNCATED,JPEG missing standard EOI marker \xFF\xD9,0,0,0.00,0.00,0.00
02.02\2015\K1\10X,02_02-2015_04_02-10_00-K1-10X.jpeg,C:\Users\ASUS\Desktop\Ders\blg521\data\02.02\2015\K1\10X\02_02-2015_04_02-10_00-K1-10X.jpeg,TRUNCATED,JPEG missing standard EOI marker \xFF\xD9,0,0,0.00,0.00,0.00
02.02\2015\K1\10X,02_02-2015_04_03-10_00-K1-10X.jpeg,C:\Users\ASUS\Desktop\Ders\blg521\data\02.02\2015\K1\10X\02_02-2015_04_03-10_00-K1-10X.jpeg,TRUNCATED,JPEG missing standard EOI marker \xFF\xD9,0,0,0.00,0.00,0.00
02.02\2015\K1\10X,02_02-2015_04_05-10_00-K1-10X.jpeg,C:\Users\ASUS\Desktop\Ders\blg521\data\02.02\2015\K1\10X\02_02-2015_04_05-10_00-K1-10X.jpeg,TRUNCATED,JPEG missing standard EOI marker \xFF\xD9,0,0,0.00,0.00,0.00
02.02\2015\K1\10X,02_02-2015_04_06-10_00-K1-10X.jpeg,C:\Users\ASUS\Desktop\Ders\blg521\data\02.02\2015\K1\10X\02_02-2015_04_06-10_00-K1-10X.jpeg,TRUNCATED,JPEG missing standard EOI marker \xFF\xD9,0,0,0.00,0.00,0.00
02.02\2015\K1\10X,02_02-2015_04_07-10_00-K1-10X.jpeg,C:\Users\ASUS\Desktop\Ders\blg521\data\02.02\2015\K1\10X\02_02-2015_04_07-10_00-K1-10X.jpeg,TRUNCATED,JPEG missing standard EOI marker \xFF\xD9,0,0,0.00,0.00,0.00
02.02\2015\K1\10X,02_02-2015_04_09-09_00-K1-10X.jpeg,C:\Users\ASUS\Desktop\Ders\blg521\data\02.02\2015\K1\10X\02_02-2015_04_09-09_00-K1-10X.jpeg,TRUNCATED,JPEG missing standard EOI marker \xFF\xD9,0,0,0.00,0.00,0.00
02.02\2015\K1\10X,02_02-2015_04_11-10_00-K1-10X.jpeg,C:\Users\ASUS\Desktop\Ders\blg521\data\02.02\2015\K1\10X\02_02-2015_04_11-10_00-K1-10X.jpeg,TRUNCATED,JPEG missing standard EOI marker \xFF\xD9,0,0,0.00,0.00,0.00
02.02\2015\K1\10X,02_02-2015_04_13-10_00-K1-10X.jpeg,C:\Users\ASUS\Desktop\Ders\blg521\data\02.02\2015\K1\10X\02_02-2015_04_13-10_00-K1-10X.jpeg,TRUNCATED,JPEG missing standard EOI marker \xFF\xD9,0,0,0.00,0.00,0.00
02.02\2015\K1\10X,02_02-2015_04_16-10_06-K1-10X.jpeg,C:\Users\ASUS\Desktop\Ders\blg521\data\02.02\2015\K1\10X\02_02-2015_04_16-10_06-K1-10X.jpeg,TRUNCATED,JPEG missing standard EOI marker \xFF\xD9,0,0,0.00,0.00,0.00
02.02\2015\K1\10X,02_02-2015_04_17-10_00-K1-10X.jpeg,C:\Users\ASUS\Desktop\Ders\blg521\data\02.02\2015\K1\10X\02_02-2015_04_17-10_00-K1-10X.jpeg,TRUNCATED,JPEG missing standard EOI marker \xFF\xD9,0,0,0.00,0.00,0.00
02.02\2015\K1\10X,02_02-2015_04_23-10_00-K1-10X.jpeg,C:\Users\ASUS\Desktop\Ders\blg521\data\02.02\2015\K1\10X\02_02-2015_04_23-10_00-K1-10X.jpeg,TRUNCATED,JPEG missing standard EOI marker \xFF\xD9,0,0,0.00,0.00,0.00
02.02\2015\K1\10X,02_02-2015_04_24-10_00-K1-10X.jpeg,C:\Users\ASUS\Desktop\Ders\blg521\data\02.02\2015\K1\10X\02_02-2015_04_24-10_00-K1-10X.jpeg,TRUNCATED,JPEG missing standard EOI marker \xFF\xD9,0,0,0.00,0.00,0.00
02.02\2015\K1\10X,02_02-2015_04_25-10_00-K1-10X.jpeg,C:\Users\ASUS\Desktop\Ders\blg521\data\02.02\2015\K1\10X\02_02-2015_04_25-10_00-K1-10X.jpeg,TRUNCATED,JPEG missing standard EOI marker \xFF\xD9,0,0,0.00,0.00,0.00
02.02\2015\K1\10X,02_02-2015_04_26-10_00-K1-10X.jpeg,C:\Users\ASUS\Desktop\Ders\blg521\data\02.02\2015\K1\10X\02_02-2015_04_26-10_00-K1-10X.jpeg,TRUNCATED,JPEG missing standard EOI marker \xFF\xD9,0,0,0.00,0.00,0.00
02.02\2015\K1\10X,02_02-2015_04_27-10_00-K1-10X.jpeg,C:\Users\ASUS\Desktop\Ders\blg521\data\02.02\2015\K1\10X\02_02-2015_04_27-10_00-K1-10X.jpeg,TRUNCATED,JPEG missing standard EOI marker \xFF\xD9,0,0,0.00,0.00,0.00
02.02\2015\K1\10X,02_02-2015_04_28-10_30-K1-10X.jpeg,C:\Users\ASUS\Desktop\Ders\blg521\data\02.02\2015\K1\10X\02_02-2015_04_28-10_30-K1-10X.jpeg,TRUNCATED,JPEG missing standard EOI marker \xFF\xD9,0,0,0.00,0.00,0.00
02.02\2015\K1\10X,02_02-2015_04_29-11_00-K1-10X.jpeg,C:\Users\ASUS\Desktop\Ders\blg521\data\02.02\2015\K1\10X\02_02-2015_04_29-11_00-K1-10X.jpeg,TRUNCATED,JPEG missing standard EOI marker \xFF\xD9,0,0,0.00,0.00,0.00
02.02\2015\K1\10X,02_02-2015_05_02-10_00-K1-10X.jpeg,C:\Users\ASUS\Desktop\Ders\blg521\data\02.02\2015\K1\10X\02_02-2015_05_02-10_00-K1-10X.jpeg,TRUNCATED,JPEG missing standard EOI marker \xFF\xD9,0,0,0.00,0.00,0.00
02.02\2015\K1\10X,02_02-2015_05_04-10_30-K1-10X.jpeg,C:\Users\ASUS\Desktop\Ders\blg521\data\02.02\2015\K1\10X\02_02-2015_05_04-10_30-K1-10X.jpeg,TRUNCATED,JPEG missing standard EOI marker \xFF\xD9,0,0,0.00,0.00,0.00
02.02\2015\K1\10X,02_02-2015_05_07-10_00-K1-10X.jpeg,C:\Users\ASUS\Desktop\Ders\blg521\data\02.02\2015\K1\10X\02_02-2015_05_07-10_00-K1-10X.jpeg,TRUNCATED,JPEG missing standard EOI marker \xFF\xD9,0,0,0.00,0.00,0.00
02.02\2015\K1\10X,02_02-2015_05_08-10_00-K1-10X.jpeg,C:\Users\ASUS\Desktop\Ders\blg521\data\02.02\2015\K1\10X\02_02-2015_05_08-10_00-K1-10X.jpeg,TRUNCATED,JPEG missing standard EOI marker \xFF\xD9,0,0,0.00,0.00,0.00
02.02\2015\K1\10X,02_02-2015_05_09-10_00-K1-10X.jpeg,C:\Users\ASUS\Desktop\Ders\blg521\data\02.02\2015\K1\10X\02_02-2015_05_09-10_00-K1-10X.jpeg,TRUNCATED,JPEG missing standard EOI marker \xFF\xD9,0,0,0.00,0.00,0.00
02.02\2015\K1\10X,02_02-2015_05_12-10_00-K1-10X.jpeg,C:\Users\ASUS\Desktop\Ders\blg521\data\02.02\2015\K1\10X\02_02-2015_05_12-10_00-K1-10X.jpeg,TRUNCATED,JPEG missing standard EOI marker \xFF\xD9,0,0,0.00,0.00,0.00
02.02\2015\K1\10X,02_02-2015_05_13-10_00-K1-10X.jpeg,C:\Users\ASUS\Desktop\Ders\blg521\data\02.02\2015\K1\10X\02_02-2015_05_13-10_00-K1-10X.jpeg,TRUNCATED,JPEG missing standard EOI marker \xFF\xD9,0,0,0.00,0.00,0.00
02.02\2015\K1\10X,02_02-2015_05_14-09_00-K1-10X.jpeg,C:\Users\ASUS\Desktop\Ders\blg521\data\02.02\2015\K1\10X\02_02-2015_05_14-09_00-K1-10X.jpeg,TRUNCATED,JPEG missing standard EOI marker \xFF\xD9,0,0,0.00,0.00,0.00
02.02\2015\K1\10X,02_02-2015_05_15-10_00-K1-10X.jpeg,C:\Users\ASUS\Desktop\Ders\blg521\data\02.02\2015\K1\10X\02_02-2015_05_15-10_00-K1-10X.jpeg,TRUNCATED,JPEG missing standard EOI marker \xFF\xD9,0,0,0.00,0.00,0.00
02.02\2015\K1\10X,02_02-2015_05_16-10_00-K1-10X.jpeg,C:\Users\ASUS\Desktop\Ders\blg521\data\02.02\2015\K1\10X\02_02-2015_05_16-10_00-K1-10X.jpeg,TRUNCATED,JPEG missing standard EOI marker \xFF\xD9,0,0,0.00,0.00,0.00
02.02\2015\K1\10X,02_02-2015_05_17-10_00-K1-10X.jpeg,C:\Users\ASUS\Desktop\Ders\blg521\data\02.02\2015\K1\10X\02_02-2015_05_17-10_00-K1-10X.jpeg,TRUNCATED,JPEG missing standard EOI marker \xFF\xD9,0,0,0.00,0.00,0.00
02.02\2015\K1\10X,02_02-2015_05_19-10_00-K1-10X.jpeg,C:\Users\ASUS\Desktop\Ders\blg521\data\02.02\2015\K1\10X\02_02-2015_05_19-10_00-K1-10X.jpeg,TRUNCATED,JPEG missing standard EOI marker \xFF\xD9,0,0,0.00,0.00,0.00
02.02\2015\K1\10X,02_02-2015_05_20-10_00-K1-10X.jpeg,C:\Users\ASUS\Desktop\Ders\blg521\data\02.02\2015\K1\10X\02_02-2015_05_20-10_00-K1-10X.jpeg,TRUNCATED,JPEG missing standard EOI marker \xFF\xD9,0,0,0.00,0.00,0.00
02.02\2015\K1\10X,02_02-2015_05_21-10_00-K1-10X.jpeg,C:\Users\ASUS\Desktop\Ders\blg521\data\02.02\2015\K1\10X\02_02-2015_05_21-10_00-K1-10X.jpeg,TRUNCATED,JPEG missing standard EOI marker \xFF\xD9,0,0,0.00,0.00,0.00
02.02\2015\K1\10X,02_02-2015_05_22-10_00-K1-10X.jpeg,C:\Users\ASUS\Desktop\Ders\blg521\data\02.02\2015\K1\10X\02_02-2015_05_22-10_00-K1-10X.jpeg,TRUNCATED,JPEG missing standard EOI marker \xFF\xD9,0,0,0.00,0.00,0.00
02.02\2015\K1\10X,02_02-2015_05_23-11_30-K1-10X.jpeg,C:\Users\ASUS\Desktop\Ders\blg521\data\02.02\2015\K1\10X\02_02-2015_05_23-11_30-K1-10X.jpeg,TRUNCATED,JPEG missing standard EOI marker \xFF\xD9,0,0,0.00,0.00,0.00
02.02\2015\K1\10X,02_02-2015_05_26-10_00-K1-10X.jpeg,C:\Users\ASUS\Desktop\Ders\blg521\data\02.02\2015\K1\10X\02_02-2015_05_26-10_00-K1-10X.jpeg,TRUNCATED,JPEG missing standard EOI marker \xFF\xD9,0,0,0.00,0.00,0.00
02.02\2015\K1\10X,02_02-2015_05_27-10_00-K1-10X.jpeg,C:\Users\ASUS\Desktop\Ders\blg521\data\02.02\2015\K1\10X\02_02-2015_05_27-10_00-K1-10X.jpeg,TRUNCATED,JPEG missing standard EOI marker \xFF\xD9,0,0,0.00,0.00,0.00
02.02\2015\K1\10X,02_02-2015_05_28-10_00-K1-10X.jpeg,C:\Users\ASUS\Desktop\Ders\blg521\data\02.02\2015\K1\10X\02_02-2015_05_28-10_00-K1-10X.jpeg,TRUNCATED,JPEG missing standard EOI marker \xFF\xD9,0,0,0.00,0.00,0.00
02.02\2015\K1\10X,02_02-2015_05_29-10_00-K1-10X.jpeg,C:\Users\ASUS\Desktop\Ders\blg521\data\02.02\2015\K1\10X\02_02-2015_05_29-10_00-K1-10X.jpeg,TRUNCATED,JPEG missing standard EOI marker \xFF\xD9,0,0,0.00,0.00,0.00
02.02\2015\K1\10X,02_02-2015_05_31-10_04-K1-10X.jpeg,C:\Users\ASUS\Desktop\Ders\blg521\data\02.02\2015\K1\10X\02_02-2015_05_31-10_04-K1-10X.jpeg,TRUNCATED,JPEG missing standard EOI marker \xFF\xD9,0,0,0.00,0.00,0.00
02.02\2015\K1\10X,02_02-2015_06_01-10_04-K1-10X.jpeg,C:\Users\ASUS\Desktop\Ders\blg521\data\02.02\2015\K1\10X\02_02-2015_06_01-10_04-K1-10X.jpeg,TRUNCATED,JPEG missing standard EOI marker \xFF\xD9,0,0,0.00,0.00,0.00
02.02\2015\K1\10X,02_02-2015_06_02-10_05-K1-10X.jpeg,C:\Users\ASUS\Desktop\Ders\blg521\data\02.02\2015\K1\10X\02_02-2015_06_02-10_05-K1-10X.jpeg,TRUNCATED,JPEG missing standard EOI marker \xFF\xD9,0,0,0.00,0.00,0.00
02.02\2015\K1\10X,02_02-2015_06_03-10_30-K1-10X.jpeg,C:\Users\ASUS\Desktop\Ders\blg521\data\02.02\2015\K1\10X\02_02-2015_06_03-10_30-K1-10X.jpeg,TRUNCATED,JPEG missing standard EOI marker \xFF\xD9,0,0,0.00,0.00,0.00
02.02\2015\K1\10X,02_02-2015_06_04-10_00-K1-10X.jpeg,C:\Users\ASUS\Desktop\Ders\blg521\data\02.02\2015\K1\10X\02_02-2015_06_04-10_00-K1-10X.jpeg,TRUNCATED,JPEG missing standard EOI marker \xFF\xD9,0,0,0.00,0.00,0.00
02.02\2015\K1\10X,02_02-2015_06_05-10_00-K1-10X.jpeg,C:\Users\ASUS\Desktop\Ders\blg521\data\02.02\2015\K1\10X\02_02-2015_06_05-10_00-K1-10X.jpeg,TRUNCATED,JPEG missing standard EOI marker \xFF\xD9,0,0,0.00,0.00,0.00
02.02\2015\K1\10X,02_02-2015_06_06-10_00-K1-10X.jpeg,C:\Users\ASUS\Desktop\Ders\blg521\data\02.02\2015\K1\10X\02_02-2015_06_06-10_00-K1-10X.jpeg,TRUNCATED,JPEG missing standard EOI marker \xFF\xD9,0,0,0.00,0.00,0.00
02.02\2015\K1\10X,02_02-2015_06_09-10_00-K1-10X.jpeg,C:\Users\ASUS\Desktop\Ders\blg521\data\02.02\2015\K1\10X\02_02-2015_06_09-10_00-K1-10X.jpeg,TRUNCATED,JPEG missing standard EOI marker \xFF\xD9,0,0,0.00,0.00,0.00
02.02\2015\K1\10X,02_02-2015_06_10-10_00-K1-10X.jpeg,C:\Users\ASUS\Desktop\Ders\blg521\data\02.02\2015\K1\10X\02_02-2015_06_10-10_00-K1-10X.jpeg,TRUNCATED,JPEG missing standard EOI marker \xFF\xD9,0,0,0.00,0.00,0.00
02.02\2015\K1\1X,02_02-2015_01_04-10_00-K1-1X.jpeg,C:\Users\ASUS\Desktop\Ders\blg521\data\02.02\2015\K1\1X\02_02-2015_01_04-10_00-K1-1X.jpeg,BLURRED,Very blurry (Laplacian variance: 45.63),2288,1712,127.51,30.92,45.63
02.02\2015\K1\1X,02_02-2015_01_23-10_00-K1-1X.jpeg,C:\Users\ASUS\Desktop\Ders\blg521\data\02.02\2015\K1\1X\02_02-2015_01_23-10_00-K1-1X.jpeg,TRUNCATED,JPEG missing standard EOI marker \xFF\xD9,0,0,0.00,0.00,0.00
02.02\2015\K1\1X,02_02-2015_01_24-10_00-K1-1X.jpeg,C:\Users\ASUS\Desktop\Ders\blg521\data\02.02\2015\K1\1X\02_02-2015_01_24-10_00-K1-1X.jpeg,TRUNCATED,JPEG missing standard EOI marker \xFF\xD9,0,0,0.00,0.00,0.00
02.02\2015\K1\1X,02_02-2015_01_25-10_00-K1-1X.jpeg,C:\Users\ASUS\Desktop\Ders\blg521\data\02.02\2015\K1\1X\02_02-2015_01_25-10_00-K1-1X.jpeg,TRUNCATED,JPEG missing standard EOI marker \xFF\xD9,0,0,0.00,0.00,0.00
02.02\2015\K1\1X,02_02-2015_01_26-10_00-K1-1X.jpeg,C:\Users\ASUS\Desktop\Ders\blg521\data\02.02\2015\K1\1X\02_02-2015_01_26-10_00-K1-1X.jpeg,TRUNCATED,JPEG missing standard EOI marker \xFF\xD9,0,0,0.00,0.00,0.00
02.02\2015\K1\1X,02_02-2015_01_27-10_00-K1-1X.jpeg,C:\Users\ASUS\Desktop\Ders\blg521\data\02.02\2015\K1\1X\02_02-2015_01_27-10_00-K1-1X.jpeg,TRUNCATED,JPEG missing standard EOI marker \xFF\xD9,0,0,0.00,0.00,0.00
02.02\2015\K1\1X,02_02-2015_01_28-10_00-K1-1X.jpeg,C:\Users\ASUS\Desktop\Ders\blg521\data\02.02\2015\K1\1X\02_02-2015_01_28-10_00-K1-1X.jpeg,TRUNCATED,JPEG missing standard EOI marker \xFF\xD9,0,0,0.00,0.00,0.00
02.02\2015\K1\1X,02_02-2015_01_29-10_00-K1-1X.jpeg,C:\Users\ASUS\Desktop\Ders\blg521\data\02.02\2015\K1\1X\02_02-2015_01_29-10_00-K1-1X.jpeg,TRUNCATED,JPEG missing standard EOI marker \xFF\xD9,0,0,0.00,0.00,0.00
02.02\2015\K1\1X,02_02-2015_01_31-10_00-K1-1X.jpeg,C:\Users\ASUS\Desktop\Ders\blg521\data\02.02\2015\K1\1X\02_02-2015_01_31-10_00-K1-1X.jpeg,TRUNCATED,JPEG missing standard EOI marker \xFF\xD9,0,0,0.00,0.00,0.00
02.02\2015\K1\1X,02_02-2015_02_01-10_00-K1-1X.jpeg,C:\Users\ASUS\Desktop\Ders\blg521\data\02.02\2015\K1\1X\02_02-2015_02_01-10_00-K1-1X.jpeg,TRUNCATED,JPEG missing standard EOI marker \xFF\xD9,0,0,0.00,0.00,0.00
02.02\2015\K1\1X,02_02-2015_02_02-10_00-K1-1X.jpeg,C:\Users\ASUS\Desktop\Ders\blg521\data\02.02\2015\K1\1X\02_02-2015_02_02-10_00-K1-1X.jpeg,TRUNCATED,JPEG missing standard EOI marker \xFF\xD9,0,0,0.00,0.00,0.00
02.02\2015\K1\1X,02_02-2015_02_03-10_00-K1-1X.jpeg,C:\Users\ASUS\Desktop\Ders\blg521\data\02.02\2015\K1\1X\02_02-2015_02_03-10_00-K1-1X.jpeg,TRUNCATED,JPEG missing standard EOI marker \xFF\xD9,0,0,0.00,0.00,0.00
02.02\2015\K1\1X,02_02-2015_02_04-10_00-K1-1X.jpeg,C:\Users\ASUS\Desktop\Ders\blg521\data\02.02\2015\K1\1X\02_02-2015_02_04-10_00-K1-1X.jpeg,TRUNCATED,JPEG missing standard EOI marker \xFF\xD9,0,0,0.00,0.00,0.00
02.02\2015\K1\1X,02_02-2015_02_05-10_00-K1-1X.jpeg,C:\Users\ASUS\Desktop\Ders\blg521\data\02.02\2015\K1\1X\02_02-2015_02_05-10_00-K1-1X.jpeg,TRUNCATED,JPEG missing standard EOI marker \xFF\xD9,0,0,0.00,0.00,0.00
02.02\2015\K1\1X,02_02-2015_02_06-10_00-K1-1X.jpeg,C:\Users\ASUS\Desktop\Ders\blg521\data\02.02\2015\K1\1X\02_02-2015_02_06-10_00-K1-1X.jpeg,TRUNCATED,JPEG missing standard EOI marker \xFF\xD9,0,0,0.00,0.00,0.00
02.02\2015\K1\1X,02_02-2015_02_07-10_00-K1-1X.jpeg,C:\Users\ASUS\Desktop\Ders\blg521\data\02.02\2015\K1\1X\02_02-2015_02_07-10_00-K1-1X.jpeg,TRUNCATED,JPEG missing standard EOI marker \xFF\xD9,0,0,0.00,0.00,0.00
02.02\2015\K1\1X,02_02-2015_02_08-10_00-K1-1X.jpeg,C:\Users\ASUS\Desktop\Ders\blg521\data\02.02\2015\K1\1X\02_02-2015_02_08-10_00-K1-1X.jpeg,TRUNCATED,JPEG missing standard EOI marker \xFF\xD9,0,0,0.00,0.00,0.00
02.02\2015\K1\1X,02_02-2015_02_09-10_00-K1-1X.jpeg,C:\Users\ASUS\Desktop\Ders\blg521\data\02.02\2015\K1\1X\02_02-2015_02_09-10_00-K1-1X.jpeg,TRUNCATED,JPEG missing standard EOI marker \xFF\xD9,0,0,0.00,0.00,0.00
02.02\2015\K1\1X,02_02-2015_02_10-10_00-K1-1X.jpeg,C:\Users\ASUS\Desktop\Ders\blg521\data\02.02\2015\K1\1X\02_02-2015_02_10-10_00-K1-1X.jpeg,TRUNCATED,JPEG missing standard EOI marker \xFF\xD9,0,0,0.00,0.00,0.00
02.02\2015\K1\1X,02_02-2015_02_11-10_30-K1-1X.jpeg,C:\Users\ASUS\Desktop\Ders\blg521\data\02.02\2015\K1\1X\02_02-2015_02_11-10_30-K1-1X.jpeg,TRUNCATED,JPEG missing standard EOI marker \xFF\xD9,0,0,0.00,0.00,0.00
02.02\2015\K1\1X,02_02-2015_02_12-10_00-K1-1X.jpeg,C:\Users\ASUS\Desktop\Ders\blg521\data\02.02\2015\K1\1X\02_02-2015_02_12-10_00-K1-1X.jpeg,TRUNCATED,JPEG missing standard EOI marker \xFF\xD9,0,0,0.00,0.00,0.00
02.02\2015\K1\1X,02_02-2015_02_13-10_00-K1-1X.jpeg,C:\Users\ASUS\Desktop\Ders\blg521\data\02.02\2015\K1\1X\02_02-2015_02_13-10_00-K1-1X.jpeg,TRUNCATED,JPEG missing standard EOI marker \xFF\xD9,0,0,0.00,0.00,0.00
02.02\2015\K1\1X,02_02-2015_02_14-11_30-K1-1X.jpeg,C:\Users\ASUS\Desktop\Ders\blg521\data\02.02\2015\K1\1X\02_02-2015_02_14-11_30-K1-1X.jpeg,TRUNCATED,JPEG missing standard EOI marker \xFF\xD9,0,0,0.00,0.00,0.00
02.02\2015\K1\1X,02_02-2015_02_15-10_00-K1-1X.jpeg,C:\Users\ASUS\Desktop\Ders\blg521\data\02.02\2015\K1\1X\02_02-2015_02_15-10_00-K1-1X.jpeg,TRUNCATED,JPEG missing standard EOI marker \xFF\xD9,0,0,0.00,0.00,0.00
02.02\2015\K1\1X,02_02-2015_02_16-10_00-K1-1X.jpeg,C:\Users\ASUS\Desktop\Ders\blg521\data\02.02\2015\K1\1X\02_02-2015_02_16-10_00-K1-1X.jpeg,TRUNCATED,JPEG missing standard EOI marker \xFF\xD9,0,0,0.00,0.00,0.00
02.02\2015\K1\1X,02_02-2015_02_17-10_00-K1-1X.jpeg,C:\Users\ASUS\Desktop\Ders\blg521\data\02.02\2015\K1\1X\02_02-2015_02_17-10_00-K1-1X.jpeg,TRUNCATED,JPEG missing standard EOI marker \xFF\xD9,0,0,0.00,0.00,0.00
02.02\2015\K1\1X,02_02-2015_02_19-12_00-K1-1X.jpeg,C:\Users\ASUS\Desktop\Ders\blg521\data\02.02\2015\K1\1X\02_02-2015_02_19-12_00-K1-1X.jpeg,TRUNCATED,JPEG missing standard EOI marker \xFF\xD9,0,0,0.00,0.00,0.00
02.02\2015\K1\1X,02_02-2015_02_21-10_00-K1-1X.jpeg,C:\Users\ASUS\Desktop\Ders\blg521\data\02.02\2015\K1\1X\02_02-2015_02_21-10_00-K1-1X.jpeg,TRUNCATED,JPEG missing standard EOI marker \xFF\xD9,0,0,0.00,0.00,0.00
02.02\2015\K1\1X,02_02-2015_02_22-10_00-K1-1X.jpeg,C:\Users\ASUS\Desktop\Ders\blg521\data\02.02\2015\K1\1X\02_02-2015_02_22-10_00-K1-1X.jpeg,TRUNCATED,JPEG missing standard EOI marker \xFF\xD9,0,0,0.00,0.00,0.00
02.02\2015\K1\1X,02_02-2015_02_23-10_00-K1-1X.jpeg,C:\Users\ASUS\Desktop\Ders\blg521\data\02.02\2015\K1\1X\02_02-2015_02_23-10_00-K1-1X.jpeg,TRUNCATED,JPEG missing standard EOI marker \xFF\xD9,0,0,0.00,0.00,0.00
02.02\2015\K1\1X,02_02-2015_02_24-10_00-K1-1X.jpeg,C:\Users\ASUS\Desktop\Ders\blg521\data\02.02\2015\K1\1X\02_02-2015_02_24-10_00-K1-1X.jpeg,TRUNCATED,JPEG missing standard EOI marker \xFF\xD9,0,0,0.00,0.00,0.00
02.02\2015\K1\1X,02_02-2015_02_25-10_00-K1-1X.jpeg,C:\Users\ASUS\Desktop\Ders\blg521\data\02.02\2015\K1\1X\02_02-2015_02_25-10_00-K1-1X.jpeg,TRUNCATED,JPEG missing standard EOI marker \xFF\xD9,0,0,0.00,0.00,0.00
02.02\2015\K1\1X,02_02-2015_02_27-10_00-K1-1X.jpeg,C:\Users\ASUS\Desktop\Ders\blg521\data\02.02\2015\K1\1X\02_02-2015_02_27-10_00-K1-1X.jpeg,TRUNCATED,JPEG missing standard EOI marker \xFF\xD9,0,0,0.00,0.00,0.00
02.02\2015\K1\1X,02_02-2015_02_28-10_00-K1-1X.jpeg,C:\Users\ASUS\Desktop\Ders\blg521\data\02.02\2015\K1\1X\02_02-2015_02_28-10_00-K1-1X.jpeg,TRUNCATED,JPEG missing standard EOI marker \xFF\xD9,0,0,0.00,0.00,0.00
02.02\2015\K1\1X,02_02-2015_03_02-10_00-K1-1X.jpeg,C:\Users\ASUS\Desktop\Ders\blg521\data\02.02\2015\K1\1X\02_02-2015_03_02-10_00-K1-1X.jpeg,TRUNCATED,JPEG missing standard EOI marker \xFF\xD9,0,0,0.00,0.00,0.00
02.02\2015\K1\1X,02_02-2015_03_04-10_00-K1-1X.jpeg,C:\Users\ASUS\Desktop\Ders\blg521\data\02.02\2015\K1\1X\02_02-2015_03_04-10_00-K1-1X.jpeg,TRUNCATED,JPEG missing standard EOI marker \xFF\xD9,0,0,0.00,0.00,0.00
02.02\2015\K1\1X,02_02-2015_03_05-10_00-K1-1X.jpeg,C:\Users\ASUS\Desktop\Ders\blg521\data\02.02\2015\K1\1X\02_02-2015_03_05-10_00-K1-1X.jpeg,TRUNCATED,JPEG missing standard EOI marker \xFF\xD9,0,0,0.00,0.00,0.00
02.02\2015\K1\1X,02_02-2015_03_07-10_00-K1-1X.jpeg,C:\Users\ASUS\Desktop\Ders\blg521\data\02.02\2015\K1\1X\02_02-2015_03_07-10_00-K1-1X.jpeg,TRUNCATED,JPEG missing standard EOI marker \xFF\xD9,0,0,0.00,0.00,0.00
02.02\2015\K1\1X,02_02-2015_03_08-10_00-K1-1X.jpeg,C:\Users\ASUS\Desktop\Ders\blg521\data\02.02\2015\K1\1X\02_02-2015_03_08-10_00-K1-1X.jpeg,TRUNCATED,JPEG missing standard EOI marker \xFF\xD9,0,0,0.00,0.00,0.00
02.02\2015\K1\1X,02_02-2015_03_09-10_00-K1-1X.jpeg,C:\Users\ASUS\Desktop\Ders\blg521\data\02.02\2015\K1\1X\02_02-2015_03_09-10_00-K1-1X.jpeg,TRUNCATED,JPEG missing standard EOI marker \xFF\xD9,0,0,0.00,0.00,0.00
02.02\2015\K1\1X,02_02-2015_03_10-10_00-K1-1X.jpeg,C:\Users\ASUS\Desktop\Ders\blg521\data\02.02\2015\K1\1X\02_02-2015_03_10-10_00-K1-1X.jpeg,TRUNCATED,JPEG missing standard EOI marker \xFF\xD9,0,0,0.00,0.00,0.00
02.02\2015\K1\1X,02_02-2015_03_11-10_00-K1-1X.jpeg,C:\Users\ASUS\Desktop\Ders\blg521\data\02.02\2015\K1\1X\02_02-2015_03_11-10_00-K1-1X.jpeg,TRUNCATED,JPEG missing standard EOI marker \xFF\xD9,0,0,0.00,0.00,0.00
02.02\2015\K1\1X,02_02-2015_03_13-11_00-K1-1X.jpeg,C:\Users\ASUS\Desktop\Ders\blg521\data\02.02\2015\K1\1X\02_02-2015_03_13-11_00-K1-1X.jpeg,TRUNCATED,JPEG missing standard EOI marker \xFF\xD9,0,0,0.00,0.00,0.00
02.02\2015\K1\1X,02_02-2015_03_14-10_00-K1-1X.jpeg,C:\Users\ASUS\Desktop\Ders\blg521\data\02.02\2015\K1\1X\02_02-2015_03_14-10_00-K1-1X.jpeg,TRUNCATED,JPEG missing standard EOI marker \xFF\xD9,0,0,0.00,0.00,0.00
02.02\2015\K1\1X,02_02-2015_03_16-10_30-K1-1X.jpeg,C:\Users\ASUS\Desktop\Ders\blg521\data\02.02\2015\K1\1X\02_02-2015_03_16-10_30-K1-1X.jpeg,TRUNCATED,JPEG missing standard EOI marker \xFF\xD9,0,0,0.00,0.00,0.00
02.02\2015\K1\1X,02_02-2015_03_20-10_00-K1-1X.jpeg,C:\Users\ASUS\Desktop\Ders\blg521\data\02.02\2015\K1\1X\02_02-2015_03_20-10_00-K1-1X.jpeg,TRUNCATED,JPEG missing standard EOI marker \xFF\xD9,0,0,0.00,0.00,0.00
02.02\2015\K1\1X,02_02-2015_03_21-10_00-K1-1X.jpeg,C:\Users\ASUS\Desktop\Ders\blg521\data\02.02\2015\K1\1X\02_02-2015_03_21-10_00-K1-1X.jpeg,TRUNCATED,JPEG missing standard EOI marker \xFF\xD9,0,0,0.00,0.00,0.00
02.02\2015\K1\1X,02_02-2015_03_22-10_00-K1-1X.jpeg,C:\Users\ASUS\Desktop\Ders\blg521\data\02.02\2015\K1\1X\02_02-2015_03_22-10_00-K1-1X.jpeg,TRUNCATED,JPEG missing standard EOI marker \xFF\xD9,0,0,0.00,0.00,0.00
02.02\2015\K1\1X,02_02-2015_03_25-10_01-K1-1X.jpeg,C:\Users\ASUS\Desktop\Ders\blg521\data\02.02\2015\K1\1X\02_02-2015_03_25-10_01-K1-1X.jpeg,TRUNCATED,JPEG missing standard EOI marker \xFF\xD9,0,0,0.00,0.00,0.00
02.02\2015\K1\1X,02_02-2015_03_26-10_00-K1-1X.jpeg,C:\Users\ASUS\Desktop\Ders\blg521\data\02.02\2015\K1\1X\02_02-2015_03_26-10_00-K1-1X.jpeg,TRUNCATED,JPEG missing standard EOI marker \xFF\xD9,0,0,0.00,0.00,0.00
02.02\2015\K1\1X,02_02-2015_03_27-10_00-K1-1X.jpeg,C:\Users\ASUS\Desktop\Ders\blg521\data\02.02\2015\K1\1X\02_02-2015_03_27-10_00-K1-1X.jpeg,TRUNCATED,JPEG missing standard EOI marker \xFF\xD9,0,0,0.00,0.00,0.00
02.02\2015\K1\1X,02_02-2015_03_28-09_00-K1-1X.jpeg,C:\Users\ASUS\Desktop\Ders\blg521\data\02.02\2015\K1\1X\02_02-2015_03_28-09_00-K1-1X.jpeg,TRUNCATED,JPEG missing standard EOI marker \xFF\xD9,0,0,0.00,0.00,0.00
02.02\2015\K1\1X,02_02-2015_03_29-10_00-K1-1X.jpeg,C:\Users\ASUS\Desktop\Ders\blg521\data\02.02\2015\K1\1X\02_02-2015_03_29-10_00-K1-1X.jpeg,TRUNCATED,JPEG missing standard EOI marker \xFF\xD9,0,0,0.00,0.00,0.00
02.02\2015\K1\1X,02_02-2015_03_30-10_00-K1-1X.jpeg,C:\Users\ASUS\Desktop\Ders\blg521\data\02.02\2015\K1\1X\02_02-2015_03_30-10_00-K1-1X.jpeg,TRUNCATED,JPEG missing standard EOI marker \xFF\xD9,0,0,0.00,0.00,0.00
02.02\2015\K1\1X,02_02-2015_04_01-10_00-K1-1X.jpeg,C:\Users\ASUS\Desktop\Ders\blg521\data\02.02\2015\K1\1X\02_02-2015_04_01-10_00-K1-1X.jpeg,TRUNCATED,JPEG missing standard EOI marker \xFF\xD9,0,0,0.00,0.00,0.00
02.02\2015\K1\1X,02_02-2015_04_02-10_00-K1-1X.jpeg,C:\Users\ASUS\Desktop\Ders\blg521\data\02.02\2015\K1\1X\02_02-2015_04_02-10_00-K1-1X.jpeg,TRUNCATED,JPEG missing standard EOI marker \xFF\xD9,0,0,0.00,0.00,0.00
02.02\2015\K1\1X,02_02-2015_04_03-10_00-K1-1X.jpeg,C:\Users\ASUS\Desktop\Ders\blg521\data\02.02\2015\K1\1X\02_02-2015_04_03-10_00-K1-1X.jpeg,TRUNCATED,JPEG missing standard EOI marker \xFF\xD9,0,0,0.00,0.00,0.00
02.02\2015\K1\1X,02_02-2015_04_04-10_00-K1-1X.jpeg,C:\Users\ASUS\Desktop\Ders\blg521\data\02.02\2015\K1\1X\02_02-2015_04_04-10_00-K1-1X.jpeg,TRUNCATED,JPEG missing standard EOI marker \xFF\xD9,0,0,0.00,0.00,0.00
02.02\2015\K1\1X,02_02-2015_04_05-10_00-K1-1X.jpeg,C:\Users\ASUS\Desktop\Ders\blg521\data\02.02\2015\K1\1X\02_02-2015_04_05-10_00-K1-1X.jpeg,TRUNCATED,JPEG missing standard EOI marker \xFF\xD9,0,0,0.00,0.00,0.00
02.02\2015\K1\1X,02_02-2015_04_07-10_00-K1-1X.jpeg,C:\Users\ASUS\Desktop\Ders\blg521\data\02.02\2015\K1\1X\02_02-2015_04_07-10_00-K1-1X.jpeg,TRUNCATED,JPEG missing standard EOI marker \xFF\xD9,0,0,0.00,0.00,0.00
02.02\2015\K1\1X,02_02-2015_04_08-10_00-K1-1X.jpeg,C:\Users\ASUS\Desktop\Ders\blg521\data\02.02\2015\K1\1X\02_02-2015_04_08-10_00-K1-1X.jpeg,TRUNCATED,JPEG missing standard EOI marker \xFF\xD9,0,0,0.00,0.00,0.00
02.02\2015\K1\1X,02_02-2015_04_09-09_00-K1-1X.jpeg,C:\Users\ASUS\Desktop\Ders\blg521\data\02.02\2015\K1\1X\02_02-2015_04_09-09_00-K1-1X.jpeg,TRUNCATED,JPEG missing standard EOI marker \xFF\xD9,0,0,0.00,0.00,0.00
02.02\2015\K1\1X,02_02-2015_04_10-10_00-K1-1X.jpeg,C:\Users\ASUS\Desktop\Ders\blg521\data\02.02\2015\K1\1X\02_02-2015_04_10-10_00-K1-1X.jpeg,TRUNCATED,JPEG missing standard EOI marker \xFF\xD9,0,0,0.00,0.00,0.00
02.02\2015\K1\1X,02_02-2015_04_17-10_00-K1-1X.jpeg,C:\Users\ASUS\Desktop\Ders\blg521\data\02.02\2015\K1\1X\02_02-2015_04_17-10_00-K1-1X.jpeg,TRUNCATED,JPEG missing standard EOI marker \xFF\xD9,0,0,0.00,0.00,0.00
02.02\2015\K1\1X,02_02-2015_04_18-10_00-K1-1X.jpeg,C:\Users\ASUS\Desktop\Ders\blg521\data\02.02\2015\K1\1X\02_02-2015_04_18-10_00-K1-1X.jpeg,TRUNCATED,JPEG missing standard EOI marker \xFF\xD9,0,0,0.00,0.00,0.00
02.02\2015\K1\1X,02_02-2015_04_22-10_00-K1-1X.jpeg,C:\Users\ASUS\Desktop\Ders\blg521\data\02.02\2015\K1\1X\02_02-2015_04_22-10_00-K1-1X.jpeg,TRUNCATED,JPEG missing standard EOI marker \xFF\xD9,0,0,0.00,0.00,0.00
02.02\2015\K1\1X,02_02-2015_04_24-10_00-K1-1X.jpeg,C:\Users\ASUS\Desktop\Ders\blg521\data\02.02\2015\K1\1X\02_02-2015_04_24-10_00-K1-1X.jpeg,TRUNCATED,JPEG missing standard EOI marker \xFF\xD9,0,0,0.00,0.00,0.00
02.02\2015\K1\1X,02_02-2015_04_25-10_00-K1-1X.jpeg,C:\Users\ASUS\Desktop\Ders\blg521\data\02.02\2015\K1\1X\02_02-2015_04_25-10_00-K1-1X.jpeg,TRUNCATED,JPEG missing standard EOI marker \xFF\xD9,0,0,0.00,0.00,0.00
02.02\2015\K1\1X,02_02-2015_04_26-10_00-K1-1X.jpeg,C:\Users\ASUS\Desktop\Ders\blg521\data\02.02\2015\K1\1X\02_02-2015_04_26-10_00-K1-1X.jpeg,TRUNCATED,JPEG missing standard EOI marker \xFF\xD9,0,0,0.00,0.00,0.00
02.02\2015\K1\1X,02_02-2015_04_27-10_00-K1-1X.jpeg,C:\Users\ASUS\Desktop\Ders\blg521\data\02.02\2015\K1\1X\02_02-2015_04_27-10_00-K1-1X.jpeg,TRUNCATED,JPEG missing standard EOI marker \xFF\xD9,0,0,0.00,0.00,0.00
02.02\2015\K1\1X,02_02-2015_04_28-10_30-K1-1X.jpeg,C:\Users\ASUS\Desktop\Ders\blg521\data\02.02\2015\K1\1X\02_02-2015_04_28-10_30-K1-1X.jpeg,TRUNCATED,JPEG missing standard EOI marker \xFF\xD9,0,0,0.00,0.00,0.00
02.02\2015\K1\1X,02_02-2015_04_29-11_00-K1-1X.jpeg,C:\Users\ASUS\Desktop\Ders\blg521\data\02.02\2015\K1\1X\02_02-2015_04_29-11_00-K1-1X.jpeg,TRUNCATED,JPEG missing standard EOI marker \xFF\xD9,0,0,0.00,0.00,0.00
02.02\2015\K1\1X,02_02-2015_05_02-10_00-K1-1X.jpeg,C:\Users\ASUS\Desktop\Ders\blg521\data\02.02\2015\K1\1X\02_02-2015_05_02-10_00-K1-1X.jpeg,TRUNCATED,JPEG missing standard EOI marker \xFF\xD9,0,0,0.00,0.00,0.00
02.02\2015\K1\1X,02_02-2015_05_04-10_30-K1-1X.jpeg,C:\Users\ASUS\Desktop\Ders\blg521\data\02.02\2015\K1\1X\02_02-2015_05_04-10_30-K1-1X.jpeg,TRUNCATED,JPEG missing standard EOI marker \xFF\xD9,0,0,0.00,0.00,0.00
02.02\2015\K1\1X,02_02-2015_05_05-10_52-K1-1X.jpeg,C:\Users\ASUS\Desktop\Ders\blg521\data\02.02\2015\K1\1X\02_02-2015_05_05-10_52-K1-1X.jpeg,TRUNCATED,JPEG missing standard EOI marker \xFF\xD9,0,0,0.00,0.00,0.00
02.02\2015\K1\1X,02_02-2015_05_06-10_00-K1-1X.jpeg,C:\Users\ASUS\Desktop\Ders\blg521\data\02.02\2015\K1\1X\02_02-2015_05_06-10_00-K1-1X.jpeg,TRUNCATED,JPEG missing standard EOI marker \xFF\xD9,0,0,0.00,0.00,0.00
02.02\2015\K1\1X,02_02-2015_05_07-10_00-K1-1X.jpeg,C:\Users\ASUS\Desktop\Ders\blg521\data\02.02\2015\K1\1X\02_02-2015_05_07-10_00-K1-1X.jpeg,TRUNCATED,JPEG missing standard EOI marker \xFF\xD9,0,0,0.00,0.00,0.00
02.02\2015\K1\1X,02_02-2015_05_08-10_00-K1-1X.jpeg,C:\Users\ASUS\Desktop\Ders\blg521\data\02.02\2015\K1\1X\02_02-2015_05_08-10_00-K1-1X.jpeg,TRUNCATED,JPEG missing standard EOI marker \xFF\xD9,0,0,0.00,0.00,0.00
02.02\2015\K1\1X,02_02-2015_05_09-10_00-K1-1X.jpeg,C:\Users\ASUS\Desktop\Ders\blg521\data\02.02\2015\K1\1X\02_02-2015_05_09-10_00-K1-1X.jpeg,TRUNCATED,JPEG missing standard EOI marker \xFF\xD9,0,0,0.00,0.00,0.00
02.02\2015\K1\1X,02_02-2015_05_12-10_00-K1-1X.jpeg,C:\Users\ASUS\Desktop\Ders\blg521\data\02.02\2015\K1\1X\02_02-2015_05_12-10_00-K1-1X.jpeg,TRUNCATED,JPEG missing standard EOI marker \xFF\xD9,0,0,0.00,0.00,0.00
02.02\2015\K1\1X,02_02-2015_05_13-10_00-K1-1X.jpeg,C:\Users\ASUS\Desktop\Ders\blg521\data\02.02\2015\K1\1X\02_02-2015_05_13-10_00-K1-1X.jpeg,TRUNCATED,JPEG missing standard EOI marker \xFF\xD9,0,0,0.00,0.00,0.00
02.02\2015\K1\1X,02_02-2015_05_14-09_00-K1-1X.jpeg,C:\Users\ASUS\Desktop\Ders\blg521\data\02.02\2015\K1\1X\02_02-2015_05_14-09_00-K1-1X.jpeg,TRUNCATED,JPEG missing standard EOI marker \xFF\xD9,0,0,0.00,0.00,0.00
02.02\2015\K1\1X,02_02-2015_05_15-10_00-K1-1X.jpeg,C:\Users\ASUS\Desktop\Ders\blg521\data\02.02\2015\K1\1X\02_02-2015_05_15-10_00-K1-1X.jpeg,TRUNCATED,JPEG missing standard EOI marker \xFF\xD9,0,0,0.00,0.00,0.00
02.02\2015\K1\1X,02_02-2015_05_17-10_00-K1-1X.jpeg,C:\Users\ASUS\Desktop\Ders\blg521\data\02.02\2015\K1\1X\02_02-2015_05_17-10_00-K1-1X.jpeg,TRUNCATED,JPEG missing standard EOI marker \xFF\xD9,0,0,0.00,0.00,0.00
02.02\2015\K1\1X,02_02-2015_05_19-10_00-K1-1X.jpeg,C:\Users\ASUS\Desktop\Ders\blg521\data\02.02\2015\K1\1X\02_02-2015_05_19-10_00-K1-1X.jpeg,TRUNCATED,JPEG missing standard EOI marker \xFF\xD9,0,0,0.00,0.00,0.00
02.02\2015\K1\1X,02_02-2015_05_21-10_00-K1-1X.jpeg,C:\Users\ASUS\Desktop\Ders\blg521\data\02.02\2015\K1\1X\02_02-2015_05_21-10_00-K1-1X.jpeg,TRUNCATED,JPEG missing standard EOI marker \xFF\xD9,0,0,0.00,0.00,0.00
02.02\2015\K1\1X,02_02-2015_05_22-10_00-K1-1X.jpeg,C:\Users\ASUS\Desktop\Ders\blg521\data\02.02\2015\K1\1X\02_02-2015_05_22-10_00-K1-1X.jpeg,TRUNCATED,JPEG missing standard EOI marker \xFF\xD9,0,0,0.00,0.00,0.00
02.02\2015\K1\1X,02_02-2015_05_23-11_30-K1-1X.jpeg,C:\Users\ASUS\Desktop\Ders\blg521\data\02.02\2015\K1\1X\02_02-2015_05_23-11_30-K1-1X.jpeg,TRUNCATED,JPEG missing standard EOI marker \xFF\xD9,0,0,0.00,0.00,0.00
02.02\2015\K1\1X,02_02-2015_05_26-10_00-K1-1X.jpeg,C:\Users\ASUS\Desktop\Ders\blg521\data\02.02\2015\K1\1X\02_02-2015_05_26-10_00-K1-1X.jpeg,TRUNCATED,JPEG missing standard EOI marker \xFF\xD9,0,0,0.00,0.00,0.00
02.02\2015\K1\1X,02_02-2015_05_27-10_00-K1-1X.jpeg,C:\Users\ASUS\Desktop\Ders\blg521\data\02.02\2015\K1\1X\02_02-2015_05_27-10_00-K1-1X.jpeg,TRUNCATED,JPEG missing standard EOI marker \xFF\xD9,0,0,0.00,0.00,0.00
02.02\2015\K1\1X,02_02-2015_05_28-10_00-K1-1X.jpeg,C:\Users\ASUS\Desktop\Ders\blg521\data\02.02\2015\K1\1X\02_02-2015_05_28-10_00-K1-1X.jpeg,TRUNCATED,JPEG missing standard EOI marker \xFF\xD9,0,0,0.00,0.00,0.00
02.02\2015\K1\1X,02_02-2015_05_29-10_00-K1-1X.jpeg,C:\Users\ASUS\Desktop\Ders\blg521\data\02.02\2015\K1\1X\02_02-2015_05_29-10_00-K1-1X.jpeg,TRUNCATED,JPEG missing standard EOI marker \xFF\xD9,0,0,0.00,0.00,0.00
02.02\2015\K1\1X,02_02-2015_06_02-10_05-K1-1X.jpeg,C:\Users\ASUS\Desktop\Ders\blg521\data\02.02\2015\K1\1X\02_02-2015_06_02-10_05-K1-1X.jpeg,TRUNCATED,JPEG missing standard EOI marker \xFF\xD9,0,0,0.00,0.00,0.00
02.02\2015\K1\1X,02_02-2015_06_03-10_30-K1-1X.jpeg,C:\Users\ASUS\Desktop\Ders\blg521\data\02.02\2015\K1\1X\02_02-2015_06_03-10_30-K1-1X.jpeg,TRUNCATED,JPEG missing standard EOI marker \xFF\xD9,0,0,0.00,0.00,0.00
02.02\2015\K1\1X,02_02-2015_06_04-10_00-K1-1X.jpeg,C:\Users\ASUS\Desktop\Ders\blg521\data\02.02\2015\K1\1X\02_02-2015_06_04-10_00-K1-1X.jpeg,TRUNCATED,JPEG missing standard EOI marker \xFF\xD9,0,0,0.00,0.00,0.00
02.02\2015\K1\1X,02_02-2015_06_06-10_00-K1-1X.jpeg,C:\Users\ASUS\Desktop\Ders\blg521\data\02.02\2015\K1\1X\02_02-2015_06_06-10_00-K1-1X.jpeg,TRUNCATED,JPEG missing standard EOI marker \xFF\xD9,0,0,0.00,0.00,0.00
02.02\2015\K1\1X,02_02-2015_06_09-10_00-K1-1X.jpeg,C:\Users\ASUS\Desktop\Ders\blg521\data\02.02\2015\K1\1X\02_02-2015_06_09-10_00-K1-1X.jpeg,TRUNCATED,JPEG missing standard EOI marker \xFF\xD9,0,0,0.00,0.00,0.00
02.02\2015\K1\1X,02_02-2015_06_10-10_00-K1-1X.jpeg,C:\Users\ASUS\Desktop\Ders\blg521\data\02.02\2015\K1\1X\02_02-2015_06_10-10_00-K1-1X.jpeg,TRUNCATED,JPEG missing standard EOI marker \xFF\xD9,0,0,0.00,0.00,0.00
02.02\2015\K2\10X,02_02-2015_01_05-10_00-K2-10X.jpeg,C:\Users\ASUS\Desktop\Ders\blg521\data\02.02\2015\K2\10X\02_02-2015_01_05-10_00-K2-10X.jpeg,BLURRED,Very blurry (Laplacian variance: 45.03),2288,1712,101.93,9.76,45.03
02.02\2015\K2\10X,02_02-2015_01_23-10_00-K2-10X.jpeg,C:\Users\ASUS\Desktop\Ders\blg521\data\02.02\2015\K2\10X\02_02-2015_01_23-10_00-K2-10X.jpeg,TRUNCATED,JPEG missing standard EOI marker \xFF\xD9,0,0,0.00,0.00,0.00
02.02\2015\K2\10X,02_02-2015_01_24-10_00-K2-10X.jpeg,C:\Users\ASUS\Desktop\Ders\blg521\data\02.02\2015\K2\10X\02_02-2015_01_24-10_00-K2-10X.jpeg,TRUNCATED,JPEG missing standard EOI marker \xFF\xD9,0,0,0.00,0.00,0.00
02.02\2015\K2\10X,02_02-2015_01_25-10_00-K2-10X.jpeg,C:\Users\ASUS\Desktop\Ders\blg521\data\02.02\2015\K2\10X\02_02-2015_01_25-10_00-K2-10X.jpeg,TRUNCATED,JPEG missing standard EOI marker \xFF\xD9,0,0,0.00,0.00,0.00
02.02\2015\K2\10X,02_02-2015_01_28-10_00-K2-10X.jpeg,C:\Users\ASUS\Desktop\Ders\blg521\data\02.02\2015\K2\10X\02_02-2015_01_28-10_00-K2-10X.jpeg,TRUNCATED,JPEG missing standard EOI marker \xFF\xD9,0,0,0.00,0.00,0.00
02.02\2015\K2\10X,02_02-2015_01_29-10_00-K2-10X.jpeg,C:\Users\ASUS\Desktop\Ders\blg521\data\02.02\2015\K2\10X\02_02-2015_01_29-10_00-K2-10X.jpeg,TRUNCATED,JPEG missing standard EOI marker \xFF\xD9,0,0,0.00,0.00,0.00
02.02\2015\K2\10X,02_02-2015_01_30-10_00-K2-10X.jpeg,C:\Users\ASUS\Desktop\Ders\blg521\data\02.02\2015\K2\10X\02_02-2015_01_30-10_00-K2-10X.jpeg,TRUNCATED,JPEG missing standard EOI marker \xFF\xD9,0,0,0.00,0.00,0.00
02.02\2015\K2\10X,02_02-2015_01_31-10_00-K2-10X.jpeg,C:\Users\ASUS\Desktop\Ders\blg521\data\02.02\2015\K2\10X\02_02-2015_01_31-10_00-K2-10X.jpeg,TRUNCATED,JPEG missing standard EOI marker \xFF\xD9,0,0,0.00,0.00,0.00
02.02\2015\K2\10X,02_02-2015_02_01-10_00-K2-10X.jpeg,C:\Users\ASUS\Desktop\Ders\blg521\data\02.02\2015\K2\10X\02_02-2015_02_01-10_00-K2-10X.jpeg,TRUNCATED,JPEG missing standard EOI marker \xFF\xD9,0,0,0.00,0.00,0.00
02.02\2015\K2\10X,02_02-2015_02_03-10_00-K2-10X.jpeg,C:\Users\ASUS\Desktop\Ders\blg521\data\02.02\2015\K2\10X\02_02-2015_02_03-10_00-K2-10X.jpeg,TRUNCATED,JPEG missing standard EOI marker \xFF\xD9,0,0,0.00,0.00,0.00
02.02\2015\K2\10X,02_02-2015_02_04-10_00-K2-10X.jpeg,C:\Users\ASUS\Desktop\Ders\blg521\data\02.02\2015\K2\10X\02_02-2015_02_04-10_00-K2-10X.jpeg,TRUNCATED,JPEG missing standard EOI marker \xFF\xD9,0,0,0.00,0.00,0.00
02.02\2015\K2\10X,02_02-2015_02_06-10_00-K2-10X.jpeg,C:\Users\ASUS\Desktop\Ders\blg521\data\02.02\2015\K2\10X\02_02-2015_02_06-10_00-K2-10X.jpeg,TRUNCATED,JPEG missing standard EOI marker \xFF\xD9,0,0,0.00,0.00,0.00
02.02\2015\K2\10X,02_02-2015_02_07-10_00-K2-10X.jpeg,C:\Users\ASUS\Desktop\Ders\blg521\data\02.02\2015\K2\10X\02_02-2015_02_07-10_00-K2-10X.jpeg,TRUNCATED,JPEG missing standard EOI marker \xFF\xD9,0,0,0.00,0.00,0.00
02.02\2015\K2\10X,02_02-2015_02_08-10_00-K2-10X.jpeg,C:\Users\ASUS\Desktop\Ders\blg521\data\02.02\2015\K2\10X\02_02-2015_02_08-10_00-K2-10X.jpeg,TRUNCATED,JPEG missing standard EOI marker \xFF\xD9,0,0,0.00,0.00,0.00
02.02\2015\K2\10X,02_02-2015_02_09-10_00-K2-10X.jpeg,C:\Users\ASUS\Desktop\Ders\blg521\data\02.02\2015\K2\10X\02_02-2015_02_09-10_00-K2-10X.jpeg,TRUNCATED,JPEG missing standard EOI marker \xFF\xD9,0,0,0.00,0.00,0.00
02.02\2015\K2\10X,02_02-2015_02_10-10_00-K2-10X.jpeg,C:\Users\ASUS\Desktop\Ders\blg521\data\02.02\2015\K2\10X\02_02-2015_02_10-10_00-K2-10X.jpeg,TRUNCATED,JPEG missing standard EOI marker \xFF\xD9,0,0,0.00,0.00,0.00
02.02\2015\K2\10X,02_02-2015_02_12-10_00-K2-10X.jpeg,C:\Users\ASUS\Desktop\Ders\blg521\data\02.02\2015\K2\10X\02_02-2015_02_12-10_00-K2-10X.jpeg,TRUNCATED,JPEG missing standard EOI marker \xFF\xD9,0,0,0.00,0.00,0.00
02.02\2015\K2\10X,02_02-2015_02_13-10_00-K2-10X.jpeg,C:\Users\ASUS\Desktop\Ders\blg521\data\02.02\2015\K2\10X\02_02-2015_02_13-10_00-K2-10X.jpeg,TRUNCATED,JPEG missing standard EOI marker \xFF\xD9,0,0,0.00,0.00,0.00
02.02\2015\K2\10X,02_02-2015_02_15-10_00-K2-10X.jpeg,C:\Users\ASUS\Desktop\Ders\blg521\data\02.02\2015\K2\10X\02_02-2015_02_15-10_00-K2-10X.jpeg,TRUNCATED,JPEG missing standard EOI marker \xFF\xD9,0,0,0.00,0.00,0.00
02.02\2015\K2\10X,02_02-2015_02_16-10_00-K2-10X.jpeg,C:\Users\ASUS\Desktop\Ders\blg521\data\02.02\2015\K2\10X\02_02-2015_02_16-10_00-K2-10X.jpeg,TRUNCATED,JPEG missing standard EOI marker \xFF\xD9,0,0,0.00,0.00,0.00
02.02\2015\K2\10X,02_02-2015_02_19-11_48-K2-10X.jpeg,C:\Users\ASUS\Desktop\Ders\blg521\data\02.02\2015\K2\10X\02_02-2015_02_19-11_48-K2-10X.jpeg,TRUNCATED,JPEG missing standard EOI marker \xFF\xD9,0,0,0.00,0.00,0.00
02.02\2015\K2\10X,02_02-2015_02_20-10_00-K2-10X.jpeg,C:\Users\ASUS\Desktop\Ders\blg521\data\02.02\2015\K2\10X\02_02-2015_02_20-10_00-K2-10X.jpeg,TRUNCATED,JPEG missing standard EOI marker \xFF\xD9,0,0,0.00,0.00,0.00
02.02\2015\K2\10X,02_02-2015_02_21-10_00-K2-10X.jpeg,C:\Users\ASUS\Desktop\Ders\blg521\data\02.02\2015\K2\10X\02_02-2015_02_21-10_00-K2-10X.jpeg,TRUNCATED,JPEG missing standard EOI marker \xFF\xD9,0,0,0.00,0.00,0.00
02.02\2015\K2\10X,02_02-2015_02_22-10_00-K2-10X.jpeg,C:\Users\ASUS\Desktop\Ders\blg521\data\02.02\2015\K2\10X\02_02-2015_02_22-10_00-K2-10X.jpeg,TRUNCATED,JPEG missing standard EOI marker \xFF\xD9,0,0,0.00,0.00,0.00
02.02\2015\K2\10X,02_02-2015_02_24-10_00-K2-10X.jpeg,C:\Users\ASUS\Desktop\Ders\blg521\data\02.02\2015\K2\10X\02_02-2015_02_24-10_00-K2-10X.jpeg,TRUNCATED,JPEG missing standard EOI marker \xFF\xD9,0,0,0.00,0.00,0.00
02.02\2015\K2\10X,02_02-2015_02_25-10_00-K2-10X.jpeg,C:\Users\ASUS\Desktop\Ders\blg521\data\02.02\2015\K2\10X\02_02-2015_02_25-10_00-K2-10X.jpeg,TRUNCATED,JPEG missing standard EOI marker \xFF\xD9,0,0,0.00,0.00,0.00
02.02\2015\K2\10X,02_02-2015_02_26-10_57-K2-10X.jpeg,C:\Users\ASUS\Desktop\Ders\blg521\data\02.02\2015\K2\10X\02_02-2015_02_26-10_57-K2-10X.jpeg,TRUNCATED,JPEG missing standard EOI marker \xFF\xD9,0,0,0.00,0.00,0.00
02.02\2015\K2\10X,02_02-2015_02_27-10_00-K2-10X.jpeg,C:\Users\ASUS\Desktop\Ders\blg521\data\02.02\2015\K2\10X\02_02-2015_02_27-10_00-K2-10X.jpeg,TRUNCATED,JPEG missing standard EOI marker \xFF\xD9,0,0,0.00,0.00,0.00
02.02\2015\K2\10X,02_02-2015_02_28-10_00-K2-10X.jpeg,C:\Users\ASUS\Desktop\Ders\blg521\data\02.02\2015\K2\10X\02_02-2015_02_28-10_00-K2-10X.jpeg,TRUNCATED,JPEG missing standard EOI marker \xFF\xD9,0,0,0.00,0.00,0.00
02.02\2015\K2\10X,02_02-2015_03_02-10_00-K2-10X.jpeg,C:\Users\ASUS\Desktop\Ders\blg521\data\02.02\2015\K2\10X\02_02-2015_03_02-10_00-K2-10X.jpeg,TRUNCATED,JPEG missing standard EOI marker \xFF\xD9,0,0,0.00,0.00,0.00
02.02\2015\K2\10X,02_02-2015_03_03-10_00-K2-10X.jpeg,C:\Users\ASUS\Desktop\Ders\blg521\data\02.02\2015\K2\10X\02_02-2015_03_03-10_00-K2-10X.jpeg,TRUNCATED,JPEG missing standard EOI marker \xFF\xD9,0,0,0.00,0.00,0.00
02.02\2015\K2\10X,02_02-2015_03_06-10_00-K2-10X.jpeg,C:\Users\ASUS\Desktop\Ders\blg521\data\02.02\2015\K2\10X\02_02-2015_03_06-10_00-K2-10X.jpeg,TRUNCATED,JPEG missing standard EOI marker \xFF\xD9,0,0,0.00,0.00,0.00
02.02\2015\K2\10X,02_02-2015_03_08-10_00-K2-10X.jpeg,C:\Users\ASUS\Desktop\Ders\blg521\data\02.02\2015\K2\10X\02_02-2015_03_08-10_00-K2-10X.jpeg,TRUNCATED,JPEG missing standard EOI marker \xFF\xD9,0,0,0.00,0.00,0.00
02.02\2015\K2\10X,02_02-2015_03_09-10_00-K2-10X.jpeg,C:\Users\ASUS\Desktop\Ders\blg521\data\02.02\2015\K2\10X\02_02-2015_03_09-10_00-K2-10X.jpeg,TRUNCATED,JPEG missing standard EOI marker \xFF\xD9,0,0,0.00,0.00,0.00
02.02\2015\K2\10X,02_02-2015_03_10-10_00-K2-10X.jpeg,C:\Users\ASUS\Desktop\Ders\blg521\data\02.02\2015\K2\10X\02_02-2015_03_10-10_00-K2-10X.jpeg,TRUNCATED,JPEG missing standard EOI marker \xFF\xD9,0,0,0.00,0.00,0.00
02.02\2015\K2\10X,02_02-2015_03_11-10_00-K2-10X.jpeg,C:\Users\ASUS\Desktop\Ders\blg521\data\02.02\2015\K2\10X\02_02-2015_03_11-10_00-K2-10X.jpeg,TRUNCATED,JPEG missing standard EOI marker \xFF\xD9,0,0,0.00,0.00,0.00
02.02\2015\K2\10X,02_02-2015_03_16-10_23-K2-10X.jpeg,C:\Users\ASUS\Desktop\Ders\blg521\data\02.02\2015\K2\10X\02_02-2015_03_16-10_23-K2-10X.jpeg,TRUNCATED,JPEG missing standard EOI marker \xFF\xD9,0,0,0.00,0.00,0.00
02.02\2015\K2\10X,02_02-2015_03_19-10_00-K2-10X.jpeg,C:\Users\ASUS\Desktop\Ders\blg521\data\02.02\2015\K2\10X\02_02-2015_03_19-10_00-K2-10X.jpeg,TRUNCATED,JPEG missing standard EOI marker \xFF\xD9,0,0,0.00,0.00,0.00
02.02\2015\K2\10X,02_02-2015_03_20-10_00-K2-10X.jpeg,C:\Users\ASUS\Desktop\Ders\blg521\data\02.02\2015\K2\10X\02_02-2015_03_20-10_00-K2-10X.jpeg,TRUNCATED,JPEG missing standard EOI marker \xFF\xD9,0,0,0.00,0.00,0.00
02.02\2015\K2\10X,02_02-2015_03_21-10_00-K2-10X.jpeg,C:\Users\ASUS\Desktop\Ders\blg521\data\02.02\2015\K2\10X\02_02-2015_03_21-10_00-K2-10X.jpeg,TRUNCATED,JPEG missing standard EOI marker \xFF\xD9,0,0,0.00,0.00,0.00
02.02\2015\K2\10X,02_02-2015_03_22-10_00-K2-10X.jpeg,C:\Users\ASUS\Desktop\Ders\blg521\data\02.02\2015\K2\10X\02_02-2015_03_22-10_00-K2-10X.jpeg,TRUNCATED,JPEG missing standard EOI marker \xFF\xD9,0,0,0.00,0.00,0.00
02.02\2015\K2\10X,02_02-2015_03_23-10_00-K2-10X.jpeg,C:\Users\ASUS\Desktop\Ders\blg521\data\02.02\2015\K2\10X\02_02-2015_03_23-10_00-K2-10X.jpeg,TRUNCATED,JPEG missing standard EOI marker \xFF\xD9,0,0,0.00,0.00,0.00
02.02\2015\K2\10X,02_02-2015_03_24-10_00-K2-10X.jpeg,C:\Users\ASUS\Desktop\Ders\blg521\data\02.02\2015\K2\10X\02_02-2015_03_24-10_00-K2-10X.jpeg,TRUNCATED,JPEG missing standard EOI marker \xFF\xD9,0,0,0.00,0.00,0.00
02.02\2015\K2\10X,02_02-2015_03_26-10_00-K2-10X.jpeg,C:\Users\ASUS\Desktop\Ders\blg521\data\02.02\2015\K2\10X\02_02-2015_03_26-10_00-K2-10X.jpeg,TRUNCATED,JPEG missing standard EOI marker \xFF\xD9,0,0,0.00,0.00,0.00
02.02\2015\K2\10X,02_02-2015_03_27-10_00-K2-10X.jpeg,C:\Users\ASUS\Desktop\Ders\blg521\data\02.02\2015\K2\10X\02_02-2015_03_27-10_00-K2-10X.jpeg,TRUNCATED,JPEG missing standard EOI marker \xFF\xD9,0,0,0.00,0.00,0.00
02.02\2015\K2\10X,02_02-2015_03_28-09_00-K2-10X.jpeg,C:\Users\ASUS\Desktop\Ders\blg521\data\02.02\2015\K2\10X\02_02-2015_03_28-09_00-K2-10X.jpeg,TRUNCATED,JPEG missing standard EOI marker \xFF\xD9,0,0,0.00,0.00,0.00
02.02\2015\K2\10X,02_02-2015_03_30-10_00-K2-10X.jpeg,C:\Users\ASUS\Desktop\Ders\blg521\data\02.02\2015\K2\10X\02_02-2015_03_30-10_00-K2-10X.jpeg,TRUNCATED,JPEG missing standard EOI marker \xFF\xD9,0,0,0.00,0.00,0.00
02.02\2015\K2\10X,02_02-2015_04_03-10_00-K2-10X.jpeg,C:\Users\ASUS\Desktop\Ders\blg521\data\02.02\2015\K2\10X\02_02-2015_04_03-10_00-K2-10X.jpeg,TRUNCATED,JPEG missing standard EOI marker \xFF\xD9,0,0,0.00,0.00,0.00
02.02\2015\K2\10X,02_02-2015_04_04-10_00-K2-10X.jpeg,C:\Users\ASUS\Desktop\Ders\blg521\data\02.02\2015\K2\10X\02_02-2015_04_04-10_00-K2-10X.jpeg,TRUNCATED,JPEG missing standard EOI marker \xFF\xD9,0,0,0.00,0.00,0.00
02.02\2015\K2\10X,02_02-2015_04_05-10_00-K2-10X.jpeg,C:\Users\ASUS\Desktop\Ders\blg521\data\02.02\2015\K2\10X\02_02-2015_04_05-10_00-K2-10X.jpeg,TRUNCATED,JPEG missing standard EOI marker \xFF\xD9,0,0,0.00,0.00,0.00
02.02\2015\K2\10X,02_02-2015_04_07-10_00-K2-10X.jpeg,C:\Users\ASUS\Desktop\Ders\blg521\data\02.02\2015\K2\10X\02_02-2015_04_07-10_00-K2-10X.jpeg,TRUNCATED,JPEG missing standard EOI marker \xFF\xD9,0,0,0.00,0.00,0.00
02.02\2015\K2\10X,02_02-2015_04_09-09_00-K2-10X.jpeg,C:\Users\ASUS\Desktop\Ders\blg521\data\02.02\2015\K2\10X\02_02-2015_04_09-09_00-K2-10X.jpeg,TRUNCATED,JPEG missing standard EOI marker \xFF\xD9,0,0,0.00,0.00,0.00
02.02\2015\K2\10X,02_02-2015_04_10-10_00-K2-10X.jpeg,C:\Users\ASUS\Desktop\Ders\blg521\data\02.02\2015\K2\10X\02_02-2015_04_10-10_00-K2-10X.jpeg,TRUNCATED,JPEG missing standard EOI marker \xFF\xD9,0,0,0.00,0.00,0.00
02.02\2015\K2\10X,02_02-2015_04_11-10_00-K2-10X.jpeg,C:\Users\ASUS\Desktop\Ders\blg521\data\02.02\2015\K2\10X\02_02-2015_04_11-10_00-K2-10X.jpeg,TRUNCATED,JPEG missing standard EOI marker \xFF\xD9,0,0,0.00,0.00,0.00
02.02\2015\K2\10X,02_02-2015_04_12-10_00-K2-10X.jpeg,C:\Users\ASUS\Desktop\Ders\blg521\data\02.02\2015\K2\10X\02_02-2015_04_12-10_00-K2-10X.jpeg,TRUNCATED,JPEG missing standard EOI marker \xFF\xD9,0,0,0.00,0.00,0.00
02.02\2015\K2\10X,02_02-2015_04_16-10_06-K2-10X.jpeg,C:\Users\ASUS\Desktop\Ders\blg521\data\02.02\2015\K2\10X\02_02-2015_04_16-10_06-K2-10X.jpeg,TRUNCATED,JPEG missing standard EOI marker \xFF\xD9,0,0,0.00,0.00,0.00
02.02\2015\K2\10X,02_02-2015_04_17-10_00-K2-10X.jpeg,C:\Users\ASUS\Desktop\Ders\blg521\data\02.02\2015\K2\10X\02_02-2015_04_17-10_00-K2-10X.jpeg,TRUNCATED,JPEG missing standard EOI marker \xFF\xD9,0,0,0.00,0.00,0.00
02.02\2015\K2\10X,02_02-2015_04_18-10_00-K2-10X.jpeg,C:\Users\ASUS\Desktop\Ders\blg521\data\02.02\2015\K2\10X\02_02-2015_04_18-10_00-K2-10X.jpeg,TRUNCATED,JPEG missing standard EOI marker \xFF\xD9,0,0,0.00,0.00,0.00
02.02\2015\K2\10X,02_02-2015_04_23-10_00-K2-10X.jpeg,C:\Users\ASUS\Desktop\Ders\blg521\data\02.02\2015\K2\10X\02_02-2015_04_23-10_00-K2-10X.jpeg,TRUNCATED,JPEG missing standard EOI marker \xFF\xD9,0,0,0.00,0.00,0.00
02.02\2015\K2\10X,02_02-2015_04_24-10_00-K2-10X.jpeg,C:\Users\ASUS\Desktop\Ders\blg521\data\02.02\2015\K2\10X\02_02-2015_04_24-10_00-K2-10X.jpeg,TRUNCATED,JPEG missing standard EOI marker \xFF\xD9,0,0,0.00,0.00,0.00
02.02\2015\K2\10X,02_02-2015_04_25-10_00-K2-10X.jpeg,C:\Users\ASUS\Desktop\Ders\blg521\data\02.02\2015\K2\10X\02_02-2015_04_25-10_00-K2-10X.jpeg,TRUNCATED,JPEG missing standard EOI marker \xFF\xD9,0,0,0.00,0.00,0.00
02.02\2015\K2\10X,02_02-2015_04_27-10_00-K2-10X.jpeg,C:\Users\ASUS\Desktop\Ders\blg521\data\02.02\2015\K2\10X\02_02-2015_04_27-10_00-K2-10X.jpeg,TRUNCATED,JPEG missing standard EOI marker \xFF\xD9,0,0,0.00,0.00,0.00
02.02\2015\K2\10X,02_02-2015_04_28-10_28-K2-10X.jpeg,C:\Users\ASUS\Desktop\Ders\blg521\data\02.02\2015\K2\10X\02_02-2015_04_28-10_28-K2-10X.jpeg,TRUNCATED,JPEG missing standard EOI marker \xFF\xD9,0,0,0.00,0.00,0.00
02.02\2015\K2\10X,02_02-2015_04_29-10_42-K2-10X.jpeg,C:\Users\ASUS\Desktop\Ders\blg521\data\02.02\2015\K2\10X\02_02-2015_04_29-10_42-K2-10X.jpeg,TRUNCATED,JPEG missing standard EOI marker \xFF\xD9,0,0,0.00,0.00,0.00
02.02\2015\K2\10X,02_02-2015_05_02-10_00-K2-10X.jpeg,C:\Users\ASUS\Desktop\Ders\blg521\data\02.02\2015\K2\10X\02_02-2015_05_02-10_00-K2-10X.jpeg,TRUNCATED,JPEG missing standard EOI marker \xFF\xD9,0,0,0.00,0.00,0.00
02.02\2015\K2\10X,02_02-2015_05_04-10_15-K2-10X.jpeg,C:\Users\ASUS\Desktop\Ders\blg521\data\02.02\2015\K2\10X\02_02-2015_05_04-10_15-K2-10X.jpeg,TRUNCATED,JPEG missing standard EOI marker \xFF\xD9,0,0,0.00,0.00,0.00
02.02\2015\K2\10X,02_02-2015_05_05-10_52-K2-10X.jpeg,C:\Users\ASUS\Desktop\Ders\blg521\data\02.02\2015\K2\10X\02_02-2015_05_05-10_52-K2-10X.jpeg,TRUNCATED,JPEG missing standard EOI marker \xFF\xD9,0,0,0.00,0.00,0.00
02.02\2015\K2\10X,02_02-2015_05_06-10_00-K2-10X.jpeg,C:\Users\ASUS\Desktop\Ders\blg521\data\02.02\2015\K2\10X\02_02-2015_05_06-10_00-K2-10X.jpeg,TRUNCATED,JPEG missing standard EOI marker \xFF\xD9,0,0,0.00,0.00,0.00
02.02\2015\K2\10X,02_02-2015_05_08-10_00-K2-10X.jpeg,C:\Users\ASUS\Desktop\Ders\blg521\data\02.02\2015\K2\10X\02_02-2015_05_08-10_00-K2-10X.jpeg,TRUNCATED,JPEG missing standard EOI marker \xFF\xD9,0,0,0.00,0.00,0.00
02.02\2015\K2\10X,02_02-2015_05_12-10_00-K2-10X.jpeg,C:\Users\ASUS\Desktop\Ders\blg521\data\02.02\2015\K2\10X\02_02-2015_05_12-10_00-K2-10X.jpeg,TRUNCATED,JPEG missing standard EOI marker \xFF\xD9,0,0,0.00,0.00,0.00
02.02\2015\K2\10X,02_02-2015_05_13-10_00-K2-10X.jpeg,C:\Users\ASUS\Desktop\Ders\blg521\data\02.02\2015\K2\10X\02_02-2015_05_13-10_00-K2-10X.jpeg,TRUNCATED,JPEG missing standard EOI marker \xFF\xD9,0,0,0.00,0.00,0.00
02.02\2015\K2\10X,02_02-2015_05_14-09_00-K2-10X.jpeg,C:\Users\ASUS\Desktop\Ders\blg521\data\02.02\2015\K2\10X\02_02-2015_05_14-09_00-K2-10X.jpeg,TRUNCATED,JPEG missing standard EOI marker \xFF\xD9,0,0,0.00,0.00,0.00
02.02\2015\K2\10X,02_02-2015_05_15-10_00-K2-10X.jpeg,C:\Users\ASUS\Desktop\Ders\blg521\data\02.02\2015\K2\10X\02_02-2015_05_15-10_00-K2-10X.jpeg,TRUNCATED,JPEG missing standard EOI marker \xFF\xD9,0,0,0.00,0.00,0.00
02.02\2015\K2\10X,02_02-2015_05_16-10_00-K2-10X.jpeg,C:\Users\ASUS\Desktop\Ders\blg521\data\02.02\2015\K2\10X\02_02-2015_05_16-10_00-K2-10X.jpeg,TRUNCATED,JPEG missing standard EOI marker \xFF\xD9,0,0,0.00,0.00,0.00
02.02\2015\K2\10X,02_02-2015_05_17-10_00-K2-10X.jpeg,C:\Users\ASUS\Desktop\Ders\blg521\data\02.02\2015\K2\10X\02_02-2015_05_17-10_00-K2-10X.jpeg,TRUNCATED,JPEG missing standard EOI marker \xFF\xD9,0,0,0.00,0.00,0.00
02.02\2015\K2\10X,02_02-2015_05_19-10_00-K2-10X.jpeg,C:\Users\ASUS\Desktop\Ders\blg521\data\02.02\2015\K2\10X\02_02-2015_05_19-10_00-K2-10X.jpeg,TRUNCATED,JPEG missing standard EOI marker \xFF\xD9,0,0,0.00,0.00,0.00
02.02\2015\K2\10X,02_02-2015_05_20-10_00-K2-10X.jpeg,C:\Users\ASUS\Desktop\Ders\blg521\data\02.02\2015\K2\10X\02_02-2015_05_20-10_00-K2-10X.jpeg,TRUNCATED,JPEG missing standard EOI marker \xFF\xD9,0,0,0.00,0.00,0.00
02.02\2015\K2\10X,02_02-2015_05_21-10_00-K2-10X.jpeg,C:\Users\ASUS\Desktop\Ders\blg521\data\02.02\2015\K2\10X\02_02-2015_05_21-10_00-K2-10X.jpeg,TRUNCATED,JPEG missing standard EOI marker \xFF\xD9,0,0,0.00,0.00,0.00
02.02\2015\K2\10X,02_02-2015_05_22-10_00-K2-10X.jpeg,C:\Users\ASUS\Desktop\Ders\blg521\data\02.02\2015\K2\10X\02_02-2015_05_22-10_00-K2-10X.jpeg,TRUNCATED,JPEG missing standard EOI marker \xFF\xD9,0,0,0.00,0.00,0.00
02.02\2015\K2\10X,02_02-2015_05_23-11_14-K2-10X.jpeg,C:\Users\ASUS\Desktop\Ders\blg521\data\02.02\2015\K2\10X\02_02-2015_05_23-11_14-K2-10X.jpeg,TRUNCATED,JPEG missing standard EOI marker \xFF\xD9,0,0,0.00,0.00,0.00
02.02\2015\K2\10X,02_02-2015_05_26-10_00-K2-10X.jpeg,C:\Users\ASUS\Desktop\Ders\blg521\data\02.02\2015\K2\10X\02_02-2015_05_26-10_00-K2-10X.jpeg,TRUNCATED,JPEG missing standard EOI marker \xFF\xD9,0,0,0.00,0.00,0.00
02.02\2015\K2\10X,02_02-2015_05_27-10_00-K2-10X.jpeg,C:\Users\ASUS\Desktop\Ders\blg521\data\02.02\2015\K2\10X\02_02-2015_05_27-10_00-K2-10X.jpeg,TRUNCATED,JPEG missing standard EOI marker \xFF\xD9,0,0,0.00,0.00,0.00
02.02\2015\K2\10X,02_02-2015_05_29-10_00-K2-10X.jpeg,C:\Users\ASUS\Desktop\Ders\blg521\data\02.02\2015\K2\10X\02_02-2015_05_29-10_00-K2-10X.jpeg,TRUNCATED,JPEG missing standard EOI marker \xFF\xD9,0,0,0.00,0.00,0.00
02.02\2015\K2\10X,02_02-2015_05_31-10_04-K2-10X.jpeg,C:\Users\ASUS\Desktop\Ders\blg521\data\02.02\2015\K2\10X\02_02-2015_05_31-10_04-K2-10X.jpeg,TRUNCATED,JPEG missing standard EOI marker \xFF\xD9,0,0,0.00,0.00,0.00
02.02\2015\K2\10X,02_02-2015_06_02-10_05-K2-10X.jpeg,C:\Users\ASUS\Desktop\Ders\blg521\data\02.02\2015\K2\10X\02_02-2015_06_02-10_05-K2-10X.jpeg,TRUNCATED,JPEG missing standard EOI marker \xFF\xD9,0,0,0.00,0.00,0.00
02.02\2015\K2\10X,02_02-2015_06_04-10_00-K2-10X.jpeg,C:\Users\ASUS\Desktop\Ders\blg521\data\02.02\2015\K2\10X\02_02-2015_06_04-10_00-K2-10X.jpeg,TRUNCATED,JPEG missing standard EOI marker \xFF\xD9,0,0,0.00,0.00,0.00
02.02\2015\K2\10X,02_02-2015_06_05-10_00-K2-10X.jpeg,C:\Users\ASUS\Desktop\Ders\blg521\data\02.02\2015\K2\10X\02_02-2015_06_05-10_00-K2-10X.jpeg,TRUNCATED,JPEG missing standard EOI marker \xFF\xD9,0,0,0.00,0.00,0.00
02.02\2015\K2\10X,02_02-2015_06_08-10_00-K2-10X.jpeg,C:\Users\ASUS\Desktop\Ders\blg521\data\02.02\2015\K2\10X\02_02-2015_06_08-10_00-K2-10X.jpeg,TRUNCATED,JPEG missing standard EOI marker \xFF\xD9,0,0,0.00,0.00,0.00
02.02\2015\K2\1X,02_02-2015_01_04-10_00-K2-1X.jpeg,C:\Users\ASUS\Desktop\Ders\blg521\data\02.02\2015\K2\1X\02_02-2015_01_04-10_00-K2-1X.jpeg,BLURRED,Very blurry (Laplacian variance: 42.52),2288,1712,107.81,32.41,42.52
02.02\2015\K2\1X,02_02-2015_01_05-10_00-K2-1X.jpeg,C:\Users\ASUS\Desktop\Ders\blg521\data\02.02\2015\K2\1X\02_02-2015_01_05-10_00-K2-1X.jpeg,BLURRED,Very blurry (Laplacian variance: 37.95),2288,1712,115.41,23.98,37.95
02.02\2015\K2\1X,02_02-2015_01_23-10_00-K2-1X.jpeg,C:\Users\ASUS\Desktop\Ders\blg521\data\02.02\2015\K2\1X\02_02-2015_01_23-10_00-K2-1X.jpeg,TRUNCATED,JPEG missing standard EOI marker \xFF\xD9,0,0,0.00,0.00,0.00
02.02\2015\K2\1X,02_02-2015_01_24-10_00-K2-1X.jpeg,C:\Users\ASUS\Desktop\Ders\blg521\data\02.02\2015\K2\1X\02_02-2015_01_24-10_00-K2-1X.jpeg,TRUNCATED,JPEG missing standard EOI marker \xFF\xD9,0,0,0.00,0.00,0.00
02.02\2015\K2\1X,02_02-2015_01_25-10_00-K2-1X.jpeg,C:\Users\ASUS\Desktop\Ders\blg521\data\02.02\2015\K2\1X\02_02-2015_01_25-10_00-K2-1X.jpeg,TRUNCATED,JPEG missing standard EOI marker \xFF\xD9,0,0,0.00,0.00,0.00
02.02\2015\K2\1X,02_02-2015_01_26-10_00-K2-1X.jpeg,C:\Users\ASUS\Desktop\Ders\blg521\data\02.02\2015\K2\1X\02_02-2015_01_26-10_00-K2-1X.jpeg,TRUNCATED,JPEG missing standard EOI marker \xFF\xD9,0,0,0.00,0.00,0.00
02.02\2015\K2\1X,02_02-2015_01_27-10_00-K2-1X.jpeg,C:\Users\ASUS\Desktop\Ders\blg521\data\02.02\2015\K2\1X\02_02-2015_01_27-10_00-K2-1X.jpeg,TRUNCATED,JPEG missing standard EOI marker \xFF\xD9,0,0,0.00,0.00,0.00
02.02\2015\K2\1X,02_02-2015_01_28-10_00-K2-1X.jpeg,C:\Users\ASUS\Desktop\Ders\blg521\data\02.02\2015\K2\1X\02_02-2015_01_28-10_00-K2-1X.jpeg,TRUNCATED,JPEG missing standard EOI marker \xFF\xD9,0,0,0.00,0.00,0.00
02.02\2015\K2\1X,02_02-2015_01_29-10_00-K2-1X.jpeg,C:\Users\ASUS\Desktop\Ders\blg521\data\02.02\2015\K2\1X\02_02-2015_01_29-10_00-K2-1X.jpeg,TRUNCATED,JPEG missing standard EOI marker \xFF\xD9,0,0,0.00,0.00,0.00
02.02\2015\K2\1X,02_02-2015_01_30-10_00-K2-1X.jpeg,C:\Users\ASUS\Desktop\Ders\blg521\data\02.02\2015\K2\1X\02_02-2015_01_30-10_00-K2-1X.jpeg,TRUNCATED,JPEG missing standard EOI marker \xFF\xD9,0,0,0.00,0.00,0.00
02.02\2015\K2\1X,02_02-2015_01_31-10_00-K2-1X.jpeg,C:\Users\ASUS\Desktop\Ders\blg521\data\02.02\2015\K2\1X\02_02-2015_01_31-10_00-K2-1X.jpeg,TRUNCATED,JPEG missing standard EOI marker \xFF\xD9,0,0,0.00,0.00,0.00
02.02\2015\K2\1X,02_02-2015_02_02-10_00-K2-1X.jpeg,C:\Users\ASUS\Desktop\Ders\blg521\data\02.02\2015\K2\1X\02_02-2015_02_02-10_00-K2-1X.jpeg,TRUNCATED,JPEG missing standard EOI marker \xFF\xD9,0,0,0.00,0.00,0.00
02.02\2015\K2\1X,02_02-2015_02_03-10_00-K2-1X.jpeg,C:\Users\ASUS\Desktop\Ders\blg521\data\02.02\2015\K2\1X\02_02-2015_02_03-10_00-K2-1X.jpeg,TRUNCATED,JPEG missing standard EOI marker \xFF\xD9,0,0,0.00,0.00,0.00
02.02\2015\K2\1X,02_02-2015_02_04-10_00-K2-1X.jpeg,C:\Users\ASUS\Desktop\Ders\blg521\data\02.02\2015\K2\1X\02_02-2015_02_04-10_00-K2-1X.jpeg,TRUNCATED,JPEG missing standard EOI marker \xFF\xD9,0,0,0.00,0.00,0.00
02.02\2015\K2\1X,02_02-2015_02_05-10_00-K2-1X.jpeg,C:\Users\ASUS\Desktop\Ders\blg521\data\02.02\2015\K2\1X\02_02-2015_02_05-10_00-K2-1X.jpeg,TRUNCATED,JPEG missing standard EOI marker \xFF\xD9,0,0,0.00,0.00,0.00
02.02\2015\K2\1X,02_02-2015_02_06-10_00-K2-1X.jpeg,C:\Users\ASUS\Desktop\Ders\blg521\data\02.02\2015\K2\1X\02_02-2015_02_06-10_00-K2-1X.jpeg,TRUNCATED,JPEG missing standard EOI marker \xFF\xD9,0,0,0.00,0.00,0.00
02.02\2015\K2\1X,02_02-2015_02_07-10_00-K2-1X.jpeg,C:\Users\ASUS\Desktop\Ders\blg521\data\02.02\2015\K2\1X\02_02-2015_02_07-10_00-K2-1X.jpeg,TRUNCATED,JPEG missing standard EOI marker \xFF\xD9,0,0,0.00,0.00,0.00
02.02\2015\K2\1X,02_02-2015_02_08-10_00-K2-1X.jpeg,C:\Users\ASUS\Desktop\Ders\blg521\data\02.02\2015\K2\1X\02_02-2015_02_08-10_00-K2-1X.jpeg,TRUNCATED,JPEG missing standard EOI marker \xFF\xD9,0,0,0.00,0.00,0.00
02.02\2015\K2\1X,02_02-2015_02_09-10_00-K2-1X.jpeg,C:\Users\ASUS\Desktop\Ders\blg521\data\02.02\2015\K2\1X\02_02-2015_02_09-10_00-K2-1X.jpeg,TRUNCATED,JPEG missing standard EOI marker \xFF\xD9,0,0,0.00,0.00,0.00
02.02\2015\K2\1X,02_02-2015_02_10-10_00-K2-1X.jpeg,C:\Users\ASUS\Desktop\Ders\blg521\data\02.02\2015\K2\1X\02_02-2015_02_10-10_00-K2-1X.jpeg,TRUNCATED,JPEG missing standard EOI marker \xFF\xD9,0,0,0.00,0.00,0.00
02.02\2015\K2\1X,02_02-2015_02_12-10_00-K2-1X.jpeg,C:\Users\ASUS\Desktop\Ders\blg521\data\02.02\2015\K2\1X\02_02-2015_02_12-10_00-K2-1X.jpeg,TRUNCATED,JPEG missing standard EOI marker \xFF\xD9,0,0,0.00,0.00,0.00
02.02\2015\K2\1X,02_02-2015_02_13-10_00-K2-1X.jpeg,C:\Users\ASUS\Desktop\Ders\blg521\data\02.02\2015\K2\1X\02_02-2015_02_13-10_00-K2-1X.jpeg,TRUNCATED,JPEG missing standard EOI marker \xFF\xD9,0,0,0.00,0.00,0.00
02.02\2015\K2\1X,02_02-2015_02_14-11_27-K2-1X.jpeg,C:\Users\ASUS\Desktop\Ders\blg521\data\02.02\2015\K2\1X\02_02-2015_02_14-11_27-K2-1X.jpeg,TRUNCATED,JPEG missing standard EOI marker \xFF\xD9,0,0,0.00,0.00,0.00
02.02\2015\K2\1X,02_02-2015_02_15-10_00-K2-1X.jpeg,C:\Users\ASUS\Desktop\Ders\blg521\data\02.02\2015\K2\1X\02_02-2015_02_15-10_00-K2-1X.jpeg,TRUNCATED,JPEG missing standard EOI marker \xFF\xD9,0,0,0.00,0.00,0.00
02.02\2015\K2\1X,02_02-2015_02_16-10_00-K2-1X.jpeg,C:\Users\ASUS\Desktop\Ders\blg521\data\02.02\2015\K2\1X\02_02-2015_02_16-10_00-K2-1X.jpeg,TRUNCATED,JPEG missing standard EOI marker \xFF\xD9,0,0,0.00,0.00,0.00
02.02\2015\K2\1X,02_02-2015_02_17-10_00-K2-1X.jpeg,C:\Users\ASUS\Desktop\Ders\blg521\data\02.02\2015\K2\1X\02_02-2015_02_17-10_00-K2-1X.jpeg,TRUNCATED,JPEG missing standard EOI marker \xFF\xD9,0,0,0.00,0.00,0.00
02.02\2015\K2\1X,02_02-2015_02_18-10_00-K2-1X.jpeg,C:\Users\ASUS\Desktop\Ders\blg521\data\02.02\2015\K2\1X\02_02-2015_02_18-10_00-K2-1X.jpeg,TRUNCATED,JPEG missing standard EOI marker \xFF\xD9,0,0,0.00,0.00,0.00
02.02\2015\K2\1X,02_02-2015_02_19-11_48-K2-1X.jpeg,C:\Users\ASUS\Desktop\Ders\blg521\data\02.02\2015\K2\1X\02_02-2015_02_19-11_48-K2-1X.jpeg,TRUNCATED,JPEG missing standard EOI marker \xFF\xD9,0,0,0.00,0.00,0.00
02.02\2015\K2\1X,02_02-2015_02_20-10_00-K2-1X.jpeg,C:\Users\ASUS\Desktop\Ders\blg521\data\02.02\2015\K2\1X\02_02-2015_02_20-10_00-K2-1X.jpeg,TRUNCATED,JPEG missing standard EOI marker \xFF\xD9,0,0,0.00,0.00,0.00
02.02\2015\K2\1X,02_02-2015_02_21-10_00-K2-1X.jpeg,C:\Users\ASUS\Desktop\Ders\blg521\data\02.02\2015\K2\1X\02_02-2015_02_21-10_00-K2-1X.jpeg,TRUNCATED,JPEG missing standard EOI marker \xFF\xD9,0,0,0.00,0.00,0.00
02.02\2015\K2\1X,02_02-2015_02_23-10_00-K2-1X.jpeg,C:\Users\ASUS\Desktop\Ders\blg521\data\02.02\2015\K2\1X\02_02-2015_02_23-10_00-K2-1X.jpeg,TRUNCATED,JPEG missing standard EOI marker \xFF\xD9,0,0,0.00,0.00,0.00
02.02\2015\K2\1X,02_02-2015_02_24-10_00-K2-1X.jpeg,C:\Users\ASUS\Desktop\Ders\blg521\data\02.02\2015\K2\1X\02_02-2015_02_24-10_00-K2-1X.jpeg,TRUNCATED,JPEG missing standard EOI marker \xFF\xD9,0,0,0.00,0.00,0.00
02.02\2015\K2\1X,02_02-2015_02_25-10_00-K2-1X.jpeg,C:\Users\ASUS\Desktop\Ders\blg521\data\02.02\2015\K2\1X\02_02-2015_02_25-10_00-K2-1X.jpeg,TRUNCATED,JPEG missing standard EOI marker \xFF\xD9,0,0,0.00,0.00,0.00
02.02\2015\K2\1X,02_02-2015_02_26-10_57-K2-1X.jpeg,C:\Users\ASUS\Desktop\Ders\blg521\data\02.02\2015\K2\1X\02_02-2015_02_26-10_57-K2-1X.jpeg,TRUNCATED,JPEG missing standard EOI marker \xFF\xD9,0,0,0.00,0.00,0.00
02.02\2015\K2\1X,02_02-2015_02_27-10_00-K2-1X.jpeg,C:\Users\ASUS\Desktop\Ders\blg521\data\02.02\2015\K2\1X\02_02-2015_02_27-10_00-K2-1X.jpeg,TRUNCATED,JPEG missing standard EOI marker \xFF\xD9,0,0,0.00,0.00,0.00
02.02\2015\K2\1X,02_02-2015_02_28-10_00-K2-1X.jpeg,C:\Users\ASUS\Desktop\Ders\blg521\data\02.02\2015\K2\1X\02_02-2015_02_28-10_00-K2-1X.jpeg,TRUNCATED,JPEG missing standard EOI marker \xFF\xD9,0,0,0.00,0.00,0.00
02.02\2015\K2\1X,02_02-2015_03_01-10_00-K2-1X.jpeg,C:\Users\ASUS\Desktop\Ders\blg521\data\02.02\2015\K2\1X\02_02-2015_03_01-10_00-K2-1X.jpeg,TRUNCATED,JPEG missing standard EOI marker \xFF\xD9,0,0,0.00,0.00,0.00
02.02\2015\K2\1X,02_02-2015_03_03-10_00-K2-1X.jpeg,C:\Users\ASUS\Desktop\Ders\blg521\data\02.02\2015\K2\1X\02_02-2015_03_03-10_00-K2-1X.jpeg,TRUNCATED,JPEG missing standard EOI marker \xFF\xD9,0,0,0.00,0.00,0.00
02.02\2015\K2\1X,02_02-2015_03_04-10_00-K2-1X.jpeg,C:\Users\ASUS\Desktop\Ders\blg521\data\02.02\2015\K2\1X\02_02-2015_03_04-10_00-K2-1X.jpeg,TRUNCATED,JPEG missing standard EOI marker \xFF\xD9,0,0,0.00,0.00,0.00
02.02\2015\K2\1X,02_02-2015_03_05-10_00-K2-1X.jpeg,C:\Users\ASUS\Desktop\Ders\blg521\data\02.02\2015\K2\1X\02_02-2015_03_05-10_00-K2-1X.jpeg,TRUNCATED,JPEG missing standard EOI marker \xFF\xD9,0,0,0.00,0.00,0.00
02.02\2015\K2\1X,02_02-2015_03_07-10_00-K2-1X.jpeg,C:\Users\ASUS\Desktop\Ders\blg521\data\02.02\2015\K2\1X\02_02-2015_03_07-10_00-K2-1X.jpeg,TRUNCATED,JPEG missing standard EOI marker \xFF\xD9,0,0,0.00,0.00,0.00
02.02\2015\K2\1X,02_02-2015_03_09-10_00-K2-1X.jpeg,C:\Users\ASUS\Desktop\Ders\blg521\data\02.02\2015\K2\1X\02_02-2015_03_09-10_00-K2-1X.jpeg,TRUNCATED,JPEG missing standard EOI marker \xFF\xD9,0,0,0.00,0.00,0.00
02.02\2015\K2\1X,02_02-2015_03_10-10_00-K2-1X.jpeg,C:\Users\ASUS\Desktop\Ders\blg521\data\02.02\2015\K2\1X\02_02-2015_03_10-10_00-K2-1X.jpeg,TRUNCATED,JPEG missing standard EOI marker \xFF\xD9,0,0,0.00,0.00,0.00
02.02\2015\K2\1X,02_02-2015_03_11-10_00-K2-1X.jpeg,C:\Users\ASUS\Desktop\Ders\blg521\data\02.02\2015\K2\1X\02_02-2015_03_11-10_00-K2-1X.jpeg,TRUNCATED,JPEG missing standard EOI marker \xFF\xD9,0,0,0.00,0.00,0.00
02.02\2015\K2\1X,02_02-2015_03_14-10_00-K2-1X.jpeg,C:\Users\ASUS\Desktop\Ders\blg521\data\02.02\2015\K2\1X\02_02-2015_03_14-10_00-K2-1X.jpeg,TRUNCATED,JPEG missing standard EOI marker \xFF\xD9,0,0,0.00,0.00,0.00
02.02\2015\K2\1X,02_02-2015_03_16-10_24-K2-1X.jpeg,C:\Users\ASUS\Desktop\Ders\blg521\data\02.02\2015\K2\1X\02_02-2015_03_16-10_24-K2-1X.jpeg,TRUNCATED,JPEG missing standard EOI marker \xFF\xD9,0,0,0.00,0.00,0.00
02.02\2015\K2\1X,02_02-2015_03_19-10_00-K2-1X.jpeg,C:\Users\ASUS\Desktop\Ders\blg521\data\02.02\2015\K2\1X\02_02-2015_03_19-10_00-K2-1X.jpeg,TRUNCATED,JPEG missing standard EOI marker \xFF\xD9,0,0,0.00,0.00,0.00
02.02\2015\K2\1X,02_02-2015_03_20-10_00-K2-1X.jpeg,C:\Users\ASUS\Desktop\Ders\blg521\data\02.02\2015\K2\1X\02_02-2015_03_20-10_00-K2-1X.jpeg,TRUNCATED,JPEG missing standard EOI marker \xFF\xD9,0,0,0.00,0.00,0.00
02.02\2015\K2\1X,02_02-2015_03_23-10_00-K2-1X.jpeg,C:\Users\ASUS\Desktop\Ders\blg521\data\02.02\2015\K2\1X\02_02-2015_03_23-10_00-K2-1X.jpeg,TRUNCATED,JPEG missing standard EOI marker \xFF\xD9,0,0,0.00,0.00,0.00
02.02\2015\K2\1X,02_02-2015_03_24-09_34-K2-1X.jpeg,C:\Users\ASUS\Desktop\Ders\blg521\data\02.02\2015\K2\1X\02_02-2015_03_24-09_34-K2-1X.jpeg,TRUNCATED,JPEG missing standard EOI marker \xFF\xD9,0,0,0.00,0.00,0.00
02.02\2015\K2\1X,02_02-2015_03_26-10_00-K2-1X.jpeg,C:\Users\ASUS\Desktop\Ders\blg521\data\02.02\2015\K2\1X\02_02-2015_03_26-10_00-K2-1X.jpeg,TRUNCATED,JPEG missing standard EOI marker \xFF\xD9,0,0,0.00,0.00,0.00
02.02\2015\K2\1X,02_02-2015_03_27-10_00-K2-1X.jpeg,C:\Users\ASUS\Desktop\Ders\blg521\data\02.02\2015\K2\1X\02_02-2015_03_27-10_00-K2-1X.jpeg,TRUNCATED,JPEG missing standard EOI marker \xFF\xD9,0,0,0.00,0.00,0.00
02.02\2015\K2\1X,02_02-2015_03_28-09_00-K2-1X.jpeg,C:\Users\ASUS\Desktop\Ders\blg521\data\02.02\2015\K2\1X\02_02-2015_03_28-09_00-K2-1X.jpeg,TRUNCATED,JPEG missing standard EOI marker \xFF\xD9,0,0,0.00,0.00,0.00
02.02\2015\K2\1X,02_02-2015_03_29-10_00-K2-1X.jpeg,C:\Users\ASUS\Desktop\Ders\blg521\data\02.02\2015\K2\1X\02_02-2015_03_29-10_00-K2-1X.jpeg,TRUNCATED,JPEG missing standard EOI marker \xFF\xD9,0,0,0.00,0.00,0.00
02.02\2015\K2\1X,02_02-2015_03_30-10_00-K2-1X.jpeg,C:\Users\ASUS\Desktop\Ders\blg521\data\02.02\2015\K2\1X\02_02-2015_03_30-10_00-K2-1X.jpeg,TRUNCATED,JPEG missing standard EOI marker \xFF\xD9,0,0,0.00,0.00,0.00
02.02\2015\K2\1X,02_02-2015_03_31-10_00-K2-1X.jpeg,C:\Users\ASUS\Desktop\Ders\blg521\data\02.02\2015\K2\1X\02_02-2015_03_31-10_00-K2-1X.jpeg,TRUNCATED,JPEG missing standard EOI marker \xFF\xD9,0,0,0.00,0.00,0.00
02.02\2015\K2\1X,02_02-2015_04_01-10_00-K2-1X.jpeg,C:\Users\ASUS\Desktop\Ders\blg521\data\02.02\2015\K2\1X\02_02-2015_04_01-10_00-K2-1X.jpeg,TRUNCATED,JPEG missing standard EOI marker \xFF\xD9,0,0,0.00,0.00,0.00
02.02\2015\K2\1X,02_02-2015_04_02-10_00-K2-1X.jpeg,C:\Users\ASUS\Desktop\Ders\blg521\data\02.02\2015\K2\1X\02_02-2015_04_02-10_00-K2-1X.jpeg,TRUNCATED,JPEG missing standard EOI marker \xFF\xD9,0,0,0.00,0.00,0.00
02.02\2015\K2\1X,02_02-2015_04_03-10_00-K2-1X.jpeg,C:\Users\ASUS\Desktop\Ders\blg521\data\02.02\2015\K2\1X\02_02-2015_04_03-10_00-K2-1X.jpeg,TRUNCATED,JPEG missing standard EOI marker \xFF\xD9,0,0,0.00,0.00,0.00
02.02\2015\K2\1X,02_02-2015_04_04-10_00-K2-1X.jpeg,C:\Users\ASUS\Desktop\Ders\blg521\data\02.02\2015\K2\1X\02_02-2015_04_04-10_00-K2-1X.jpeg,TRUNCATED,JPEG missing standard EOI marker \xFF\xD9,0,0,0.00,0.00,0.00
02.02\2015\K2\1X,02_02-2015_04_06-10_00-K2-1X.jpeg,C:\Users\ASUS\Desktop\Ders\blg521\data\02.02\2015\K2\1X\02_02-2015_04_06-10_00-K2-1X.jpeg,TRUNCATED,JPEG missing standard EOI marker \xFF\xD9,0,0,0.00,0.00,0.00
02.02\2015\K2\1X,02_02-2015_04_10-10_00-K2-1X.jpeg,C:\Users\ASUS\Desktop\Ders\blg521\data\02.02\2015\K2\1X\02_02-2015_04_10-10_00-K2-1X.jpeg,TRUNCATED,JPEG missing standard EOI marker \xFF\xD9,0,0,0.00,0.00,0.00
02.02\2015\K2\1X,02_02-2015_04_11-10_00-K2-1X.jpeg,C:\Users\ASUS\Desktop\Ders\blg521\data\02.02\2015\K2\1X\02_02-2015_04_11-10_00-K2-1X.jpeg,TRUNCATED,JPEG missing standard EOI marker \xFF\xD9,0,0,0.00,0.00,0.00
02.02\2015\K2\1X,02_02-2015_04_12-10_00-K2-1X.jpeg,C:\Users\ASUS\Desktop\Ders\blg521\data\02.02\2015\K2\1X\02_02-2015_04_12-10_00-K2-1X.jpeg,TRUNCATED,JPEG missing standard EOI marker \xFF\xD9,0,0,0.00,0.00,0.00
02.02\2015\K2\1X,02_02-2015_04_13-10_00-K2-1X.jpeg,C:\Users\ASUS\Desktop\Ders\blg521\data\02.02\2015\K2\1X\02_02-2015_04_13-10_00-K2-1X.jpeg,TRUNCATED,JPEG missing standard EOI marker \xFF\xD9,0,0,0.00,0.00,0.00
02.02\2015\K2\1X,02_02-2015_04_17-10_00-K2-1X.jpeg,C:\Users\ASUS\Desktop\Ders\blg521\data\02.02\2015\K2\1X\02_02-2015_04_17-10_00-K2-1X.jpeg,TRUNCATED,JPEG missing standard EOI marker \xFF\xD9,0,0,0.00,0.00,0.00
02.02\2015\K2\1X,02_02-2015_04_18-10_00-K2-1X.jpeg,C:\Users\ASUS\Desktop\Ders\blg521\data\02.02\2015\K2\1X\02_02-2015_04_18-10_00-K2-1X.jpeg,TRUNCATED,JPEG missing standard EOI marker \xFF\xD9,0,0,0.00,0.00,0.00
02.02\2015\K2\1X,02_02-2015_04_22-10_00-K2-1X.jpeg,C:\Users\ASUS\Desktop\Ders\blg521\data\02.02\2015\K2\1X\02_02-2015_04_22-10_00-K2-1X.jpeg,TRUNCATED,JPEG missing standard EOI marker \xFF\xD9,0,0,0.00,0.00,0.00
02.02\2015\K2\1X,02_02-2015_04_24-10_00-K2-1X.jpeg,C:\Users\ASUS\Desktop\Ders\blg521\data\02.02\2015\K2\1X\02_02-2015_04_24-10_00-K2-1X.jpeg,TRUNCATED,JPEG missing standard EOI marker \xFF\xD9,0,0,0.00,0.00,0.00
02.02\2015\K2\1X,02_02-2015_04_25-10_00-K2-1X.jpeg,C:\Users\ASUS\Desktop\Ders\blg521\data\02.02\2015\K2\1X\02_02-2015_04_25-10_00-K2-1X.jpeg,TRUNCATED,JPEG missing standard EOI marker \xFF\xD9,0,0,0.00,0.00,0.00
02.02\2015\K2\1X,02_02-2015_04_26-10_00-K2-1X.jpeg,C:\Users\ASUS\Desktop\Ders\blg521\data\02.02\2015\K2\1X\02_02-2015_04_26-10_00-K2-1X.jpeg,TRUNCATED,JPEG missing standard EOI marker \xFF\xD9,0,0,0.00,0.00,0.00
02.02\2015\K2\1X,02_02-2015_04_28-10_28-K2-1X.jpeg,C:\Users\ASUS\Desktop\Ders\blg521\data\02.02\2015\K2\1X\02_02-2015_04_28-10_28-K2-1X.jpeg,TRUNCATED,JPEG missing standard EOI marker \xFF\xD9,0,0,0.00,0.00,0.00
02.02\2015\K2\1X,02_02-2015_04_29-10_42-K2-1X.jpeg,C:\Users\ASUS\Desktop\Ders\blg521\data\02.02\2015\K2\1X\02_02-2015_04_29-10_42-K2-1X.jpeg,TRUNCATED,JPEG missing standard EOI marker \xFF\xD9,0,0,0.00,0.00,0.00
02.02\2015\K2\1X,02_02-2015_04_30-10_00-K2-1X.jpeg,C:\Users\ASUS\Desktop\Ders\blg521\data\02.02\2015\K2\1X\02_02-2015_04_30-10_00-K2-1X.jpeg,TRUNCATED,JPEG missing standard EOI marker \xFF\xD9,0,0,0.00,0.00,0.00
02.02\2015\K2\1X,02_02-2015_05_08-10_00-K2-1X.jpeg,C:\Users\ASUS\Desktop\Ders\blg521\data\02.02\2015\K2\1X\02_02-2015_05_08-10_00-K2-1X.jpeg,TRUNCATED,JPEG missing standard EOI marker \xFF\xD9,0,0,0.00,0.00,0.00
02.02\2015\K2\1X,02_02-2015_05_09-10_00-K2-1X.jpeg,C:\Users\ASUS\Desktop\Ders\blg521\data\02.02\2015\K2\1X\02_02-2015_05_09-10_00-K2-1X.jpeg,TRUNCATED,JPEG missing standard EOI marker \xFF\xD9,0,0,0.00,0.00,0.00
02.02\2015\K2\1X,02_02-2015_05_12-10_00-K2-1X.jpeg,C:\Users\ASUS\Desktop\Ders\blg521\data\02.02\2015\K2\1X\02_02-2015_05_12-10_00-K2-1X.jpeg,TRUNCATED,JPEG missing standard EOI marker \xFF\xD9,0,0,0.00,0.00,0.00
02.02\2015\K2\1X,02_02-2015_05_13-10_00-K2-1X.jpeg,C:\Users\ASUS\Desktop\Ders\blg521\data\02.02\2015\K2\1X\02_02-2015_05_13-10_00-K2-1X.jpeg,TRUNCATED,JPEG missing standard EOI marker \xFF\xD9,0,0,0.00,0.00,0.00
02.02\2015\K2\1X,02_02-2015_05_14-09_00-K2-1X.jpeg,C:\Users\ASUS\Desktop\Ders\blg521\data\02.02\2015\K2\1X\02_02-2015_05_14-09_00-K2-1X.jpeg,TRUNCATED,JPEG missing standard EOI marker \xFF\xD9,0,0,0.00,0.00,0.00
02.02\2015\K2\1X,02_02-2015_05_16-10_00-K2-1X.jpeg,C:\Users\ASUS\Desktop\Ders\blg521\data\02.02\2015\K2\1X\02_02-2015_05_16-10_00-K2-1X.jpeg,TRUNCATED,JPEG missing standard EOI marker \xFF\xD9,0,0,0.00,0.00,0.00
02.02\2015\K2\1X,02_02-2015_05_17-10_00-K2-1X.jpeg,C:\Users\ASUS\Desktop\Ders\blg521\data\02.02\2015\K2\1X\02_02-2015_05_17-10_00-K2-1X.jpeg,TRUNCATED,JPEG missing standard EOI marker \xFF\xD9,0,0,0.00,0.00,0.00
02.02\2015\K2\1X,02_02-2015_05_19-10_00-K2-1X.jpeg,C:\Users\ASUS\Desktop\Ders\blg521\data\02.02\2015\K2\1X\02_02-2015_05_19-10_00-K2-1X.jpeg,TRUNCATED,JPEG missing standard EOI marker \xFF\xD9,0,0,0.00,0.00,0.00
02.02\2015\K2\1X,02_02-2015_05_21-10_00-K2-1X.jpeg,C:\Users\ASUS\Desktop\Ders\blg521\data\02.02\2015\K2\1X\02_02-2015_05_21-10_00-K2-1X.jpeg,TRUNCATED,JPEG missing standard EOI marker \xFF\xD9,0,0,0.00,0.00,0.00
02.02\2015\K2\1X,02_02-2015_05_22-10_00-K2-1X.jpeg,C:\Users\ASUS\Desktop\Ders\blg521\data\02.02\2015\K2\1X\02_02-2015_05_22-10_00-K2-1X.jpeg,TRUNCATED,JPEG missing standard EOI marker \xFF\xD9,0,0,0.00,0.00,0.00
02.02\2015\K2\1X,02_02-2015_05_23-11_15-K2-1X.jpeg,C:\Users\ASUS\Desktop\Ders\blg521\data\02.02\2015\K2\1X\02_02-2015_05_23-11_15-K2-1X.jpeg,TRUNCATED,JPEG missing standard EOI marker \xFF\xD9,0,0,0.00,0.00,0.00
02.02\2015\K2\1X,02_02-2015_05_27-10_00-K2-1X.jpeg,C:\Users\ASUS\Desktop\Ders\blg521\data\02.02\2015\K2\1X\02_02-2015_05_27-10_00-K2-1X.jpeg,TRUNCATED,JPEG missing standard EOI marker \xFF\xD9,0,0,0.00,0.00,0.00
02.02\2015\K2\1X,02_02-2015_05_29-10_00-K2-1X.jpeg,C:\Users\ASUS\Desktop\Ders\blg521\data\02.02\2015\K2\1X\02_02-2015_05_29-10_00-K2-1X.jpeg,TRUNCATED,JPEG missing standard EOI marker \xFF\xD9,0,0,0.00,0.00,0.00
02.02\2015\K2\1X,02_02-2015_05_31-10_04-K2-1X.jpeg,C:\Users\ASUS\Desktop\Ders\blg521\data\02.02\2015\K2\1X\02_02-2015_05_31-10_04-K2-1X.jpeg,TRUNCATED,JPEG missing standard EOI marker \xFF\xD9,0,0,0.00,0.00,0.00
02.02\2015\K2\1X,02_02-2015_06_01-10_04-K2-1X.jpeg,C:\Users\ASUS\Desktop\Ders\blg521\data\02.02\2015\K2\1X\02_02-2015_06_01-10_04-K2-1X.jpeg,TRUNCATED,JPEG missing standard EOI marker \xFF\xD9,0,0,0.00,0.00,0.00
02.02\2015\K2\1X,02_02-2015_06_04-10_00-K2-1X.jpeg,C:\Users\ASUS\Desktop\Ders\blg521\data\02.02\2015\K2\1X\02_02-2015_06_04-10_00-K2-1X.jpeg,TRUNCATED,JPEG missing standard EOI marker \xFF\xD9,0,0,0.00,0.00,0.00
02.02\2015\K2\1X,02_02-2015_06_05-10_00-K2-1X.jpeg,C:\Users\ASUS\Desktop\Ders\blg521\data\02.02\2015\K2\1X\02_02-2015_06_05-10_00-K2-1X.jpeg,TRUNCATED,JPEG missing standard EOI marker \xFF\xD9,0,0,0.00,0.00,0.00
02.02\2015\K2\1X,02_02-2015_06_06-10_00-K2-1X.jpeg,C:\Users\ASUS\Desktop\Ders\blg521\data\02.02\2015\K2\1X\02_02-2015_06_06-10_00-K2-1X.jpeg,TRUNCATED,JPEG missing standard EOI marker \xFF\xD9,0,0,0.00,0.00,0.00
02.02\2015\K2\1X,02_02-2015_06_08-10_00-K2-1X.jpeg,C:\Users\ASUS\Desktop\Ders\blg521\data\02.02\2015\K2\1X\02_02-2015_06_08-10_00-K2-1X.jpeg,TRUNCATED,JPEG missing standard EOI marker \xFF\xD9,0,0,0.00,0.00,0.00
02.02\2015\K2\1X,02_02-2015_06_09-10_00-K2-1X.jpeg,C:\Users\ASUS\Desktop\Ders\blg521\data\02.02\2015\K2\1X\02_02-2015_06_09-10_00-K2-1X.jpeg,TRUNCATED,JPEG missing standard EOI marker \xFF\xD9,0,0,0.00,0.00,0.00
02.02\2015\K2\1X,02_02-2015_06_10-10_00-K2-1X.jpeg,C:\Users\ASUS\Desktop\Ders\blg521\data\02.02\2015\K2\1X\02_02-2015_06_10-10_00-K2-1X.jpeg,TRUNCATED,JPEG missing standard EOI marker \xFF\xD9,0,0,0.00,0.00,0.00
02.03\2013\K1\10X,02_03-2013_02_27-09_13-K1-10X.jpeg,C:\Users\ASUS\Desktop\Ders\blg521\data\02.03\2013\K1\10X\02_03-2013_02_27-09_13-K1-10X.jpeg,BLURRED,Very blurry (Laplacian variance: 13.21),2288,1712,124.98,19.16,13.21
02.03\2013\K1\10X,02_03-2013_02_28-10_03-K1-10X.jpeg,C:\Users\ASUS\Desktop\Ders\blg521\data\02.03\2013\K1\10X\02_03-2013_02_28-10_03-K1-10X.jpeg,BLURRED,Very blurry (Laplacian variance: 9.33),2288,1712,114.48,10.46,9.33
02.03\2013\K1\10X,02_03-2013_03_01-08_27-K1-10X.jpeg,C:\Users\ASUS\Desktop\Ders\blg521\data\02.03\2013\K1\10X\02_03-2013_03_01-08_27-K1-10X.jpeg,BLURRED,Very blurry (Laplacian variance: 13.31),2288,1712,122.53,18.30,13.31
02.03\2013\K1\10X,02_03-2013_03_02-08_47-K1-10X.jpeg,C:\Users\ASUS\Desktop\Ders\blg521\data\02.03\2013\K1\10X\02_03-2013_03_02-08_47-K1-10X.jpeg,BLURRED,Very blurry (Laplacian variance: 13.85),2288,1712,125.35,18.59,13.85
02.03\2013\K1\10X,02_03-2013_03_03-10_10-K1-10X.jpeg,C:\Users\ASUS\Desktop\Ders\blg521\data\02.03\2013\K1\10X\02_03-2013_03_03-10_10-K1-10X.jpeg,BLURRED,Very blurry (Laplacian variance: 11.78),2288,1712,126.18,15.28,11.78
02.03\2013\K1\10X,02_03-2013_03_04-11_01-K1-10X.jpeg,C:\Users\ASUS\Desktop\Ders\blg521\data\02.03\2013\K1\10X\02_03-2013_03_04-11_01-K1-10X.jpeg,BLURRED,Very blurry (Laplacian variance: 12.46),2288,1712,123.99,14.64,12.46
02.03\2013\K1\10X,02_03-2013_03_06-10_06-K1-10X.jpeg,C:\Users\ASUS\Desktop\Ders\blg521\data\02.03\2013\K1\10X\02_03-2013_03_06-10_06-K1-10X.jpeg,BLURRED,Very blurry (Laplacian variance: 14.41),2288,1712,120.61,15.86,14.41
02.03\2013\K1\10X,02_03-2013_03_07-09_54-K1-10X.jpeg,C:\Users\ASUS\Desktop\Ders\blg521\data\02.03\2013\K1\10X\02_03-2013_03_07-09_54-K1-10X.jpeg,BLURRED,Very blurry (Laplacian variance: 14.42),2288,1712,121.26,16.77,14.42
02.03\2013\K1\10X,02_03-2013_03_08-09_30-K1-10X.jpeg,C:\Users\ASUS\Desktop\Ders\blg521\data\02.03\2013\K1\10X\02_03-2013_03_08-09_30-K1-10X.jpeg,BLURRED,Very blurry (Laplacian variance: 8.37),2288,1712,125.95,9.71,8.37
02.03\2013\K1\10X,02_03-2013_03_10-11_44-K1-10X.jpeg,C:\Users\ASUS\Desktop\Ders\blg521\data\02.03\2013\K1\10X\02_03-2013_03_10-11_44-K1-10X.jpeg,BLURRED,Very blurry (Laplacian variance: 13.31),2288,1712,119.06,13.57,13.31
02.03\2013\K1\10X,02_03-2013_03_11-09_55-K1-10X.jpeg,C:\Users\ASUS\Desktop\Ders\blg521\data\02.03\2013\K1\10X\02_03-2013_03_11-09_55-K1-10X.jpeg,BLURRED,Very blurry (Laplacian variance: 12.98),2288,1712,122.41,16.08,12.98
02.03\2013\K1\10X,02_03-2013_03_12-11_10-K1-10X.jpeg,C:\Users\ASUS\Desktop\Ders\blg521\data\02.03\2013\K1\10X\02_03-2013_03_12-11_10-K1-10X.jpeg,BLURRED,Very blurry (Laplacian variance: 10.50),2288,1712,111.41,11.97,10.50
02.03\2013\K1\10X,02_03-2013_03_13-10_29-K1-10X.jpeg,C:\Users\ASUS\Desktop\Ders\blg521\data\02.03\2013\K1\10X\02_03-2013_03_13-10_29-K1-10X.jpeg,BLURRED,Very blurry (Laplacian variance: 9.84),2288,1712,124.79,12.90,9.84
02.03\2013\K1\10X,02_03-2013_03_14-09_38-K1-10X.jpeg,C:\Users\ASUS\Desktop\Ders\blg521\data\02.03\2013\K1\10X\02_03-2013_03_14-09_38-K1-10X.jpeg,BLURRED,Very blurry (Laplacian variance: 12.80),2288,1712,124.48,16.07,12.80
02.03\2013\K1\10X,02_03-2013_03_15-11_01-K1-10X.jpeg,C:\Users\ASUS\Desktop\Ders\blg521\data\02.03\2013\K1\10X\02_03-2013_03_15-11_01-K1-10X.jpeg,BLURRED,Very blurry (Laplacian variance: 11.02),2288,1712,113.77,13.37,11.02
02.03\2013\K1\10X,02_03-2013_04_04-09_50-K1-10X.jpeg,C:\Users\ASUS\Desktop\Ders\blg521\data\02.03\2013\K1\10X\02_03-2013_04_04-09_50-K1-10X.jpeg,BLURRED,Very blurry (Laplacian variance: 15.26),2288,1712,112.91,15.78,15.26
02.03\2013\K1\10X,02_03-2013_04_08-09_08-K1-10X.jpeg,C:\Users\ASUS\Desktop\Ders\blg521\data\02.03\2013\K1\10X\02_03-2013_04_08-09_08-K1-10X.jpeg,BLURRED,Very blurry (Laplacian variance: 16.58),2288,1712,121.94,17.60,16.58
02.03\2013\K1\10X,02_03-2013_04_09-08_55-K1-10X.jpeg,C:\Users\ASUS\Desktop\Ders\blg521\data\02.03\2013\K1\10X\02_03-2013_04_09-08_55-K1-10X.jpeg,BLURRED,Very blurry (Laplacian variance: 9.87),2288,1712,124.97,13.53,9.87
02.03\2013\K1\10X,02_03-2013_04_10-09_43-K1-10X.jpeg,C:\Users\ASUS\Desktop\Ders\blg521\data\02.03\2013\K1\10X\02_03-2013_04_10-09_43-K1-10X.jpeg,BLURRED,Very blurry (Laplacian variance: 9.54),2288,1712,126.56,12.85,9.54
02.03\2013\K1\10X,02_03-2013_04_18-09_50-K1-10X.jpeg,C:\Users\ASUS\Desktop\Ders\blg521\data\02.03\2013\K1\10X\02_03-2013_04_18-09_50-K1-10X.jpeg,BLURRED,Very blurry (Laplacian variance: 31.38),2288,1712,119.55,17.41,31.38
02.03\2013\K1\10X,02_03-2013_04_19-10_09-K1-10X.jpeg,C:\Users\ASUS\Desktop\Ders\blg521\data\02.03\2013\K1\10X\02_03-2013_04_19-10_09-K1-10X.jpeg,BLURRED,Very blurry (Laplacian variance: 8.96),2288,1712,123.28,12.07,8.96
02.03\2013\K1\10X,02_03-2013_04_20-09_56-K1-10X.jpeg,C:\Users\ASUS\Desktop\Ders\blg521\data\02.03\2013\K1\10X\02_03-2013_04_20-09_56-K1-10X.jpeg,BLURRED,Very blurry (Laplacian variance: 8.70),2288,1712,123.02,11.67,8.70
02.03\2013\K1\10X,02_03-2013_09_06-10_06-K1-10X.jpeg,C:\Users\ASUS\Desktop\Ders\blg521\data\02.03\2013\K1\10X\02_03-2013_09_06-10_06-K1-10X.jpeg,BLURRED,Very blurry (Laplacian variance: 16.36),2288,1712,127.26,23.87,16.36
02.03\2013\K1\10X,02_03-2013_09_10-09_44-K1-10X.jpeg,C:\Users\ASUS\Desktop\Ders\blg521\data\02.03\2013\K1\10X\02_03-2013_09_10-09_44-K1-10X.jpeg,BLURRED,Very blurry (Laplacian variance: 39.49),2288,1712,122.63,25.84,39.49
02.03\2013\K1\10X,02_03-2013_09_26-10_04-K1-10X.jpeg,C:\Users\ASUS\Desktop\Ders\blg521\data\02.03\2013\K1\10X\02_03-2013_09_26-10_04-K1-10X.jpeg,BLURRED,Very blurry (Laplacian variance: 35.80),2288,1712,122.80,24.07,35.80
02.03\2013\K1\10X,02_03-2013_10_27-09_49-K1-10X.jpeg,C:\Users\ASUS\Desktop\Ders\blg521\data\02.03\2013\K1\10X\02_03-2013_10_27-09_49-K1-10X.jpeg,BLURRED,Very blurry (Laplacian variance: 23.69),2288,1712,120.79,21.51,23.69
02.03\2013\K1\10X,02_03-2013_10_28-09_53-K1-10X.jpeg,C:\Users\ASUS\Desktop\Ders\blg521\data\02.03\2013\K1\10X\02_03-2013_10_28-09_53-K1-10X.jpeg,BLURRED,Very blurry (Laplacian variance: 12.54),2288,1712,121.42,18.95,12.54
02.03\2013\K1\10X,02_03-2013_11_04-10_02-K1-10X.jpeg,C:\Users\ASUS\Desktop\Ders\blg521\data\02.03\2013\K1\10X\02_03-2013_11_04-10_02-K1-10X.jpeg,BLURRED,Very blurry (Laplacian variance: 13.27),2288,1712,128.26,16.16,13.27
02.03\2013\K1\10X,02_03-2013_11_05-10_19-K1-10X.jpeg,C:\Users\ASUS\Desktop\Ders\blg521\data\02.03\2013\K1\10X\02_03-2013_11_05-10_19-K1-10X.jpeg,BLURRED,Very blurry (Laplacian variance: 9.31),2288,1712,126.50,10.35,9.31
02.03\2013\K1\10X,02_03-2013_11_12-10_03-K1-10X.jpeg,C:\Users\ASUS\Desktop\Ders\blg521\data\02.03\2013\K1\10X\02_03-2013_11_12-10_03-K1-10X.jpeg,BLURRED,Very blurry (Laplacian variance: 20.03),2288,1712,131.64,14.40,20.03
02.03\2013\K1\10X,02_03-2013_11_13-09_45-K1-10X.jpeg,C:\Users\ASUS\Desktop\Ders\blg521\data\02.03\2013\K1\10X\02_03-2013_11_13-09_45-K1-10X.jpeg,BLURRED,Very blurry (Laplacian variance: 11.47),2288,1712,131.47,16.39,11.47
02.03\2013\K1\10X,02_03-2013_11_14-10_00-K1-10X.jpeg,C:\Users\ASUS\Desktop\Ders\blg521\data\02.03\2013\K1\10X\02_03-2013_11_14-10_00-K1-10X.jpeg,BLURRED,Very blurry (Laplacian variance: 12.33),2288,1712,127.01,20.35,12.33
02.03\2013\K1\10X,02_03-2013_12_09-09_48-K1-10X.jpeg,C:\Users\ASUS\Desktop\Ders\blg521\data\02.03\2013\K1\10X\02_03-2013_12_09-09_48-K1-10X.jpeg,BLURRED,Very blurry (Laplacian variance: 39.02),2288,1712,122.08,13.95,39.02
02.03\2013\K2\10X,02_03-2013_04_16-09_00-K2-10X.jpeg,C:\Users\ASUS\Desktop\Ders\blg521\data\02.03\2013\K2\10X\02_03-2013_04_16-09_00-K2-10X.jpeg,BLURRED,Very blurry (Laplacian variance: 22.35),2288,1712,122.45,19.26,22.35
02.03\2013\K2\10X,02_03-2013_07_13-09_57-K2-10X.jpeg,C:\Users\ASUS\Desktop\Ders\blg521\data\02.03\2013\K2\10X\02_03-2013_07_13-09_57-K2-10X.jpeg,BLURRED,Very blurry (Laplacian variance: 17.86),2288,1712,122.63,14.31,17.86
02.03\2013\K2\10X,02_03-2013_09_19-10_59-K2-10X.jpeg,C:\Users\ASUS\Desktop\Ders\blg521\data\02.03\2013\K2\10X\02_03-2013_09_19-10_59-K2-10X.jpeg,BLURRED,Very blurry (Laplacian variance: 15.86),2288,1712,122.77,11.65,15.86
02.03\2013\K2\1X,02_03-2013_03_01-10_06-K2-1X.jpeg,C:\Users\ASUS\Desktop\Ders\blg521\data\02.03\2013\K2\1X\02_03-2013_03_01-10_06-K2-1X.jpeg,BLURRED,Very blurry (Laplacian variance: 12.48),2288,1712,129.85,6.14,12.48
02.03\2014\K1\10X,02_03-2014_04_02-10_01-K1-10X.jpeg,C:\Users\ASUS\Desktop\Ders\blg521\data\02.03\2014\K1\10X\02_03-2014_04_02-10_01-K1-10X.jpeg,BLURRED,Very blurry (Laplacian variance: 17.33),2288,1712,124.30,19.32,17.33
02.03\2014\K1\10X,02_03-2014_04_05-09_56-K1-10X.jpeg,C:\Users\ASUS\Desktop\Ders\blg521\data\02.03\2014\K1\10X\02_03-2014_04_05-09_56-K1-10X.jpeg,BLURRED,Very blurry (Laplacian variance: 15.53),2288,1712,123.89,18.11,15.53
02.03\2014\K1\10X,02_03-2014_04_18-10_00-K1-10X.jpeg,C:\Users\ASUS\Desktop\Ders\blg521\data\02.03\2014\K1\10X\02_03-2014_04_18-10_00-K1-10X.jpeg,BLURRED,Very blurry (Laplacian variance: 15.11),2288,1712,123.22,13.67,15.11
02.03\2014\K1\10X,02_03-2014_06_16-09_00-K1-10X.jpeg,C:\Users\ASUS\Desktop\Ders\blg521\data\02.03\2014\K1\10X\02_03-2014_06_16-09_00-K1-10X.jpeg,BLURRED,Very blurry (Laplacian variance: 33.77),2288,1712,122.74,20.17,33.77
02.03\2014\K1\10X,02_03-2014_11_03-10_00-K1-10X.jpeg,C:\Users\ASUS\Desktop\Ders\blg521\data\02.03\2014\K1\10X\02_03-2014_11_03-10_00-K1-10X.jpeg,BLURRED,Very blurry (Laplacian variance: 33.18),2288,1712,126.56,18.53,33.18
02.03\2014\K1\10X,02_03-2014_11_26-10_31-K1-10X.jpeg,C:\Users\ASUS\Desktop\Ders\blg521\data\02.03\2014\K1\10X\02_03-2014_11_26-10_31-K1-10X.jpeg,BLURRED,Very blurry (Laplacian variance: 45.47),2288,1712,142.42,16.85,45.47
02.03\2014\K1\10X,02_03-2014_12_03-10_45-K1-10X.jpeg,C:\Users\ASUS\Desktop\Ders\blg521\data\02.03\2014\K1\10X\02_03-2014_12_03-10_45-K1-10X.jpeg,BLURRED,Very blurry (Laplacian variance: 10.81),2288,1712,129.36,14.44,10.81
02.03\2014\K1\10X,02_03-2014_12_05-10_00-K1-10X.jpeg,C:\Users\ASUS\Desktop\Ders\blg521\data\02.03\2014\K1\10X\02_03-2014_12_05-10_00-K1-10X.jpeg,BLURRED,Very blurry (Laplacian variance: 26.21),2288,1712,122.36,14.66,26.21
02.03\2014\K1\10X,02_03-2014_12_22-10_00-K1-10X.jpeg,C:\Users\ASUS\Desktop\Ders\blg521\data\02.03\2014\K1\10X\02_03-2014_12_22-10_00-K1-10X.jpeg,BLURRED,Very blurry (Laplacian variance: 43.48),2288,1712,122.40,16.37,43.48
02.03\2014\K1\1X,02_03-2014_12_28-10_00-K1-1X.jpeg,C:\Users\ASUS\Desktop\Ders\blg521\data\02.03\2014\K1\1X\02_03-2014_12_28-10_00-K1-1X.jpeg,BLURRED,Very blurry (Laplacian variance: 8.94),2288,1712,138.10,16.79,8.94
02.03\2014\K2\10X,02_03-2014_10_27-10_00-K2-10X.jpeg,C:\Users\ASUS\Desktop\Ders\blg521\data\02.03\2014\K2\10X\02_03-2014_10_27-10_00-K2-10X.jpeg,BLURRED,Very blurry (Laplacian variance: 7.08),2288,1712,112.12,8.33,7.08
02.03\2014\K2\10X,02_03-2014_11_27-10_00-K2-10X.jpeg,C:\Users\ASUS\Desktop\Ders\blg521\data\02.03\2014\K2\10X\02_03-2014_11_27-10_00-K2-10X.jpeg,BLURRED,Very blurry (Laplacian variance: 7.25),2288,1712,110.10,6.27,7.25
02.03\2014\K2\10X,02_03-2014_11_28-10_00-K2-10X.jpeg,C:\Users\ASUS\Desktop\Ders\blg521\data\02.03\2014\K2\10X\02_03-2014_11_28-10_00-K2-10X.jpeg,BLURRED,Very blurry (Laplacian variance: 7.37),2288,1712,106.76,6.39,7.37
02.03\2014\K2\1X,02_03-2014_01_24-10_04-K2-1X.jpeg,C:\Users\ASUS\Desktop\Ders\blg521\data\02.03\2014\K2\1X\02_03-2014_01_24-10_04-K2-1X.jpeg,BLURRED,Very blurry (Laplacian variance: 37.01),2288,1712,124.86,39.89,37.01
02.03\2014\K2\1X,02_03-2014_01_27-09_51-K2-1X.jpeg,C:\Users\ASUS\Desktop\Ders\blg521\data\02.03\2014\K2\1X\02_03-2014_01_27-09_51-K2-1X.jpeg,BLURRED,Very blurry (Laplacian variance: 34.92),2288,1712,130.49,21.92,34.92
02.03\2014\K2\1X,02_03-2014_04_15-09_55-K2-1X.jpeg,C:\Users\ASUS\Desktop\Ders\blg521\data\02.03\2014\K2\1X\02_03-2014_04_15-09_55-K2-1X.jpeg,BLURRED,Very blurry (Laplacian variance: 18.91),2288,1712,139.09,27.24,18.91
02.03\2014\K2\1X,02_03-2014_10_27-10_00-K2-1X.jpeg,C:\Users\ASUS\Desktop\Ders\blg521\data\02.03\2014\K2\1X\02_03-2014_10_27-10_00-K2-1X.jpeg,BLURRED,Very blurry (Laplacian variance: 7.07),2288,1712,112.88,8.39,7.07
02.03\2014\K2\1X,02_03-2014_11_27-10_00-K2-1X.jpeg,C:\Users\ASUS\Desktop\Ders\blg521\data\02.03\2014\K2\1X\02_03-2014_11_27-10_00-K2-1X.jpeg,BLURRED,Very blurry (Laplacian variance: 30.74),2288,1712,104.70,25.19,30.74
02.03\2014\K2\1X,02_03-2014_11_28-10_00-K2-1X.jpeg,C:\Users\ASUS\Desktop\Ders\blg521\data\02.03\2014\K2\1X\02_03-2014_11_28-10_00-K2-1X.jpeg,BLURRED,Very blurry (Laplacian variance: 7.58),2288,1712,111.47,17.94,7.58
02.03\2015\K1\10X,02_03-2015_01_06-10_54-K1-10X.jpeg,C:\Users\ASUS\Desktop\Ders\blg521\data\02.03\2015\K1\10X\02_03-2015_01_06-10_54-K1-10X.jpeg,BLURRED,Very blurry (Laplacian variance: 19.55),2288,1712,120.90,13.95,19.55
02.03\2015\K1\10X,02_03-2015_02_05-10_00-K1-10X.jpeg,C:\Users\ASUS\Desktop\Ders\blg521\data\02.03\2015\K1\10X\02_03-2015_02_05-10_00-K1-10X.jpeg,TRUNCATED,JPEG missing standard EOI marker \xFF\xD9,0,0,0.00,0.00,0.00
02.03\2015\K1\10X,02_03-2015_02_06-09_30-K1-10X.jpeg,C:\Users\ASUS\Desktop\Ders\blg521\data\02.03\2015\K1\10X\02_03-2015_02_06-09_30-K1-10X.jpeg,TRUNCATED,JPEG missing standard EOI marker \xFF\xD9,0,0,0.00,0.00,0.00
02.03\2015\K1\10X,02_03-2015_02_08-10_00-K1-10X.jpeg,C:\Users\ASUS\Desktop\Ders\blg521\data\02.03\2015\K1\10X\02_03-2015_02_08-10_00-K1-10X.jpeg,TRUNCATED,JPEG missing standard EOI marker \xFF\xD9,0,0,0.00,0.00,0.00
02.03\2015\K1\10X,02_03-2015_02_10-10_00-K1-10X.jpeg,C:\Users\ASUS\Desktop\Ders\blg521\data\02.03\2015\K1\10X\02_03-2015_02_10-10_00-K1-10X.jpeg,TRUNCATED,JPEG missing standard EOI marker \xFF\xD9,0,0,0.00,0.00,0.00
02.03\2015\K1\10X,02_03-2015_02_11-10_30-K1-10X.jpeg,C:\Users\ASUS\Desktop\Ders\blg521\data\02.03\2015\K1\10X\02_03-2015_02_11-10_30-K1-10X.jpeg,TRUNCATED,JPEG missing standard EOI marker \xFF\xD9,0,0,0.00,0.00,0.00
02.03\2015\K1\10X,02_03-2015_02_13-09_30-K1-10X.jpeg,C:\Users\ASUS\Desktop\Ders\blg521\data\02.03\2015\K1\10X\02_03-2015_02_13-09_30-K1-10X.jpeg,TRUNCATED,JPEG missing standard EOI marker \xFF\xD9,0,0,0.00,0.00,0.00
02.03\2015\K1\10X,02_03-2015_02_14-11_00-K1-10X.jpeg,C:\Users\ASUS\Desktop\Ders\blg521\data\02.03\2015\K1\10X\02_03-2015_02_14-11_00-K1-10X.jpeg,TRUNCATED,JPEG missing standard EOI marker \xFF\xD9,0,0,0.00,0.00,0.00
02.03\2015\K1\10X,02_03-2015_02_17-10_00-K1-10X.jpeg,C:\Users\ASUS\Desktop\Ders\blg521\data\02.03\2015\K1\10X\02_03-2015_02_17-10_00-K1-10X.jpeg,TRUNCATED,JPEG missing standard EOI marker \xFF\xD9,0,0,0.00,0.00,0.00
02.03\2015\K1\10X,02_03-2015_02_18-10_30-K1-10X.jpeg,C:\Users\ASUS\Desktop\Ders\blg521\data\02.03\2015\K1\10X\02_03-2015_02_18-10_30-K1-10X.jpeg,TRUNCATED,JPEG missing standard EOI marker \xFF\xD9,0,0,0.00,0.00,0.00
02.03\2015\K1\10X,02_03-2015_02_19-10_00-K1-10X.jpeg,C:\Users\ASUS\Desktop\Ders\blg521\data\02.03\2015\K1\10X\02_03-2015_02_19-10_00-K1-10X.jpeg,TRUNCATED,JPEG missing standard EOI marker \xFF\xD9,0,0,0.00,0.00,0.00
02.03\2015\K1\10X,02_03-2015_02_20-10_00-K1-10X.jpeg,C:\Users\ASUS\Desktop\Ders\blg521\data\02.03\2015\K1\10X\02_03-2015_02_20-10_00-K1-10X.jpeg,TRUNCATED,JPEG missing standard EOI marker \xFF\xD9,0,0,0.00,0.00,0.00
02.03\2015\K1\10X,02_03-2015_02_21-10_30-K1-10X.jpeg,C:\Users\ASUS\Desktop\Ders\blg521\data\02.03\2015\K1\10X\02_03-2015_02_21-10_30-K1-10X.jpeg,TRUNCATED,JPEG missing standard EOI marker \xFF\xD9,0,0,0.00,0.00,0.00
02.03\2015\K1\10X,02_03-2015_02_22-10_06-K1-10X.jpeg,C:\Users\ASUS\Desktop\Ders\blg521\data\02.03\2015\K1\10X\02_03-2015_02_22-10_06-K1-10X.jpeg,TRUNCATED,JPEG missing standard EOI marker \xFF\xD9,0,0,0.00,0.00,0.00
02.03\2015\K1\10X,02_03-2015_02_23-10_07-K1-10X.jpeg,C:\Users\ASUS\Desktop\Ders\blg521\data\02.03\2015\K1\10X\02_03-2015_02_23-10_07-K1-10X.jpeg,TRUNCATED,JPEG missing standard EOI marker \xFF\xD9,0,0,0.00,0.00,0.00
02.03\2015\K1\10X,02_03-2015_02_24-10_07-K1-10X.jpeg,C:\Users\ASUS\Desktop\Ders\blg521\data\02.03\2015\K1\10X\02_03-2015_02_24-10_07-K1-10X.jpeg,TRUNCATED,JPEG missing standard EOI marker \xFF\xD9,0,0,0.00,0.00,0.00
02.03\2015\K1\10X,02_03-2015_02_25-09_00-K1-10X.jpeg,C:\Users\ASUS\Desktop\Ders\blg521\data\02.03\2015\K1\10X\02_03-2015_02_25-09_00-K1-10X.jpeg,TRUNCATED,JPEG missing standard EOI marker \xFF\xD9,0,0,0.00,0.00,0.00
02.03\2015\K1\10X,02_03-2015_02_26-10_00-K1-10X.jpeg,C:\Users\ASUS\Desktop\Ders\blg521\data\02.03\2015\K1\10X\02_03-2015_02_26-10_00-K1-10X.jpeg,TRUNCATED,JPEG missing standard EOI marker \xFF\xD9,0,0,0.00,0.00,0.00
02.03\2015\K1\10X,02_03-2015_02_28-10_00-K1-10X.jpeg,C:\Users\ASUS\Desktop\Ders\blg521\data\02.03\2015\K1\10X\02_03-2015_02_28-10_00-K1-10X.jpeg,TRUNCATED,JPEG missing standard EOI marker \xFF\xD9,0,0,0.00,0.00,0.00
02.03\2015\K1\10X,02_03-2015_03_01-10_00-K1-10X.jpeg,C:\Users\ASUS\Desktop\Ders\blg521\data\02.03\2015\K1\10X\02_03-2015_03_01-10_00-K1-10X.jpeg,TRUNCATED,JPEG missing standard EOI marker \xFF\xD9,0,0,0.00,0.00,0.00
02.03\2015\K1\10X,02_03-2015_03_04-10_00-K1-10X.jpeg,C:\Users\ASUS\Desktop\Ders\blg521\data\02.03\2015\K1\10X\02_03-2015_03_04-10_00-K1-10X.jpeg,TRUNCATED,JPEG missing standard EOI marker \xFF\xD9,0,0,0.00,0.00,0.00
02.03\2015\K1\10X,02_03-2015_03_05-09_30-K1-10X.jpeg,C:\Users\ASUS\Desktop\Ders\blg521\data\02.03\2015\K1\10X\02_03-2015_03_05-09_30-K1-10X.jpeg,TRUNCATED,JPEG missing standard EOI marker \xFF\xD9,0,0,0.00,0.00,0.00
02.03\2015\K1\10X,02_03-2015_03_06-10_00-K1-10X.jpeg,C:\Users\ASUS\Desktop\Ders\blg521\data\02.03\2015\K1\10X\02_03-2015_03_06-10_00-K1-10X.jpeg,TRUNCATED,JPEG missing standard EOI marker \xFF\xD9,0,0,0.00,0.00,0.00
02.03\2015\K1\10X,02_03-2015_03_10-10_00-K1-10X.jpeg,C:\Users\ASUS\Desktop\Ders\blg521\data\02.03\2015\K1\10X\02_03-2015_03_10-10_00-K1-10X.jpeg,TRUNCATED,JPEG missing standard EOI marker \xFF\xD9,0,0,0.00,0.00,0.00
02.03\2015\K1\10X,02_03-2015_03_12-10_00-K1-10X.jpeg,C:\Users\ASUS\Desktop\Ders\blg521\data\02.03\2015\K1\10X\02_03-2015_03_12-10_00-K1-10X.jpeg,TRUNCATED,JPEG missing standard EOI marker \xFF\xD9,0,0,0.00,0.00,0.00
02.03\2015\K1\10X,02_03-2015_03_14-10_00-K1-10X.jpeg,C:\Users\ASUS\Desktop\Ders\blg521\data\02.03\2015\K1\10X\02_03-2015_03_14-10_00-K1-10X.jpeg,TRUNCATED,JPEG missing standard EOI marker \xFF\xD9,0,0,0.00,0.00,0.00
02.03\2015\K1\10X,02_03-2015_03_16-11_00-K1-10X.jpeg,C:\Users\ASUS\Desktop\Ders\blg521\data\02.03\2015\K1\10X\02_03-2015_03_16-11_00-K1-10X.jpeg,TRUNCATED,JPEG missing standard EOI marker \xFF\xD9,0,0,0.00,0.00,0.00
02.03\2015\K1\10X,02_03-2015_03_19-10_00-K1-10X.jpeg,C:\Users\ASUS\Desktop\Ders\blg521\data\02.03\2015\K1\10X\02_03-2015_03_19-10_00-K1-10X.jpeg,TRUNCATED,JPEG missing standard EOI marker \xFF\xD9,0,0,0.00,0.00,0.00
02.03\2015\K1\10X,02_03-2015_03_20-10_06-K1-10X.jpeg,C:\Users\ASUS\Desktop\Ders\blg521\data\02.03\2015\K1\10X\02_03-2015_03_20-10_06-K1-10X.jpeg,TRUNCATED,JPEG missing standard EOI marker \xFF\xD9,0,0,0.00,0.00,0.00
02.03\2015\K1\10X,02_03-2015_03_22-10_00-K1-10X.jpeg,C:\Users\ASUS\Desktop\Ders\blg521\data\02.03\2015\K1\10X\02_03-2015_03_22-10_00-K1-10X.jpeg,TRUNCATED,JPEG missing standard EOI marker \xFF\xD9,0,0,0.00,0.00,0.00
02.03\2015\K1\10X,02_03-2015_03_23-10_00-K1-10X.jpeg,C:\Users\ASUS\Desktop\Ders\blg521\data\02.03\2015\K1\10X\02_03-2015_03_23-10_00-K1-10X.jpeg,TRUNCATED,JPEG missing standard EOI marker \xFF\xD9,0,0,0.00,0.00,0.00
02.03\2015\K1\10X,02_03-2015_03_24-10_00-K1-10X.jpeg,C:\Users\ASUS\Desktop\Ders\blg521\data\02.03\2015\K1\10X\02_03-2015_03_24-10_00-K1-10X.jpeg,TRUNCATED,JPEG missing standard EOI marker \xFF\xD9,0,0,0.00,0.00,0.00
02.03\2015\K1\10X,02_03-2015_03_25-10_51-K1-10X.jpeg,C:\Users\ASUS\Desktop\Ders\blg521\data\02.03\2015\K1\10X\02_03-2015_03_25-10_51-K1-10X.jpeg,TRUNCATED,JPEG missing standard EOI marker \xFF\xD9,0,0,0.00,0.00,0.00
02.03\2015\K1\10X,02_03-2015_03_26-10_26-K1-10X.jpeg,C:\Users\ASUS\Desktop\Ders\blg521\data\02.03\2015\K1\10X\02_03-2015_03_26-10_26-K1-10X.jpeg,TRUNCATED,JPEG missing standard EOI marker \xFF\xD9,0,0,0.00,0.00,0.00
02.03\2015\K1\10X,02_03-2015_03_27-10_00-K1-10X.jpeg,C:\Users\ASUS\Desktop\Ders\blg521\data\02.03\2015\K1\10X\02_03-2015_03_27-10_00-K1-10X.jpeg,TRUNCATED,JPEG missing standard EOI marker \xFF\xD9,0,0,0.00,0.00,0.00
02.03\2015\K1\10X,02_03-2015_03_28-09_00-K1-10X.jpeg,C:\Users\ASUS\Desktop\Ders\blg521\data\02.03\2015\K1\10X\02_03-2015_03_28-09_00-K1-10X.jpeg,TRUNCATED,JPEG missing standard EOI marker \xFF\xD9,0,0,0.00,0.00,0.00
02.03\2015\K1\10X,02_03-2015_03_29-10_00-K1-10X.jpeg,C:\Users\ASUS\Desktop\Ders\blg521\data\02.03\2015\K1\10X\02_03-2015_03_29-10_00-K1-10X.jpeg,TRUNCATED,JPEG missing standard EOI marker \xFF\xD9,0,0,0.00,0.00,0.00
02.03\2015\K1\10X,02_03-2015_03_30-08_30-K1-10X.jpeg,C:\Users\ASUS\Desktop\Ders\blg521\data\02.03\2015\K1\10X\02_03-2015_03_30-08_30-K1-10X.jpeg,TRUNCATED,JPEG missing standard EOI marker \xFF\xD9,0,0,0.00,0.00,0.00
02.03\2015\K1\10X,02_03-2015_04_04-10_00-K1-10X.jpeg,C:\Users\ASUS\Desktop\Ders\blg521\data\02.03\2015\K1\10X\02_03-2015_04_04-10_00-K1-10X.jpeg,TRUNCATED,JPEG missing standard EOI marker \xFF\xD9,0,0,0.00,0.00,0.00
02.03\2015\K1\10X,02_03-2015_04_05-09_00-K1-10X.jpeg,C:\Users\ASUS\Desktop\Ders\blg521\data\02.03\2015\K1\10X\02_03-2015_04_05-09_00-K1-10X.jpeg,TRUNCATED,JPEG missing standard EOI marker \xFF\xD9,0,0,0.00,0.00,0.00
02.03\2015\K1\10X,02_03-2015_04_06-10_00-K1-10X.jpeg,C:\Users\ASUS\Desktop\Ders\blg521\data\02.03\2015\K1\10X\02_03-2015_04_06-10_00-K1-10X.jpeg,TRUNCATED,JPEG missing standard EOI marker \xFF\xD9,0,0,0.00,0.00,0.00
02.03\2015\K1\10X,02_03-2015_04_07-10_00-K1-10X.jpeg,C:\Users\ASUS\Desktop\Ders\blg521\data\02.03\2015\K1\10X\02_03-2015_04_07-10_00-K1-10X.jpeg,TRUNCATED,JPEG missing standard EOI marker \xFF\xD9,0,0,0.00,0.00,0.00
02.03\2015\K1\10X,02_03-2015_04_08-10_00-K1-10X.jpeg,C:\Users\ASUS\Desktop\Ders\blg521\data\02.03\2015\K1\10X\02_03-2015_04_08-10_00-K1-10X.jpeg,TRUNCATED,JPEG missing standard EOI marker \xFF\xD9,0,0,0.00,0.00,0.00
02.03\2015\K1\10X,02_03-2015_04_09-10_00-K1-10X.jpeg,C:\Users\ASUS\Desktop\Ders\blg521\data\02.03\2015\K1\10X\02_03-2015_04_09-10_00-K1-10X.jpeg,TRUNCATED,JPEG missing standard EOI marker \xFF\xD9,0,0,0.00,0.00,0.00
02.03\2015\K1\10X,02_03-2015_04_10-10_00-K1-10X.jpeg,C:\Users\ASUS\Desktop\Ders\blg521\data\02.03\2015\K1\10X\02_03-2015_04_10-10_00-K1-10X.jpeg,TRUNCATED,JPEG missing standard EOI marker \xFF\xD9,0,0,0.00,0.00,0.00
02.03\2015\K1\10X,02_03-2015_04_11-11_49-K1-10X.jpeg,C:\Users\ASUS\Desktop\Ders\blg521\data\02.03\2015\K1\10X\02_03-2015_04_11-11_49-K1-10X.jpeg,BLURRED,Very blurry (Laplacian variance: 13.91),2288,1712,120.55,17.31,13.91
02.03\2015\K1\10X,02_03-2015_04_13-10_00-K1-10X.jpeg,C:\Users\ASUS\Desktop\Ders\blg521\data\02.03\2015\K1\10X\02_03-2015_04_13-10_00-K1-10X.jpeg,TRUNCATED,JPEG missing standard EOI marker \xFF\xD9,0,0,0.00,0.00,0.00
02.03\2015\K1\10X,02_03-2015_04_16-10_00-K1-10X.jpeg,C:\Users\ASUS\Desktop\Ders\blg521\data\02.03\2015\K1\10X\02_03-2015_04_16-10_00-K1-10X.jpeg,TRUNCATED,JPEG missing standard EOI marker \xFF\xD9,0,0,0.00,0.00,0.00
02.03\2015\K1\10X,02_03-2015_04_18-10_00-K1-10X.jpeg,C:\Users\ASUS\Desktop\Ders\blg521\data\02.03\2015\K1\10X\02_03-2015_04_18-10_00-K1-10X.jpeg,TRUNCATED,JPEG missing standard EOI marker \xFF\xD9,0,0,0.00,0.00,0.00
02.03\2015\K1\10X,02_03-2015_04_24-10_00-K1-10X.jpeg,C:\Users\ASUS\Desktop\Ders\blg521\data\02.03\2015\K1\10X\02_03-2015_04_24-10_00-K1-10X.jpeg,TRUNCATED,JPEG missing standard EOI marker \xFF\xD9,0,0,0.00,0.00,0.00
02.03\2015\K1\10X,02_03-2015_04_25-11_32-K1-10X.jpeg,C:\Users\ASUS\Desktop\Ders\blg521\data\02.03\2015\K1\10X\02_03-2015_04_25-11_32-K1-10X.jpeg,TRUNCATED,JPEG missing standard EOI marker \xFF\xD9,0,0,0.00,0.00,0.00
02.03\2015\K1\10X,02_03-2015_04_26-11_30-K1-10X.jpeg,C:\Users\ASUS\Desktop\Ders\blg521\data\02.03\2015\K1\10X\02_03-2015_04_26-11_30-K1-10X.jpeg,TRUNCATED,JPEG missing standard EOI marker \xFF\xD9,0,0,0.00,0.00,0.00
02.03\2015\K1\10X,02_03-2015_04_27-11_07-K1-10X.jpeg,C:\Users\ASUS\Desktop\Ders\blg521\data\02.03\2015\K1\10X\02_03-2015_04_27-11_07-K1-10X.jpeg,TRUNCATED,JPEG missing standard EOI marker \xFF\xD9,0,0,0.00,0.00,0.00
02.03\2015\K1\10X,02_03-2015_04_28-10_00-K1-10X.jpeg,C:\Users\ASUS\Desktop\Ders\blg521\data\02.03\2015\K1\10X\02_03-2015_04_28-10_00-K1-10X.jpeg,TRUNCATED,JPEG missing standard EOI marker \xFF\xD9,0,0,0.00,0.00,0.00
02.03\2015\K1\10X,02_03-2015_04_29-10_12-K1-10X.jpeg,C:\Users\ASUS\Desktop\Ders\blg521\data\02.03\2015\K1\10X\02_03-2015_04_29-10_12-K1-10X.jpeg,TRUNCATED,JPEG missing standard EOI marker \xFF\xD9,0,0,0.00,0.00,0.00
02.03\2015\K1\10X,02_03-2015_04_30-08_30-K1-10X.jpeg,C:\Users\ASUS\Desktop\Ders\blg521\data\02.03\2015\K1\10X\02_03-2015_04_30-08_30-K1-10X.jpeg,TRUNCATED,JPEG missing standard EOI marker \xFF\xD9,0,0,0.00,0.00,0.00
02.03\2015\K1\10X,02_03-2015_05_05-10_55-K1-10X.jpeg,C:\Users\ASUS\Desktop\Ders\blg521\data\02.03\2015\K1\10X\02_03-2015_05_05-10_55-K1-10X.jpeg,TRUNCATED,JPEG missing standard EOI marker \xFF\xD9,0,0,0.00,0.00,0.00
02.03\2015\K1\10X,02_03-2015_05_06-10_00-K1-10X.jpeg,C:\Users\ASUS\Desktop\Ders\blg521\data\02.03\2015\K1\10X\02_03-2015_05_06-10_00-K1-10X.jpeg,TRUNCATED,JPEG missing standard EOI marker \xFF\xD9,0,0,0.00,0.00,0.00
02.03\2015\K1\10X,02_03-2015_05_09-10_00-K1-10X.jpeg,C:\Users\ASUS\Desktop\Ders\blg521\data\02.03\2015\K1\10X\02_03-2015_05_09-10_00-K1-10X.jpeg,TRUNCATED,JPEG missing standard EOI marker \xFF\xD9,0,0,0.00,0.00,0.00
02.03\2015\K1\10X,02_03-2015_05_11-10_00-K1-10X.jpeg,C:\Users\ASUS\Desktop\Ders\blg521\data\02.03\2015\K1\10X\02_03-2015_05_11-10_00-K1-10X.jpeg,TRUNCATED,JPEG missing standard EOI marker \xFF\xD9,0,0,0.00,0.00,0.00
02.03\2015\K1\10X,02_03-2015_05_12-10_21-K1-10X.jpeg,C:\Users\ASUS\Desktop\Ders\blg521\data\02.03\2015\K1\10X\02_03-2015_05_12-10_21-K1-10X.jpeg,TRUNCATED,JPEG missing standard EOI marker \xFF\xD9,0,0,0.00,0.00,0.00
02.03\2015\K1\10X,02_03-2015_05_15-08_30-K1-10X.jpeg,C:\Users\ASUS\Desktop\Ders\blg521\data\02.03\2015\K1\10X\02_03-2015_05_15-08_30-K1-10X.jpeg,TRUNCATED,JPEG missing standard EOI marker \xFF\xD9,0,0,0.00,0.00,0.00
02.03\2015\K1\10X,02_03-2015_05_19-08_00-K1-10X.jpeg,C:\Users\ASUS\Desktop\Ders\blg521\data\02.03\2015\K1\10X\02_03-2015_05_19-08_00-K1-10X.jpeg,TRUNCATED,JPEG missing standard EOI marker \xFF\xD9,0,0,0.00,0.00,0.00
02.03\2015\K1\10X,02_03-2015_05_20-08_30-K1-10X.jpeg,C:\Users\ASUS\Desktop\Ders\blg521\data\02.03\2015\K1\10X\02_03-2015_05_20-08_30-K1-10X.jpeg,TRUNCATED,JPEG missing standard EOI marker \xFF\xD9,0,0,0.00,0.00,0.00
02.03\2015\K1\10X,02_03-2015_05_23-10_28-K1-10X.jpeg,C:\Users\ASUS\Desktop\Ders\blg521\data\02.03\2015\K1\10X\02_03-2015_05_23-10_28-K1-10X.jpeg,TRUNCATED,JPEG missing standard EOI marker \xFF\xD9,0,0,0.00,0.00,0.00
02.03\2015\K1\10X,02_03-2015_05_26-09_00-K1-10X.jpeg,C:\Users\ASUS\Desktop\Ders\blg521\data\02.03\2015\K1\10X\02_03-2015_05_26-09_00-K1-10X.jpeg,TRUNCATED,JPEG missing standard EOI marker \xFF\xD9,0,0,0.00,0.00,0.00
02.03\2015\K1\10X,02_03-2015_05_27-10_00-K1-10X.jpeg,C:\Users\ASUS\Desktop\Ders\blg521\data\02.03\2015\K1\10X\02_03-2015_05_27-10_00-K1-10X.jpeg,TRUNCATED,JPEG missing standard EOI marker \xFF\xD9,0,0,0.00,0.00,0.00
02.03\2015\K1\10X,02_03-2015_05_31-10_25-K1-10X.jpeg,C:\Users\ASUS\Desktop\Ders\blg521\data\02.03\2015\K1\10X\02_03-2015_05_31-10_25-K1-10X.jpeg,TRUNCATED,JPEG missing standard EOI marker \xFF\xD9,0,0,0.00,0.00,0.00
02.03\2015\K1\10X,02_03-2015_06_01-11_30-K1-10X.jpeg,C:\Users\ASUS\Desktop\Ders\blg521\data\02.03\2015\K1\10X\02_03-2015_06_01-11_30-K1-10X.jpeg,TRUNCATED,JPEG missing standard EOI marker \xFF\xD9,0,0,0.00,0.00,0.00
02.03\2015\K1\10X,02_03-2015_06_02-10_00-K1-10X.jpeg,C:\Users\ASUS\Desktop\Ders\blg521\data\02.03\2015\K1\10X\02_03-2015_06_02-10_00-K1-10X.jpeg,TRUNCATED,JPEG missing standard EOI marker \xFF\xD9,0,0,0.00,0.00,0.00
02.03\2015\K1\10X,02_03-2015_06_03-10_30-K1-10X.jpeg,C:\Users\ASUS\Desktop\Ders\blg521\data\02.03\2015\K1\10X\02_03-2015_06_03-10_30-K1-10X.jpeg,TRUNCATED,JPEG missing standard EOI marker \xFF\xD9,0,0,0.00,0.00,0.00
02.03\2015\K1\10X,02_03-2015_06_05-10_30-K1-10X.jpeg,C:\Users\ASUS\Desktop\Ders\blg521\data\02.03\2015\K1\10X\02_03-2015_06_05-10_30-K1-10X.jpeg,TRUNCATED,JPEG missing standard EOI marker \xFF\xD9,0,0,0.00,0.00,0.00
02.03\2015\K1\10X,02_03-2015_06_06-09_00-K1-10X.jpeg,C:\Users\ASUS\Desktop\Ders\blg521\data\02.03\2015\K1\10X\02_03-2015_06_06-09_00-K1-10X.jpeg,TRUNCATED,JPEG missing standard EOI marker \xFF\xD9,0,0,0.00,0.00,0.00
02.03\2015\K1\10X,02_03-2015_06_08-10_00-K1-10X.jpeg,C:\Users\ASUS\Desktop\Ders\blg521\data\02.03\2015\K1\10X\02_03-2015_06_08-10_00-K1-10X.jpeg,TRUNCATED,JPEG missing standard EOI marker \xFF\xD9,0,0,0.00,0.00,0.00
02.03\2015\K1\10X,02_03-2015_06_09-10_00-K1-10X.jpeg,C:\Users\ASUS\Desktop\Ders\blg521\data\02.03\2015\K1\10X\02_03-2015_06_09-10_00-K1-10X.jpeg,TRUNCATED,JPEG missing standard EOI marker \xFF\xD9,0,0,0.00,0.00,0.00
02.03\2015\K1\10X,02_03-2015_06_10-10_00-K1-10X.jpeg,C:\Users\ASUS\Desktop\Ders\blg521\data\02.03\2015\K1\10X\02_03-2015_06_10-10_00-K1-10X.jpeg,TRUNCATED,JPEG missing standard EOI marker \xFF\xD9,0,0,0.00,0.00,0.00
02.03\2015\K1\10X,02_03-2015_07_07-10_00-K1-10X.jpeg,C:\Users\ASUS\Desktop\Ders\blg521\data\02.03\2015\K1\10X\02_03-2015_07_07-10_00-K1-10X.jpeg,BLURRED,Very blurry (Laplacian variance: 24.67),2288,1712,121.59,25.59,24.67
02.03\2015\K1\10X,02_03-2015_07_11-10_00-K1-10X.jpeg,C:\Users\ASUS\Desktop\Ders\blg521\data\02.03\2015\K1\10X\02_03-2015_07_11-10_00-K1-10X.jpeg,BLURRED,Very blurry (Laplacian variance: 24.73),2288,1712,123.25,24.97,24.73
02.03\2015\K1\10X,02_03-2015_07_15-10_00-K1-10X.jpeg,C:\Users\ASUS\Desktop\Ders\blg521\data\02.03\2015\K1\10X\02_03-2015_07_15-10_00-K1-10X.jpeg,BLURRED,Very blurry (Laplacian variance: 19.87),2288,1712,122.80,21.81,19.87
02.03\2015\K1\10X,02_03-2015_07_21-09_30-K1-10X.jpeg,C:\Users\ASUS\Desktop\Ders\blg521\data\02.03\2015\K1\10X\02_03-2015_07_21-09_30-K1-10X.jpeg,BLURRED,Very blurry (Laplacian variance: 25.18),2288,1712,125.36,25.00,25.18
02.03\2015\K1\10X,02_03-2015_07_22-10_00-K1-10X.jpeg,C:\Users\ASUS\Desktop\Ders\blg521\data\02.03\2015\K1\10X\02_03-2015_07_22-10_00-K1-10X.jpeg,BLURRED,Very blurry (Laplacian variance: 34.42),2288,1712,121.38,25.30,34.42
02.03\2015\K1\10X,02_03-2015_07_24-10_00-K1-10X.jpeg,C:\Users\ASUS\Desktop\Ders\blg521\data\02.03\2015\K1\10X\02_03-2015_07_24-10_00-K1-10X.jpeg,BLURRED,Very blurry (Laplacian variance: 32.49),2288,1712,121.99,24.90,32.49
02.03\2015\K1\10X,02_03-2015_08_23-09_00-K1-10X.jpeg,C:\Users\ASUS\Desktop\Ders\blg521\data\02.03\2015\K1\10X\02_03-2015_08_23-09_00-K1-10X.jpeg,BLURRED,Very blurry (Laplacian variance: 11.34),2288,1712,126.37,25.34,11.34
02.03\2015\K1\10X,02_03-2015_08_25-09_30-K1-10X.jpeg,C:\Users\ASUS\Desktop\Ders\blg521\data\02.03\2015\K1\10X\02_03-2015_08_25-09_30-K1-10X.jpeg,BLURRED,Very blurry (Laplacian variance: 13.10),2288,1712,121.81,26.31,13.10
02.03\2015\K1\10X,02_03-2015_08_26-10_01-K1-10X.jpeg,C:\Users\ASUS\Desktop\Ders\blg521\data\02.03\2015\K1\10X\02_03-2015_08_26-10_01-K1-10X.jpeg,BLURRED,Very blurry (Laplacian variance: 14.13),2288,1712,133.44,29.81,14.13
02.03\2015\K1\10X,02_03-2015_08_27-10_02-K1-10X.jpeg,C:\Users\ASUS\Desktop\Ders\blg521\data\02.03\2015\K1\10X\02_03-2015_08_27-10_02-K1-10X.jpeg,BLURRED,Very blurry (Laplacian variance: 37.68),2288,1712,127.35,32.28,37.68
02.03\2015\K1\10X,02_03-2015_08_28-10_00-K1-10X.jpeg,C:\Users\ASUS\Desktop\Ders\blg521\data\02.03\2015\K1\10X\02_03-2015_08_28-10_00-K1-10X.jpeg,BLURRED,Very blurry (Laplacian variance: 13.70),2288,1712,128.71,28.59,13.70
02.03\2015\K1\10X,02_03-2015_08_29-10_00-K1-10X.jpeg,C:\Users\ASUS\Desktop\Ders\blg521\data\02.03\2015\K1\10X\02_03-2015_08_29-10_00-K1-10X.jpeg,BLURRED,Very blurry (Laplacian variance: 13.33),2288,1712,128.96,27.73,13.33
02.03\2015\K1\10X,02_03-2015_08_31-10_00-K1-10X.jpeg,C:\Users\ASUS\Desktop\Ders\blg521\data\02.03\2015\K1\10X\02_03-2015_08_31-10_00-K1-10X.jpeg,BLURRED,Very blurry (Laplacian variance: 15.29),2288,1712,126.85,27.13,15.29
02.03\2015\K1\10X,02_03-2015_09_04-10_16-K1-10X.jpeg,C:\Users\ASUS\Desktop\Ders\blg521\data\02.03\2015\K1\10X\02_03-2015_09_04-10_16-K1-10X.jpeg,BLURRED,Very blurry (Laplacian variance: 13.64),2288,1712,129.98,25.96,13.64
02.03\2015\K1\10X,02_03-2015_09_05-10_30-K1-10X.jpeg,C:\Users\ASUS\Desktop\Ders\blg521\data\02.03\2015\K1\10X\02_03-2015_09_05-10_30-K1-10X.jpeg,BLURRED,Very blurry (Laplacian variance: 11.84),2288,1712,130.47,20.63,11.84
02.03\2015\K1\10X,02_03-2015_09_09-11_04-K1-10X.jpeg,C:\Users\ASUS\Desktop\Ders\blg521\data\02.03\2015\K1\10X\02_03-2015_09_09-11_04-K1-10X.jpeg,BLURRED,Very blurry (Laplacian variance: 13.26),2288,1712,126.46,22.38,13.26
02.03\2015\K1\10X,02_03-2015_09_11-09_30-K1-10X.jpeg,C:\Users\ASUS\Desktop\Ders\blg521\data\02.03\2015\K1\10X\02_03-2015_09_11-09_30-K1-10X.jpeg,BLURRED,Very blurry (Laplacian variance: 10.29),2288,1712,130.59,20.32,10.29
02.03\2015\K1\10X,02_03-2015_09_12-10_00-K1-10X.jpeg,C:\Users\ASUS\Desktop\Ders\blg521\data\02.03\2015\K1\10X\02_03-2015_09_12-10_00-K1-10X.jpeg,BLURRED,Very blurry (Laplacian variance: 11.68),2288,1712,129.47,21.63,11.68
02.03\2015\K1\10X,02_03-2015_09_24-11_55-K1-10X.jpeg,C:\Users\ASUS\Desktop\Ders\blg521\data\02.03\2015\K1\10X\02_03-2015_09_24-11_55-K1-10X.jpeg,BLURRED,Very blurry (Laplacian variance: 15.90),2288,1712,126.41,14.31,15.90
02.03\2015\K1\10X,02_03-2015_10_21-09_30-K1-10X.jpeg,C:\Users\ASUS\Desktop\Ders\blg521\data\02.03\2015\K1\10X\02_03-2015_10_21-09_30-K1-10X.jpeg,BLURRED,Very blurry (Laplacian variance: 9.12),2288,1712,129.99,14.01,9.12
02.03\2015\K1\10X,02_03-2015_10_30-09_35-K1-10X.jpeg,C:\Users\ASUS\Desktop\Ders\blg521\data\02.03\2015\K1\10X\02_03-2015_10_30-09_35-K1-10X.jpeg,BLURRED,Very blurry (Laplacian variance: 9.22),2288,1712,133.50,16.69,9.22
02.03\2015\K1\10X,02_03-2015_11_01-10_15-K1-10X.jpeg,C:\Users\ASUS\Desktop\Ders\blg521\data\02.03\2015\K1\10X\02_03-2015_11_01-10_15-K1-10X.jpeg,BLURRED,Very blurry (Laplacian variance: 11.36),2288,1712,126.97,21.77,11.36
02.03\2015\K1\10X,02_03-2015_11_08-11_59-K1-10X.jpeg,C:\Users\ASUS\Desktop\Ders\blg521\data\02.03\2015\K1\10X\02_03-2015_11_08-11_59-K1-10X.jpeg,BLURRED,Very blurry (Laplacian variance: 12.89),2288,1712,125.52,23.86,12.89
02.03\2015\K1\10X,02_03-2015_11_18-10_00-K1-10X.jpeg,C:\Users\ASUS\Desktop\Ders\blg521\data\02.03\2015\K1\10X\02_03-2015_11_18-10_00-K1-10X.jpeg,BLURRED,Very blurry (Laplacian variance: 13.79),2288,1712,128.51,17.11,13.79
02.03\2015\K1\10X,02_03-2015_11_28-10_00-K1-10X.jpeg,C:\Users\ASUS\Desktop\Ders\blg521\data\02.03\2015\K1\10X\02_03-2015_11_28-10_00-K1-10X.jpeg,BLURRED,Very blurry (Laplacian variance: 9.34),2288,1712,127.82,13.28,9.34
02.03\2015\K1\10X,02_03-2015_12_03-10_00-K1-10X.jpeg,C:\Users\ASUS\Desktop\Ders\blg521\data\02.03\2015\K1\10X\02_03-2015_12_03-10_00-K1-10X.jpeg,BLURRED,Very blurry (Laplacian variance: 22.15),2288,1712,126.94,17.56,22.15
02.03\2015\K1\10X,02_03-2015_12_14-10_00-K1-10X.jpeg,C:\Users\ASUS\Desktop\Ders\blg521\data\02.03\2015\K1\10X\02_03-2015_12_14-10_00-K1-10X.jpeg,BLURRED,Very blurry (Laplacian variance: 11.63),2288,1712,134.33,16.94,11.63
02.03\2015\K1\10X,02_03-2015_12_15-10_00-K1-10X.jpeg,C:\Users\ASUS\Desktop\Ders\blg521\data\02.03\2015\K1\10X\02_03-2015_12_15-10_00-K1-10X.jpeg,BLURRED,Very blurry (Laplacian variance: 14.16),2288,1712,126.26,17.83,14.16
02.03\2015\K1\10X,02_03-2015_12_16-11_12-K1-10X.jpeg,C:\Users\ASUS\Desktop\Ders\blg521\data\02.03\2015\K1\10X\02_03-2015_12_16-11_12-K1-10X.jpeg,BLURRED,Very blurry (Laplacian variance: 12.64),2288,1712,131.41,18.15,12.64
02.03\2015\K1\10X,02_03-2015_12_20-10_00-K1-10X.jpeg,C:\Users\ASUS\Desktop\Ders\blg521\data\02.03\2015\K1\10X\02_03-2015_12_20-10_00-K1-10X.jpeg,BLURRED,Very blurry (Laplacian variance: 12.24),2288,1712,131.16,16.83,12.24
02.03\2015\K1\10X,02_03-2015_12_22-10_00-K1-10X.jpeg,C:\Users\ASUS\Desktop\Ders\blg521\data\02.03\2015\K1\10X\02_03-2015_12_22-10_00-K1-10X.jpeg,BLURRED,Very blurry (Laplacian variance: 13.74),2288,1712,128.32,18.27,13.74
02.03\2015\K1\10X,02_03-2015_12_24-10_00-K1-10X.jpeg,C:\Users\ASUS\Desktop\Ders\blg521\data\02.03\2015\K1\10X\02_03-2015_12_24-10_00-K1-10X.jpeg,BLURRED,Very blurry (Laplacian variance: 14.45),2288,1712,123.53,17.98,14.45
02.03\2015\K1\10X,02_03-2015_12_25-08_30-K1-10X.jpeg,C:\Users\ASUS\Desktop\Ders\blg521\data\02.03\2015\K1\10X\02_03-2015_12_25-08_30-K1-10X.jpeg,BLURRED,Very blurry (Laplacian variance: 12.31),2288,1712,125.90,16.44,12.31
02.03\2015\K1\10X,02_03-2015_12_26-10_00-K1-10X.jpeg,C:\Users\ASUS\Desktop\Ders\blg521\data\02.03\2015\K1\10X\02_03-2015_12_26-10_00-K1-10X.jpeg,BLURRED,Very blurry (Laplacian variance: 13.76),2288,1712,129.08,16.85,13.76
02.03\2015\K1\10X,02_03-2015_12_30-10_00-K1-10X.jpeg,C:\Users\ASUS\Desktop\Ders\blg521\data\02.03\2015\K1\10X\02_03-2015_12_30-10_00-K1-10X.jpeg,BLURRED,Very blurry (Laplacian variance: 12.41),2288,1712,128.72,16.58,12.41
02.03\2015\K1\1X,02_03-2015_01_18-10_00-K1-1X.jpeg,C:\Users\ASUS\Desktop\Ders\blg521\data\02.03\2015\K1\1X\02_03-2015_01_18-10_00-K1-1X.jpeg,BLURRED,Very blurry (Laplacian variance: 23.71),2288,1712,127.52,22.33,23.71
02.03\2015\K1\1X,02_03-2015_02_05-10_00-K1-1X.jpeg,C:\Users\ASUS\Desktop\Ders\blg521\data\02.03\2015\K1\1X\02_03-2015_02_05-10_00-K1-1X.jpeg,TRUNCATED,JPEG missing standard EOI marker \xFF\xD9,0,0,0.00,0.00,0.00
02.03\2015\K1\1X,02_03-2015_02_06-09_30-K1-1X.jpeg,C:\Users\ASUS\Desktop\Ders\blg521\data\02.03\2015\K1\1X\02_03-2015_02_06-09_30-K1-1X.jpeg,TRUNCATED,JPEG missing standard EOI marker \xFF\xD9,0,0,0.00,0.00,0.00
02.03\2015\K1\1X,02_03-2015_02_07-11_58-K1-1X.jpeg,C:\Users\ASUS\Desktop\Ders\blg521\data\02.03\2015\K1\1X\02_03-2015_02_07-11_58-K1-1X.jpeg,TRUNCATED,JPEG missing standard EOI marker \xFF\xD9,0,0,0.00,0.00,0.00
02.03\2015\K1\1X,02_03-2015_02_08-10_00-K1-1X.jpeg,C:\Users\ASUS\Desktop\Ders\blg521\data\02.03\2015\K1\1X\02_03-2015_02_08-10_00-K1-1X.jpeg,TRUNCATED,JPEG missing standard EOI marker \xFF\xD9,0,0,0.00,0.00,0.00
02.03\2015\K1\1X,02_03-2015_02_09-11_27-K1-1X.jpeg,C:\Users\ASUS\Desktop\Ders\blg521\data\02.03\2015\K1\1X\02_03-2015_02_09-11_27-K1-1X.jpeg,TRUNCATED,JPEG missing standard EOI marker \xFF\xD9,0,0,0.00,0.00,0.00
02.03\2015\K1\1X,02_03-2015_02_10-10_00-K1-1X.jpeg,C:\Users\ASUS\Desktop\Ders\blg521\data\02.03\2015\K1\1X\02_03-2015_02_10-10_00-K1-1X.jpeg,TRUNCATED,JPEG missing standard EOI marker \xFF\xD9,0,0,0.00,0.00,0.00
02.03\2015\K1\1X,02_03-2015_02_12-10_00-K1-1X.jpeg,C:\Users\ASUS\Desktop\Ders\blg521\data\02.03\2015\K1\1X\02_03-2015_02_12-10_00-K1-1X.jpeg,TRUNCATED,JPEG missing standard EOI marker \xFF\xD9,0,0,0.00,0.00,0.00
02.03\2015\K1\1X,02_03-2015_02_13-09_30-K1-1X.jpeg,C:\Users\ASUS\Desktop\Ders\blg521\data\02.03\2015\K1\1X\02_03-2015_02_13-09_30-K1-1X.jpeg,TRUNCATED,JPEG missing standard EOI marker \xFF\xD9,0,0,0.00,0.00,0.00
02.03\2015\K1\1X,02_03-2015_02_14-11_00-K1-1X.jpeg,C:\Users\ASUS\Desktop\Ders\blg521\data\02.03\2015\K1\1X\02_03-2015_02_14-11_00-K1-1X.jpeg,TRUNCATED,JPEG missing standard EOI marker \xFF\xD9,0,0,0.00,0.00,0.00
02.03\2015\K1\1X,02_03-2015_02_15-11_00-K1-1X.jpeg,C:\Users\ASUS\Desktop\Ders\blg521\data\02.03\2015\K1\1X\02_03-2015_02_15-11_00-K1-1X.jpeg,TRUNCATED,JPEG missing standard EOI marker \xFF\xD9,0,0,0.00,0.00,0.00
02.03\2015\K1\1X,02_03-2015_02_16-10_00-K1-1X.jpeg,C:\Users\ASUS\Desktop\Ders\blg521\data\02.03\2015\K1\1X\02_03-2015_02_16-10_00-K1-1X.jpeg,TRUNCATED,JPEG missing standard EOI marker \xFF\xD9,0,0,0.00,0.00,0.00
02.03\2015\K1\1X,02_03-2015_02_17-10_00-K1-1X.jpeg,C:\Users\ASUS\Desktop\Ders\blg521\data\02.03\2015\K1\1X\02_03-2015_02_17-10_00-K1-1X.jpeg,TRUNCATED,JPEG missing standard EOI marker \xFF\xD9,0,0,0.00,0.00,0.00
02.03\2015\K1\1X,02_03-2015_02_18-10_30-K1-1X.jpeg,C:\Users\ASUS\Desktop\Ders\blg521\data\02.03\2015\K1\1X\02_03-2015_02_18-10_30-K1-1X.jpeg,TRUNCATED,JPEG missing standard EOI marker \xFF\xD9,0,0,0.00,0.00,0.00
02.03\2015\K1\1X,02_03-2015_02_19-10_00-K1-1X.jpeg,C:\Users\ASUS\Desktop\Ders\blg521\data\02.03\2015\K1\1X\02_03-2015_02_19-10_00-K1-1X.jpeg,TRUNCATED,JPEG missing standard EOI marker \xFF\xD9,0,0,0.00,0.00,0.00
02.03\2015\K1\1X,02_03-2015_02_20-10_00-K1-1X.jpeg,C:\Users\ASUS\Desktop\Ders\blg521\data\02.03\2015\K1\1X\02_03-2015_02_20-10_00-K1-1X.jpeg,TRUNCATED,JPEG missing standard EOI marker \xFF\xD9,0,0,0.00,0.00,0.00
02.03\2015\K1\1X,02_03-2015_02_21-10_30-K1-1X.jpeg,C:\Users\ASUS\Desktop\Ders\blg521\data\02.03\2015\K1\1X\02_03-2015_02_21-10_30-K1-1X.jpeg,TRUNCATED,JPEG missing standard EOI marker \xFF\xD9,0,0,0.00,0.00,0.00
02.03\2015\K1\1X,02_03-2015_02_22-10_06-K1-1X.jpeg,C:\Users\ASUS\Desktop\Ders\blg521\data\02.03\2015\K1\1X\02_03-2015_02_22-10_06-K1-1X.jpeg,TRUNCATED,JPEG missing standard EOI marker \xFF\xD9,0,0,0.00,0.00,0.00
02.03\2015\K1\1X,02_03-2015_02_23-10_07-K1-1X.jpeg,C:\Users\ASUS\Desktop\Ders\blg521\data\02.03\2015\K1\1X\02_03-2015_02_23-10_07-K1-1X.jpeg,TRUNCATED,JPEG missing standard EOI marker \xFF\xD9,0,0,0.00,0.00,0.00
02.03\2015\K1\1X,02_03-2015_02_24-10_07-K1-1X.jpeg,C:\Users\ASUS\Desktop\Ders\blg521\data\02.03\2015\K1\1X\02_03-2015_02_24-10_07-K1-1X.jpeg,TRUNCATED,JPEG missing standard EOI marker \xFF\xD9,0,0,0.00,0.00,0.00
02.03\2015\K1\1X,02_03-2015_02_25-09_00-K1-1X.jpeg,C:\Users\ASUS\Desktop\Ders\blg521\data\02.03\2015\K1\1X\02_03-2015_02_25-09_00-K1-1X.jpeg,TRUNCATED,JPEG missing standard EOI marker \xFF\xD9,0,0,0.00,0.00,0.00
02.03\2015\K1\1X,02_03-2015_02_26-10_00-K1-1X.jpeg,C:\Users\ASUS\Desktop\Ders\blg521\data\02.03\2015\K1\1X\02_03-2015_02_26-10_00-K1-1X.jpeg,TRUNCATED,JPEG missing standard EOI marker \xFF\xD9,0,0,0.00,0.00,0.00
02.03\2015\K1\1X,02_03-2015_02_27-09_30-K1-1X.jpeg,C:\Users\ASUS\Desktop\Ders\blg521\data\02.03\2015\K1\1X\02_03-2015_02_27-09_30-K1-1X.jpeg,TRUNCATED,JPEG missing standard EOI marker \xFF\xD9,0,0,0.00,0.00,0.00
02.03\2015\K1\1X,02_03-2015_03_04-10_00-K1-1X.jpeg,C:\Users\ASUS\Desktop\Ders\blg521\data\02.03\2015\K1\1X\02_03-2015_03_04-10_00-K1-1X.jpeg,TRUNCATED,JPEG missing standard EOI marker \xFF\xD9,0,0,0.00,0.00,0.00
02.03\2015\K1\1X,02_03-2015_03_05-09_30-K1-1X.jpeg,C:\Users\ASUS\Desktop\Ders\blg521\data\02.03\2015\K1\1X\02_03-2015_03_05-09_30-K1-1X.jpeg,TRUNCATED,JPEG missing standard EOI marker \xFF\xD9,0,0,0.00,0.00,0.00
02.03\2015\K1\1X,02_03-2015_03_06-10_00-K1-1X.jpeg,C:\Users\ASUS\Desktop\Ders\blg521\data\02.03\2015\K1\1X\02_03-2015_03_06-10_00-K1-1X.jpeg,TRUNCATED,JPEG missing standard EOI marker \xFF\xD9,0,0,0.00,0.00,0.00
02.03\2015\K1\1X,02_03-2015_03_07-10_00-K1-1X.jpeg,C:\Users\ASUS\Desktop\Ders\blg521\data\02.03\2015\K1\1X\02_03-2015_03_07-10_00-K1-1X.jpeg,TRUNCATED,JPEG missing standard EOI marker \xFF\xD9,0,0,0.00,0.00,0.00
02.03\2015\K1\1X,02_03-2015_03_08-08_30-K1-1X.jpeg,C:\Users\ASUS\Desktop\Ders\blg521\data\02.03\2015\K1\1X\02_03-2015_03_08-08_30-K1-1X.jpeg,TRUNCATED,JPEG missing standard EOI marker \xFF\xD9,0,0,0.00,0.00,0.00
02.03\2015\K1\1X,02_03-2015_03_09-10_00-K1-1X.jpeg,C:\Users\ASUS\Desktop\Ders\blg521\data\02.03\2015\K1\1X\02_03-2015_03_09-10_00-K1-1X.jpeg,TRUNCATED,JPEG missing standard EOI marker \xFF\xD9,0,0,0.00,0.00,0.00
02.03\2015\K1\1X,02_03-2015_03_10-10_00-K1-1X.jpeg,C:\Users\ASUS\Desktop\Ders\blg521\data\02.03\2015\K1\1X\02_03-2015_03_10-10_00-K1-1X.jpeg,TRUNCATED,JPEG missing standard EOI marker \xFF\xD9,0,0,0.00,0.00,0.00
02.03\2015\K1\1X,02_03-2015_03_12-10_00-K1-1X.jpeg,C:\Users\ASUS\Desktop\Ders\blg521\data\02.03\2015\K1\1X\02_03-2015_03_12-10_00-K1-1X.jpeg,TRUNCATED,JPEG missing standard EOI marker \xFF\xD9,0,0,0.00,0.00,0.00
02.03\2015\K1\1X,02_03-2015_03_13-10_56-K1-1X.jpeg,C:\Users\ASUS\Desktop\Ders\blg521\data\02.03\2015\K1\1X\02_03-2015_03_13-10_56-K1-1X.jpeg,TRUNCATED,JPEG missing standard EOI marker \xFF\xD9,0,0,0.00,0.00,0.00
02.03\2015\K1\1X,02_03-2015_03_14-10_00-K1-1X.jpeg,C:\Users\ASUS\Desktop\Ders\blg521\data\02.03\2015\K1\1X\02_03-2015_03_14-10_00-K1-1X.jpeg,TRUNCATED,JPEG missing standard EOI marker \xFF\xD9,0,0,0.00,0.00,0.00
02.03\2015\K1\1X,02_03-2015_03_16-11_00-K1-1X.jpeg,C:\Users\ASUS\Desktop\Ders\blg521\data\02.03\2015\K1\1X\02_03-2015_03_16-11_00-K1-1X.jpeg,TRUNCATED,JPEG missing standard EOI marker \xFF\xD9,0,0,0.00,0.00,0.00
02.03\2015\K1\1X,02_03-2015_03_19-10_00-K1-1X.jpeg,C:\Users\ASUS\Desktop\Ders\blg521\data\02.03\2015\K1\1X\02_03-2015_03_19-10_00-K1-1X.jpeg,TRUNCATED,JPEG missing standard EOI marker \xFF\xD9,0,0,0.00,0.00,0.00
02.03\2015\K1\1X,02_03-2015_03_20-10_07-K1-1X.jpeg,C:\Users\ASUS\Desktop\Ders\blg521\data\02.03\2015\K1\1X\02_03-2015_03_20-10_07-K1-1X.jpeg,TRUNCATED,JPEG missing standard EOI marker \xFF\xD9,0,0,0.00,0.00,0.00
02.03\2015\K1\1X,02_03-2015_03_24-10_00-K1-1X.jpeg,C:\Users\ASUS\Desktop\Ders\blg521\data\02.03\2015\K1\1X\02_03-2015_03_24-10_00-K1-1X.jpeg,TRUNCATED,JPEG missing standard EOI marker \xFF\xD9,0,0,0.00,0.00,0.00
02.03\2015\K1\1X,02_03-2015_03_25-10_52-K1-1X.jpeg,C:\Users\ASUS\Desktop\Ders\blg521\data\02.03\2015\K1\1X\02_03-2015_03_25-10_52-K1-1X.jpeg,TRUNCATED,JPEG missing standard EOI marker \xFF\xD9,0,0,0.00,0.00,0.00
02.03\2015\K1\1X,02_03-2015_03_27-10_00-K1-1X.jpeg,C:\Users\ASUS\Desktop\Ders\blg521\data\02.03\2015\K1\1X\02_03-2015_03_27-10_00-K1-1X.jpeg,TRUNCATED,JPEG missing standard EOI marker \xFF\xD9,0,0,0.00,0.00,0.00
02.03\2015\K1\1X,02_03-2015_03_28-09_00-K1-1X.jpeg,C:\Users\ASUS\Desktop\Ders\blg521\data\02.03\2015\K1\1X\02_03-2015_03_28-09_00-K1-1X.jpeg,TRUNCATED,JPEG missing standard EOI marker \xFF\xD9,0,0,0.00,0.00,0.00
02.03\2015\K1\1X,02_03-2015_03_29-10_00-K1-1X.jpeg,C:\Users\ASUS\Desktop\Ders\blg521\data\02.03\2015\K1\1X\02_03-2015_03_29-10_00-K1-1X.jpeg,TRUNCATED,JPEG missing standard EOI marker \xFF\xD9,0,0,0.00,0.00,0.00
02.03\2015\K1\1X,02_03-2015_03_30-08_30-K1-1X.jpeg,C:\Users\ASUS\Desktop\Ders\blg521\data\02.03\2015\K1\1X\02_03-2015_03_30-08_30-K1-1X.jpeg,TRUNCATED,JPEG missing standard EOI marker \xFF\xD9,0,0,0.00,0.00,0.00
02.03\2015\K1\1X,02_03-2015_04_02-10_00-K1-1X.jpeg,C:\Users\ASUS\Desktop\Ders\blg521\data\02.03\2015\K1\1X\02_03-2015_04_02-10_00-K1-1X.jpeg,TRUNCATED,JPEG missing standard EOI marker \xFF\xD9,0,0,0.00,0.00,0.00
02.03\2015\K1\1X,02_03-2015_04_03-10_00-K1-1X.jpeg,C:\Users\ASUS\Desktop\Ders\blg521\data\02.03\2015\K1\1X\02_03-2015_04_03-10_00-K1-1X.jpeg,TRUNCATED,JPEG missing standard EOI marker \xFF\xD9,0,0,0.00,0.00,0.00
02.03\2015\K1\1X,02_03-2015_04_04-10_00-K1-1X.jpeg,C:\Users\ASUS\Desktop\Ders\blg521\data\02.03\2015\K1\1X\02_03-2015_04_04-10_00-K1-1X.jpeg,TRUNCATED,JPEG missing standard EOI marker \xFF\xD9,0,0,0.00,0.00,0.00
02.03\2015\K1\1X,02_03-2015_04_05-09_00-K1-1X.jpeg,C:\Users\ASUS\Desktop\Ders\blg521\data\02.03\2015\K1\1X\02_03-2015_04_05-09_00-K1-1X.jpeg,TRUNCATED,JPEG missing standard EOI marker \xFF\xD9,0,0,0.00,0.00,0.00
02.03\2015\K1\1X,02_03-2015_04_06-10_00-K1-1X.jpeg,C:\Users\ASUS\Desktop\Ders\blg521\data\02.03\2015\K1\1X\02_03-2015_04_06-10_00-K1-1X.jpeg,TRUNCATED,JPEG missing standard EOI marker \xFF\xD9,0,0,0.00,0.00,0.00
02.03\2015\K1\1X,02_03-2015_04_08-10_00-K1-1X.jpeg,C:\Users\ASUS\Desktop\Ders\blg521\data\02.03\2015\K1\1X\02_03-2015_04_08-10_00-K1-1X.jpeg,TRUNCATED,JPEG missing standard EOI marker \xFF\xD9,0,0,0.00,0.00,0.00
02.03\2015\K1\1X,02_03-2015_04_09-10_00-K1-1X.jpeg,C:\Users\ASUS\Desktop\Ders\blg521\data\02.03\2015\K1\1X\02_03-2015_04_09-10_00-K1-1X.jpeg,TRUNCATED,JPEG missing standard EOI marker \xFF\xD9,0,0,0.00,0.00,0.00
02.03\2015\K1\1X,02_03-2015_04_12-10_00-K1-1X.jpeg,C:\Users\ASUS\Desktop\Ders\blg521\data\02.03\2015\K1\1X\02_03-2015_04_12-10_00-K1-1X.jpeg,TRUNCATED,JPEG missing standard EOI marker \xFF\xD9,0,0,0.00,0.00,0.00
02.03\2015\K1\1X,02_03-2015_04_13-10_00-K1-1X.jpeg,C:\Users\ASUS\Desktop\Ders\blg521\data\02.03\2015\K1\1X\02_03-2015_04_13-10_00-K1-1X.jpeg,TRUNCATED,JPEG missing standard EOI marker \xFF\xD9,0,0,0.00,0.00,0.00
02.03\2015\K1\1X,02_03-2015_04_16-10_00-K1-1X.jpeg,C:\Users\ASUS\Desktop\Ders\blg521\data\02.03\2015\K1\1X\02_03-2015_04_16-10_00-K1-1X.jpeg,TRUNCATED,JPEG missing standard EOI marker \xFF\xD9,0,0,0.00,0.00,0.00
02.03\2015\K1\1X,02_03-2015_04_17-10_00-K1-1X.jpeg,C:\Users\ASUS\Desktop\Ders\blg521\data\02.03\2015\K1\1X\02_03-2015_04_17-10_00-K1-1X.jpeg,TRUNCATED,JPEG missing standard EOI marker \xFF\xD9,0,0,0.00,0.00,0.00
02.03\2015\K1\1X,02_03-2015_04_18-10_00-K1-1X.jpeg,C:\Users\ASUS\Desktop\Ders\blg521\data\02.03\2015\K1\1X\02_03-2015_04_18-10_00-K1-1X.jpeg,TRUNCATED,JPEG missing standard EOI marker \xFF\xD9,0,0,0.00,0.00,0.00
02.03\2015\K1\1X,02_03-2015_04_22-10_00-K1-1X.jpeg,C:\Users\ASUS\Desktop\Ders\blg521\data\02.03\2015\K1\1X\02_03-2015_04_22-10_00-K1-1X.jpeg,TRUNCATED,JPEG missing standard EOI marker \xFF\xD9,0,0,0.00,0.00,0.00
02.03\2015\K1\1X,02_03-2015_04_23-10_00-K1-1X.jpeg,C:\Users\ASUS\Desktop\Ders\blg521\data\02.03\2015\K1\1X\02_03-2015_04_23-10_00-K1-1X.jpeg,TRUNCATED,JPEG missing standard EOI marker \xFF\xD9,0,0,0.00,0.00,0.00
02.03\2015\K1\1X,02_03-2015_04_24-10_00-K1-1X.jpeg,C:\Users\ASUS\Desktop\Ders\blg521\data\02.03\2015\K1\1X\02_03-2015_04_24-10_00-K1-1X.jpeg,TRUNCATED,JPEG missing standard EOI marker \xFF\xD9,0,0,0.00,0.00,0.00
02.03\2015\K1\1X,02_03-2015_04_25-11_32-K1-1X.jpeg,C:\Users\ASUS\Desktop\Ders\blg521\data\02.03\2015\K1\1X\02_03-2015_04_25-11_32-K1-1X.jpeg,TRUNCATED,JPEG missing standard EOI marker \xFF\xD9,0,0,0.00,0.00,0.00
02.03\2015\K1\1X,02_03-2015_04_26-11_30-K1-1X.jpeg,C:\Users\ASUS\Desktop\Ders\blg521\data\02.03\2015\K1\1X\02_03-2015_04_26-11_30-K1-1X.jpeg,TRUNCATED,JPEG missing standard EOI marker \xFF\xD9,0,0,0.00,0.00,0.00
02.03\2015\K1\1X,02_03-2015_04_28-10_00-K1-1X.jpeg,C:\Users\ASUS\Desktop\Ders\blg521\data\02.03\2015\K1\1X\02_03-2015_04_28-10_00-K1-1X.jpeg,TRUNCATED,JPEG missing standard EOI marker \xFF\xD9,0,0,0.00,0.00,0.00
02.03\2015\K1\1X,02_03-2015_04_30-08_30-K1-1X.jpeg,C:\Users\ASUS\Desktop\Ders\blg521\data\02.03\2015\K1\1X\02_03-2015_04_30-08_30-K1-1X.jpeg,TRUNCATED,JPEG missing standard EOI marker \xFF\xD9,0,0,0.00,0.00,0.00
02.03\2015\K1\1X,02_03-2015_05_02-10_00-K1-1X.jpeg,C:\Users\ASUS\Desktop\Ders\blg521\data\02.03\2015\K1\1X\02_03-2015_05_02-10_00-K1-1X.jpeg,TRUNCATED,JPEG missing standard EOI marker \xFF\xD9,0,0,0.00,0.00,0.00
02.03\2015\K1\1X,02_03-2015_05_05-10_55-K1-1X.jpeg,C:\Users\ASUS\Desktop\Ders\blg521\data\02.03\2015\K1\1X\02_03-2015_05_05-10_55-K1-1X.jpeg,TRUNCATED,JPEG missing standard EOI marker \xFF\xD9,0,0,0.00,0.00,0.00
02.03\2015\K1\1X,02_03-2015_05_06-10_00-K1-1X.jpeg,C:\Users\ASUS\Desktop\Ders\blg521\data\02.03\2015\K1\1X\02_03-2015_05_06-10_00-K1-1X.jpeg,TRUNCATED,JPEG missing standard EOI marker \xFF\xD9,0,0,0.00,0.00,0.00
02.03\2015\K1\1X,02_03-2015_05_09-10_00-K1-1X.jpeg,C:\Users\ASUS\Desktop\Ders\blg521\data\02.03\2015\K1\1X\02_03-2015_05_09-10_00-K1-1X.jpeg,TRUNCATED,JPEG missing standard EOI marker \xFF\xD9,0,0,0.00,0.00,0.00
02.03\2015\K1\1X,02_03-2015_05_11-10_00-K1-1X.jpeg,C:\Users\ASUS\Desktop\Ders\blg521\data\02.03\2015\K1\1X\02_03-2015_05_11-10_00-K1-1X.jpeg,TRUNCATED,JPEG missing standard EOI marker \xFF\xD9,0,0,0.00,0.00,0.00
02.03\2015\K1\1X,02_03-2015_05_13-10_00-K1-1X.jpeg,C:\Users\ASUS\Desktop\Ders\blg521\data\02.03\2015\K1\1X\02_03-2015_05_13-10_00-K1-1X.jpeg,TRUNCATED,JPEG missing standard EOI marker \xFF\xD9,0,0,0.00,0.00,0.00
02.03\2015\K1\1X,02_03-2015_05_14-08_00-K1-1X.jpeg,C:\Users\ASUS\Desktop\Ders\blg521\data\02.03\2015\K1\1X\02_03-2015_05_14-08_00-K1-1X.jpeg,TRUNCATED,JPEG missing standard EOI marker \xFF\xD9,0,0,0.00,0.00,0.00
02.03\2015\K1\1X,02_03-2015_05_15-08_30-K1-1X.jpeg,C:\Users\ASUS\Desktop\Ders\blg521\data\02.03\2015\K1\1X\02_03-2015_05_15-08_30-K1-1X.jpeg,TRUNCATED,JPEG missing standard EOI marker \xFF\xD9,0,0,0.00,0.00,0.00
02.03\2015\K1\1X,02_03-2015_05_16-10_00-K1-1X.jpeg,C:\Users\ASUS\Desktop\Ders\blg521\data\02.03\2015\K1\1X\02_03-2015_05_16-10_00-K1-1X.jpeg,TRUNCATED,JPEG missing standard EOI marker \xFF\xD9,0,0,0.00,0.00,0.00
02.03\2015\K1\1X,02_03-2015_05_17-08_29-K1-1X.jpeg,C:\Users\ASUS\Desktop\Ders\blg521\data\02.03\2015\K1\1X\02_03-2015_05_17-08_29-K1-1X.jpeg,TRUNCATED,JPEG missing standard EOI marker \xFF\xD9,0,0,0.00,0.00,0.00
02.03\2015\K1\1X,02_03-2015_05_19-08_00-K1-1X.jpeg,C:\Users\ASUS\Desktop\Ders\blg521\data\02.03\2015\K1\1X\02_03-2015_05_19-08_00-K1-1X.jpeg,TRUNCATED,JPEG missing standard EOI marker \xFF\xD9,0,0,0.00,0.00,0.00
02.03\2015\K1\1X,02_03-2015_05_20-08_30-K1-1X.jpeg,C:\Users\ASUS\Desktop\Ders\blg521\data\02.03\2015\K1\1X\02_03-2015_05_20-08_30-K1-1X.jpeg,TRUNCATED,JPEG missing standard EOI marker \xFF\xD9,0,0,0.00,0.00,0.00
02.03\2015\K1\1X,02_03-2015_05_21-09_00-K1-1X.jpeg,C:\Users\ASUS\Desktop\Ders\blg521\data\02.03\2015\K1\1X\02_03-2015_05_21-09_00-K1-1X.jpeg,TRUNCATED,JPEG missing standard EOI marker \xFF\xD9,0,0,0.00,0.00,0.00
02.03\2015\K1\1X,02_03-2015_05_22-10_00-K1-1X.jpeg,C:\Users\ASUS\Desktop\Ders\blg521\data\02.03\2015\K1\1X\02_03-2015_05_22-10_00-K1-1X.jpeg,TRUNCATED,JPEG missing standard EOI marker \xFF\xD9,0,0,0.00,0.00,0.00
02.03\2015\K1\1X,02_03-2015_05_26-09_00-K1-1X.jpeg,C:\Users\ASUS\Desktop\Ders\blg521\data\02.03\2015\K1\1X\02_03-2015_05_26-09_00-K1-1X.jpeg,TRUNCATED,JPEG missing standard EOI marker \xFF\xD9,0,0,0.00,0.00,0.00
02.03\2015\K1\1X,02_03-2015_05_27-10_00-K1-1X.jpeg,C:\Users\ASUS\Desktop\Ders\blg521\data\02.03\2015\K1\1X\02_03-2015_05_27-10_00-K1-1X.jpeg,TRUNCATED,JPEG missing standard EOI marker \xFF\xD9,0,0,0.00,0.00,0.00
02.03\2015\K1\1X,02_03-2015_05_28-09_00-K1-1X.jpeg,C:\Users\ASUS\Desktop\Ders\blg521\data\02.03\2015\K1\1X\02_03-2015_05_28-09_00-K1-1X.jpeg,TRUNCATED,JPEG missing standard EOI marker \xFF\xD9,0,0,0.00,0.00,0.00
02.03\2015\K1\1X,02_03-2015_05_29-10_42-K1-1X.jpeg,C:\Users\ASUS\Desktop\Ders\blg521\data\02.03\2015\K1\1X\02_03-2015_05_29-10_42-K1-1X.jpeg,TRUNCATED,JPEG missing standard EOI marker \xFF\xD9,0,0,0.00,0.00,0.00
02.03\2015\K1\1X,02_03-2015_05_31-10_25-K1-1X.jpeg,C:\Users\ASUS\Desktop\Ders\blg521\data\02.03\2015\K1\1X\02_03-2015_05_31-10_25-K1-1X.jpeg,TRUNCATED,JPEG missing standard EOI marker \xFF\xD9,0,0,0.00,0.00,0.00
02.03\2015\K1\1X,02_03-2015_06_01-11_10-K1-1X.jpeg,C:\Users\ASUS\Desktop\Ders\blg521\data\02.03\2015\K1\1X\02_03-2015_06_01-11_10-K1-1X.jpeg,TRUNCATED,JPEG missing standard EOI marker \xFF\xD9,0,0,0.00,0.00,0.00
02.03\2015\K1\1X,02_03-2015_06_02-10_00-K1-1X.jpeg,C:\Users\ASUS\Desktop\Ders\blg521\data\02.03\2015\K1\1X\02_03-2015_06_02-10_00-K1-1X.jpeg,TRUNCATED,JPEG missing standard EOI marker \xFF\xD9,0,0,0.00,0.00,0.00
02.03\2015\K1\1X,02_03-2015_06_03-10_29-K1-1X.jpeg,C:\Users\ASUS\Desktop\Ders\blg521\data\02.03\2015\K1\1X\02_03-2015_06_03-10_29-K1-1X.jpeg,TRUNCATED,JPEG missing standard EOI marker \xFF\xD9,0,0,0.00,0.00,0.00
02.03\2015\K1\1X,02_03-2015_06_04-10_00-K1-1X.jpeg,C:\Users\ASUS\Desktop\Ders\blg521\data\02.03\2015\K1\1X\02_03-2015_06_04-10_00-K1-1X.jpeg,TRUNCATED,JPEG missing standard EOI marker \xFF\xD9,0,0,0.00,0.00,0.00
02.03\2015\K1\1X,02_03-2015_06_06-09_00-K1-1X.jpeg,C:\Users\ASUS\Desktop\Ders\blg521\data\02.03\2015\K1\1X\02_03-2015_06_06-09_00-K1-1X.jpeg,TRUNCATED,JPEG missing standard EOI marker \xFF\xD9,0,0,0.00,0.00,0.00
02.03\2015\K1\1X,02_03-2015_06_08-10_00-K1-1X.jpeg,C:\Users\ASUS\Desktop\Ders\blg521\data\02.03\2015\K1\1X\02_03-2015_06_08-10_00-K1-1X.jpeg,TRUNCATED,JPEG missing standard EOI marker \xFF\xD9,0,0,0.00,0.00,0.00
02.03\2015\K1\1X,02_03-2015_06_09-10_00-K1-1X.jpeg,C:\Users\ASUS\Desktop\Ders\blg521\data\02.03\2015\K1\1X\02_03-2015_06_09-10_00-K1-1X.jpeg,TRUNCATED,JPEG missing standard EOI marker \xFF\xD9,0,0,0.00,0.00,0.00
02.03\2015\K1\1X,02_03-2015_06_10-10_00-K1-1X.jpeg,C:\Users\ASUS\Desktop\Ders\blg521\data\02.03\2015\K1\1X\02_03-2015_06_10-10_00-K1-1X.jpeg,TRUNCATED,JPEG missing standard EOI marker \xFF\xD9,0,0,0.00,0.00,0.00
02.03\2015\K1\1X,02_03-2015_08_26-10_02-K1-1X.jpeg,C:\Users\ASUS\Desktop\Ders\blg521\data\02.03\2015\K1\1X\02_03-2015_08_26-10_02-K1-1X.jpeg,BLURRED,Very blurry (Laplacian variance: 12.72),2288,1712,139.26,16.51,12.72
02.03\2015\K1\1X,02_03-2015_08_29-10_00-K1-1X.jpeg,C:\Users\ASUS\Desktop\Ders\blg521\data\02.03\2015\K1\1X\02_03-2015_08_29-10_00-K1-1X.jpeg,BLURRED,Very blurry (Laplacian variance: 12.97),2288,1712,140.96,16.55,12.97
02.03\2015\K1\1X,02_03-2015_09_11-09_30-K1-1X.jpeg,C:\Users\ASUS\Desktop\Ders\blg521\data\02.03\2015\K1\1X\02_03-2015_09_11-09_30-K1-1X.jpeg,BLURRED,Very blurry (Laplacian variance: 9.08),2288,1712,137.82,13.50,9.08
02.03\2015\K1\1X,02_03-2015_09_18-10_00-K1-1X.jpeg,C:\Users\ASUS\Desktop\Ders\blg521\data\02.03\2015\K1\1X\02_03-2015_09_18-10_00-K1-1X.jpeg,BLURRED,Very blurry (Laplacian variance: 8.40),2288,1712,129.70,14.36,8.40
02.03\2015\K1\1X,02_03-2015_09_24-11_56-K1-1X.jpeg,C:\Users\ASUS\Desktop\Ders\blg521\data\02.03\2015\K1\1X\02_03-2015_09_24-11_56-K1-1X.jpeg,BLURRED,Very blurry (Laplacian variance: 12.27),2288,1712,136.42,12.38,12.27
02.03\2015\K1\1X,02_03-2015_10_21-09_30-K1-1X.jpeg,C:\Users\ASUS\Desktop\Ders\blg521\data\02.03\2015\K1\1X\02_03-2015_10_21-09_30-K1-1X.jpeg,BLURRED,Very blurry (Laplacian variance: 8.07),2288,1712,138.65,13.18,8.07
02.03\2015\K1\1X,02_03-2015_10_24-10_08-K1-1X.jpeg,C:\Users\ASUS\Desktop\Ders\blg521\data\02.03\2015\K1\1X\02_03-2015_10_24-10_08-K1-1X.jpeg,BLURRED,Very blurry (Laplacian variance: 8.11),2288,1712,137.08,13.67,8.11
02.03\2015\K1\1X,02_03-2015_10_28-11_15-K1-1X.jpeg,C:\Users\ASUS\Desktop\Ders\blg521\data\02.03\2015\K1\1X\02_03-2015_10_28-11_15-K1-1X.jpeg,BLURRED,Very blurry (Laplacian variance: 9.58),2288,1712,137.95,15.92,9.58
02.03\2015\K1\1X,02_03-2015_10_30-09_36-K1-1X.jpeg,C:\Users\ASUS\Desktop\Ders\blg521\data\02.03\2015\K1\1X\02_03-2015_10_30-09_36-K1-1X.jpeg,BLURRED,Very blurry (Laplacian variance: 15.66),2288,1712,131.58,20.20,15.66
02.03\2015\K1\1X,02_03-2015_11_01-10_16-K1-1X.jpeg,C:\Users\ASUS\Desktop\Ders\blg521\data\02.03\2015\K1\1X\02_03-2015_11_01-10_16-K1-1X.jpeg,BLURRED,Very blurry (Laplacian variance: 8.62),2288,1712,136.80,16.13,8.62
02.03\2015\K1\1X,02_03-2015_11_13-10_55-K1-1X.jpeg,C:\Users\ASUS\Desktop\Ders\blg521\data\02.03\2015\K1\1X\02_03-2015_11_13-10_55-K1-1X.jpeg,BLURRED,Very blurry (Laplacian variance: 8.64),2288,1712,137.20,11.06,8.64
02.03\2015\K1\1X,02_03-2015_11_15-10_56-K1-1X.jpeg,C:\Users\ASUS\Desktop\Ders\blg521\data\02.03\2015\K1\1X\02_03-2015_11_15-10_56-K1-1X.jpeg,BLURRED,Very blurry (Laplacian variance: 18.69),2288,1712,141.43,13.78,18.69
02.03\2015\K1\1X,02_03-2015_11_24-10_00-K1-1X.jpeg,C:\Users\ASUS\Desktop\Ders\blg521\data\02.03\2015\K1\1X\02_03-2015_11_24-10_00-K1-1X.jpeg,BLURRED,Very blurry (Laplacian variance: 12.21),2288,1712,133.78,13.66,12.21
02.03\2015\K1\1X,02_03-2015_11_25-10_00-K1-1X.jpeg,C:\Users\ASUS\Desktop\Ders\blg521\data\02.03\2015\K1\1X\02_03-2015_11_25-10_00-K1-1X.jpeg,BLURRED,Very blurry (Laplacian variance: 8.60),2288,1712,139.75,9.26,8.60
02.03\2015\K1\1X,02_03-2015_11_26-10_00-K1-1X.jpeg,C:\Users\ASUS\Desktop\Ders\blg521\data\02.03\2015\K1\1X\02_03-2015_11_26-10_00-K1-1X.jpeg,BLURRED,Very blurry (Laplacian variance: 24.02),2288,1712,122.40,11.51,24.02
02.03\2015\K1\1X,02_03-2015_12_08-10_00-K1-1X.jpeg,C:\Users\ASUS\Desktop\Ders\blg521\data\02.03\2015\K1\1X\02_03-2015_12_08-10_00-K1-1X.jpeg,BLURRED,Very blurry (Laplacian variance: 10.22),2288,1712,125.71,12.55,10.22
02.03\2015\K1\1X,02_03-2015_12_24-10_00-K1-1X.jpeg,C:\Users\ASUS\Desktop\Ders\blg521\data\02.03\2015\K1\1X\02_03-2015_12_24-10_00-K1-1X.jpeg,BLURRED,Very blurry (Laplacian variance: 8.29),2288,1712,133.23,13.86,8.29
02.03\2015\K1\1X,02_03-2015_12_25-08_30-K1-1X.jpeg,C:\Users\ASUS\Desktop\Ders\blg521\data\02.03\2015\K1\1X\02_03-2015_12_25-08_30-K1-1X.jpeg,BLURRED,Very blurry (Laplacian variance: 9.03),2288,1712,123.29,24.46,9.03
02.03\2015\K2\10X,02_03-2015_01_06-10_54-K2-10X.jpeg,C:\Users\ASUS\Desktop\Ders\blg521\data\02.03\2015\K2\10X\02_03-2015_01_06-10_54-K2-10X.jpeg,BLURRED,Very blurry (Laplacian variance: 6.95),2288,1712,112.14,11.21,6.95
02.03\2015\K2\10X,02_03-2015_02_05-10_00-K2-10X.jpeg,C:\Users\ASUS\Desktop\Ders\blg521\data\02.03\2015\K2\10X\02_03-2015_02_05-10_00-K2-10X.jpeg,TRUNCATED,JPEG missing standard EOI marker \xFF\xD9,0,0,0.00,0.00,0.00
02.03\2015\K2\10X,02_03-2015_02_06-09_30-K2-10X.jpeg,C:\Users\ASUS\Desktop\Ders\blg521\data\02.03\2015\K2\10X\02_03-2015_02_06-09_30-K2-10X.jpeg,TRUNCATED,JPEG missing standard EOI marker \xFF\xD9,0,0,0.00,0.00,0.00
02.03\2015\K2\10X,02_03-2015_02_07-11_58-K2-10X.jpeg,C:\Users\ASUS\Desktop\Ders\blg521\data\02.03\2015\K2\10X\02_03-2015_02_07-11_58-K2-10X.jpeg,TRUNCATED,JPEG missing standard EOI marker \xFF\xD9,0,0,0.00,0.00,0.00
02.03\2015\K2\10X,02_03-2015_02_08-10_00-K2-10X.jpeg,C:\Users\ASUS\Desktop\Ders\blg521\data\02.03\2015\K2\10X\02_03-2015_02_08-10_00-K2-10X.jpeg,TRUNCATED,JPEG missing standard EOI marker \xFF\xD9,0,0,0.00,0.00,0.00
02.03\2015\K2\10X,02_03-2015_02_09-11_27-K2-10X.jpeg,C:\Users\ASUS\Desktop\Ders\blg521\data\02.03\2015\K2\10X\02_03-2015_02_09-11_27-K2-10X.jpeg,TRUNCATED,JPEG missing standard EOI marker \xFF\xD9,0,0,0.00,0.00,0.00
02.03\2015\K2\10X,02_03-2015_02_10-10_00-K2-10X.jpeg,C:\Users\ASUS\Desktop\Ders\blg521\data\02.03\2015\K2\10X\02_03-2015_02_10-10_00-K2-10X.jpeg,TRUNCATED,JPEG missing standard EOI marker \xFF\xD9,0,0,0.00,0.00,0.00
02.03\2015\K2\10X,02_03-2015_02_11-10_31-K2-10X.jpeg,C:\Users\ASUS\Desktop\Ders\blg521\data\02.03\2015\K2\10X\02_03-2015_02_11-10_31-K2-10X.jpeg,TRUNCATED,JPEG missing standard EOI marker \xFF\xD9,0,0,0.00,0.00,0.00
02.03\2015\K2\10X,02_03-2015_02_12-10_00-K2-10X.jpeg,C:\Users\ASUS\Desktop\Ders\blg521\data\02.03\2015\K2\10X\02_03-2015_02_12-10_00-K2-10X.jpeg,TRUNCATED,JPEG missing standard EOI marker \xFF\xD9,0,0,0.00,0.00,0.00
02.03\2015\K2\10X,02_03-2015_02_13-09_30-K2-10X.jpeg,C:\Users\ASUS\Desktop\Ders\blg521\data\02.03\2015\K2\10X\02_03-2015_02_13-09_30-K2-10X.jpeg,TRUNCATED,JPEG missing standard EOI marker \xFF\xD9,0,0,0.00,0.00,0.00
02.03\2015\K2\10X,02_03-2015_02_14-10_41-K2-10X.jpeg,C:\Users\ASUS\Desktop\Ders\blg521\data\02.03\2015\K2\10X\02_03-2015_02_14-10_41-K2-10X.jpeg,TRUNCATED,JPEG missing standard EOI marker \xFF\xD9,0,0,0.00,0.00,0.00
02.03\2015\K2\10X,02_03-2015_02_15-10_38-K2-10X.jpeg,C:\Users\ASUS\Desktop\Ders\blg521\data\02.03\2015\K2\10X\02_03-2015_02_15-10_38-K2-10X.jpeg,TRUNCATED,JPEG missing standard EOI marker \xFF\xD9,0,0,0.00,0.00,0.00
02.03\2015\K2\10X,02_03-2015_02_16-10_00-K2-10X.jpeg,C:\Users\ASUS\Desktop\Ders\blg521\data\02.03\2015\K2\10X\02_03-2015_02_16-10_00-K2-10X.jpeg,TRUNCATED,JPEG missing standard EOI marker \xFF\xD9,0,0,0.00,0.00,0.00
02.03\2015\K2\10X,02_03-2015_02_17-10_00-K2-10X.jpeg,C:\Users\ASUS\Desktop\Ders\blg521\data\02.03\2015\K2\10X\02_03-2015_02_17-10_00-K2-10X.jpeg,TRUNCATED,JPEG missing standard EOI marker \xFF\xD9,0,0,0.00,0.00,0.00
02.03\2015\K2\10X,02_03-2015_02_18-10_13-K2-10X.jpeg,C:\Users\ASUS\Desktop\Ders\blg521\data\02.03\2015\K2\10X\02_03-2015_02_18-10_13-K2-10X.jpeg,TRUNCATED,JPEG missing standard EOI marker \xFF\xD9,0,0,0.00,0.00,0.00
02.03\2015\K2\10X,02_03-2015_02_19-10_30-K2-10X.jpeg,C:\Users\ASUS\Desktop\Ders\blg521\data\02.03\2015\K2\10X\02_03-2015_02_19-10_30-K2-10X.jpeg,TRUNCATED,JPEG missing standard EOI marker \xFF\xD9,0,0,0.00,0.00,0.00
02.03\2015\K2\10X,02_03-2015_02_20-10_00-K2-10X.jpeg,C:\Users\ASUS\Desktop\Ders\blg521\data\02.03\2015\K2\10X\02_03-2015_02_20-10_00-K2-10X.jpeg,TRUNCATED,JPEG missing standard EOI marker \xFF\xD9,0,0,0.00,0.00,0.00
02.03\2015\K2\10X,02_03-2015_02_21-10_11-K2-10X.jpeg,C:\Users\ASUS\Desktop\Ders\blg521\data\02.03\2015\K2\10X\02_03-2015_02_21-10_11-K2-10X.jpeg,TRUNCATED,JPEG missing standard EOI marker \xFF\xD9,0,0,0.00,0.00,0.00
02.03\2015\K2\10X,02_03-2015_02_23-10_07-K2-10X.jpeg,C:\Users\ASUS\Desktop\Ders\blg521\data\02.03\2015\K2\10X\02_03-2015_02_23-10_07-K2-10X.jpeg,TRUNCATED,JPEG missing standard EOI marker \xFF\xD9,0,0,0.00,0.00,0.00
02.03\2015\K2\10X,02_03-2015_02_26-10_00-K2-10X.jpeg,C:\Users\ASUS\Desktop\Ders\blg521\data\02.03\2015\K2\10X\02_03-2015_02_26-10_00-K2-10X.jpeg,TRUNCATED,JPEG missing standard EOI marker \xFF\xD9,0,0,0.00,0.00,0.00
02.03\2015\K2\10X,02_03-2015_02_27-09_30-K2-10X.jpeg,C:\Users\ASUS\Desktop\Ders\blg521\data\02.03\2015\K2\10X\02_03-2015_02_27-09_30-K2-10X.jpeg,TRUNCATED,JPEG missing standard EOI marker \xFF\xD9,0,0,0.00,0.00,0.00
02.03\2015\K2\10X,02_03-2015_02_28-10_00-K2-10X.jpeg,C:\Users\ASUS\Desktop\Ders\blg521\data\02.03\2015\K2\10X\02_03-2015_02_28-10_00-K2-10X.jpeg,TRUNCATED,JPEG missing standard EOI marker \xFF\xD9,0,0,0.00,0.00,0.00
02.03\2015\K2\10X,02_03-2015_03_01-10_00-K2-10X.jpeg,C:\Users\ASUS\Desktop\Ders\blg521\data\02.03\2015\K2\10X\02_03-2015_03_01-10_00-K2-10X.jpeg,TRUNCATED,JPEG missing standard EOI marker \xFF\xD9,0,0,0.00,0.00,0.00
02.03\2015\K2\10X,02_03-2015_03_02-10_00-K2-10X.jpeg,C:\Users\ASUS\Desktop\Ders\blg521\data\02.03\2015\K2\10X\02_03-2015_03_02-10_00-K2-10X.jpeg,TRUNCATED,JPEG missing standard EOI marker \xFF\xD9,0,0,0.00,0.00,0.00
02.03\2015\K2\10X,02_03-2015_03_04-10_00-K2-10X.jpeg,C:\Users\ASUS\Desktop\Ders\blg521\data\02.03\2015\K2\10X\02_03-2015_03_04-10_00-K2-10X.jpeg,TRUNCATED,JPEG missing standard EOI marker \xFF\xD9,0,0,0.00,0.00,0.00
02.03\2015\K2\10X,02_03-2015_03_06-10_00-K2-10X.jpeg,C:\Users\ASUS\Desktop\Ders\blg521\data\02.03\2015\K2\10X\02_03-2015_03_06-10_00-K2-10X.jpeg,TRUNCATED,JPEG missing standard EOI marker \xFF\xD9,0,0,0.00,0.00,0.00
02.03\2015\K2\10X,02_03-2015_03_07-10_00-K2-10X.jpeg,C:\Users\ASUS\Desktop\Ders\blg521\data\02.03\2015\K2\10X\02_03-2015_03_07-10_00-K2-10X.jpeg,TRUNCATED,JPEG missing standard EOI marker \xFF\xD9,0,0,0.00,0.00,0.00
02.03\2015\K2\10X,02_03-2015_03_09-10_00-K2-10X.jpeg,C:\Users\ASUS\Desktop\Ders\blg521\data\02.03\2015\K2\10X\02_03-2015_03_09-10_00-K2-10X.jpeg,TRUNCATED,JPEG missing standard EOI marker \xFF\xD9,0,0,0.00,0.00,0.00
02.03\2015\K2\10X,02_03-2015_03_10-10_00-K2-10X.jpeg,C:\Users\ASUS\Desktop\Ders\blg521\data\02.03\2015\K2\10X\02_03-2015_03_10-10_00-K2-10X.jpeg,TRUNCATED,JPEG missing standard EOI marker \xFF\xD9,0,0,0.00,0.00,0.00
02.03\2015\K2\10X,02_03-2015_03_11-09_00-K2-10X.jpeg,C:\Users\ASUS\Desktop\Ders\blg521\data\02.03\2015\K2\10X\02_03-2015_03_11-09_00-K2-10X.jpeg,TRUNCATED,JPEG missing standard EOI marker \xFF\xD9,0,0,0.00,0.00,0.00
02.03\2015\K2\10X,02_03-2015_03_12-10_00-K2-10X.jpeg,C:\Users\ASUS\Desktop\Ders\blg521\data\02.03\2015\K2\10X\02_03-2015_03_12-10_00-K2-10X.jpeg,TRUNCATED,JPEG missing standard EOI marker \xFF\xD9,0,0,0.00,0.00,0.00
02.03\2015\K2\10X,02_03-2015_03_13-10_55-K2-10X.jpeg,C:\Users\ASUS\Desktop\Ders\blg521\data\02.03\2015\K2\10X\02_03-2015_03_13-10_55-K2-10X.jpeg,TRUNCATED,JPEG missing standard EOI marker \xFF\xD9,0,0,0.00,0.00,0.00
02.03\2015\K2\10X,02_03-2015_03_14-10_00-K2-10X.jpeg,C:\Users\ASUS\Desktop\Ders\blg521\data\02.03\2015\K2\10X\02_03-2015_03_14-10_00-K2-10X.jpeg,TRUNCATED,JPEG missing standard EOI marker \xFF\xD9,0,0,0.00,0.00,0.00
02.03\2015\K2\10X,02_03-2015_03_19-10_00-K2-10X.jpeg,C:\Users\ASUS\Desktop\Ders\blg521\data\02.03\2015\K2\10X\02_03-2015_03_19-10_00-K2-10X.jpeg,TRUNCATED,JPEG missing standard EOI marker \xFF\xD9,0,0,0.00,0.00,0.00
02.03\2015\K2\10X,02_03-2015_03_20-10_06-K2-10X.jpeg,C:\Users\ASUS\Desktop\Ders\blg521\data\02.03\2015\K2\10X\02_03-2015_03_20-10_06-K2-10X.jpeg,TRUNCATED,JPEG missing standard EOI marker \xFF\xD9,0,0,0.00,0.00,0.00
02.03\2015\K2\10X,02_03-2015_03_22-10_00-K2-10X.jpeg,C:\Users\ASUS\Desktop\Ders\blg521\data\02.03\2015\K2\10X\02_03-2015_03_22-10_00-K2-10X.jpeg,TRUNCATED,JPEG missing standard EOI marker \xFF\xD9,0,0,0.00,0.00,0.00
02.03\2015\K2\10X,02_03-2015_03_23-10_00-K2-10X.jpeg,C:\Users\ASUS\Desktop\Ders\blg521\data\02.03\2015\K2\10X\02_03-2015_03_23-10_00-K2-10X.jpeg,TRUNCATED,JPEG missing standard EOI marker \xFF\xD9,0,0,0.00,0.00,0.00
02.03\2015\K2\10X,02_03-2015_03_24-10_00-K2-10X.jpeg,C:\Users\ASUS\Desktop\Ders\blg521\data\02.03\2015\K2\10X\02_03-2015_03_24-10_00-K2-10X.jpeg,TRUNCATED,JPEG missing standard EOI marker \xFF\xD9,0,0,0.00,0.00,0.00
02.03\2015\K2\10X,02_03-2015_03_25-10_51-K2-10X.jpeg,C:\Users\ASUS\Desktop\Ders\blg521\data\02.03\2015\K2\10X\02_03-2015_03_25-10_51-K2-10X.jpeg,TRUNCATED,JPEG missing standard EOI marker \xFF\xD9,0,0,0.00,0.00,0.00
02.03\2015\K2\10X,02_03-2015_03_26-10_26-K2-10X.jpeg,C:\Users\ASUS\Desktop\Ders\blg521\data\02.03\2015\K2\10X\02_03-2015_03_26-10_26-K2-10X.jpeg,TRUNCATED,JPEG missing standard EOI marker \xFF\xD9,0,0,0.00,0.00,0.00
02.03\2015\K2\10X,02_03-2015_03_28-09_00-K2-10X.jpeg,C:\Users\ASUS\Desktop\Ders\blg521\data\02.03\2015\K2\10X\02_03-2015_03_28-09_00-K2-10X.jpeg,TRUNCATED,JPEG missing standard EOI marker \xFF\xD9,0,0,0.00,0.00,0.00
02.03\2015\K2\10X,02_03-2015_03_29-10_00-K2-10X.jpeg,C:\Users\ASUS\Desktop\Ders\blg521\data\02.03\2015\K2\10X\02_03-2015_03_29-10_00-K2-10X.jpeg,TRUNCATED,JPEG missing standard EOI marker \xFF\xD9,0,0,0.00,0.00,0.00
02.03\2015\K2\10X,02_03-2015_03_30-08_30-K2-10X.jpeg,C:\Users\ASUS\Desktop\Ders\blg521\data\02.03\2015\K2\10X\02_03-2015_03_30-08_30-K2-10X.jpeg,TRUNCATED,JPEG missing standard EOI marker \xFF\xD9,0,0,0.00,0.00,0.00
02.03\2015\K2\10X,02_03-2015_04_01-11_59-K2-10X.jpeg,C:\Users\ASUS\Desktop\Ders\blg521\data\02.03\2015\K2\10X\02_03-2015_04_01-11_59-K2-10X.jpeg,TRUNCATED,JPEG missing standard EOI marker \xFF\xD9,0,0,0.00,0.00,0.00
02.03\2015\K2\10X,02_03-2015_04_03-10_00-K2-10X.jpeg,C:\Users\ASUS\Desktop\Ders\blg521\data\02.03\2015\K2\10X\02_03-2015_04_03-10_00-K2-10X.jpeg,TRUNCATED,JPEG missing standard EOI marker \xFF\xD9,0,0,0.00,0.00,0.00
02.03\2015\K2\10X,02_03-2015_04_05-09_00-K2-10X.jpeg,C:\Users\ASUS\Desktop\Ders\blg521\data\02.03\2015\K2\10X\02_03-2015_04_05-09_00-K2-10X.jpeg,TRUNCATED,JPEG missing standard EOI marker \xFF\xD9,0,0,0.00,0.00,0.00
02.03\2015\K2\10X,02_03-2015_04_06-10_00-K2-10X.jpeg,C:\Users\ASUS\Desktop\Ders\blg521\data\02.03\2015\K2\10X\02_03-2015_04_06-10_00-K2-10X.jpeg,TRUNCATED,JPEG missing standard EOI marker \xFF\xD9,0,0,0.00,0.00,0.00
02.03\2015\K2\10X,02_03-2015_04_07-10_00-K2-10X.jpeg,C:\Users\ASUS\Desktop\Ders\blg521\data\02.03\2015\K2\10X\02_03-2015_04_07-10_00-K2-10X.jpeg,TRUNCATED,JPEG missing standard EOI marker \xFF\xD9,0,0,0.00,0.00,0.00
02.03\2015\K2\10X,02_03-2015_04_08-10_00-K2-10X.jpeg,C:\Users\ASUS\Desktop\Ders\blg521\data\02.03\2015\K2\10X\02_03-2015_04_08-10_00-K2-10X.jpeg,TRUNCATED,JPEG missing standard EOI marker \xFF\xD9,0,0,0.00,0.00,0.00
02.03\2015\K2\10X,02_03-2015_04_09-10_00-K2-10X.jpeg,C:\Users\ASUS\Desktop\Ders\blg521\data\02.03\2015\K2\10X\02_03-2015_04_09-10_00-K2-10X.jpeg,TRUNCATED,JPEG missing standard EOI marker \xFF\xD9,0,0,0.00,0.00,0.00
02.03\2015\K2\10X,02_03-2015_04_12-10_00-K2-10X.jpeg,C:\Users\ASUS\Desktop\Ders\blg521\data\02.03\2015\K2\10X\02_03-2015_04_12-10_00-K2-10X.jpeg,TRUNCATED,JPEG missing standard EOI marker \xFF\xD9,0,0,0.00,0.00,0.00
02.03\2015\K2\10X,02_03-2015_04_13-10_00-K2-10X.jpeg,C:\Users\ASUS\Desktop\Ders\blg521\data\02.03\2015\K2\10X\02_03-2015_04_13-10_00-K2-10X.jpeg,TRUNCATED,JPEG missing standard EOI marker \xFF\xD9,0,0,0.00,0.00,0.00
02.03\2015\K2\10X,02_03-2015_04_16-10_00-K2-10X.jpeg,C:\Users\ASUS\Desktop\Ders\blg521\data\02.03\2015\K2\10X\02_03-2015_04_16-10_00-K2-10X.jpeg,TRUNCATED,JPEG missing standard EOI marker \xFF\xD9,0,0,0.00,0.00,0.00
02.03\2015\K2\10X,02_03-2015_04_17-10_00-K2-10X.jpeg,C:\Users\ASUS\Desktop\Ders\blg521\data\02.03\2015\K2\10X\02_03-2015_04_17-10_00-K2-10X.jpeg,TRUNCATED,JPEG missing standard EOI marker \xFF\xD9,0,0,0.00,0.00,0.00
02.03\2015\K2\10X,02_03-2015_04_23-10_00-K2-10X.jpeg,C:\Users\ASUS\Desktop\Ders\blg521\data\02.03\2015\K2\10X\02_03-2015_04_23-10_00-K2-10X.jpeg,TRUNCATED,JPEG missing standard EOI marker \xFF\xD9,0,0,0.00,0.00,0.00
02.03\2015\K2\10X,02_03-2015_04_24-10_00-K2-10X.jpeg,C:\Users\ASUS\Desktop\Ders\blg521\data\02.03\2015\K2\10X\02_03-2015_04_24-10_00-K2-10X.jpeg,TRUNCATED,JPEG missing standard EOI marker \xFF\xD9,0,0,0.00,0.00,0.00
02.03\2015\K2\10X,02_03-2015_04_25-11_32-K2-10X.jpeg,C:\Users\ASUS\Desktop\Ders\blg521\data\02.03\2015\K2\10X\02_03-2015_04_25-11_32-K2-10X.jpeg,TRUNCATED,JPEG missing standard EOI marker \xFF\xD9,0,0,0.00,0.00,0.00
02.03\2015\K2\10X,02_03-2015_04_26-11_13-K2-10X.jpeg,C:\Users\ASUS\Desktop\Ders\blg521\data\02.03\2015\K2\10X\02_03-2015_04_26-11_13-K2-10X.jpeg,TRUNCATED,JPEG missing standard EOI marker \xFF\xD9,0,0,0.00,0.00,0.00
02.03\2015\K2\10X,02_03-2015_04_27-11_07-K2-10X.jpeg,C:\Users\ASUS\Desktop\Ders\blg521\data\02.03\2015\K2\10X\02_03-2015_04_27-11_07-K2-10X.jpeg,TRUNCATED,JPEG missing standard EOI marker \xFF\xD9,0,0,0.00,0.00,0.00
02.03\2015\K2\10X,02_03-2015_04_28-10_00-K2-10X.jpeg,C:\Users\ASUS\Desktop\Ders\blg521\data\02.03\2015\K2\10X\02_03-2015_04_28-10_00-K2-10X.jpeg,TRUNCATED,JPEG missing standard EOI marker \xFF\xD9,0,0,0.00,0.00,0.00
02.03\2015\K2\10X,02_03-2015_04_29-10_12-K2-10X.jpeg,C:\Users\ASUS\Desktop\Ders\blg521\data\02.03\2015\K2\10X\02_03-2015_04_29-10_12-K2-10X.jpeg,TRUNCATED,JPEG missing standard EOI marker \xFF\xD9,0,0,0.00,0.00,0.00
02.03\2015\K2\10X,02_03-2015_04_30-08_30-K2-10X.jpeg,C:\Users\ASUS\Desktop\Ders\blg521\data\02.03\2015\K2\10X\02_03-2015_04_30-08_30-K2-10X.jpeg,TRUNCATED,JPEG missing standard EOI marker \xFF\xD9,0,0,0.00,0.00,0.00
02.03\2015\K2\10X,02_03-2015_05_04-10_09-K2-10X.jpeg,C:\Users\ASUS\Desktop\Ders\blg521\data\02.03\2015\K2\10X\02_03-2015_05_04-10_09-K2-10X.jpeg,TRUNCATED,JPEG missing standard EOI marker \xFF\xD9,0,0,0.00,0.00,0.00
02.03\2015\K2\10X,02_03-2015_05_05-10_55-K2-10X.jpeg,C:\Users\ASUS\Desktop\Ders\blg521\data\02.03\2015\K2\10X\02_03-2015_05_05-10_55-K2-10X.jpeg,TRUNCATED,JPEG missing standard EOI marker \xFF\xD9,0,0,0.00,0.00,0.00
02.03\2015\K2\10X,02_03-2015_05_06-10_00-K2-10X.jpeg,C:\Users\ASUS\Desktop\Ders\blg521\data\02.03\2015\K2\10X\02_03-2015_05_06-10_00-K2-10X.jpeg,TRUNCATED,JPEG missing standard EOI marker \xFF\xD9,0,0,0.00,0.00,0.00
02.03\2015\K2\10X,02_03-2015_05_08-10_00-K2-10X.jpeg,C:\Users\ASUS\Desktop\Ders\blg521\data\02.03\2015\K2\10X\02_03-2015_05_08-10_00-K2-10X.jpeg,TRUNCATED,JPEG missing standard EOI marker \xFF\xD9,0,0,0.00,0.00,0.00
02.03\2015\K2\10X,02_03-2015_05_09-10_00-K2-10X.jpeg,C:\Users\ASUS\Desktop\Ders\blg521\data\02.03\2015\K2\10X\02_03-2015_05_09-10_00-K2-10X.jpeg,TRUNCATED,JPEG missing standard EOI marker \xFF\xD9,0,0,0.00,0.00,0.00
02.03\2015\K2\10X,02_03-2015_05_11-10_00-K2-10X.jpeg,C:\Users\ASUS\Desktop\Ders\blg521\data\02.03\2015\K2\10X\02_03-2015_05_11-10_00-K2-10X.jpeg,TRUNCATED,JPEG missing standard EOI marker \xFF\xD9,0,0,0.00,0.00,0.00
02.03\2015\K2\10X,02_03-2015_05_12-10_21-K2-10X.jpeg,C:\Users\ASUS\Desktop\Ders\blg521\data\02.03\2015\K2\10X\02_03-2015_05_12-10_21-K2-10X.jpeg,TRUNCATED,JPEG missing standard EOI marker \xFF\xD9,0,0,0.00,0.00,0.00
02.03\2015\K2\10X,02_03-2015_05_13-10_00-K2-10X.jpeg,C:\Users\ASUS\Desktop\Ders\blg521\data\02.03\2015\K2\10X\02_03-2015_05_13-10_00-K2-10X.jpeg,TRUNCATED,JPEG missing standard EOI marker \xFF\xD9,0,0,0.00,0.00,0.00
02.03\2015\K2\10X,02_03-2015_05_16-10_00-K2-10X.jpeg,C:\Users\ASUS\Desktop\Ders\blg521\data\02.03\2015\K2\10X\02_03-2015_05_16-10_00-K2-10X.jpeg,TRUNCATED,JPEG missing standard EOI marker \xFF\xD9,0,0,0.00,0.00,0.00
02.03\2015\K2\10X,02_03-2015_05_17-08_30-K2-10X.jpeg,C:\Users\ASUS\Desktop\Ders\blg521\data\02.03\2015\K2\10X\02_03-2015_05_17-08_30-K2-10X.jpeg,TRUNCATED,JPEG missing standard EOI marker \xFF\xD9,0,0,0.00,0.00,0.00
02.03\2015\K2\10X,02_03-2015_05_19-08_00-K2-10X.jpeg,C:\Users\ASUS\Desktop\Ders\blg521\data\02.03\2015\K2\10X\02_03-2015_05_19-08_00-K2-10X.jpeg,TRUNCATED,JPEG missing standard EOI marker \xFF\xD9,0,0,0.00,0.00,0.00
02.03\2015\K2\10X,02_03-2015_05_20-08_30-K2-10X.jpeg,C:\Users\ASUS\Desktop\Ders\blg521\data\02.03\2015\K2\10X\02_03-2015_05_20-08_30-K2-10X.jpeg,TRUNCATED,JPEG missing standard EOI marker \xFF\xD9,0,0,0.00,0.00,0.00
02.03\2015\K2\10X,02_03-2015_05_21-09_00-K2-10X.jpeg,C:\Users\ASUS\Desktop\Ders\blg521\data\02.03\2015\K2\10X\02_03-2015_05_21-09_00-K2-10X.jpeg,TRUNCATED,JPEG missing standard EOI marker \xFF\xD9,0,0,0.00,0.00,0.00
02.03\2015\K2\10X,02_03-2015_05_22-10_00-K2-10X.jpeg,C:\Users\ASUS\Desktop\Ders\blg521\data\02.03\2015\K2\10X\02_03-2015_05_22-10_00-K2-10X.jpeg,TRUNCATED,JPEG missing standard EOI marker \xFF\xD9,0,0,0.00,0.00,0.00
02.03\2015\K2\10X,02_03-2015_05_26-09_00-K2-10X.jpeg,C:\Users\ASUS\Desktop\Ders\blg521\data\02.03\2015\K2\10X\02_03-2015_05_26-09_00-K2-10X.jpeg,TRUNCATED,JPEG missing standard EOI marker \xFF\xD9,0,0,0.00,0.00,0.00
02.03\2015\K2\10X,02_03-2015_05_27-10_00-K2-10X.jpeg,C:\Users\ASUS\Desktop\Ders\blg521\data\02.03\2015\K2\10X\02_03-2015_05_27-10_00-K2-10X.jpeg,TRUNCATED,JPEG missing standard EOI marker \xFF\xD9,0,0,0.00,0.00,0.00
02.03\2015\K2\10X,02_03-2015_05_28-09_00-K2-10X.jpeg,C:\Users\ASUS\Desktop\Ders\blg521\data\02.03\2015\K2\10X\02_03-2015_05_28-09_00-K2-10X.jpeg,TRUNCATED,JPEG missing standard EOI marker \xFF\xD9,0,0,0.00,0.00,0.00
02.03\2015\K2\10X,02_03-2015_05_29-10_41-K2-10X.jpeg,C:\Users\ASUS\Desktop\Ders\blg521\data\02.03\2015\K2\10X\02_03-2015_05_29-10_41-K2-10X.jpeg,TRUNCATED,JPEG missing standard EOI marker \xFF\xD9,0,0,0.00,0.00,0.00
02.03\2015\K2\10X,02_03-2015_05_31-10_25-K2-10X.jpeg,C:\Users\ASUS\Desktop\Ders\blg521\data\02.03\2015\K2\10X\02_03-2015_05_31-10_25-K2-10X.jpeg,TRUNCATED,JPEG missing standard EOI marker \xFF\xD9,0,0,0.00,0.00,0.00
02.03\2015\K2\10X,02_03-2015_06_01-11_09-K2-10X.jpeg,C:\Users\ASUS\Desktop\Ders\blg521\data\02.03\2015\K2\10X\02_03-2015_06_01-11_09-K2-10X.jpeg,TRUNCATED,JPEG missing standard EOI marker \xFF\xD9,0,0,0.00,0.00,0.00
02.03\2015\K2\10X,02_03-2015_06_05-10_30-K2-10X.jpeg,C:\Users\ASUS\Desktop\Ders\blg521\data\02.03\2015\K2\10X\02_03-2015_06_05-10_30-K2-10X.jpeg,TRUNCATED,JPEG missing standard EOI marker \xFF\xD9,0,0,0.00,0.00,0.00
02.03\2015\K2\10X,02_03-2015_06_06-09_00-K2-10X.jpeg,C:\Users\ASUS\Desktop\Ders\blg521\data\02.03\2015\K2\10X\02_03-2015_06_06-09_00-K2-10X.jpeg,TRUNCATED,JPEG missing standard EOI marker \xFF\xD9,0,0,0.00,0.00,0.00
02.03\2015\K2\10X,02_03-2015_06_08-10_00-K2-10X.jpeg,C:\Users\ASUS\Desktop\Ders\blg521\data\02.03\2015\K2\10X\02_03-2015_06_08-10_00-K2-10X.jpeg,TRUNCATED,JPEG missing standard EOI marker \xFF\xD9,0,0,0.00,0.00,0.00
02.03\2015\K2\10X,02_03-2015_06_10-10_00-K2-10X.jpeg,C:\Users\ASUS\Desktop\Ders\blg521\data\02.03\2015\K2\10X\02_03-2015_06_10-10_00-K2-10X.jpeg,TRUNCATED,JPEG missing standard EOI marker \xFF\xD9,0,0,0.00,0.00,0.00
02.03\2015\K2\10X,02_03-2015_08_10-10_00-K2-10X.jpeg,C:\Users\ASUS\Desktop\Ders\blg521\data\02.03\2015\K2\10X\02_03-2015_08_10-10_00-K2-10X.jpeg,BLURRED,Very blurry (Laplacian variance: 6.47),2288,1712,124.77,30.65,6.47
02.03\2015\K2\1X,02_03-2015_01_06-10_54-K2-1X.jpeg,C:\Users\ASUS\Desktop\Ders\blg521\data\02.03\2015\K2\1X\02_03-2015_01_06-10_54-K2-1X.jpeg,BLURRED,Very blurry (Laplacian variance: 8.94),2288,1712,116.39,10.12,8.94
02.03\2015\K2\1X,02_03-2015_02_05-10_00-K2-1X.jpeg,C:\Users\ASUS\Desktop\Ders\blg521\data\02.03\2015\K2\1X\02_03-2015_02_05-10_00-K2-1X.jpeg,TRUNCATED,JPEG missing standard EOI marker \xFF\xD9,0,0,0.00,0.00,0.00
02.03\2015\K2\1X,02_03-2015_02_07-11_58-K2-1X.jpeg,C:\Users\ASUS\Desktop\Ders\blg521\data\02.03\2015\K2\1X\02_03-2015_02_07-11_58-K2-1X.jpeg,TRUNCATED,JPEG missing standard EOI marker \xFF\xD9,0,0,0.00,0.00,0.00
02.03\2015\K2\1X,02_03-2015_02_08-10_00-K2-1X.jpeg,C:\Users\ASUS\Desktop\Ders\blg521\data\02.03\2015\K2\1X\02_03-2015_02_08-10_00-K2-1X.jpeg,TRUNCATED,JPEG missing standard EOI marker \xFF\xD9,0,0,0.00,0.00,0.00
02.03\2015\K2\1X,02_03-2015_02_09-11_27-K2-1X.jpeg,C:\Users\ASUS\Desktop\Ders\blg521\data\02.03\2015\K2\1X\02_03-2015_02_09-11_27-K2-1X.jpeg,TRUNCATED,JPEG missing standard EOI marker \xFF\xD9,0,0,0.00,0.00,0.00
02.03\2015\K2\1X,02_03-2015_02_10-10_00-K2-1X.jpeg,C:\Users\ASUS\Desktop\Ders\blg521\data\02.03\2015\K2\1X\02_03-2015_02_10-10_00-K2-1X.jpeg,TRUNCATED,JPEG missing standard EOI marker \xFF\xD9,0,0,0.00,0.00,0.00
02.03\2015\K2\1X,02_03-2015_02_12-10_00-K2-1X.jpeg,C:\Users\ASUS\Desktop\Ders\blg521\data\02.03\2015\K2\1X\02_03-2015_02_12-10_00-K2-1X.jpeg,TRUNCATED,JPEG missing standard EOI marker \xFF\xD9,0,0,0.00,0.00,0.00
02.03\2015\K2\1X,02_03-2015_02_13-09_30-K2-1X.jpeg,C:\Users\ASUS\Desktop\Ders\blg521\data\02.03\2015\K2\1X\02_03-2015_02_13-09_30-K2-1X.jpeg,TRUNCATED,JPEG missing standard EOI marker \xFF\xD9,0,0,0.00,0.00,0.00
02.03\2015\K2\1X,02_03-2015_02_14-10_41-K2-1X.jpeg,C:\Users\ASUS\Desktop\Ders\blg521\data\02.03\2015\K2\1X\02_03-2015_02_14-10_41-K2-1X.jpeg,TRUNCATED,JPEG missing standard EOI marker \xFF\xD9,0,0,0.00,0.00,0.00
02.03\2015\K2\1X,02_03-2015_02_15-10_38-K2-1X.jpeg,C:\Users\ASUS\Desktop\Ders\blg521\data\02.03\2015\K2\1X\02_03-2015_02_15-10_38-K2-1X.jpeg,TRUNCATED,JPEG missing standard EOI marker \xFF\xD9,0,0,0.00,0.00,0.00
02.03\2015\K2\1X,02_03-2015_02_16-10_00-K2-1X.jpeg,C:\Users\ASUS\Desktop\Ders\blg521\data\02.03\2015\K2\1X\02_03-2015_02_16-10_00-K2-1X.jpeg,TRUNCATED,JPEG missing standard EOI marker \xFF\xD9,0,0,0.00,0.00,0.00
02.03\2015\K2\1X,02_03-2015_02_17-10_00-K2-1X.jpeg,C:\Users\ASUS\Desktop\Ders\blg521\data\02.03\2015\K2\1X\02_03-2015_02_17-10_00-K2-1X.jpeg,TRUNCATED,JPEG missing standard EOI marker \xFF\xD9,0,0,0.00,0.00,0.00
02.03\2015\K2\1X,02_03-2015_02_18-10_14-K2-1X.jpeg,C:\Users\ASUS\Desktop\Ders\blg521\data\02.03\2015\K2\1X\02_03-2015_02_18-10_14-K2-1X.jpeg,TRUNCATED,JPEG missing standard EOI marker \xFF\xD9,0,0,0.00,0.00,0.00
02.03\2015\K2\1X,02_03-2015_02_19-10_30-K2-1X.jpeg,C:\Users\ASUS\Desktop\Ders\blg521\data\02.03\2015\K2\1X\02_03-2015_02_19-10_30-K2-1X.jpeg,TRUNCATED,JPEG missing standard EOI marker \xFF\xD9,0,0,0.00,0.00,0.00
02.03\2015\K2\1X,02_03-2015_02_20-10_00-K2-1X.jpeg,C:\Users\ASUS\Desktop\Ders\blg521\data\02.03\2015\K2\1X\02_03-2015_02_20-10_00-K2-1X.jpeg,TRUNCATED,JPEG missing standard EOI marker \xFF\xD9,0,0,0.00,0.00,0.00
02.03\2015\K2\1X,02_03-2015_02_21-10_11-K2-1X.jpeg,C:\Users\ASUS\Desktop\Ders\blg521\data\02.03\2015\K2\1X\02_03-2015_02_21-10_11-K2-1X.jpeg,TRUNCATED,JPEG missing standard EOI marker \xFF\xD9,0,0,0.00,0.00,0.00
02.03\2015\K2\1X,02_03-2015_02_22-10_06-K2-1X.jpeg,C:\Users\ASUS\Desktop\Ders\blg521\data\02.03\2015\K2\1X\02_03-2015_02_22-10_06-K2-1X.jpeg,TRUNCATED,JPEG missing standard EOI marker \xFF\xD9,0,0,0.00,0.00,0.00
02.03\2015\K2\1X,02_03-2015_02_24-10_07-K2-1X.jpeg,C:\Users\ASUS\Desktop\Ders\blg521\data\02.03\2015\K2\1X\02_03-2015_02_24-10_07-K2-1X.jpeg,TRUNCATED,JPEG missing standard EOI marker \xFF\xD9,0,0,0.00,0.00,0.00
02.03\2015\K2\1X,02_03-2015_02_25-09_00-K2-1X.jpeg,C:\Users\ASUS\Desktop\Ders\blg521\data\02.03\2015\K2\1X\02_03-2015_02_25-09_00-K2-1X.jpeg,TRUNCATED,JPEG missing standard EOI marker \xFF\xD9,0,0,0.00,0.00,0.00
02.03\2015\K2\1X,02_03-2015_02_26-10_00-K2-1X.jpeg,C:\Users\ASUS\Desktop\Ders\blg521\data\02.03\2015\K2\1X\02_03-2015_02_26-10_00-K2-1X.jpeg,TRUNCATED,JPEG missing standard EOI marker \xFF\xD9,0,0,0.00,0.00,0.00
02.03\2015\K2\1X,02_03-2015_02_27-09_30-K2-1X.jpeg,C:\Users\ASUS\Desktop\Ders\blg521\data\02.03\2015\K2\1X\02_03-2015_02_27-09_30-K2-1X.jpeg,TRUNCATED,JPEG missing standard EOI marker \xFF\xD9,0,0,0.00,0.00,0.00
02.03\2015\K2\1X,02_03-2015_02_28-10_00-K2-1X.jpeg,C:\Users\ASUS\Desktop\Ders\blg521\data\02.03\2015\K2\1X\02_03-2015_02_28-10_00-K2-1X.jpeg,TRUNCATED,JPEG missing standard EOI marker \xFF\xD9,0,0,0.00,0.00,0.00
02.03\2015\K2\1X,02_03-2015_03_01-10_00-K2-1X.jpeg,C:\Users\ASUS\Desktop\Ders\blg521\data\02.03\2015\K2\1X\02_03-2015_03_01-10_00-K2-1X.jpeg,TRUNCATED,JPEG missing standard EOI marker \xFF\xD9,0,0,0.00,0.00,0.00
02.03\2015\K2\1X,02_03-2015_03_02-10_00-K2-1X.jpeg,C:\Users\ASUS\Desktop\Ders\blg521\data\02.03\2015\K2\1X\02_03-2015_03_02-10_00-K2-1X.jpeg,TRUNCATED,JPEG missing standard EOI marker \xFF\xD9,0,0,0.00,0.00,0.00
02.03\2015\K2\1X,02_03-2015_03_03-10_00-K2-1X.jpeg,C:\Users\ASUS\Desktop\Ders\blg521\data\02.03\2015\K2\1X\02_03-2015_03_03-10_00-K2-1X.jpeg,TRUNCATED,JPEG missing standard EOI marker \xFF\xD9,0,0,0.00,0.00,0.00
02.03\2015\K2\1X,02_03-2015_03_04-10_00-K2-1X.jpeg,C:\Users\ASUS\Desktop\Ders\blg521\data\02.03\2015\K2\1X\02_03-2015_03_04-10_00-K2-1X.jpeg,TRUNCATED,JPEG missing standard EOI marker \xFF\xD9,0,0,0.00,0.00,0.00
02.03\2015\K2\1X,02_03-2015_03_05-09_30-K2-1X.jpeg,C:\Users\ASUS\Desktop\Ders\blg521\data\02.03\2015\K2\1X\02_03-2015_03_05-09_30-K2-1X.jpeg,TRUNCATED,JPEG missing standard EOI marker \xFF\xD9,0,0,0.00,0.00,0.00
02.03\2015\K2\1X,02_03-2015_03_06-09_30-K2-1X.jpeg,C:\Users\ASUS\Desktop\Ders\blg521\data\02.03\2015\K2\1X\02_03-2015_03_06-09_30-K2-1X.jpeg,TRUNCATED,JPEG missing standard EOI marker \xFF\xD9,0,0,0.00,0.00,0.00
02.03\2015\K2\1X,02_03-2015_03_08-08_30-K2-1X.jpeg,C:\Users\ASUS\Desktop\Ders\blg521\data\02.03\2015\K2\1X\02_03-2015_03_08-08_30-K2-1X.jpeg,TRUNCATED,JPEG missing standard EOI marker \xFF\xD9,0,0,0.00,0.00,0.00
02.03\2015\K2\1X,02_03-2015_03_09-10_00-K2-1X.jpeg,C:\Users\ASUS\Desktop\Ders\blg521\data\02.03\2015\K2\1X\02_03-2015_03_09-10_00-K2-1X.jpeg,TRUNCATED,JPEG missing standard EOI marker \xFF\xD9,0,0,0.00,0.00,0.00
02.03\2015\K2\1X,02_03-2015_03_10-10_00-K2-1X.jpeg,C:\Users\ASUS\Desktop\Ders\blg521\data\02.03\2015\K2\1X\02_03-2015_03_10-10_00-K2-1X.jpeg,TRUNCATED,JPEG missing standard EOI marker \xFF\xD9,0,0,0.00,0.00,0.00
02.03\2015\K2\1X,02_03-2015_03_12-10_00-K2-1X.jpeg,C:\Users\ASUS\Desktop\Ders\blg521\data\02.03\2015\K2\1X\02_03-2015_03_12-10_00-K2-1X.jpeg,TRUNCATED,JPEG missing standard EOI marker \xFF\xD9,0,0,0.00,0.00,0.00
02.03\2015\K2\1X,02_03-2015_03_13-10_56-K2-1X.jpeg,C:\Users\ASUS\Desktop\Ders\blg521\data\02.03\2015\K2\1X\02_03-2015_03_13-10_56-K2-1X.jpeg,TRUNCATED,JPEG missing standard EOI marker \xFF\xD9,0,0,0.00,0.00,0.00
02.03\2015\K2\1X,02_03-2015_03_16-10_49-K2-1X.jpeg,C:\Users\ASUS\Desktop\Ders\blg521\data\02.03\2015\K2\1X\02_03-2015_03_16-10_49-K2-1X.jpeg,TRUNCATED,JPEG missing standard EOI marker \xFF\xD9,0,0,0.00,0.00,0.00
02.03\2015\K2\1X,02_03-2015_03_19-10_00-K2-1X.jpeg,C:\Users\ASUS\Desktop\Ders\blg521\data\02.03\2015\K2\1X\02_03-2015_03_19-10_00-K2-1X.jpeg,TRUNCATED,JPEG missing standard EOI marker \xFF\xD9,0,0,0.00,0.00,0.00
02.03\2015\K2\1X,02_03-2015_03_22-10_00-K2-1X.jpeg,C:\Users\ASUS\Desktop\Ders\blg521\data\02.03\2015\K2\1X\02_03-2015_03_22-10_00-K2-1X.jpeg,TRUNCATED,JPEG missing standard EOI marker \xFF\xD9,0,0,0.00,0.00,0.00
02.03\2015\K2\1X,02_03-2015_03_23-10_00-K2-1X.jpeg,C:\Users\ASUS\Desktop\Ders\blg521\data\02.03\2015\K2\1X\02_03-2015_03_23-10_00-K2-1X.jpeg,TRUNCATED,JPEG missing standard EOI marker \xFF\xD9,0,0,0.00,0.00,0.00
02.03\2015\K2\1X,02_03-2015_03_24-10_00-K2-1X.jpeg,C:\Users\ASUS\Desktop\Ders\blg521\data\02.03\2015\K2\1X\02_03-2015_03_24-10_00-K2-1X.jpeg,TRUNCATED,JPEG missing standard EOI marker \xFF\xD9,0,0,0.00,0.00,0.00
02.03\2015\K2\1X,02_03-2015_03_26-10_26-K2-1X.jpeg,C:\Users\ASUS\Desktop\Ders\blg521\data\02.03\2015\K2\1X\02_03-2015_03_26-10_26-K2-1X.jpeg,TRUNCATED,JPEG missing standard EOI marker \xFF\xD9,0,0,0.00,0.00,0.00
02.03\2015\K2\1X,02_03-2015_03_27-10_00-K2-1X.jpeg,C:\Users\ASUS\Desktop\Ders\blg521\data\02.03\2015\K2\1X\02_03-2015_03_27-10_00-K2-1X.jpeg,TRUNCATED,JPEG missing standard EOI marker \xFF\xD9,0,0,0.00,0.00,0.00
02.03\2015\K2\1X,02_03-2015_04_01-11_59-K2-1X.jpeg,C:\Users\ASUS\Desktop\Ders\blg521\data\02.03\2015\K2\1X\02_03-2015_04_01-11_59-K2-1X.jpeg,TRUNCATED,JPEG missing standard EOI marker \xFF\xD9,0,0,0.00,0.00,0.00
02.03\2015\K2\1X,02_03-2015_04_02-10_00-K2-1X.jpeg,C:\Users\ASUS\Desktop\Ders\blg521\data\02.03\2015\K2\1X\02_03-2015_04_02-10_00-K2-1X.jpeg,TRUNCATED,JPEG missing standard EOI marker \xFF\xD9,0,0,0.00,0.00,0.00
02.03\2015\K2\1X,02_03-2015_04_03-10_00-K2-1X.jpeg,C:\Users\ASUS\Desktop\Ders\blg521\data\02.03\2015\K2\1X\02_03-2015_04_03-10_00-K2-1X.jpeg,TRUNCATED,JPEG missing standard EOI marker \xFF\xD9,0,0,0.00,0.00,0.00
02.03\2015\K2\1X,02_03-2015_04_04-10_00-K2-1X.jpeg,C:\Users\ASUS\Desktop\Ders\blg521\data\02.03\2015\K2\1X\02_03-2015_04_04-10_00-K2-1X.jpeg,TRUNCATED,JPEG missing standard EOI marker \xFF\xD9,0,0,0.00,0.00,0.00
02.03\2015\K2\1X,02_03-2015_04_05-09_00-K2-1X.jpeg,C:\Users\ASUS\Desktop\Ders\blg521\data\02.03\2015\K2\1X\02_03-2015_04_05-09_00-K2-1X.jpeg,TRUNCATED,JPEG missing standard EOI marker \xFF\xD9,0,0,0.00,0.00,0.00
02.03\2015\K2\1X,02_03-2015_04_06-10_00-K2-1X.jpeg,C:\Users\ASUS\Desktop\Ders\blg521\data\02.03\2015\K2\1X\02_03-2015_04_06-10_00-K2-1X.jpeg,TRUNCATED,JPEG missing standard EOI marker \xFF\xD9,0,0,0.00,0.00,0.00
02.03\2015\K2\1X,02_03-2015_04_07-10_00-K2-1X.jpeg,C:\Users\ASUS\Desktop\Ders\blg521\data\02.03\2015\K2\1X\02_03-2015_04_07-10_00-K2-1X.jpeg,TRUNCATED,JPEG missing standard EOI marker \xFF\xD9,0,0,0.00,0.00,0.00
02.03\2015\K2\1X,02_03-2015_04_08-10_00-K2-1X.jpeg,C:\Users\ASUS\Desktop\Ders\blg521\data\02.03\2015\K2\1X\02_03-2015_04_08-10_00-K2-1X.jpeg,TRUNCATED,JPEG missing standard EOI marker \xFF\xD9,0,0,0.00,0.00,0.00
02.03\2015\K2\1X,02_03-2015_04_09-10_00-K2-1X.jpeg,C:\Users\ASUS\Desktop\Ders\blg521\data\02.03\2015\K2\1X\02_03-2015_04_09-10_00-K2-1X.jpeg,TRUNCATED,JPEG missing standard EOI marker \xFF\xD9,0,0,0.00,0.00,0.00
02.03\2015\K2\1X,02_03-2015_04_10-10_00-K2-1X.jpeg,C:\Users\ASUS\Desktop\Ders\blg521\data\02.03\2015\K2\1X\02_03-2015_04_10-10_00-K2-1X.jpeg,TRUNCATED,JPEG missing standard EOI marker \xFF\xD9,0,0,0.00,0.00,0.00
02.03\2015\K2\1X,02_03-2015_04_12-10_00-K2-1X.jpeg,C:\Users\ASUS\Desktop\Ders\blg521\data\02.03\2015\K2\1X\02_03-2015_04_12-10_00-K2-1X.jpeg,TRUNCATED,JPEG missing standard EOI marker \xFF\xD9,0,0,0.00,0.00,0.00
02.03\2015\K2\1X,02_03-2015_04_13-10_00-K2-1X.jpeg,C:\Users\ASUS\Desktop\Ders\blg521\data\02.03\2015\K2\1X\02_03-2015_04_13-10_00-K2-1X.jpeg,TRUNCATED,JPEG missing standard EOI marker \xFF\xD9,0,0,0.00,0.00,0.00
02.03\2015\K2\1X,02_03-2015_04_16-10_00-K2-1X.jpeg,C:\Users\ASUS\Desktop\Ders\blg521\data\02.03\2015\K2\1X\02_03-2015_04_16-10_00-K2-1X.jpeg,TRUNCATED,JPEG missing standard EOI marker \xFF\xD9,0,0,0.00,0.00,0.00
02.03\2015\K2\1X,02_03-2015_04_17-10_00-K2-1X.jpeg,C:\Users\ASUS\Desktop\Ders\blg521\data\02.03\2015\K2\1X\02_03-2015_04_17-10_00-K2-1X.jpeg,TRUNCATED,JPEG missing standard EOI marker \xFF\xD9,0,0,0.00,0.00,0.00
02.03\2015\K2\1X,02_03-2015_04_18-10_00-K2-1X.jpeg,C:\Users\ASUS\Desktop\Ders\blg521\data\02.03\2015\K2\1X\02_03-2015_04_18-10_00-K2-1X.jpeg,TRUNCATED,JPEG missing standard EOI marker \xFF\xD9,0,0,0.00,0.00,0.00
02.03\2015\K2\1X,02_03-2015_04_22-10_00-K2-1X.jpeg,C:\Users\ASUS\Desktop\Ders\blg521\data\02.03\2015\K2\1X\02_03-2015_04_22-10_00-K2-1X.jpeg,TRUNCATED,JPEG missing standard EOI marker \xFF\xD9,0,0,0.00,0.00,0.00
02.03\2015\K2\1X,02_03-2015_04_24-10_00-K2-1X.jpeg,C:\Users\ASUS\Desktop\Ders\blg521\data\02.03\2015\K2\1X\02_03-2015_04_24-10_00-K2-1X.jpeg,TRUNCATED,JPEG missing standard EOI marker \xFF\xD9,0,0,0.00,0.00,0.00
02.03\2015\K2\1X,02_03-2015_04_27-11_07-K2-1X.jpeg,C:\Users\ASUS\Desktop\Ders\blg521\data\02.03\2015\K2\1X\02_03-2015_04_27-11_07-K2-1X.jpeg,TRUNCATED,JPEG missing standard EOI marker \xFF\xD9,0,0,0.00,0.00,0.00
02.03\2015\K2\1X,02_03-2015_04_29-10_13-K2-1X.jpeg,C:\Users\ASUS\Desktop\Ders\blg521\data\02.03\2015\K2\1X\02_03-2015_04_29-10_13-K2-1X.jpeg,TRUNCATED,JPEG missing standard EOI marker \xFF\xD9,0,0,0.00,0.00,0.00
02.03\2015\K2\1X,02_03-2015_04_30-08_30-K2-1X.jpeg,C:\Users\ASUS\Desktop\Ders\blg521\data\02.03\2015\K2\1X\02_03-2015_04_30-08_30-K2-1X.jpeg,TRUNCATED,JPEG missing standard EOI marker \xFF\xD9,0,0,0.00,0.00,0.00
02.03\2015\K2\1X,02_03-2015_05_02-10_00-K2-1X.jpeg,C:\Users\ASUS\Desktop\Ders\blg521\data\02.03\2015\K2\1X\02_03-2015_05_02-10_00-K2-1X.jpeg,TRUNCATED,JPEG missing standard EOI marker \xFF\xD9,0,0,0.00,0.00,0.00
02.03\2015\K2\1X,02_03-2015_05_04-10_10-K2-1X.jpeg,C:\Users\ASUS\Desktop\Ders\blg521\data\02.03\2015\K2\1X\02_03-2015_05_04-10_10-K2-1X.jpeg,TRUNCATED,JPEG missing standard EOI marker \xFF\xD9,0,0,0.00,0.00,0.00
02.03\2015\K2\1X,02_03-2015_05_05-10_55-K2-1X.jpeg,C:\Users\ASUS\Desktop\Ders\blg521\data\02.03\2015\K2\1X\02_03-2015_05_05-10_55-K2-1X.jpeg,TRUNCATED,JPEG missing standard EOI marker \xFF\xD9,0,0,0.00,0.00,0.00
02.03\2015\K2\1X,02_03-2015_05_06-10_00-K2-1X.jpeg,C:\Users\ASUS\Desktop\Ders\blg521\data\02.03\2015\K2\1X\02_03-2015_05_06-10_00-K2-1X.jpeg,TRUNCATED,JPEG missing standard EOI marker \xFF\xD9,0,0,0.00,0.00,0.00
02.03\2015\K2\1X,02_03-2015_05_07-10_00-K2-1X.jpeg,C:\Users\ASUS\Desktop\Ders\blg521\data\02.03\2015\K2\1X\02_03-2015_05_07-10_00-K2-1X.jpeg,TRUNCATED,JPEG missing standard EOI marker \xFF\xD9,0,0,0.00,0.00,0.00
02.03\2015\K2\1X,02_03-2015_05_08-10_00-K2-1X.jpeg,C:\Users\ASUS\Desktop\Ders\blg521\data\02.03\2015\K2\1X\02_03-2015_05_08-10_00-K2-1X.jpeg,TRUNCATED,JPEG missing standard EOI marker \xFF\xD9,0,0,0.00,0.00,0.00
02.03\2015\K2\1X,02_03-2015_05_09-10_00-K2-1X.jpeg,C:\Users\ASUS\Desktop\Ders\blg521\data\02.03\2015\K2\1X\02_03-2015_05_09-10_00-K2-1X.jpeg,TRUNCATED,JPEG missing standard EOI marker \xFF\xD9,0,0,0.00,0.00,0.00
02.03\2015\K2\1X,02_03-2015_05_11-10_00-K2-1X.jpeg,C:\Users\ASUS\Desktop\Ders\blg521\data\02.03\2015\K2\1X\02_03-2015_05_11-10_00-K2-1X.jpeg,TRUNCATED,JPEG missing standard EOI marker \xFF\xD9,0,0,0.00,0.00,0.00
02.03\2015\K2\1X,02_03-2015_05_12-10_21-K2-1X.jpeg,C:\Users\ASUS\Desktop\Ders\blg521\data\02.03\2015\K2\1X\02_03-2015_05_12-10_21-K2-1X.jpeg,TRUNCATED,JPEG missing standard EOI marker \xFF\xD9,0,0,0.00,0.00,0.00
02.03\2015\K2\1X,02_03-2015_05_13-10_00-K2-1X.jpeg,C:\Users\ASUS\Desktop\Ders\blg521\data\02.03\2015\K2\1X\02_03-2015_05_13-10_00-K2-1X.jpeg,TRUNCATED,JPEG missing standard EOI marker \xFF\xD9,0,0,0.00,0.00,0.00
02.03\2015\K2\1X,02_03-2015_05_16-10_00-K2-1X.jpeg,C:\Users\ASUS\Desktop\Ders\blg521\data\02.03\2015\K2\1X\02_03-2015_05_16-10_00-K2-1X.jpeg,TRUNCATED,JPEG missing standard EOI marker \xFF\xD9,0,0,0.00,0.00,0.00
02.03\2015\K2\1X,02_03-2015_05_17-08_29-K2-1X.jpeg,C:\Users\ASUS\Desktop\Ders\blg521\data\02.03\2015\K2\1X\02_03-2015_05_17-08_29-K2-1X.jpeg,TRUNCATED,JPEG missing standard EOI marker \xFF\xD9,0,0,0.00,0.00,0.00
02.03\2015\K2\1X,02_03-2015_05_19-08_00-K2-1X.jpeg,C:\Users\ASUS\Desktop\Ders\blg521\data\02.03\2015\K2\1X\02_03-2015_05_19-08_00-K2-1X.jpeg,TRUNCATED,JPEG missing standard EOI marker \xFF\xD9,0,0,0.00,0.00,0.00
02.03\2015\K2\1X,02_03-2015_05_20-08_30-K2-1X.jpeg,C:\Users\ASUS\Desktop\Ders\blg521\data\02.03\2015\K2\1X\02_03-2015_05_20-08_30-K2-1X.jpeg,TRUNCATED,JPEG missing standard EOI marker \xFF\xD9,0,0,0.00,0.00,0.00
02.03\2015\K2\1X,02_03-2015_05_21-09_00-K2-1X.jpeg,C:\Users\ASUS\Desktop\Ders\blg521\data\02.03\2015\K2\1X\02_03-2015_05_21-09_00-K2-1X.jpeg,TRUNCATED,JPEG missing standard EOI marker \xFF\xD9,0,0,0.00,0.00,0.00
02.03\2015\K2\1X,02_03-2015_05_22-10_00-K2-1X.jpeg,C:\Users\ASUS\Desktop\Ders\blg521\data\02.03\2015\K2\1X\02_03-2015_05_22-10_00-K2-1X.jpeg,TRUNCATED,JPEG missing standard EOI marker \xFF\xD9,0,0,0.00,0.00,0.00
02.03\2015\K2\1X,02_03-2015_05_23-10_28-K2-1X.jpeg,C:\Users\ASUS\Desktop\Ders\blg521\data\02.03\2015\K2\1X\02_03-2015_05_23-10_28-K2-1X.jpeg,TRUNCATED,JPEG missing standard EOI marker \xFF\xD9,0,0,0.00,0.00,0.00
02.03\2015\K2\1X,02_03-2015_05_26-09_00-K2-1X.jpeg,C:\Users\ASUS\Desktop\Ders\blg521\data\02.03\2015\K2\1X\02_03-2015_05_26-09_00-K2-1X.jpeg,TRUNCATED,JPEG missing standard EOI marker \xFF\xD9,0,0,0.00,0.00,0.00
02.03\2015\K2\1X,02_03-2015_05_27-10_00-K2-1X.jpeg,C:\Users\ASUS\Desktop\Ders\blg521\data\02.03\2015\K2\1X\02_03-2015_05_27-10_00-K2-1X.jpeg,TRUNCATED,JPEG missing standard EOI marker \xFF\xD9,0,0,0.00,0.00,0.00
02.03\2015\K2\1X,02_03-2015_05_29-10_42-K2-1X.jpeg,C:\Users\ASUS\Desktop\Ders\blg521\data\02.03\2015\K2\1X\02_03-2015_05_29-10_42-K2-1X.jpeg,TRUNCATED,JPEG missing standard EOI marker \xFF\xD9,0,0,0.00,0.00,0.00
02.03\2015\K2\1X,02_03-2015_05_31-10_25-K2-1X.jpeg,C:\Users\ASUS\Desktop\Ders\blg521\data\02.03\2015\K2\1X\02_03-2015_05_31-10_25-K2-1X.jpeg,TRUNCATED,JPEG missing standard EOI marker \xFF\xD9,0,0,0.00,0.00,0.00
02.03\2015\K2\1X,02_03-2015_06_03-10_29-K2-1X.jpeg,C:\Users\ASUS\Desktop\Ders\blg521\data\02.03\2015\K2\1X\02_03-2015_06_03-10_29-K2-1X.jpeg,TRUNCATED,JPEG missing standard EOI marker \xFF\xD9,0,0,0.00,0.00,0.00
02.03\2015\K2\1X,02_03-2015_06_04-10_00-K2-1X.jpeg,C:\Users\ASUS\Desktop\Ders\blg521\data\02.03\2015\K2\1X\02_03-2015_06_04-10_00-K2-1X.jpeg,TRUNCATED,JPEG missing standard EOI marker \xFF\xD9,0,0,0.00,0.00,0.00
02.03\2015\K2\1X,02_03-2015_06_05-10_31-K2-1X.jpeg,C:\Users\ASUS\Desktop\Ders\blg521\data\02.03\2015\K2\1X\02_03-2015_06_05-10_31-K2-1X.jpeg,TRUNCATED,JPEG missing standard EOI marker \xFF\xD9,0,0,0.00,0.00,0.00
02.03\2015\K2\1X,02_03-2015_06_06-09_00-K2-1X.jpeg,C:\Users\ASUS\Desktop\Ders\blg521\data\02.03\2015\K2\1X\02_03-2015_06_06-09_00-K2-1X.jpeg,TRUNCATED,JPEG missing standard EOI marker \xFF\xD9,0,0,0.00,0.00,0.00
02.03\2015\K2\1X,02_03-2015_06_08-10_00-K2-1X.jpeg,C:\Users\ASUS\Desktop\Ders\blg521\data\02.03\2015\K2\1X\02_03-2015_06_08-10_00-K2-1X.jpeg,TRUNCATED,JPEG missing standard EOI marker \xFF\xD9,0,0,0.00,0.00,0.00
02.03\2015\K2\1X,02_03-2015_06_09-10_00-K2-1X.jpeg,C:\Users\ASUS\Desktop\Ders\blg521\data\02.03\2015\K2\1X\02_03-2015_06_09-10_00-K2-1X.jpeg,TRUNCATED,JPEG missing standard EOI marker \xFF\xD9,0,0,0.00,0.00,0.00
02.03\2015\K2\1X,02_03-2015_06_10-10_00-K2-1X.jpeg,C:\Users\ASUS\Desktop\Ders\blg521\data\02.03\2015\K2\1X\02_03-2015_06_10-10_00-K2-1X.jpeg,TRUNCATED,JPEG missing standard EOI marker \xFF\xD9,0,0,0.00,0.00,0.00
02.03\2015\K2\1X,02_03-2015_08_10-10_00-K2-1X.jpeg,C:\Users\ASUS\Desktop\Ders\blg521\data\02.03\2015\K2\1X\02_03-2015_08_10-10_00-K2-1X.jpeg,BLURRED,Very blurry (Laplacian variance: 6.47),2288,1712,124.81,30.65,6.47
02.04\2013\K2\10X,02_04-2013_08_16-09_56-K2-10X.jpeg,C:\Users\ASUS\Desktop\Ders\blg521\data\02.04\2013\K2\10X\02_04-2013_08_16-09_56-K2-10X.jpeg,BLURRED,Very blurry (Laplacian variance: 15.58),2288,1712,123.94,22.37,15.58
02.04\2013\K2\10X,02_04-2013_08_17-10_17-K2-10X.jpeg,C:\Users\ASUS\Desktop\Ders\blg521\data\02.04\2013\K2\10X\02_04-2013_08_17-10_17-K2-10X.jpeg,BLURRED,Very blurry (Laplacian variance: 15.23),2288,1712,128.66,22.67,15.23
02.04\2013\K2\10X,02_04-2013_08_18-09_45-K2-10X.jpeg,C:\Users\ASUS\Desktop\Ders\blg521\data\02.04\2013\K2\10X\02_04-2013_08_18-09_45-K2-10X.jpeg,BLURRED,Very blurry (Laplacian variance: 14.04),2288,1712,128.63,21.64,14.04
02.04\2013\K2\10X,02_04-2013_08_19-09_49-K2-10X.jpeg,C:\Users\ASUS\Desktop\Ders\blg521\data\02.04\2013\K2\10X\02_04-2013_08_19-09_49-K2-10X.jpeg,BLURRED,Very blurry (Laplacian variance: 22.25),2288,1712,128.02,24.59,22.25
02.04\2013\K2\10X,02_04-2013_08_21-09_53-K2-10X.jpeg,C:\Users\ASUS\Desktop\Ders\blg521\data\02.04\2013\K2\10X\02_04-2013_08_21-09_53-K2-10X.jpeg,BLURRED,Very blurry (Laplacian variance: 23.39),2288,1712,123.57,24.37,23.39
02.04\2013\K2\10X,02_04-2013_12_30-10_07-K2-10X.jpeg,C:\Users\ASUS\Desktop\Ders\blg521\data\02.04\2013\K2\10X\02_04-2013_12_30-10_07-K2-10X.jpeg,BLURRED,Very blurry (Laplacian variance: 33.56),2288,1712,120.15,15.70,33.56
02.04\2014\K1\1X,02_04-2014_03_10-10_03-K1-1X.jpeg,C:\Users\ASUS\Desktop\Ders\blg521\data\02.04\2014\K1\1X\02_04-2014_03_10-10_03-K1-1X.jpeg,BLURRED,Very blurry (Laplacian variance: 19.96),2288,1712,137.23,23.08,19.96
02.04\2014\K2\10X,02_04-2014_03_10-10_00-K2-10X.jpeg,C:\Users\ASUS\Desktop\Ders\blg521\data\02.04\2014\K2\10X\02_04-2014_03_10-10_00-K2-10X.jpeg,BLURRED,Very blurry (Laplacian variance: 10.64),2288,1712,125.13,16.31,10.64
02.04\2014\K2\10X,02_04-2014_09_25-10_00-K2-10X.jpeg,C:\Users\ASUS\Desktop\Ders\blg521\data\02.04\2014\K2\10X\02_04-2014_09_25-10_00-K2-10X.jpeg,BLURRED,Very blurry (Laplacian variance: 35.54),2288,1712,123.24,23.08,35.54
02.05\2013\K1\10X,02_05-2013_12_30-10_15-K1-10X.jpeg,C:\Users\ASUS\Desktop\Ders\blg521\data\02.05\2013\K1\10X\02_05-2013_12_30-10_15-K1-10X.jpeg,BLURRED,Very blurry (Laplacian variance: 22.82),2288,1712,124.24,17.24,22.82
02.05\2013\K2\10X,02_05-2013_04_30-09_32-K2-10X.jpeg,C:\Users\ASUS\Desktop\Ders\blg521\data\02.05\2013\K2\10X\02_05-2013_04_30-09_32-K2-10X.jpeg,BLURRED,Very blurry (Laplacian variance: 29.96),2288,1712,124.42,11.75,29.96
02.05\2013\K2\10X,02_05-2013_06_13-09_55-K2-10X.jpeg,C:\Users\ASUS\Desktop\Ders\blg521\data\02.05\2013\K2\10X\02_05-2013_06_13-09_55-K2-10X.jpeg,BLURRED,Very blurry (Laplacian variance: 18.50),2288,1712,128.35,14.11,18.50
02.05\2013\K2\10X,02_05-2013_06_30-09_47-K2-10X.jpeg,C:\Users\ASUS\Desktop\Ders\blg521\data\02.05\2013\K2\10X\02_05-2013_06_30-09_47-K2-10X.jpeg,BLURRED,Very blurry (Laplacian variance: 37.65),2288,1712,130.39,17.46,37.65
02.05\2013\K2\10X,02_05-2013_07_01-10_08-K2-10X.jpeg,C:\Users\ASUS\Desktop\Ders\blg521\data\02.05\2013\K2\10X\02_05-2013_07_01-10_08-K2-10X.jpeg,BLURRED,Very blurry (Laplacian variance: 20.86),2288,1712,131.39,20.87,20.86
02.05\2013\K2\10X,02_05-2013_07_04-09_53-K2-10X.jpeg,C:\Users\ASUS\Desktop\Ders\blg521\data\02.05\2013\K2\10X\02_05-2013_07_04-09_53-K2-10X.jpeg,BLURRED,Very blurry (Laplacian variance: 26.60),2288,1712,126.84,24.10,26.60
02.05\2013\K2\10X,02_05-2013_09_08-10_11-K2-10X.jpeg,C:\Users\ASUS\Desktop\Ders\blg521\data\02.05\2013\K2\10X\02_05-2013_09_08-10_11-K2-10X.jpeg,BLURRED,Very blurry (Laplacian variance: 17.59),2288,1712,124.90,22.74,17.59
02.05\2013\K2\10X,02_05-2013_09_23-09_50-K2-10X.jpeg,C:\Users\ASUS\Desktop\Ders\blg521\data\02.05\2013\K2\10X\02_05-2013_09_23-09_50-K2-10X.jpeg,BLURRED,Very blurry (Laplacian variance: 15.26),2288,1712,125.61,19.09,15.26
02.05\2013\K2\10X,02_05-2013_09_30-09_48-K2-10X.jpeg,C:\Users\ASUS\Desktop\Ders\blg521\data\02.05\2013\K2\10X\02_05-2013_09_30-09_48-K2-10X.jpeg,BLURRED,Very blurry (Laplacian variance: 15.69),2288,1712,128.13,16.77,15.69
02.05\2013\K2\10X,02_05-2013_12_26-09_57-K2-10X.jpeg,C:\Users\ASUS\Desktop\Ders\blg521\data\02.05\2013\K2\10X\02_05-2013_12_26-09_57-K2-10X.jpeg,BLURRED,Very blurry (Laplacian variance: 9.67),2288,1712,128.77,9.11,9.67
02.05\2013\K2\10X,02_05-2013_12_30-10_15-K2-10X.jpeg,C:\Users\ASUS\Desktop\Ders\blg521\data\02.05\2013\K2\10X\02_05-2013_12_30-10_15-K2-10X.jpeg,BLURRED,Very blurry (Laplacian variance: 8.16),2288,1712,127.69,9.75,8.16
02.05\2014\K2\10X,02_05-2014_01_10-09_51-K2-10X.jpeg,C:\Users\ASUS\Desktop\Ders\blg521\data\02.05\2014\K2\10X\02_05-2014_01_10-09_51-K2-10X.jpeg,BLURRED,Very blurry (Laplacian variance: 10.39),2288,1712,120.38,22.99,10.39
02.05\2014\K2\10X,02_05-2014_01_20-10_00-K2-10X.jpeg,C:\Users\ASUS\Desktop\Ders\blg521\data\02.05\2014\K2\10X\02_05-2014_01_20-10_00-K2-10X.jpeg,BLURRED,Very blurry (Laplacian variance: 10.36),2288,1712,119.71,20.69,10.36
02.05\2014\K2\10X,02_05-2014_02_19-10_23-K2-10X.jpeg,C:\Users\ASUS\Desktop\Ders\blg521\data\02.05\2014\K2\10X\02_05-2014_02_19-10_23-K2-10X.jpeg,BLURRED,Very blurry (Laplacian variance: 10.15),2288,1712,123.43,15.72,10.15
02.05\2014\K2\10X,02_05-2014_03_05-10_04-K2-10X.jpeg,C:\Users\ASUS\Desktop\Ders\blg521\data\02.05\2014\K2\10X\02_05-2014_03_05-10_04-K2-10X.jpeg,BLURRED,Very blurry (Laplacian variance: 11.81),2288,1712,120.22,15.90,11.81
02.05\2014\K2\10X,02_05-2014_03_10-10_21-K2-10X.jpeg,C:\Users\ASUS\Desktop\Ders\blg521\data\02.05\2014\K2\10X\02_05-2014_03_10-10_21-K2-10X.jpeg,BLURRED,Very blurry (Laplacian variance: 9.28),2288,1712,119.92,10.51,9.28
02.05\2014\K2\10X,02_05-2014_03_11-10_04-K2-10X.jpeg,C:\Users\ASUS\Desktop\Ders\blg521\data\02.05\2014\K2\10X\02_05-2014_03_11-10_04-K2-10X.jpeg,BLURRED,Very blurry (Laplacian variance: 9.66),2288,1712,127.89,11.61,9.66
02.05\2014\K2\10X,02_05-2014_03_12-10_04-K2-10X.jpeg,C:\Users\ASUS\Desktop\Ders\blg521\data\02.05\2014\K2\10X\02_05-2014_03_12-10_04-K2-10X.jpeg,BLURRED,Very blurry (Laplacian variance: 8.83),2288,1712,120.54,10.03,8.83
02.05\2014\K2\10X,02_05-2014_04_16-10_12-K2-10X.jpeg,C:\Users\ASUS\Desktop\Ders\blg521\data\02.05\2014\K2\10X\02_05-2014_04_16-10_12-K2-10X.jpeg,BLURRED,Very blurry (Laplacian variance: 24.31),2288,1712,116.31,25.19,24.31
02.05\2014\K2\10X,02_05-2014_07_29-10_00-K2-10X.jpeg,C:\Users\ASUS\Desktop\Ders\blg521\data\02.05\2014\K2\10X\02_05-2014_07_29-10_00-K2-10X.jpeg,BLURRED,Very blurry (Laplacian variance: 30.69),2288,1712,129.75,37.36,30.69
02.05\2014\K2\10X,02_05-2014_08_09-09_59-K2-10X.jpeg,C:\Users\ASUS\Desktop\Ders\blg521\data\02.05\2014\K2\10X\02_05-2014_08_09-09_59-K2-10X.jpeg,BLURRED,Very blurry (Laplacian variance: 19.65),2288,1712,125.29,28.58,19.65
02.05\2014\K2\10X,02_05-2014_11_21-10_30-K2-10X.jpeg,C:\Users\ASUS\Desktop\Ders\blg521\data\02.05\2014\K2\10X\02_05-2014_11_21-10_30-K2-10X.jpeg,BLURRED,Very blurry (Laplacian variance: 18.31),2288,1712,103.46,10.96,18.31
02.05\2014\K2\10X,02_05-2014_12_21-10_00-K2-10X.jpeg,C:\Users\ASUS\Desktop\Ders\blg521\data\02.05\2014\K2\10X\02_05-2014_12_21-10_00-K2-10X.jpeg,BLURRED,Very blurry (Laplacian variance: 35.75),2288,1712,111.66,10.28,35.75
02.05\2014\K2\10X,02_05-2014_12_30-10_00-K2-10X.jpeg,C:\Users\ASUS\Desktop\Ders\blg521\data\02.05\2014\K2\10X\02_05-2014_12_30-10_00-K2-10X.jpeg,BLURRED,Very blurry (Laplacian variance: 43.61),2288,1712,91.45,11.69,43.61
02.05\2014\K2\1X,02_05-2014_03_10-10_23-K2-1X.jpeg,C:\Users\ASUS\Desktop\Ders\blg521\data\02.05\2014\K2\1X\02_05-2014_03_10-10_23-K2-1X.jpeg,BLURRED,Very blurry (Laplacian variance: 25.23),2288,1712,134.09,28.16,25.23
02.05\2014\K2\1X,02_05-2014_11_17-10_00-K2-1X.jpeg,C:\Users\ASUS\Desktop\Ders\blg521\data\02.05\2014\K2\1X\02_05-2014_11_17-10_00-K2-1X.jpeg,BLURRED,Very blurry (Laplacian variance: 26.81),2288,1712,114.11,10.63,26.81
02.05\2014\K2\1X,02_05-2014_11_22-10_00-K2-1X.jpeg,C:\Users\ASUS\Desktop\Ders\blg521\data\02.05\2014\K2\1X\02_05-2014_11_22-10_00-K2-1X.jpeg,BLURRED,Very blurry (Laplacian variance: 15.24),2288,1712,114.90,13.17,15.24
02.05\2014\K2\1X,02_05-2014_12_03-10_00-K2-1X.jpeg,C:\Users\ASUS\Desktop\Ders\blg521\data\02.05\2014\K2\1X\02_05-2014_12_03-10_00-K2-1X.jpeg,BLURRED,Very blurry (Laplacian variance: 30.27),2288,1712,116.01,26.70,30.27
02.05\2014\K2\1X,02_05-2014_12_20-10_00-K2-1X.jpeg,C:\Users\ASUS\Desktop\Ders\blg521\data\02.05\2014\K2\1X\02_05-2014_12_20-10_00-K2-1X.jpeg,BLURRED,Very blurry (Laplacian variance: 36.74),2288,1712,112.00,17.13,36.74
02.05\2014\K2\1X,02_05-2014_12_21-10_00-K2-1X.jpeg,C:\Users\ASUS\Desktop\Ders\blg521\data\02.05\2014\K2\1X\02_05-2014_12_21-10_00-K2-1X.jpeg,BLURRED,Very blurry (Laplacian variance: 34.60),2288,1712,113.36,46.29,34.60
02.05\2014\K2\1X,02_05-2014_12_28-10_00-K2-1X.jpeg,C:\Users\ASUS\Desktop\Ders\blg521\data\02.05\2014\K2\1X\02_05-2014_12_28-10_00-K2-1X.jpeg,BLURRED,Very blurry (Laplacian variance: 27.12),2288,1712,108.15,20.98,27.12
02.05\2014\K2\1X,02_05-2014_12_29-10_00-K2-1X.jpeg,C:\Users\ASUS\Desktop\Ders\blg521\data\02.05\2014\K2\1X\02_05-2014_12_29-10_00-K2-1X.jpeg,BLURRED,Very blurry (Laplacian variance: 37.93),2288,1712,114.50,21.12,37.93
02.05\2014\K2\1X,02_05-2014_12_30-10_00-K2-1X.jpeg,C:\Users\ASUS\Desktop\Ders\blg521\data\02.05\2014\K2\1X\02_05-2014_12_30-10_00-K2-1X.jpeg,BLURRED,Very blurry (Laplacian variance: 13.90),2288,1712,115.08,19.84,13.90
02.06\2016\K1-dissappears\10X,02_06-2016_08_25-10_00-K1-10X.jpeg,C:\Users\ASUS\Desktop\Ders\blg521\data\02.06\2016\K1-dissappears\10X\02_06-2016_08_25-10_00-K1-10X.jpeg,TRUNCATED,JPEG missing standard EOI marker \xFF\xD9,0,0,0.00,0.00,0.00
02.06\2016\K1-dissappears\1X,02_06-2016_04_07-10_00-K1-1X.jpeg,C:\Users\ASUS\Desktop\Ders\blg521\data\02.06\2016\K1-dissappears\1X\02_06-2016_04_07-10_00-K1-1X.jpeg,BLURRED,Very blurry (Laplacian variance: 47.69),2288,1712,112.46,10.84,47.69
02.06\2016\K1-dissappears\1X,02_06-2016_08_25-10_00-K1-1X.jpeg,C:\Users\ASUS\Desktop\Ders\blg521\data\02.06\2016\K1-dissappears\1X\02_06-2016_08_25-10_00-K1-1X.jpeg,TRUNCATED,JPEG missing standard EOI marker \xFF\xD9,0,0,0.00,0.00,0.00
02.06\2016\K1\10X,02_06-2016_08_25-10_00-K2-10X.jpeg,C:\Users\ASUS\Desktop\Ders\blg521\data\02.06\2016\K1\10X\02_06-2016_08_25-10_00-K2-10X.jpeg,TRUNCATED,JPEG missing standard EOI marker \xFF\xD9,0,0,0.00,0.00,0.00
02.06\2016\K1\10X,02_06-2016_12_15-10_00-K2-10X.jpeg,C:\Users\ASUS\Desktop\Ders\blg521\data\02.06\2016\K1\10X\02_06-2016_12_15-10_00-K2-10X.jpeg,BLURRED,Very blurry (Laplacian variance: 6.59),2288,1712,111.30,11.80,6.59
02.06\2016\K1\1X,02_06-2016_08_25-10_00-K2-1X.jpeg,C:\Users\ASUS\Desktop\Ders\blg521\data\02.06\2016\K1\1X\02_06-2016_08_25-10_00-K2-1X.jpeg,TRUNCATED,JPEG missing standard EOI marker \xFF\xD9,0,0,0.00,0.00,0.00
02.06\2016\K1\1X,02_06-2016_12_15-10_00-K2-1X.jpeg,C:\Users\ASUS\Desktop\Ders\blg521\data\02.06\2016\K1\1X\02_06-2016_12_15-10_00-K2-1X.jpeg,BLURRED,Very blurry (Laplacian variance: 6.58),2288,1712,111.15,11.67,6.58
02.06\2016\K3\10X,02_06-2016_08_25-10_00-K3-10X.jpeg,C:\Users\ASUS\Desktop\Ders\blg521\data\02.06\2016\K3\10X\02_06-2016_08_25-10_00-K3-10X.jpeg,TRUNCATED,JPEG missing standard EOI marker \xFF\xD9,0,0,0.00,0.00,0.00
02.06\2016\K3\10X,02_06-2016_12_28-10_00-K3-10X.jpeg,C:\Users\ASUS\Desktop\Ders\blg521\data\02.06\2016\K3\10X\02_06-2016_12_28-10_00-K3-10X.jpeg,BLURRED,Very blurry (Laplacian variance: 11.60),2288,1712,104.64,5.19,11.60
02.06\2016\K3\1X,02_06-2016_08_25-10_00-K3-1X.jpeg,C:\Users\ASUS\Desktop\Ders\blg521\data\02.06\2016\K3\1X\02_06-2016_08_25-10_00-K3-1X.jpeg,TRUNCATED,JPEG missing standard EOI marker \xFF\xD9,0,0,0.00,0.00,0.00
02.06\2016\K3\1X,02_06-2016_12_28-10_00-K3-1X.jpeg,C:\Users\ASUS\Desktop\Ders\blg521\data\02.06\2016\K3\1X\02_06-2016_12_28-10_00-K3-1X.jpeg,BLURRED,Very blurry (Laplacian variance: 10.01),2288,1712,111.43,28.35,10.01
02.06\2017\K1\10X,02_06-2017_01_01-10_00-K2-10X.jpeg,C:\Users\ASUS\Desktop\Ders\blg521\data\02.06\2017\K1\10X\02_06-2017_01_01-10_00-K2-10X.jpeg,BLURRED,Very blurry (Laplacian variance: 37.58),2288,1712,105.04,7.22,37.58
02.06\2017\K1\1X,02_06-2017_01_01-10_00-K2-1X.jpeg,C:\Users\ASUS\Desktop\Ders\blg521\data\02.06\2017\K1\1X\02_06-2017_01_01-10_00-K2-1X.jpeg,BLURRED,Very blurry (Laplacian variance: 31.39),2288,1712,113.30,32.21,31.39
02.06\2017\K1\1X,02_06-2017_03_11-10_00-K2-1X.jpeg,C:\Users\ASUS\Desktop\Ders\blg521\data\02.06\2017\K1\1X\02_06-2017_03_11-10_00-K2-1X.jpeg,BLURRED,Very blurry (Laplacian variance: 49.43),2288,1712,88.13,12.97,49.43
02.06\2017\K1\1X,02_06-2017_03_23-10_00-K2-1X.jpeg,C:\Users\ASUS\Desktop\Ders\blg521\data\02.06\2017\K1\1X\02_06-2017_03_23-10_00-K2-1X.jpeg,BLURRED,Very blurry (Laplacian variance: 35.18),2288,1712,115.70,35.45,35.18
02.06\2017\K3\10X,02_06-2017_01_01-10_00-K3-10X.jpeg,C:\Users\ASUS\Desktop\Ders\blg521\data\02.06\2017\K3\10X\02_06-2017_01_01-10_00-K3-10X.jpeg,BLURRED,Very blurry (Laplacian variance: 10.36),2288,1712,105.89,5.60,10.36
02.06\2017\K3\10X,02_06-2017_03_23-10_00-K3-10X.jpeg,C:\Users\ASUS\Desktop\Ders\blg521\data\02.06\2017\K3\10X\02_06-2017_03_23-10_00-K3-10X.jpeg,BLURRED,Very blurry (Laplacian variance: 7.07),2288,1712,107.49,6.23,7.07
02.06\2017\K3\1X,02_06-2017_01_01-10_00-K3-1X.jpeg,C:\Users\ASUS\Desktop\Ders\blg521\data\02.06\2017\K3\1X\02_06-2017_01_01-10_00-K3-1X.jpeg,BLURRED,Very blurry (Laplacian variance: 11.19),2288,1712,114.48,31.28,11.19
02.06\2017\K3\1X,02_06-2017_03_23-10_00-K3-1X.jpeg,C:\Users\ASUS\Desktop\Ders\blg521\data\02.06\2017\K3\1X\02_06-2017_03_23-10_00-K3-1X.jpeg,BLURRED,Very blurry (Laplacian variance: 9.68),2288,1712,110.35,27.58,9.68
06.01\2013\K1\10X,06_01-2013_09_04-10_02-K1-10X.jpeg,C:\Users\ASUS\Desktop\Ders\blg521\data\06.01\2013\K1\10X\06_01-2013_09_04-10_02-K1-10X.jpeg,BLURRED,Very blurry (Laplacian variance: 41.19),2288,1712,130.49,14.38,41.19
06.01\2013\K1\10X,06_01-2013_12_17-10_08-K1-10X.jpeg,C:\Users\ASUS\Desktop\Ders\blg521\data\06.01\2013\K1\10X\06_01-2013_12_17-10_08-K1-10X.jpeg,BLURRED,Very blurry (Laplacian variance: 11.80),2288,1712,130.45,12.69,11.80
06.01\2013\K1\10X,06_01-2013_12_21-10_15-K1-10X.jpeg,C:\Users\ASUS\Desktop\Ders\blg521\data\06.01\2013\K1\10X\06_01-2013_12_21-10_15-K1-10X.jpeg,BLURRED,Very blurry (Laplacian variance: 14.70),2288,1712,128.08,9.07,14.70
06.01\2013\K1\10X,06_01-2013_12_28-10_05-K1-10X.jpeg,C:\Users\ASUS\Desktop\Ders\blg521\data\06.01\2013\K1\10X\06_01-2013_12_28-10_05-K1-10X.jpeg,BLURRED,Very blurry (Laplacian variance: 44.47),2288,1712,122.99,20.72,44.47
06.01\2013\K2\10X,06_01-2013_08_15-10_14-K2-10X.jpeg,C:\Users\ASUS\Desktop\Ders\blg521\data\06.01\2013\K2\10X\06_01-2013_08_15-10_14-K2-10X.jpeg,BLURRED,Very blurry (Laplacian variance: 22.67),2288,1712,128.22,19.92,22.67
06.01\2013\K2\10X,06_01-2013_08_29-09_51-K2-10X.jpeg,C:\Users\ASUS\Desktop\Ders\blg521\data\06.01\2013\K2\10X\06_01-2013_08_29-09_51-K2-10X.jpeg,BLURRED,Very blurry (Laplacian variance: 22.99),2288,1712,125.18,20.66,22.99
06.01\2013\K2\10X,06_01-2013_09_04-10_01-K2-10X.jpeg,C:\Users\ASUS\Desktop\Ders\blg521\data\06.01\2013\K2\10X\06_01-2013_09_04-10_01-K2-10X.jpeg,BLURRED,Very blurry (Laplacian variance: 14.81),2288,1712,124.99,14.45,14.81
06.01\2013\K2\10X,06_01-2013_09_06-09_57-K2-10X.jpeg,C:\Users\ASUS\Desktop\Ders\blg521\data\06.01\2013\K2\10X\06_01-2013_09_06-09_57-K2-10X.jpeg,BLURRED,Very blurry (Laplacian variance: 23.79),2288,1712,126.42,21.90,23.79
06.01\2013\K2\10X,06_01-2013_09_16-10_02-K2-10X.jpeg,C:\Users\ASUS\Desktop\Ders\blg521\data\06.01\2013\K2\10X\06_01-2013_09_16-10_02-K2-10X.jpeg,BLURRED,Very blurry (Laplacian variance: 26.24),2288,1712,124.62,17.87,26.24
06.01\2013\K2\10X,06_01-2013_09_18-09_55-K2-10X.jpeg,C:\Users\ASUS\Desktop\Ders\blg521\data\06.01\2013\K2\10X\06_01-2013_09_18-09_55-K2-10X.jpeg,BLURRED,Very blurry (Laplacian variance: 43.72),2288,1712,125.47,19.42,43.72
06.01\2013\K2\10X,06_01-2013_09_26-09_55-K2-10X.jpeg,C:\Users\ASUS\Desktop\Ders\blg521\data\06.01\2013\K2\10X\06_01-2013_09_26-09_55-K2-10X.jpeg,BLURRED,Very blurry (Laplacian variance: 26.90),2288,1712,125.82,18.34,26.90
06.01\2013\K2\10X,06_01-2013_09_27-09_47-K2-10X.jpeg,C:\Users\ASUS\Desktop\Ders\blg521\data\06.01\2013\K2\10X\06_01-2013_09_27-09_47-K2-10X.jpeg,BLURRED,Very blurry (Laplacian variance: 28.27),2288,1712,126.13,18.72,28.27
06.01\2013\K2\10X,06_01-2013_10_14-09_57-K2-10X.jpeg,C:\Users\ASUS\Desktop\Ders\blg521\data\06.01\2013\K2\10X\06_01-2013_10_14-09_57-K2-10X.jpeg,BLURRED,Very blurry (Laplacian variance: 26.01),2288,1712,126.26,18.58,26.01
06.01\2013\K2\10X,06_01-2013_10_15-10_07-K2-10X.jpeg,C:\Users\ASUS\Desktop\Ders\blg521\data\06.01\2013\K2\10X\06_01-2013_10_15-10_07-K2-10X.jpeg,BLURRED,Very blurry (Laplacian variance: 23.28),2288,1712,123.26,17.21,23.28
06.01\2013\K2\10X,06_01-2013_10_16-09_46-K2-10X.jpeg,C:\Users\ASUS\Desktop\Ders\blg521\data\06.01\2013\K2\10X\06_01-2013_10_16-09_46-K2-10X.jpeg,BLURRED,Very blurry (Laplacian variance: 26.56),2288,1712,125.96,19.19,26.56
06.01\2013\K2\10X,06_01-2013_10_17-09_56-K2-10X.jpeg,C:\Users\ASUS\Desktop\Ders\blg521\data\06.01\2013\K2\10X\06_01-2013_10_17-09_56-K2-10X.jpeg,BLURRED,Very blurry (Laplacian variance: 8.99),2288,1712,128.88,7.44,8.99
06.01\2013\K2\10X,06_01-2013_10_18-10_06-K2-10X.jpeg,C:\Users\ASUS\Desktop\Ders\blg521\data\06.01\2013\K2\10X\06_01-2013_10_18-10_06-K2-10X.jpeg,BLURRED,Very blurry (Laplacian variance: 9.21),2288,1712,129.87,8.99,9.21
06.01\2013\K2\10X,06_01-2013_10_19-10_16-K2-10X.jpeg,C:\Users\ASUS\Desktop\Ders\blg521\data\06.01\2013\K2\10X\06_01-2013_10_19-10_16-K2-10X.jpeg,BLURRED,Very blurry (Laplacian variance: 9.67),2288,1712,125.60,11.03,9.67
06.01\2013\K2\10X,06_01-2013_10_21-10_13-K2-10X.jpeg,C:\Users\ASUS\Desktop\Ders\blg521\data\06.01\2013\K2\10X\06_01-2013_10_21-10_13-K2-10X.jpeg,BLURRED,Very blurry (Laplacian variance: 24.61),2288,1712,126.58,18.27,24.61
06.01\2013\K2\10X,06_01-2013_11_02-10_02-K2-10X.jpeg,C:\Users\ASUS\Desktop\Ders\blg521\data\06.01\2013\K2\10X\06_01-2013_11_02-10_02-K2-10X.jpeg,BLURRED,Very blurry (Laplacian variance: 23.41),2288,1712,130.16,14.64,23.41
06.01\2013\K2\10X,06_01-2013_11_05-10_02-K2-10X.jpeg,C:\Users\ASUS\Desktop\Ders\blg521\data\06.01\2013\K2\10X\06_01-2013_11_05-10_02-K2-10X.jpeg,BLURRED,Very blurry (Laplacian variance: 17.96),2288,1712,126.39,12.66,17.96
06.01\2013\K2\10X,06_01-2013_11_06-10_13-K2-10X.jpeg,C:\Users\ASUS\Desktop\Ders\blg521\data\06.01\2013\K2\10X\06_01-2013_11_06-10_13-K2-10X.jpeg,BLURRED,Very blurry (Laplacian variance: 17.25),2288,1712,126.91,12.37,17.25
06.01\2013\K2\10X,06_01-2013_11_07-09_51-K2-10X.jpeg,C:\Users\ASUS\Desktop\Ders\blg521\data\06.01\2013\K2\10X\06_01-2013_11_07-09_51-K2-10X.jpeg,BLURRED,Very blurry (Laplacian variance: 18.90),2288,1712,137.35,14.18,18.90
06.01\2013\K2\10X,06_01-2013_11_12-10_13-K2-10X.jpeg,C:\Users\ASUS\Desktop\Ders\blg521\data\06.01\2013\K2\10X\06_01-2013_11_12-10_13-K2-10X.jpeg,BLURRED,Very blurry (Laplacian variance: 20.42),2288,1712,131.69,14.18,20.42
06.01\2013\K2\10X,06_01-2013_11_13-09_52-K2-10X.jpeg,C:\Users\ASUS\Desktop\Ders\blg521\data\06.01\2013\K2\10X\06_01-2013_11_13-09_52-K2-10X.jpeg,BLURRED,Very blurry (Laplacian variance: 23.88),2288,1712,131.30,16.16,23.88
06.01\2013\K2\10X,06_01-2013_11_14-10_02-K2-10X.jpeg,C:\Users\ASUS\Desktop\Ders\blg521\data\06.01\2013\K2\10X\06_01-2013_11_14-10_02-K2-10X.jpeg,BLURRED,Very blurry (Laplacian variance: 14.13),2288,1712,125.16,9.36,14.13
06.01\2013\K2\10X,06_01-2013_11_15-10_13-K2-10X.jpeg,C:\Users\ASUS\Desktop\Ders\blg521\data\06.01\2013\K2\10X\06_01-2013_11_15-10_13-K2-10X.jpeg,BLURRED,Very blurry (Laplacian variance: 17.27),2288,1712,125.61,12.49,17.27
06.01\2013\K2\10X,06_01-2013_11_16-09_52-K2-10X.jpeg,C:\Users\ASUS\Desktop\Ders\blg521\data\06.01\2013\K2\10X\06_01-2013_11_16-09_52-K2-10X.jpeg,BLURRED,Very blurry (Laplacian variance: 21.26),2288,1712,131.47,15.89,21.26
06.01\2013\K2\10X,06_01-2013_11_17-10_03-K2-10X.jpeg,C:\Users\ASUS\Desktop\Ders\blg521\data\06.01\2013\K2\10X\06_01-2013_11_17-10_03-K2-10X.jpeg,BLURRED,Very blurry (Laplacian variance: 10.53),2288,1712,127.34,7.59,10.53
06.01\2013\K2\10X,06_01-2013_11_18-10_14-K2-10X.jpeg,C:\Users\ASUS\Desktop\Ders\blg521\data\06.01\2013\K2\10X\06_01-2013_11_18-10_14-K2-10X.jpeg,BLURRED,Very blurry (Laplacian variance: 18.73),2288,1712,131.68,14.14,18.73
06.01\2013\K2\10X,06_01-2013_11_21-09_46-K2-10X.jpeg,C:\Users\ASUS\Desktop\Ders\blg521\data\06.01\2013\K2\10X\06_01-2013_11_21-09_46-K2-10X.jpeg,BLURRED,Very blurry (Laplacian variance: 40.53),2288,1712,123.61,17.29,40.53
06.01\2013\K2\10X,06_01-2013_11_25-10_11-K2-10X.jpeg,C:\Users\ASUS\Desktop\Ders\blg521\data\06.01\2013\K2\10X\06_01-2013_11_25-10_11-K2-10X.jpeg,BLURRED,Very blurry (Laplacian variance: 11.22),2288,1712,129.25,7.98,11.22
06.01\2013\K2\10X,06_01-2013_11_27-09_45-K2-10X.jpeg,C:\Users\ASUS\Desktop\Ders\blg521\data\06.01\2013\K2\10X\06_01-2013_11_27-09_45-K2-10X.jpeg,BLURRED,Very blurry (Laplacian variance: 33.75),2288,1712,126.73,16.07,33.75
06.01\2013\K2\10X,06_01-2013_11_30-10_12-K2-10X.jpeg,C:\Users\ASUS\Desktop\Ders\blg521\data\06.01\2013\K2\10X\06_01-2013_11_30-10_12-K2-10X.jpeg,BLURRED,Very blurry (Laplacian variance: 22.88),2288,1712,127.87,17.21,22.88
06.01\2013\K2\10X,06_01-2013_12_21-10_14-K2-10X.jpeg,C:\Users\ASUS\Desktop\Ders\blg521\data\06.01\2013\K2\10X\06_01-2013_12_21-10_14-K2-10X.jpeg,BLURRED,Very blurry (Laplacian variance: 11.64),2288,1712,128.51,8.29,11.64
06.01\2013\K2\10X,06_01-2013_12_28-10_03-K2-10X.jpeg,C:\Users\ASUS\Desktop\Ders\blg521\data\06.01\2013\K2\10X\06_01-2013_12_28-10_03-K2-10X.jpeg,BLURRED,Very blurry (Laplacian variance: 17.04),2288,1712,127.54,16.28,17.04
06.01\2014\K1\10X,06_01-2014_01_22-10_02-K1-10X.jpeg,C:\Users\ASUS\Desktop\Ders\blg521\data\06.01\2014\K1\10X\06_01-2014_01_22-10_02-K1-10X.jpeg,BLURRED,Very blurry (Laplacian variance: 8.98),2288,1712,124.19,6.16,8.98
06.01\2014\K1\10X,06_01-2014_02_28-09_52-K1-10X.jpeg,C:\Users\ASUS\Desktop\Ders\blg521\data\06.01\2014\K1\10X\06_01-2014_02_28-09_52-K1-10X.jpeg,BLURRED,Very blurry (Laplacian variance: 17.34),2288,1712,134.56,11.26,17.34
06.01\2014\K1\10X,06_01-2014_03_02-10_06-K1-10X.jpeg,C:\Users\ASUS\Desktop\Ders\blg521\data\06.01\2014\K1\10X\06_01-2014_03_02-10_06-K1-10X.jpeg,BLURRED,Very blurry (Laplacian variance: 10.21),2288,1712,124.60,7.22,10.21
06.01\2014\K1\10X,06_01-2014_03_03-10_07-K1-10X.jpeg,C:\Users\ASUS\Desktop\Ders\blg521\data\06.01\2014\K1\10X\06_01-2014_03_03-10_07-K1-10X.jpeg,BLURRED,Very blurry (Laplacian variance: 23.06),2288,1712,126.76,8.64,23.06
06.01\2014\K1\10X,06_01-2014_03_12-10_04-K1-10X.jpeg,C:\Users\ASUS\Desktop\Ders\blg521\data\06.01\2014\K1\10X\06_01-2014_03_12-10_04-K1-10X.jpeg,BLURRED,Very blurry (Laplacian variance: 14.99),2288,1712,135.44,10.26,14.99
06.01\2014\K1\10X,06_01-2014_03_30-10_22-K1-10X.jpeg,C:\Users\ASUS\Desktop\Ders\blg521\data\06.01\2014\K1\10X\06_01-2014_03_30-10_22-K1-10X.jpeg,BLURRED,Very blurry (Laplacian variance: 11.27),2288,1712,123.07,12.38,11.27
06.01\2014\K1\10X,06_01-2014_04_01-09_54-K1-10X.jpeg,C:\Users\ASUS\Desktop\Ders\blg521\data\06.01\2014\K1\10X\06_01-2014_04_01-09_54-K1-10X.jpeg,BLURRED,Very blurry (Laplacian variance: 19.95),2288,1712,133.43,14.75,19.95
06.01\2014\K1\10X,06_01-2014_04_02-09_56-K1-10X.jpeg,C:\Users\ASUS\Desktop\Ders\blg521\data\06.01\2014\K1\10X\06_01-2014_04_02-09_56-K1-10X.jpeg,BLURRED,Very blurry (Laplacian variance: 18.61),2288,1712,133.51,14.32,18.61
06.01\2014\K1\10X,06_01-2014_05_04-10_00-K1-10X.jpeg,C:\Users\ASUS\Desktop\Ders\blg521\data\06.01\2014\K1\10X\06_01-2014_05_04-10_00-K1-10X.jpeg,BLURRED,Very blurry (Laplacian variance: 43.30),2288,1712,123.55,27.71,43.30
06.01\2014\K1\10X,06_01-2014_07_29-10_00-K1-10X.jpeg,C:\Users\ASUS\Desktop\Ders\blg521\data\06.01\2014\K1\10X\06_01-2014_07_29-10_00-K1-10X.jpeg,BLURRED,Very blurry (Laplacian variance: 9.27),2288,1712,139.45,12.20,9.27
06.01\2014\K1\10X,06_01-2014_07_30-10_00-K1-10X.jpeg,C:\Users\ASUS\Desktop\Ders\blg521\data\06.01\2014\K1\10X\06_01-2014_07_30-10_00-K1-10X.jpeg,BLURRED,Very blurry (Laplacian variance: 13.83),2288,1712,139.43,13.23,13.83
06.01\2014\K1\10X,06_01-2014_09_28-10_00-K1-10X.jpeg,C:\Users\ASUS\Desktop\Ders\blg521\data\06.01\2014\K1\10X\06_01-2014_09_28-10_00-K1-10X.jpeg,BLURRED,Very blurry (Laplacian variance: 42.08),2288,1712,115.06,10.58,42.08
06.01\2014\K1\10X,06_01-2014_10_18-10_00-K1-10X.jpeg,C:\Users\ASUS\Desktop\Ders\blg521\data\06.01\2014\K1\10X\06_01-2014_10_18-10_00-K1-10X.jpeg,BLURRED,Very blurry (Laplacian variance: 27.92),2288,1712,134.28,16.02,27.92
06.01\2014\K1\10X,06_01-2014_10_19-10_00-K1-10X.jpeg,C:\Users\ASUS\Desktop\Ders\blg521\data\06.01\2014\K1\10X\06_01-2014_10_19-10_00-K1-10X.jpeg,BLURRED,Very blurry (Laplacian variance: 13.69),2288,1712,134.87,14.79,13.69
06.01\2014\K1\10X,06_01-2014_10_23-10_00-K1-10X.jpeg,C:\Users\ASUS\Desktop\Ders\blg521\data\06.01\2014\K1\10X\06_01-2014_10_23-10_00-K1-10X.jpeg,BLURRED,Very blurry (Laplacian variance: 30.34),2288,1712,130.67,11.26,30.34
06.01\2014\K1\10X,06_01-2014_11_03-10_00-K1-10X.jpeg,C:\Users\ASUS\Desktop\Ders\blg521\data\06.01\2014\K1\10X\06_01-2014_11_03-10_00-K1-10X.jpeg,BLURRED,Very blurry (Laplacian variance: 36.20),2288,1712,127.48,14.24,36.20
06.01\2014\K1\1X,06_01-2014_07_28-10_00-K1-1X.jpeg,C:\Users\ASUS\Desktop\Ders\blg521\data\06.01\2014\K1\1X\06_01-2014_07_28-10_00-K1-1X.jpeg,BLURRED,Very blurry (Laplacian variance: 8.58),2288,1712,138.25,9.62,8.58
06.01\2014\K1\1X,06_01-2014_07_29-10_00-K1-1X.jpeg,C:\Users\ASUS\Desktop\Ders\blg521\data\06.01\2014\K1\1X\06_01-2014_07_29-10_00-K1-1X.jpeg,BLURRED,Very blurry (Laplacian variance: 8.41),2288,1712,139.74,10.58,8.41
06.01\2014\K1\1X,06_01-2014_07_30-10_00-K1-1X.jpeg,C:\Users\ASUS\Desktop\Ders\blg521\data\06.01\2014\K1\1X\06_01-2014_07_30-10_00-K1-1X.jpeg,BLURRED,Very blurry (Laplacian variance: 8.70),2288,1712,139.99,10.92,8.70
06.01\2014\K1\1X,06_01-2014_08_01-10_00-K1-1X.jpeg,C:\Users\ASUS\Desktop\Ders\blg521\data\06.01\2014\K1\1X\06_01-2014_08_01-10_00-K1-1X.jpeg,BLURRED,Very blurry (Laplacian variance: 9.48),2288,1712,140.80,12.15,9.48
06.01\2014\K2\10X,06_01-2014_01_14-09_55-K2-10X.jpeg,C:\Users\ASUS\Desktop\Ders\blg521\data\06.01\2014\K2\10X\06_01-2014_01_14-09_55-K2-10X.jpeg,BLURRED,Very blurry (Laplacian variance: 10.80),2288,1712,129.06,9.84,10.80
06.01\2014\K2\10X,06_01-2014_01_15-09_51-K2-10X.jpeg,C:\Users\ASUS\Desktop\Ders\blg521\data\06.01\2014\K2\10X\06_01-2014_01_15-09_51-K2-10X.jpeg,BLURRED,Very blurry (Laplacian variance: 22.01),2288,1712,127.76,18.31,22.01
06.01\2014\K2\10X,06_01-2014_01_16-09_57-K2-10X.jpeg,C:\Users\ASUS\Desktop\Ders\blg521\data\06.01\2014\K2\10X\06_01-2014_01_16-09_57-K2-10X.jpeg,BLURRED,Very blurry (Laplacian variance: 10.21),2288,1712,127.42,7.71,10.21
06.01\2014\K2\10X,06_01-2014_01_17-09_59-K2-10X.jpeg,C:\Users\ASUS\Desktop\Ders\blg521\data\06.01\2014\K2\10X\06_01-2014_01_17-09_59-K2-10X.jpeg,BLURRED,Very blurry (Laplacian variance: 10.08),2288,1712,127.28,7.89,10.08
06.01\2014\K2\10X,06_01-2014_01_18-09_59-K2-10X.jpeg,C:\Users\ASUS\Desktop\Ders\blg521\data\06.01\2014\K2\10X\06_01-2014_01_18-09_59-K2-10X.jpeg,BLURRED,Very blurry (Laplacian variance: 20.34),2288,1712,127.62,17.19,20.34
06.01\2014\K2\10X,06_01-2014_01_22-10_01-K2-10X.jpeg,C:\Users\ASUS\Desktop\Ders\blg521\data\06.01\2014\K2\10X\06_01-2014_01_22-10_01-K2-10X.jpeg,BLURRED,Very blurry (Laplacian variance: 27.14),2288,1712,121.11,12.00,27.14
06.01\2014\K2\10X,06_01-2014_01_31-10_08-K2-10X.jpeg,C:\Users\ASUS\Desktop\Ders\blg521\data\06.01\2014\K2\10X\06_01-2014_01_31-10_08-K2-10X.jpeg,BLURRED,Very blurry (Laplacian variance: 19.26),2288,1712,130.70,16.85,19.26
06.01\2014\K2\10X,06_01-2014_02_01-10_08-K2-10X.jpeg,C:\Users\ASUS\Desktop\Ders\blg521\data\06.01\2014\K2\10X\06_01-2014_02_01-10_08-K2-10X.jpeg,BLURRED,Very blurry (Laplacian variance: 17.71),2288,1712,131.53,15.76,17.71
06.01\2014\K2\10X,06_01-2014_02_02-10_08-K2-10X.jpeg,C:\Users\ASUS\Desktop\Ders\blg521\data\06.01\2014\K2\10X\06_01-2014_02_02-10_08-K2-10X.jpeg,BLURRED,Very blurry (Laplacian variance: 16.51),2288,1712,132.31,15.04,16.51
06.01\2014\K2\10X,06_01-2014_02_21-09_49-K2-10X.jpeg,C:\Users\ASUS\Desktop\Ders\blg521\data\06.01\2014\K2\10X\06_01-2014_02_21-09_49-K2-10X.jpeg,BLURRED,Very blurry (Laplacian variance: 14.31),2288,1712,125.44,12.25,14.31
06.01\2014\K2\10X,06_01-2014_02_24-09_51-K2-10X.jpeg,C:\Users\ASUS\Desktop\Ders\blg521\data\06.01\2014\K2\10X\06_01-2014_02_24-09_51-K2-10X.jpeg,BLURRED,Very blurry (Laplacian variance: 10.13),2288,1712,124.35,8.71,10.13
06.01\2014\K2\10X,06_01-2014_02_25-09_49-K2-10X.jpeg,C:\Users\ASUS\Desktop\Ders\blg521\data\06.01\2014\K2\10X\06_01-2014_02_25-09_49-K2-10X.jpeg,BLURRED,Very blurry (Laplacian variance: 10.16),2288,1712,130.10,7.74,10.16
06.01\2014\K2\10X,06_01-2014_03_01-10_07-K2-10X.jpeg,C:\Users\ASUS\Desktop\Ders\blg521\data\06.01\2014\K2\10X\06_01-2014_03_01-10_07-K2-10X.jpeg,BLURRED,Very blurry (Laplacian variance: 14.24),2288,1712,132.84,12.20,14.24
06.01\2014\K2\10X,06_01-2014_03_03-10_08-K2-10X.jpeg,C:\Users\ASUS\Desktop\Ders\blg521\data\06.01\2014\K2\10X\06_01-2014_03_03-10_08-K2-10X.jpeg,BLURRED,Very blurry (Laplacian variance: 34.19),2288,1712,125.89,10.30,34.19
06.01\2014\K2\10X,06_01-2014_03_04-09_51-K2-10X.jpeg,C:\Users\ASUS\Desktop\Ders\blg521\data\06.01\2014\K2\10X\06_01-2014_03_04-09_51-K2-10X.jpeg,BLURRED,Very blurry (Laplacian variance: 31.62),2288,1712,136.09,12.05,31.62
06.01\2014\K2\10X,06_01-2014_03_13-10_04-K2-10X.jpeg,C:\Users\ASUS\Desktop\Ders\blg521\data\06.01\2014\K2\10X\06_01-2014_03_13-10_04-K2-10X.jpeg,BLURRED,Very blurry (Laplacian variance: 12.69),2288,1712,133.51,11.69,12.69
06.01\2014\K2\10X,06_01-2014_04_15-09_39-K2-10X.jpeg,C:\Users\ASUS\Desktop\Ders\blg521\data\06.01\2014\K2\10X\06_01-2014_04_15-09_39-K2-10X.jpeg,BLURRED,Very blurry (Laplacian variance: 17.43),2288,1712,125.25,15.97,17.43
06.01\2014\K2\10X,06_01-2014_04_17-10_00-K2-10X.jpeg,C:\Users\ASUS\Desktop\Ders\blg521\data\06.01\2014\K2\10X\06_01-2014_04_17-10_00-K2-10X.jpeg,BLURRED,Very blurry (Laplacian variance: 10.55),2288,1712,116.52,10.94,10.55
06.01\2014\K2\10X,06_01-2014_05_04-10_00-K2-10X.jpeg,C:\Users\ASUS\Desktop\Ders\blg521\data\06.01\2014\K2\10X\06_01-2014_05_04-10_00-K2-10X.jpeg,BLURRED,Very blurry (Laplacian variance: 10.32),2288,1712,120.16,8.58,10.32
06.01\2014\K2\10X,06_01-2014_07_16-10_00-K2-10X.jpeg,C:\Users\ASUS\Desktop\Ders\blg521\data\06.01\2014\K2\10X\06_01-2014_07_16-10_00-K2-10X.jpeg,BLURRED,Very blurry (Laplacian variance: 11.31),2288,1712,131.96,10.11,11.31
06.01\2014\K2\10X,06_01-2014_07_20-10_00-K2-10X.jpeg,C:\Users\ASUS\Desktop\Ders\blg521\data\06.01\2014\K2\10X\06_01-2014_07_20-10_00-K2-10X.jpeg,BLURRED,Very blurry (Laplacian variance: 9.57),2288,1712,125.33,10.01,9.57
06.01\2014\K2\10X,06_01-2014_07_27-10_00-K2-10X.jpeg,C:\Users\ASUS\Desktop\Ders\blg521\data\06.01\2014\K2\10X\06_01-2014_07_27-10_00-K2-10X.jpeg,BLURRED,Very blurry (Laplacian variance: 11.80),2288,1712,132.91,10.38,11.80
06.01\2014\K2\10X,06_01-2014_08_02-10_00-K2-10X.jpeg,C:\Users\ASUS\Desktop\Ders\blg521\data\06.01\2014\K2\10X\06_01-2014_08_02-10_00-K2-10X.jpeg,BLURRED,Very blurry (Laplacian variance: 11.57),2288,1712,128.39,10.16,11.57
06.01\2014\K2\10X,06_01-2014_08_18-10_00-K2-10X.jpeg,C:\Users\ASUS\Desktop\Ders\blg521\data\06.01\2014\K2\10X\06_01-2014_08_18-10_00-K2-10X.jpeg,BLURRED,Very blurry (Laplacian variance: 11.09),2288,1712,128.70,9.89,11.09
06.01\2014\K2\10X,06_01-2014_08_23-10_00-K2-10X.jpeg,C:\Users\ASUS\Desktop\Ders\blg521\data\06.01\2014\K2\10X\06_01-2014_08_23-10_00-K2-10X.jpeg,BLURRED,Very blurry (Laplacian variance: 14.60),2288,1712,125.97,13.10,14.60
06.01\2014\K2\10X,06_01-2014_09_23-10_00-K2-10X.jpeg,C:\Users\ASUS\Desktop\Ders\blg521\data\06.01\2014\K2\10X\06_01-2014_09_23-10_00-K2-10X.jpeg,BLURRED,Very blurry (Laplacian variance: 11.74),2288,1712,131.33,14.27,11.74
06.01\2014\K2\10X,06_01-2014_09_25-10_00-K2-10X.jpeg,C:\Users\ASUS\Desktop\Ders\blg521\data\06.01\2014\K2\10X\06_01-2014_09_25-10_00-K2-10X.jpeg,BLURRED,Very blurry (Laplacian variance: 13.67),2288,1712,139.21,10.29,13.67
06.01\2014\K2\10X,06_01-2014_09_26-10_00-K2-10X.jpeg,C:\Users\ASUS\Desktop\Ders\blg521\data\06.01\2014\K2\10X\06_01-2014_09_26-10_00-K2-10X.jpeg,BLURRED,Very blurry (Laplacian variance: 12.86),2288,1712,134.80,9.75,12.86
06.01\2014\K2\10X,06_01-2014_09_27-10_00-K2-10X.jpeg,C:\Users\ASUS\Desktop\Ders\blg521\data\06.01\2014\K2\10X\06_01-2014_09_27-10_00-K2-10X.jpeg,BLURRED,Very blurry (Laplacian variance: 13.12),2288,1712,134.41,9.82,13.12
06.01\2014\K2\10X,06_01-2014_10_21-10_00-K2-10X.jpeg,C:\Users\ASUS\Desktop\Ders\blg521\data\06.01\2014\K2\10X\06_01-2014_10_21-10_00-K2-10X.jpeg,BLURRED,Very blurry (Laplacian variance: 14.61),2288,1712,133.16,12.58,14.61
06.01\2014\K2\10X,06_01-2014_10_25-10_00-K2-10X.jpeg,C:\Users\ASUS\Desktop\Ders\blg521\data\06.01\2014\K2\10X\06_01-2014_10_25-10_00-K2-10X.jpeg,BLURRED,Very blurry (Laplacian variance: 37.16),2288,1712,128.58,13.48,37.16
06.01\2014\K2\10X,06_01-2014_11_04-10_00-K2-10X.jpeg,C:\Users\ASUS\Desktop\Ders\blg521\data\06.01\2014\K2\10X\06_01-2014_11_04-10_00-K2-10X.jpeg,BLURRED,Very blurry (Laplacian variance: 21.80),2288,1712,133.31,17.28,21.80
06.01\2014\K2\10X,06_01-2014_11_10-10_00-K2-10X.jpeg,C:\Users\ASUS\Desktop\Ders\blg521\data\06.01\2014\K2\10X\06_01-2014_11_10-10_00-K2-10X.jpeg,BLURRED,Very blurry (Laplacian variance: 12.80),2288,1712,137.32,13.12,12.80
06.01\2014\K2\10X,06_01-2014_11_19-10_00-K2-10X.jpeg,C:\Users\ASUS\Desktop\Ders\blg521\data\06.01\2014\K2\10X\06_01-2014_11_19-10_00-K2-10X.jpeg,BLURRED,Very blurry (Laplacian variance: 10.88),2288,1712,130.96,11.95,10.88
06.01\2014\K2\10X,06_01-2014_11_21-10_00-K2-10X.jpeg,C:\Users\ASUS\Desktop\Ders\blg521\data\06.01\2014\K2\10X\06_01-2014_11_21-10_00-K2-10X.jpeg,BLURRED,Very blurry (Laplacian variance: 9.38),2288,1712,131.10,9.55,9.38
06.01\2014\K2\10X,06_01-2014_12_04-10_00-K2-10X.jpeg,C:\Users\ASUS\Desktop\Ders\blg521\data\06.01\2014\K2\10X\06_01-2014_12_04-10_00-K2-10X.jpeg,BLURRED,Very blurry (Laplacian variance: 9.77),2288,1712,135.85,9.66,9.77
06.01\2014\K2\1X,06_01-2014_09_28-10_00-K2-1X.jpeg,C:\Users\ASUS\Desktop\Ders\blg521\data\06.01\2014\K2\1X\06_01-2014_09_28-10_00-K2-1X.jpeg,BLURRED,Very blurry (Laplacian variance: 29.79),2288,1712,127.39,5.10,29.79
06.02\2013\K1\10X,06_02-2013_02_14-09_50-K1-10X.jpeg,C:\Users\ASUS\Desktop\Ders\blg521\data\06.02\2013\K1\10X\06_02-2013_02_14-09_50-K1-10X.jpeg,BLURRED,Very blurry (Laplacian variance: 43.88),2288,1712,134.67,16.47,43.88
06.02\2013\K1\10X,06_02-2013_03_17-11_46-K1-10X.jpeg,C:\Users\ASUS\Desktop\Ders\blg521\data\06.02\2013\K1\10X\06_02-2013_03_17-11_46-K1-10X.jpeg,BLURRED,Very blurry (Laplacian variance: 43.93),2288,1712,134.42,12.78,43.93
06.02\2013\K2\10X,06_02-2013_12_24-09_56-K2-10X.jpeg,C:\Users\ASUS\Desktop\Ders\blg521\data\06.02\2013\K2\10X\06_02-2013_12_24-09_56-K2-10X.jpeg,BLURRED,Very blurry (Laplacian variance: 16.47),1920,1080,128.70,10.38,16.47
06.02\2013\K2\1X,06_02-2013_04_22-10_44-K2-1X.jpeg,C:\Users\ASUS\Desktop\Ders\blg521\data\06.02\2013\K2\1X\06_02-2013_04_22-10_44-K2-1X.jpeg,BLURRED,Very blurry (Laplacian variance: 47.68),2288,1712,133.73,13.76,47.68
06.02\2014\K1\10X,06_02-2014_01_10-09_51-K1-10X.jpeg,C:\Users\ASUS\Desktop\Ders\blg521\data\06.02\2014\K1\10X\06_02-2014_01_10-09_51-K1-10X.jpeg,BLURRED,Very blurry (Laplacian variance: 19.15),1920,1080,126.88,7.17,19.15
06.02\2014\K1\10X,06_02-2014_01_11-10_16-K1-10X.jpeg,C:\Users\ASUS\Desktop\Ders\blg521\data\06.02\2014\K1\10X\06_02-2014_01_11-10_16-K1-10X.jpeg,BLURRED,Very blurry (Laplacian variance: 26.11),1920,1080,125.09,8.57,26.11
06.02\2014\K1\10X,06_02-2014_10_30-10_00-K1-10X.jpeg,C:\Users\ASUS\Desktop\Ders\blg521\data\06.02\2014\K1\10X\06_02-2014_10_30-10_00-K1-10X.jpeg,BLURRED,Very blurry (Laplacian variance: 16.08),1920,1080,127.40,33.12,16.08
06.02\2014\K1\10X,06_02-2014_11_13-10_00-K1-10X.jpeg,C:\Users\ASUS\Desktop\Ders\blg521\data\06.02\2014\K1\10X\06_02-2014_11_13-10_00-K1-10X.jpeg,BLURRED,Very blurry (Laplacian variance: 8.52),1920,1080,123.74,6.85,8.52
06.02\2014\K1\10X,06_02-2014_11_18-10_00-K1-10X.jpeg,C:\Users\ASUS\Desktop\Ders\blg521\data\06.02\2014\K1\10X\06_02-2014_11_18-10_00-K1-10X.jpeg,BLURRED,Very blurry (Laplacian variance: 8.51),1920,1080,126.21,7.04,8.51
06.02\2014\K1\10X,06_02-2014_11_30-10_16-K1-10X.jpeg,C:\Users\ASUS\Desktop\Ders\blg521\data\06.02\2014\K1\10X\06_02-2014_11_30-10_16-K1-10X.jpeg,BLURRED,Very blurry (Laplacian variance: 39.88),1920,1080,125.39,11.65,39.88
06.02\2014\K1\10X,06_02-2014_12_13-10_00-K1-10X.jpeg,C:\Users\ASUS\Desktop\Ders\blg521\data\06.02\2014\K1\10X\06_02-2014_12_13-10_00-K1-10X.jpeg,BLURRED,Very blurry (Laplacian variance: 33.29),1920,1080,121.43,40.52,33.29
06.02\2014\K1\10X,06_02-2014_12_14-09_59-K1-10X.jpeg,C:\Users\ASUS\Desktop\Ders\blg521\data\06.02\2014\K1\10X\06_02-2014_12_14-09_59-K1-10X.jpeg,BLURRED,Very blurry (Laplacian variance: 43.96),1920,1080,116.32,45.74,43.96
06.02\2014\K1\10X,06_02-2014_12_20-10_00-K1-10X.jpeg,C:\Users\ASUS\Desktop\Ders\blg521\data\06.02\2014\K1\10X\06_02-2014_12_20-10_00-K1-10X.jpeg,BLURRED,Very blurry (Laplacian variance: 10.81),1920,1080,125.06,7.27,10.81
06.02\2014\K1\1X,06_02-2014_01_05-10_11-K1-1X.jpeg,C:\Users\ASUS\Desktop\Ders\blg521\data\06.02\2014\K1\1X\06_02-2014_01_05-10_11-K1-1X.jpeg,BLURRED,Very blurry (Laplacian variance: 47.12),1920,1080,123.62,31.48,47.12
06.02\2014\K1\1X,06_02-2014_01_06-09_48-K1-1X.jpeg,C:\Users\ASUS\Desktop\Ders\blg521\data\06.02\2014\K1\1X\06_02-2014_01_06-09_48-K1-1X.jpeg,BLURRED,Very blurry (Laplacian variance: 38.47),1920,1080,124.15,32.83,38.47
06.02\2014\K1\1X,06_02-2014_01_07-10_02-K1-1X.jpeg,C:\Users\ASUS\Desktop\Ders\blg521\data\06.02\2014\K1\1X\06_02-2014_01_07-10_02-K1-1X.jpeg,BLURRED,Very blurry (Laplacian variance: 47.77),1920,1080,123.16,31.86,47.77
06.02\2014\K1\1X,06_02-2014_01_10-09_52-K1-1X.jpeg,C:\Users\ASUS\Desktop\Ders\blg521\data\06.02\2014\K1\1X\06_02-2014_01_10-09_52-K1-1X.jpeg,BLURRED,Very blurry (Laplacian variance: 27.63),1920,1080,128.15,23.34,27.63
06.02\2014\K1\1X,06_02-2014_01_12-11_02-K1-1X.jpeg,C:\Users\ASUS\Desktop\Ders\blg521\data\06.02\2014\K1\1X\06_02-2014_01_12-11_02-K1-1X.jpeg,BLURRED,Very blurry (Laplacian variance: 43.37),1920,1080,126.18,22.33,43.37
06.02\2014\K1\1X,06_02-2014_12_20-10_00-K1-1X.jpeg,C:\Users\ASUS\Desktop\Ders\blg521\data\06.02\2014\K1\1X\06_02-2014_12_20-10_00-K1-1X.jpeg,BLURRED,Very blurry (Laplacian variance: 15.23),1920,1080,124.94,37.77,15.23
06.02\2014\K2\10X,06_02-2014_01_10-09_52-K2-10X.jpeg,C:\Users\ASUS\Desktop\Ders\blg521\data\06.02\2014\K2\10X\06_02-2014_01_10-09_52-K2-10X.jpeg,BLURRED,Very blurry (Laplacian variance: 13.63),1920,1080,127.44,10.04,13.63
06.02\2014\K2\10X,06_02-2014_01_11-09_45-K2-10X.jpeg,C:\Users\ASUS\Desktop\Ders\blg521\data\06.02\2014\K2\10X\06_02-2014_01_11-09_45-K2-10X.jpeg,BLURRED,Very blurry (Laplacian variance: 19.49),1920,1080,136.87,13.51,19.49
06.02\2014\K2\10X,06_02-2014_01_12-11_02-K2-10X.jpeg,C:\Users\ASUS\Desktop\Ders\blg521\data\06.02\2014\K2\10X\06_02-2014_01_12-11_02-K2-10X.jpeg,BLURRED,Very blurry (Laplacian variance: 14.02),1920,1080,124.07,5.68,14.02
06.02\2014\K2\10X,06_02-2014_12_20-10_00-K2-10X.jpeg,C:\Users\ASUS\Desktop\Ders\blg521\data\06.02\2014\K2\10X\06_02-2014_12_20-10_00-K2-10X.jpeg,BLURRED,Very blurry (Laplacian variance: 22.73),1920,1080,123.97,6.80,22.73
06.02\2014\K2\1X,06_02-2014_12_20-10_00-K2-1X.jpeg,C:\Users\ASUS\Desktop\Ders\blg521\data\06.02\2014\K2\1X\06_02-2014_12_20-10_00-K2-1X.jpeg,BLURRED,Very blurry (Laplacian variance: 16.11),1920,1080,128.74,30.16,16.11
06.02\2015\K1\10X,06_02-2015_01_06-11_25-K1-10X.jpeg,C:\Users\ASUS\Desktop\Ders\blg521\data\06.02\2015\K1\10X\06_02-2015_01_06-11_25-K1-10X.jpeg,LOW_CONTRAST,Extremely low contrast (std: 4.53),1920,1080,135.89,4.53,0.00
06.02\2015\K1\10X,06_02-2015_01_08-11_00-K1-10X.jpeg,C:\Users\ASUS\Desktop\Ders\blg521\data\06.02\2015\K1\10X\06_02-2015_01_08-11_00-K1-10X.jpeg,BLURRED,Very blurry (Laplacian variance: 14.64),1920,1080,138.68,9.48,14.64
06.02\2015\K1\10X,06_02-2015_01_09-10_00-K1-10X.jpeg,C:\Users\ASUS\Desktop\Ders\blg521\data\06.02\2015\K1\10X\06_02-2015_01_09-10_00-K1-10X.jpeg,BLURRED,Very blurry (Laplacian variance: 12.38),1920,1080,122.76,7.37,12.38
06.02\2015\K1\10X,06_02-2015_01_10-10_00-K1-10X.jpeg,C:\Users\ASUS\Desktop\Ders\blg521\data\06.02\2015\K1\10X\06_02-2015_01_10-10_00-K1-10X.jpeg,BLURRED,Very blurry (Laplacian variance: 15.47),1920,1080,122.62,10.30,15.47
06.02\2015\K1\10X,06_02-2015_01_23-10_00-K1-10X.jpeg,C:\Users\ASUS\Desktop\Ders\blg521\data\06.02\2015\K1\10X\06_02-2015_01_23-10_00-K1-10X.jpeg,TRUNCATED,JPEG missing standard EOI marker \xFF\xD9,0,0,0.00,0.00,0.00
06.02\2015\K1\10X,06_02-2015_01_24-10_00-K1-10X.jpeg,C:\Users\ASUS\Desktop\Ders\blg521\data\06.02\2015\K1\10X\06_02-2015_01_24-10_00-K1-10X.jpeg,TRUNCATED,JPEG missing standard EOI marker \xFF\xD9,0,0,0.00,0.00,0.00
06.02\2015\K1\10X,06_02-2015_01_26-10_00-K1-10X.jpeg,C:\Users\ASUS\Desktop\Ders\blg521\data\06.02\2015\K1\10X\06_02-2015_01_26-10_00-K1-10X.jpeg,TRUNCATED,JPEG missing standard EOI marker \xFF\xD9,0,0,0.00,0.00,0.00
06.02\2015\K1\10X,06_02-2015_01_27-10_00-K1-10X.jpeg,C:\Users\ASUS\Desktop\Ders\blg521\data\06.02\2015\K1\10X\06_02-2015_01_27-10_00-K1-10X.jpeg,TRUNCATED,JPEG missing standard EOI marker \xFF\xD9,0,0,0.00,0.00,0.00
06.02\2015\K1\10X,06_02-2015_01_28-10_00-K1-10X.jpeg,C:\Users\ASUS\Desktop\Ders\blg521\data\06.02\2015\K1\10X\06_02-2015_01_28-10_00-K1-10X.jpeg,TRUNCATED,JPEG missing standard EOI marker \xFF\xD9,0,0,0.00,0.00,0.00
06.02\2015\K1\10X,06_02-2015_01_29-10_00-K1-10X.jpeg,C:\Users\ASUS\Desktop\Ders\blg521\data\06.02\2015\K1\10X\06_02-2015_01_29-10_00-K1-10X.jpeg,TRUNCATED,JPEG missing standard EOI marker \xFF\xD9,0,0,0.00,0.00,0.00
06.02\2015\K1\10X,06_02-2015_01_30-10_00-K1-10X.jpeg,C:\Users\ASUS\Desktop\Ders\blg521\data\06.02\2015\K1\10X\06_02-2015_01_30-10_00-K1-10X.jpeg,TRUNCATED,JPEG missing standard EOI marker \xFF\xD9,0,0,0.00,0.00,0.00
06.02\2015\K1\10X,06_02-2015_02_01-10_00-K1-10X.jpeg,C:\Users\ASUS\Desktop\Ders\blg521\data\06.02\2015\K1\10X\06_02-2015_02_01-10_00-K1-10X.jpeg,TRUNCATED,JPEG missing standard EOI marker \xFF\xD9,0,0,0.00,0.00,0.00
06.02\2015\K1\10X,06_02-2015_02_02-10_00-K1-10X.jpeg,C:\Users\ASUS\Desktop\Ders\blg521\data\06.02\2015\K1\10X\06_02-2015_02_02-10_00-K1-10X.jpeg,TRUNCATED,JPEG missing standard EOI marker \xFF\xD9,0,0,0.00,0.00,0.00
06.02\2015\K1\10X,06_02-2015_02_03-10_00-K1-10X.jpeg,C:\Users\ASUS\Desktop\Ders\blg521\data\06.02\2015\K1\10X\06_02-2015_02_03-10_00-K1-10X.jpeg,TRUNCATED,JPEG missing standard EOI marker \xFF\xD9,0,0,0.00,0.00,0.00
06.02\2015\K1\10X,06_02-2015_02_04-10_00-K1-10X.jpeg,C:\Users\ASUS\Desktop\Ders\blg521\data\06.02\2015\K1\10X\06_02-2015_02_04-10_00-K1-10X.jpeg,TRUNCATED,JPEG missing standard EOI marker \xFF\xD9,0,0,0.00,0.00,0.00
06.02\2015\K1\10X,06_02-2015_02_06-10_00-K1-10X.jpeg,C:\Users\ASUS\Desktop\Ders\blg521\data\06.02\2015\K1\10X\06_02-2015_02_06-10_00-K1-10X.jpeg,TRUNCATED,JPEG missing standard EOI marker \xFF\xD9,0,0,0.00,0.00,0.00
06.02\2015\K1\10X,06_02-2015_02_07-10_00-K1-10X.jpeg,C:\Users\ASUS\Desktop\Ders\blg521\data\06.02\2015\K1\10X\06_02-2015_02_07-10_00-K1-10X.jpeg,TRUNCATED,JPEG missing standard EOI marker \xFF\xD9,0,0,0.00,0.00,0.00
06.02\2015\K1\10X,06_02-2015_02_08-10_00-K1-10X.jpeg,C:\Users\ASUS\Desktop\Ders\blg521\data\06.02\2015\K1\10X\06_02-2015_02_08-10_00-K1-10X.jpeg,TRUNCATED,JPEG missing standard EOI marker \xFF\xD9,0,0,0.00,0.00,0.00
06.02\2015\K1\10X,06_02-2015_02_09-10_00-K1-10X.jpeg,C:\Users\ASUS\Desktop\Ders\blg521\data\06.02\2015\K1\10X\06_02-2015_02_09-10_00-K1-10X.jpeg,TRUNCATED,JPEG missing standard EOI marker \xFF\xD9,0,0,0.00,0.00,0.00
06.02\2015\K1\10X,06_02-2015_02_11-09_52-K1-10X.jpeg,C:\Users\ASUS\Desktop\Ders\blg521\data\06.02\2015\K1\10X\06_02-2015_02_11-09_52-K1-10X.jpeg,TRUNCATED,JPEG missing standard EOI marker \xFF\xD9,0,0,0.00,0.00,0.00
06.02\2015\K1\10X,06_02-2015_02_12-10_00-K1-10X.jpeg,C:\Users\ASUS\Desktop\Ders\blg521\data\06.02\2015\K1\10X\06_02-2015_02_12-10_00-K1-10X.jpeg,TRUNCATED,JPEG missing standard EOI marker \xFF\xD9,0,0,0.00,0.00,0.00
06.02\2015\K1\10X,06_02-2015_02_13-10_00-K1-10X.jpeg,C:\Users\ASUS\Desktop\Ders\blg521\data\06.02\2015\K1\10X\06_02-2015_02_13-10_00-K1-10X.jpeg,TRUNCATED,JPEG missing standard EOI marker \xFF\xD9,0,0,0.00,0.00,0.00
06.02\2015\K1\10X,06_02-2015_02_14-10_00-K1-10X.jpeg,C:\Users\ASUS\Desktop\Ders\blg521\data\06.02\2015\K1\10X\06_02-2015_02_14-10_00-K1-10X.jpeg,TRUNCATED,JPEG missing standard EOI marker \xFF\xD9,0,0,0.00,0.00,0.00
06.02\2015\K1\10X,06_02-2015_02_15-10_00-K1-10X.jpeg,C:\Users\ASUS\Desktop\Ders\blg521\data\06.02\2015\K1\10X\06_02-2015_02_15-10_00-K1-10X.jpeg,TRUNCATED,JPEG missing standard EOI marker \xFF\xD9,0,0,0.00,0.00,0.00
06.02\2015\K1\10X,06_02-2015_02_17-10_00-K1-10X.jpeg,C:\Users\ASUS\Desktop\Ders\blg521\data\06.02\2015\K1\10X\06_02-2015_02_17-10_00-K1-10X.jpeg,TRUNCATED,JPEG missing standard EOI marker \xFF\xD9,0,0,0.00,0.00,0.00
06.02\2015\K1\10X,06_02-2015_02_18-10_00-K1-10X.jpeg,C:\Users\ASUS\Desktop\Ders\blg521\data\06.02\2015\K1\10X\06_02-2015_02_18-10_00-K1-10X.jpeg,TRUNCATED,JPEG missing standard EOI marker \xFF\xD9,0,0,0.00,0.00,0.00
06.02\2015\K1\10X,06_02-2015_02_19-09_37-K1-10X.jpeg,C:\Users\ASUS\Desktop\Ders\blg521\data\06.02\2015\K1\10X\06_02-2015_02_19-09_37-K1-10X.jpeg,TRUNCATED,JPEG missing standard EOI marker \xFF\xD9,0,0,0.00,0.00,0.00
06.02\2015\K1\10X,06_02-2015_02_20-10_00-K1-10X.jpeg,C:\Users\ASUS\Desktop\Ders\blg521\data\06.02\2015\K1\10X\06_02-2015_02_20-10_00-K1-10X.jpeg,TRUNCATED,JPEG missing standard EOI marker \xFF\xD9,0,0,0.00,0.00,0.00
06.02\2015\K1\10X,06_02-2015_02_21-10_00-K1-10X.jpeg,C:\Users\ASUS\Desktop\Ders\blg521\data\06.02\2015\K1\10X\06_02-2015_02_21-10_00-K1-10X.jpeg,TRUNCATED,JPEG missing standard EOI marker \xFF\xD9,0,0,0.00,0.00,0.00
06.02\2015\K1\10X,06_02-2015_02_22-10_00-K1-10X.jpeg,C:\Users\ASUS\Desktop\Ders\blg521\data\06.02\2015\K1\10X\06_02-2015_02_22-10_00-K1-10X.jpeg,TRUNCATED,JPEG missing standard EOI marker \xFF\xD9,0,0,0.00,0.00,0.00
06.02\2015\K1\10X,06_02-2015_02_23-10_00-K1-10X.jpeg,C:\Users\ASUS\Desktop\Ders\blg521\data\06.02\2015\K1\10X\06_02-2015_02_23-10_00-K1-10X.jpeg,TRUNCATED,JPEG missing standard EOI marker \xFF\xD9,0,0,0.00,0.00,0.00
06.02\2015\K1\10X,06_02-2015_02_24-10_00-K1-10X.jpeg,C:\Users\ASUS\Desktop\Ders\blg521\data\06.02\2015\K1\10X\06_02-2015_02_24-10_00-K1-10X.jpeg,TRUNCATED,JPEG missing standard EOI marker \xFF\xD9,0,0,0.00,0.00,0.00
06.02\2015\K1\10X,06_02-2015_02_25-10_00-K1-10X.jpeg,C:\Users\ASUS\Desktop\Ders\blg521\data\06.02\2015\K1\10X\06_02-2015_02_25-10_00-K1-10X.jpeg,TRUNCATED,JPEG missing standard EOI marker \xFF\xD9,0,0,0.00,0.00,0.00
06.02\2015\K1\10X,06_02-2015_02_27-10_00-K1-10X.jpeg,C:\Users\ASUS\Desktop\Ders\blg521\data\06.02\2015\K1\10X\06_02-2015_02_27-10_00-K1-10X.jpeg,TRUNCATED,JPEG missing standard EOI marker \xFF\xD9,0,0,0.00,0.00,0.00
06.02\2015\K1\10X,06_02-2015_02_28-10_00-K1-10X.jpeg,C:\Users\ASUS\Desktop\Ders\blg521\data\06.02\2015\K1\10X\06_02-2015_02_28-10_00-K1-10X.jpeg,TRUNCATED,JPEG missing standard EOI marker \xFF\xD9,0,0,0.00,0.00,0.00
06.02\2015\K1\10X,06_02-2015_03_01-10_00-K1-10X.jpeg,C:\Users\ASUS\Desktop\Ders\blg521\data\06.02\2015\K1\10X\06_02-2015_03_01-10_00-K1-10X.jpeg,TRUNCATED,JPEG missing standard EOI marker \xFF\xD9,0,0,0.00,0.00,0.00
06.02\2015\K1\10X,06_02-2015_03_03-10_00-K1-10X.jpeg,C:\Users\ASUS\Desktop\Ders\blg521\data\06.02\2015\K1\10X\06_02-2015_03_03-10_00-K1-10X.jpeg,TRUNCATED,JPEG missing standard EOI marker \xFF\xD9,0,0,0.00,0.00,0.00
06.02\2015\K1\10X,06_02-2015_03_04-10_00-K1-10X.jpeg,C:\Users\ASUS\Desktop\Ders\blg521\data\06.02\2015\K1\10X\06_02-2015_03_04-10_00-K1-10X.jpeg,TRUNCATED,JPEG missing standard EOI marker \xFF\xD9,0,0,0.00,0.00,0.00
06.02\2015\K1\10X,06_02-2015_03_05-10_00-K1-10X.jpeg,C:\Users\ASUS\Desktop\Ders\blg521\data\06.02\2015\K1\10X\06_02-2015_03_05-10_00-K1-10X.jpeg,TRUNCATED,JPEG missing standard EOI marker \xFF\xD9,0,0,0.00,0.00,0.00
06.02\2015\K1\10X,06_02-2015_03_07-10_00-K1-10X.jpeg,C:\Users\ASUS\Desktop\Ders\blg521\data\06.02\2015\K1\10X\06_02-2015_03_07-10_00-K1-10X.jpeg,TRUNCATED,JPEG missing standard EOI marker \xFF\xD9,0,0,0.00,0.00,0.00
06.02\2015\K1\10X,06_02-2015_03_08-10_00-K1-10X.jpeg,C:\Users\ASUS\Desktop\Ders\blg521\data\06.02\2015\K1\10X\06_02-2015_03_08-10_00-K1-10X.jpeg,TRUNCATED,JPEG missing standard EOI marker \xFF\xD9,0,0,0.00,0.00,0.00
06.02\2015\K1\10X,06_02-2015_03_09-10_00-K1-10X.jpeg,C:\Users\ASUS\Desktop\Ders\blg521\data\06.02\2015\K1\10X\06_02-2015_03_09-10_00-K1-10X.jpeg,TRUNCATED,JPEG missing standard EOI marker \xFF\xD9,0,0,0.00,0.00,0.00
06.02\2015\K1\10X,06_02-2015_03_12-10_00-K1-10X.jpeg,C:\Users\ASUS\Desktop\Ders\blg521\data\06.02\2015\K1\10X\06_02-2015_03_12-10_00-K1-10X.jpeg,TRUNCATED,JPEG missing standard EOI marker \xFF\xD9,0,0,0.00,0.00,0.00
06.02\2015\K1\10X,06_02-2015_03_13-11_11-K1-10X.jpeg,C:\Users\ASUS\Desktop\Ders\blg521\data\06.02\2015\K1\10X\06_02-2015_03_13-11_11-K1-10X.jpeg,TRUNCATED,JPEG missing standard EOI marker \xFF\xD9,0,0,0.00,0.00,0.00
06.02\2015\K1\10X,06_02-2015_03_14-10_00-K1-10X.jpeg,C:\Users\ASUS\Desktop\Ders\blg521\data\06.02\2015\K1\10X\06_02-2015_03_14-10_00-K1-10X.jpeg,TRUNCATED,JPEG missing standard EOI marker \xFF\xD9,0,0,0.00,0.00,0.00
06.02\2015\K1\10X,06_02-2015_03_15-10_00-K1-10X.jpeg,C:\Users\ASUS\Desktop\Ders\blg521\data\06.02\2015\K1\10X\06_02-2015_03_15-10_00-K1-10X.jpeg,TRUNCATED,JPEG missing standard EOI marker \xFF\xD9,0,0,0.00,0.00,0.00
06.02\2015\K1\10X,06_02-2015_03_18-10_00-K1-10X.jpeg,C:\Users\ASUS\Desktop\Ders\blg521\data\06.02\2015\K1\10X\06_02-2015_03_18-10_00-K1-10X.jpeg,TRUNCATED,JPEG missing standard EOI marker \xFF\xD9,0,0,0.00,0.00,0.00
06.02\2015\K1\10X,06_02-2015_03_19-10_00-K1-10X.jpeg,C:\Users\ASUS\Desktop\Ders\blg521\data\06.02\2015\K1\10X\06_02-2015_03_19-10_00-K1-10X.jpeg,TRUNCATED,JPEG missing standard EOI marker \xFF\xD9,0,0,0.00,0.00,0.00
06.02\2015\K1\10X,06_02-2015_03_20-11_36-K1-10X.jpeg,C:\Users\ASUS\Desktop\Ders\blg521\data\06.02\2015\K1\10X\06_02-2015_03_20-11_36-K1-10X.jpeg,BLURRED,Very blurry (Laplacian variance: 32.68),1920,1080,131.15,22.83,32.68
06.02\2015\K1\10X,06_02-2015_03_21-10_00-K1-10X.jpeg,C:\Users\ASUS\Desktop\Ders\blg521\data\06.02\2015\K1\10X\06_02-2015_03_21-10_00-K1-10X.jpeg,TRUNCATED,JPEG missing standard EOI marker \xFF\xD9,0,0,0.00,0.00,0.00
06.02\2015\K1\10X,06_02-2015_03_22-10_00-K1-10X.jpeg,C:\Users\ASUS\Desktop\Ders\blg521\data\06.02\2015\K1\10X\06_02-2015_03_22-10_00-K1-10X.jpeg,TRUNCATED,JPEG missing standard EOI marker \xFF\xD9,0,0,0.00,0.00,0.00
06.02\2015\K1\10X,06_02-2015_03_24-10_00-K1-10X.jpeg,C:\Users\ASUS\Desktop\Ders\blg521\data\06.02\2015\K1\10X\06_02-2015_03_24-10_00-K1-10X.jpeg,TRUNCATED,JPEG missing standard EOI marker \xFF\xD9,0,0,0.00,0.00,0.00
06.02\2015\K1\10X,06_02-2015_03_25-10_00-K1-10X.jpeg,C:\Users\ASUS\Desktop\Ders\blg521\data\06.02\2015\K1\10X\06_02-2015_03_25-10_00-K1-10X.jpeg,TRUNCATED,JPEG missing standard EOI marker \xFF\xD9,0,0,0.00,0.00,0.00
06.02\2015\K1\10X,06_02-2015_03_26-10_00-K1-10X.jpeg,C:\Users\ASUS\Desktop\Ders\blg521\data\06.02\2015\K1\10X\06_02-2015_03_26-10_00-K1-10X.jpeg,TRUNCATED,JPEG missing standard EOI marker \xFF\xD9,0,0,0.00,0.00,0.00
06.02\2015\K1\10X,06_02-2015_03_27-10_00-K1-10X.jpeg,C:\Users\ASUS\Desktop\Ders\blg521\data\06.02\2015\K1\10X\06_02-2015_03_27-10_00-K1-10X.jpeg,TRUNCATED,JPEG missing standard EOI marker \xFF\xD9,0,0,0.00,0.00,0.00
06.02\2015\K1\10X,06_02-2015_03_31-10_00-K1-10X.jpeg,C:\Users\ASUS\Desktop\Ders\blg521\data\06.02\2015\K1\10X\06_02-2015_03_31-10_00-K1-10X.jpeg,TRUNCATED,JPEG missing standard EOI marker \xFF\xD9,0,0,0.00,0.00,0.00
06.02\2015\K1\10X,06_02-2015_04_02-10_00-K1-10X.jpeg,C:\Users\ASUS\Desktop\Ders\blg521\data\06.02\2015\K1\10X\06_02-2015_04_02-10_00-K1-10X.jpeg,TRUNCATED,JPEG missing standard EOI marker \xFF\xD9,0,0,0.00,0.00,0.00
06.02\2015\K1\10X,06_02-2015_04_03-10_00-K1-10X.jpeg,C:\Users\ASUS\Desktop\Ders\blg521\data\06.02\2015\K1\10X\06_02-2015_04_03-10_00-K1-10X.jpeg,TRUNCATED,JPEG missing standard EOI marker \xFF\xD9,0,0,0.00,0.00,0.00
06.02\2015\K1\10X,06_02-2015_04_04-10_00-K1-10X.jpeg,C:\Users\ASUS\Desktop\Ders\blg521\data\06.02\2015\K1\10X\06_02-2015_04_04-10_00-K1-10X.jpeg,TRUNCATED,JPEG missing standard EOI marker \xFF\xD9,0,0,0.00,0.00,0.00
06.02\2015\K1\10X,06_02-2015_04_05-10_00-K1-10X.jpeg,C:\Users\ASUS\Desktop\Ders\blg521\data\06.02\2015\K1\10X\06_02-2015_04_05-10_00-K1-10X.jpeg,TRUNCATED,JPEG missing standard EOI marker \xFF\xD9,0,0,0.00,0.00,0.00
06.02\2015\K1\10X,06_02-2015_04_07-10_00-K1-10X.jpeg,C:\Users\ASUS\Desktop\Ders\blg521\data\06.02\2015\K1\10X\06_02-2015_04_07-10_00-K1-10X.jpeg,TRUNCATED,JPEG missing standard EOI marker \xFF\xD9,0,0,0.00,0.00,0.00
06.02\2015\K1\10X,06_02-2015_04_09-10_00-K1-10X.jpeg,C:\Users\ASUS\Desktop\Ders\blg521\data\06.02\2015\K1\10X\06_02-2015_04_09-10_00-K1-10X.jpeg,TRUNCATED,JPEG missing standard EOI marker \xFF\xD9,0,0,0.00,0.00,0.00
06.02\2015\K1\10X,06_02-2015_04_10-10_36-K1-10X.jpeg,C:\Users\ASUS\Desktop\Ders\blg521\data\06.02\2015\K1\10X\06_02-2015_04_10-10_36-K1-10X.jpeg,TRUNCATED,JPEG missing standard EOI marker \xFF\xD9,0,0,0.00,0.00,0.00
06.02\2015\K1\10X,06_02-2015_04_12-10_00-K1-10X.jpeg,C:\Users\ASUS\Desktop\Ders\blg521\data\06.02\2015\K1\10X\06_02-2015_04_12-10_00-K1-10X.jpeg,TRUNCATED,JPEG missing standard EOI marker \xFF\xD9,0,0,0.00,0.00,0.00
06.02\2015\K1\10X,06_02-2015_04_16-10_00-K1-10X.jpeg,C:\Users\ASUS\Desktop\Ders\blg521\data\06.02\2015\K1\10X\06_02-2015_04_16-10_00-K1-10X.jpeg,TRUNCATED,JPEG missing standard EOI marker \xFF\xD9,0,0,0.00,0.00,0.00
06.02\2015\K1\10X,06_02-2015_04_17-10_00-K1-10X.jpeg,C:\Users\ASUS\Desktop\Ders\blg521\data\06.02\2015\K1\10X\06_02-2015_04_17-10_00-K1-10X.jpeg,TRUNCATED,JPEG missing standard EOI marker \xFF\xD9,0,0,0.00,0.00,0.00
06.02\2015\K1\10X,06_02-2015_04_18-10_00-K1-10X.jpeg,C:\Users\ASUS\Desktop\Ders\blg521\data\06.02\2015\K1\10X\06_02-2015_04_18-10_00-K1-10X.jpeg,TRUNCATED,JPEG missing standard EOI marker \xFF\xD9,0,0,0.00,0.00,0.00
06.02\2015\K1\10X,06_02-2015_04_22-10_00-K1-10X.jpeg,C:\Users\ASUS\Desktop\Ders\blg521\data\06.02\2015\K1\10X\06_02-2015_04_22-10_00-K1-10X.jpeg,TRUNCATED,JPEG missing standard EOI marker \xFF\xD9,0,0,0.00,0.00,0.00
06.02\2015\K1\10X,06_02-2015_04_23-10_00-K1-10X.jpeg,C:\Users\ASUS\Desktop\Ders\blg521\data\06.02\2015\K1\10X\06_02-2015_04_23-10_00-K1-10X.jpeg,TRUNCATED,JPEG missing standard EOI marker \xFF\xD9,0,0,0.00,0.00,0.00
06.02\2015\K1\10X,06_02-2015_04_24-10_00-K1-10X.jpeg,C:\Users\ASUS\Desktop\Ders\blg521\data\06.02\2015\K1\10X\06_02-2015_04_24-10_00-K1-10X.jpeg,TRUNCATED,JPEG missing standard EOI marker \xFF\xD9,0,0,0.00,0.00,0.00
06.02\2015\K1\10X,06_02-2015_04_28-10_00-K1-10X.jpeg,C:\Users\ASUS\Desktop\Ders\blg521\data\06.02\2015\K1\10X\06_02-2015_04_28-10_00-K1-10X.jpeg,TRUNCATED,JPEG missing standard EOI marker \xFF\xD9,0,0,0.00,0.00,0.00
06.02\2015\K1\10X,06_02-2015_04_29-10_00-K1-10X.jpeg,C:\Users\ASUS\Desktop\Ders\blg521\data\06.02\2015\K1\10X\06_02-2015_04_29-10_00-K1-10X.jpeg,TRUNCATED,JPEG missing standard EOI marker \xFF\xD9,0,0,0.00,0.00,0.00
06.02\2015\K1\10X,06_02-2015_04_30-10_00-K1-10X.jpeg,C:\Users\ASUS\Desktop\Ders\blg521\data\06.02\2015\K1\10X\06_02-2015_04_30-10_00-K1-10X.jpeg,TRUNCATED,JPEG missing standard EOI marker \xFF\xD9,0,0,0.00,0.00,0.00
06.02\2015\K1\10X,06_02-2015_05_01-10_00-K1-10X.jpeg,C:\Users\ASUS\Desktop\Ders\blg521\data\06.02\2015\K1\10X\06_02-2015_05_01-10_00-K1-10X.jpeg,TRUNCATED,JPEG missing standard EOI marker \xFF\xD9,0,0,0.00,0.00,0.00
06.02\2015\K1\10X,06_02-2015_05_02-10_00-K1-10X.jpeg,C:\Users\ASUS\Desktop\Ders\blg521\data\06.02\2015\K1\10X\06_02-2015_05_02-10_00-K1-10X.jpeg,TRUNCATED,JPEG missing standard EOI marker \xFF\xD9,0,0,0.00,0.00,0.00
06.02\2015\K1\10X,06_02-2015_05_03-10_00-K1-10X.jpeg,C:\Users\ASUS\Desktop\Ders\blg521\data\06.02\2015\K1\10X\06_02-2015_05_03-10_00-K1-10X.jpeg,TRUNCATED,JPEG missing standard EOI marker \xFF\xD9,0,0,0.00,0.00,0.00
06.02\2015\K1\10X,06_02-2015_05_04-10_00-K1-10X.jpeg,C:\Users\ASUS\Desktop\Ders\blg521\data\06.02\2015\K1\10X\06_02-2015_05_04-10_00-K1-10X.jpeg,TRUNCATED,JPEG missing standard EOI marker \xFF\xD9,0,0,0.00,0.00,0.00
06.02\2015\K1\10X,06_02-2015_05_05-10_00-K1-10X.jpeg,C:\Users\ASUS\Desktop\Ders\blg521\data\06.02\2015\K1\10X\06_02-2015_05_05-10_00-K1-10X.jpeg,TRUNCATED,JPEG missing standard EOI marker \xFF\xD9,0,0,0.00,0.00,0.00
06.02\2015\K1\10X,06_02-2015_05_06-10_00-K1-10X.jpeg,C:\Users\ASUS\Desktop\Ders\blg521\data\06.02\2015\K1\10X\06_02-2015_05_06-10_00-K1-10X.jpeg,TRUNCATED,JPEG missing standard EOI marker \xFF\xD9,0,0,0.00,0.00,0.00
06.02\2015\K1\10X,06_02-2015_05_07-10_00-K1-10X.jpeg,C:\Users\ASUS\Desktop\Ders\blg521\data\06.02\2015\K1\10X\06_02-2015_05_07-10_00-K1-10X.jpeg,TRUNCATED,JPEG missing standard EOI marker \xFF\xD9,0,0,0.00,0.00,0.00
06.02\2015\K1\10X,06_02-2015_05_08-10_00-K1-10X.jpeg,C:\Users\ASUS\Desktop\Ders\blg521\data\06.02\2015\K1\10X\06_02-2015_05_08-10_00-K1-10X.jpeg,TRUNCATED,JPEG missing standard EOI marker \xFF\xD9,0,0,0.00,0.00,0.00
06.02\2015\K1\10X,06_02-2015_05_09-10_00-K1-10X.jpeg,C:\Users\ASUS\Desktop\Ders\blg521\data\06.02\2015\K1\10X\06_02-2015_05_09-10_00-K1-10X.jpeg,TRUNCATED,JPEG missing standard EOI marker \xFF\xD9,0,0,0.00,0.00,0.00
06.02\2015\K1\10X,06_02-2015_05_10-10_00-K1-10X.jpeg,C:\Users\ASUS\Desktop\Ders\blg521\data\06.02\2015\K1\10X\06_02-2015_05_10-10_00-K1-10X.jpeg,TRUNCATED,JPEG missing standard EOI marker \xFF\xD9,0,0,0.00,0.00,0.00
06.02\2015\K1\10X,06_02-2015_05_11-10_00-K1-10X.jpeg,C:\Users\ASUS\Desktop\Ders\blg521\data\06.02\2015\K1\10X\06_02-2015_05_11-10_00-K1-10X.jpeg,TRUNCATED,JPEG missing standard EOI marker \xFF\xD9,0,0,0.00,0.00,0.00
06.02\2015\K1\10X,06_02-2015_05_12-10_00-K1-10X.jpeg,C:\Users\ASUS\Desktop\Ders\blg521\data\06.02\2015\K1\10X\06_02-2015_05_12-10_00-K1-10X.jpeg,TRUNCATED,JPEG missing standard EOI marker \xFF\xD9,0,0,0.00,0.00,0.00
06.02\2015\K1\10X,06_02-2015_05_13-10_00-K1-10X.jpeg,C:\Users\ASUS\Desktop\Ders\blg521\data\06.02\2015\K1\10X\06_02-2015_05_13-10_00-K1-10X.jpeg,TRUNCATED,JPEG missing standard EOI marker \xFF\xD9,0,0,0.00,0.00,0.00
06.02\2015\K1\10X,06_02-2015_05_14-10_00-K1-10X.jpeg,C:\Users\ASUS\Desktop\Ders\blg521\data\06.02\2015\K1\10X\06_02-2015_05_14-10_00-K1-10X.jpeg,TRUNCATED,JPEG missing standard EOI marker \xFF\xD9,0,0,0.00,0.00,0.00
06.02\2015\K1\10X,06_02-2015_05_15-10_00-K1-10X.jpeg,C:\Users\ASUS\Desktop\Ders\blg521\data\06.02\2015\K1\10X\06_02-2015_05_15-10_00-K1-10X.jpeg,TRUNCATED,JPEG missing standard EOI marker \xFF\xD9,0,0,0.00,0.00,0.00
06.02\2015\K1\10X,06_02-2015_05_17-10_00-K1-10X.jpeg,C:\Users\ASUS\Desktop\Ders\blg521\data\06.02\2015\K1\10X\06_02-2015_05_17-10_00-K1-10X.jpeg,TRUNCATED,JPEG missing standard EOI marker \xFF\xD9,0,0,0.00,0.00,0.00
06.02\2015\K1\10X,06_02-2015_05_18-10_00-K1-10X.jpeg,C:\Users\ASUS\Desktop\Ders\blg521\data\06.02\2015\K1\10X\06_02-2015_05_18-10_00-K1-10X.jpeg,TRUNCATED,JPEG missing standard EOI marker \xFF\xD9,0,0,0.00,0.00,0.00
06.02\2015\K1\10X,06_02-2015_05_21-10_00-K1-10X.jpeg,C:\Users\ASUS\Desktop\Ders\blg521\data\06.02\2015\K1\10X\06_02-2015_05_21-10_00-K1-10X.jpeg,TRUNCATED,JPEG missing standard EOI marker \xFF\xD9,0,0,0.00,0.00,0.00
06.02\2015\K1\10X,06_02-2015_05_22-10_00-K1-10X.jpeg,C:\Users\ASUS\Desktop\Ders\blg521\data\06.02\2015\K1\10X\06_02-2015_05_22-10_00-K1-10X.jpeg,TRUNCATED,JPEG missing standard EOI marker \xFF\xD9,0,0,0.00,0.00,0.00
06.02\2015\K1\10X,06_02-2015_05_23-10_00-K1-10X.jpeg,C:\Users\ASUS\Desktop\Ders\blg521\data\06.02\2015\K1\10X\06_02-2015_05_23-10_00-K1-10X.jpeg,TRUNCATED,JPEG missing standard EOI marker \xFF\xD9,0,0,0.00,0.00,0.00
06.02\2015\K1\10X,06_02-2015_05_24-10_00-K1-10X.jpeg,C:\Users\ASUS\Desktop\Ders\blg521\data\06.02\2015\K1\10X\06_02-2015_05_24-10_00-K1-10X.jpeg,TRUNCATED,JPEG missing standard EOI marker \xFF\xD9,0,0,0.00,0.00,0.00
06.02\2015\K1\10X,06_02-2015_05_26-10_00-K1-10X.jpeg,C:\Users\ASUS\Desktop\Ders\blg521\data\06.02\2015\K1\10X\06_02-2015_05_26-10_00-K1-10X.jpeg,TRUNCATED,JPEG missing standard EOI marker \xFF\xD9,0,0,0.00,0.00,0.00
06.02\2015\K1\10X,06_02-2015_05_27-10_00-K1-10X.jpeg,C:\Users\ASUS\Desktop\Ders\blg521\data\06.02\2015\K1\10X\06_02-2015_05_27-10_00-K1-10X.jpeg,TRUNCATED,JPEG missing standard EOI marker \xFF\xD9,0,0,0.00,0.00,0.00
06.02\2015\K1\10X,06_02-2015_05_28-10_00-K1-10X.jpeg,C:\Users\ASUS\Desktop\Ders\blg521\data\06.02\2015\K1\10X\06_02-2015_05_28-10_00-K1-10X.jpeg,TRUNCATED,JPEG missing standard EOI marker \xFF\xD9,0,0,0.00,0.00,0.00
06.02\2015\K1\10X,06_02-2015_05_30-10_00-K1-10X.jpeg,C:\Users\ASUS\Desktop\Ders\blg521\data\06.02\2015\K1\10X\06_02-2015_05_30-10_00-K1-10X.jpeg,TRUNCATED,JPEG missing standard EOI marker \xFF\xD9,0,0,0.00,0.00,0.00
06.02\2015\K1\10X,06_02-2015_05_31-10_00-K1-10X.jpeg,C:\Users\ASUS\Desktop\Ders\blg521\data\06.02\2015\K1\10X\06_02-2015_05_31-10_00-K1-10X.jpeg,TRUNCATED,JPEG missing standard EOI marker \xFF\xD9,0,0,0.00,0.00,0.00
06.02\2015\K1\10X,06_02-2015_06_01-10_00-K1-10X.jpeg,C:\Users\ASUS\Desktop\Ders\blg521\data\06.02\2015\K1\10X\06_02-2015_06_01-10_00-K1-10X.jpeg,TRUNCATED,JPEG missing standard EOI marker \xFF\xD9,0,0,0.00,0.00,0.00
06.02\2015\K1\10X,06_02-2015_06_03-10_00-K1-10X.jpeg,C:\Users\ASUS\Desktop\Ders\blg521\data\06.02\2015\K1\10X\06_02-2015_06_03-10_00-K1-10X.jpeg,TRUNCATED,JPEG missing standard EOI marker \xFF\xD9,0,0,0.00,0.00,0.00
06.02\2015\K1\10X,06_02-2015_06_04-10_00-K1-10X.jpeg,C:\Users\ASUS\Desktop\Ders\blg521\data\06.02\2015\K1\10X\06_02-2015_06_04-10_00-K1-10X.jpeg,TRUNCATED,JPEG missing standard EOI marker \xFF\xD9,0,0,0.00,0.00,0.00
06.02\2015\K1\10X,06_02-2015_06_05-10_00-K1-10X.jpeg,C:\Users\ASUS\Desktop\Ders\blg521\data\06.02\2015\K1\10X\06_02-2015_06_05-10_00-K1-10X.jpeg,TRUNCATED,JPEG missing standard EOI marker \xFF\xD9,0,0,0.00,0.00,0.00
06.02\2015\K1\10X,06_02-2015_06_06-10_00-K1-10X.jpeg,C:\Users\ASUS\Desktop\Ders\blg521\data\06.02\2015\K1\10X\06_02-2015_06_06-10_00-K1-10X.jpeg,TRUNCATED,JPEG missing standard EOI marker \xFF\xD9,0,0,0.00,0.00,0.00
06.02\2015\K1\10X,06_02-2015_06_07-10_00-K1-10X.jpeg,C:\Users\ASUS\Desktop\Ders\blg521\data\06.02\2015\K1\10X\06_02-2015_06_07-10_00-K1-10X.jpeg,TRUNCATED,JPEG missing standard EOI marker \xFF\xD9,0,0,0.00,0.00,0.00
06.02\2015\K1\10X,06_02-2015_06_09-10_00-K1-10X.jpeg,C:\Users\ASUS\Desktop\Ders\blg521\data\06.02\2015\K1\10X\06_02-2015_06_09-10_00-K1-10X.jpeg,TRUNCATED,JPEG missing standard EOI marker \xFF\xD9,0,0,0.00,0.00,0.00
06.02\2015\K1\10X,06_02-2015_06_10-10_00-K1-10X.jpeg,C:\Users\ASUS\Desktop\Ders\blg521\data\06.02\2015\K1\10X\06_02-2015_06_10-10_00-K1-10X.jpeg,TRUNCATED,JPEG missing standard EOI marker \xFF\xD9,0,0,0.00,0.00,0.00
06.02\2015\K1\10X,06_02-2015_12_24-09_05-K1-10X.jpeg,C:\Users\ASUS\Desktop\Ders\blg521\data\06.02\2015\K1\10X\06_02-2015_12_24-09_05-K1-10X.jpeg,BLURRED,Very blurry (Laplacian variance: 8.42),1920,1080,128.77,21.18,8.42
06.02\2015\K1\1X,06_02-2015_01_06-11_27-K1-1X.jpeg,C:\Users\ASUS\Desktop\Ders\blg521\data\06.02\2015\K1\1X\06_02-2015_01_06-11_27-K1-1X.jpeg,LOW_CONTRAST,Extremely low contrast (std: 3.10),1920,1080,137.06,3.10,0.00
06.02\2015\K1\1X,06_02-2015_01_23-10_00-K1-1X.jpeg,C:\Users\ASUS\Desktop\Ders\blg521\data\06.02\2015\K1\1X\06_02-2015_01_23-10_00-K1-1X.jpeg,TRUNCATED,JPEG missing standard EOI marker \xFF\xD9,0,0,0.00,0.00,0.00
06.02\2015\K1\1X,06_02-2015_01_24-10_00-K1-1X.jpeg,C:\Users\ASUS\Desktop\Ders\blg521\data\06.02\2015\K1\1X\06_02-2015_01_24-10_00-K1-1X.jpeg,TRUNCATED,JPEG missing standard EOI marker \xFF\xD9,0,0,0.00,0.00,0.00
06.02\2015\K1\1X,06_02-2015_01_26-10_00-K1-1X.jpeg,C:\Users\ASUS\Desktop\Ders\blg521\data\06.02\2015\K1\1X\06_02-2015_01_26-10_00-K1-1X.jpeg,TRUNCATED,JPEG missing standard EOI marker \xFF\xD9,0,0,0.00,0.00,0.00
06.02\2015\K1\1X,06_02-2015_01_28-10_00-K1-1X.jpeg,C:\Users\ASUS\Desktop\Ders\blg521\data\06.02\2015\K1\1X\06_02-2015_01_28-10_00-K1-1X.jpeg,TRUNCATED,JPEG missing standard EOI marker \xFF\xD9,0,0,0.00,0.00,0.00
06.02\2015\K1\1X,06_02-2015_01_29-10_00-K1-1X.jpeg,C:\Users\ASUS\Desktop\Ders\blg521\data\06.02\2015\K1\1X\06_02-2015_01_29-10_00-K1-1X.jpeg,TRUNCATED,JPEG missing standard EOI marker \xFF\xD9,0,0,0.00,0.00,0.00
06.02\2015\K1\1X,06_02-2015_01_30-10_00-K1-1X.jpeg,C:\Users\ASUS\Desktop\Ders\blg521\data\06.02\2015\K1\1X\06_02-2015_01_30-10_00-K1-1X.jpeg,TRUNCATED,JPEG missing standard EOI marker \xFF\xD9,0,0,0.00,0.00,0.00
06.02\2015\K1\1X,06_02-2015_02_01-10_00-K1-1X.jpeg,C:\Users\ASUS\Desktop\Ders\blg521\data\06.02\2015\K1\1X\06_02-2015_02_01-10_00-K1-1X.jpeg,TRUNCATED,JPEG missing standard EOI marker \xFF\xD9,0,0,0.00,0.00,0.00
06.02\2015\K1\1X,06_02-2015_02_03-10_00-K1-1X.jpeg,C:\Users\ASUS\Desktop\Ders\blg521\data\06.02\2015\K1\1X\06_02-2015_02_03-10_00-K1-1X.jpeg,TRUNCATED,JPEG missing standard EOI marker \xFF\xD9,0,0,0.00,0.00,0.00
06.02\2015\K1\1X,06_02-2015_02_04-10_00-K1-1X.jpeg,C:\Users\ASUS\Desktop\Ders\blg521\data\06.02\2015\K1\1X\06_02-2015_02_04-10_00-K1-1X.jpeg,TRUNCATED,JPEG missing standard EOI marker \xFF\xD9,0,0,0.00,0.00,0.00
06.02\2015\K1\1X,06_02-2015_02_05-10_00-K1-1X.jpeg,C:\Users\ASUS\Desktop\Ders\blg521\data\06.02\2015\K1\1X\06_02-2015_02_05-10_00-K1-1X.jpeg,TRUNCATED,JPEG missing standard EOI marker \xFF\xD9,0,0,0.00,0.00,0.00
06.02\2015\K1\1X,06_02-2015_02_06-10_00-K1-1X.jpeg,C:\Users\ASUS\Desktop\Ders\blg521\data\06.02\2015\K1\1X\06_02-2015_02_06-10_00-K1-1X.jpeg,TRUNCATED,JPEG missing standard EOI marker \xFF\xD9,0,0,0.00,0.00,0.00
06.02\2015\K1\1X,06_02-2015_02_07-10_00-K1-1X.jpeg,C:\Users\ASUS\Desktop\Ders\blg521\data\06.02\2015\K1\1X\06_02-2015_02_07-10_00-K1-1X.jpeg,TRUNCATED,JPEG missing standard EOI marker \xFF\xD9,0,0,0.00,0.00,0.00
06.02\2015\K1\1X,06_02-2015_02_08-10_00-K1-1X.jpeg,C:\Users\ASUS\Desktop\Ders\blg521\data\06.02\2015\K1\1X\06_02-2015_02_08-10_00-K1-1X.jpeg,TRUNCATED,JPEG missing standard EOI marker \xFF\xD9,0,0,0.00,0.00,0.00
06.02\2015\K1\1X,06_02-2015_02_09-10_00-K1-1X.jpeg,C:\Users\ASUS\Desktop\Ders\blg521\data\06.02\2015\K1\1X\06_02-2015_02_09-10_00-K1-1X.jpeg,TRUNCATED,JPEG missing standard EOI marker \xFF\xD9,0,0,0.00,0.00,0.00
06.02\2015\K1\1X,06_02-2015_02_10-10_00-K1-1X.jpeg,C:\Users\ASUS\Desktop\Ders\blg521\data\06.02\2015\K1\1X\06_02-2015_02_10-10_00-K1-1X.jpeg,TRUNCATED,JPEG missing standard EOI marker \xFF\xD9,0,0,0.00,0.00,0.00
06.02\2015\K1\1X,06_02-2015_02_11-09_53-K1-1X.jpeg,C:\Users\ASUS\Desktop\Ders\blg521\data\06.02\2015\K1\1X\06_02-2015_02_11-09_53-K1-1X.jpeg,TRUNCATED,JPEG missing standard EOI marker \xFF\xD9,0,0,0.00,0.00,0.00
06.02\2015\K1\1X,06_02-2015_02_12-10_00-K1-1X.jpeg,C:\Users\ASUS\Desktop\Ders\blg521\data\06.02\2015\K1\1X\06_02-2015_02_12-10_00-K1-1X.jpeg,TRUNCATED,JPEG missing standard EOI marker \xFF\xD9,0,0,0.00,0.00,0.00
06.02\2015\K1\1X,06_02-2015_02_13-10_00-K1-1X.jpeg,C:\Users\ASUS\Desktop\Ders\blg521\data\06.02\2015\K1\1X\06_02-2015_02_13-10_00-K1-1X.jpeg,TRUNCATED,JPEG missing standard EOI marker \xFF\xD9,0,0,0.00,0.00,0.00
06.02\2015\K1\1X,06_02-2015_02_14-10_00-K1-1X.jpeg,C:\Users\ASUS\Desktop\Ders\blg521\data\06.02\2015\K1\1X\06_02-2015_02_14-10_00-K1-1X.jpeg,TRUNCATED,JPEG missing standard EOI marker \xFF\xD9,0,0,0.00,0.00,0.00
06.02\2015\K1\1X,06_02-2015_02_15-10_00-K1-1X.jpeg,C:\Users\ASUS\Desktop\Ders\blg521\data\06.02\2015\K1\1X\06_02-2015_02_15-10_00-K1-1X.jpeg,TRUNCATED,JPEG missing standard EOI marker \xFF\xD9,0,0,0.00,0.00,0.00
06.02\2015\K1\1X,06_02-2015_02_16-09_39-K1-1X.jpeg,C:\Users\ASUS\Desktop\Ders\blg521\data\06.02\2015\K1\1X\06_02-2015_02_16-09_39-K1-1X.jpeg,TRUNCATED,JPEG missing standard EOI marker \xFF\xD9,0,0,0.00,0.00,0.00
06.02\2015\K1\1X,06_02-2015_02_18-10_00-K1-1X.jpeg,C:\Users\ASUS\Desktop\Ders\blg521\data\06.02\2015\K1\1X\06_02-2015_02_18-10_00-K1-1X.jpeg,TRUNCATED,JPEG missing standard EOI marker \xFF\xD9,0,0,0.00,0.00,0.00
06.02\2015\K1\1X,06_02-2015_02_19-09_38-K1-1X.jpeg,C:\Users\ASUS\Desktop\Ders\blg521\data\06.02\2015\K1\1X\06_02-2015_02_19-09_38-K1-1X.jpeg,TRUNCATED,JPEG missing standard EOI marker \xFF\xD9,0,0,0.00,0.00,0.00
06.02\2015\K1\1X,06_02-2015_02_20-10_00-K1-1X.jpeg,C:\Users\ASUS\Desktop\Ders\blg521\data\06.02\2015\K1\1X\06_02-2015_02_20-10_00-K1-1X.jpeg,TRUNCATED,JPEG missing standard EOI marker \xFF\xD9,0,0,0.00,0.00,0.00
06.02\2015\K1\1X,06_02-2015_02_22-10_00-K1-1X.jpeg,C:\Users\ASUS\Desktop\Ders\blg521\data\06.02\2015\K1\1X\06_02-2015_02_22-10_00-K1-1X.jpeg,TRUNCATED,JPEG missing standard EOI marker \xFF\xD9,0,0,0.00,0.00,0.00
06.02\2015\K1\1X,06_02-2015_02_23-10_00-K1-1X.jpeg,C:\Users\ASUS\Desktop\Ders\blg521\data\06.02\2015\K1\1X\06_02-2015_02_23-10_00-K1-1X.jpeg,TRUNCATED,JPEG missing standard EOI marker \xFF\xD9,0,0,0.00,0.00,0.00
06.02\2015\K1\1X,06_02-2015_02_24-10_00-K1-1X.jpeg,C:\Users\ASUS\Desktop\Ders\blg521\data\06.02\2015\K1\1X\06_02-2015_02_24-10_00-K1-1X.jpeg,TRUNCATED,JPEG missing standard EOI marker \xFF\xD9,0,0,0.00,0.00,0.00
06.02\2015\K1\1X,06_02-2015_02_25-10_00-K1-1X.jpeg,C:\Users\ASUS\Desktop\Ders\blg521\data\06.02\2015\K1\1X\06_02-2015_02_25-10_00-K1-1X.jpeg,TRUNCATED,JPEG missing standard EOI marker \xFF\xD9,0,0,0.00,0.00,0.00
06.02\2015\K1\1X,06_02-2015_02_26-10_00-K1-1X.jpeg,C:\Users\ASUS\Desktop\Ders\blg521\data\06.02\2015\K1\1X\06_02-2015_02_26-10_00-K1-1X.jpeg,TRUNCATED,JPEG missing standard EOI marker \xFF\xD9,0,0,0.00,0.00,0.00
06.02\2015\K1\1X,06_02-2015_02_27-10_00-K1-1X.jpeg,C:\Users\ASUS\Desktop\Ders\blg521\data\06.02\2015\K1\1X\06_02-2015_02_27-10_00-K1-1X.jpeg,TRUNCATED,JPEG missing standard EOI marker \xFF\xD9,0,0,0.00,0.00,0.00
06.02\2015\K1\1X,06_02-2015_02_28-10_00-K1-1X.jpeg,C:\Users\ASUS\Desktop\Ders\blg521\data\06.02\2015\K1\1X\06_02-2015_02_28-10_00-K1-1X.jpeg,TRUNCATED,JPEG missing standard EOI marker \xFF\xD9,0,0,0.00,0.00,0.00
06.02\2015\K1\1X,06_02-2015_03_01-10_00-K1-1X.jpeg,C:\Users\ASUS\Desktop\Ders\blg521\data\06.02\2015\K1\1X\06_02-2015_03_01-10_00-K1-1X.jpeg,TRUNCATED,JPEG missing standard EOI marker \xFF\xD9,0,0,0.00,0.00,0.00
06.02\2015\K1\1X,06_02-2015_03_02-10_00-K1-1X.jpeg,C:\Users\ASUS\Desktop\Ders\blg521\data\06.02\2015\K1\1X\06_02-2015_03_02-10_00-K1-1X.jpeg,TRUNCATED,JPEG missing standard EOI marker \xFF\xD9,0,0,0.00,0.00,0.00
06.02\2015\K1\1X,06_02-2015_03_03-10_00-K1-1X.jpeg,C:\Users\ASUS\Desktop\Ders\blg521\data\06.02\2015\K1\1X\06_02-2015_03_03-10_00-K1-1X.jpeg,TRUNCATED,JPEG missing standard EOI marker \xFF\xD9,0,0,0.00,0.00,0.00
06.02\2015\K1\1X,06_02-2015_03_04-10_00-K1-1X.jpeg,C:\Users\ASUS\Desktop\Ders\blg521\data\06.02\2015\K1\1X\06_02-2015_03_04-10_00-K1-1X.jpeg,TRUNCATED,JPEG missing standard EOI marker \xFF\xD9,0,0,0.00,0.00,0.00
06.02\2015\K1\1X,06_02-2015_03_05-10_00-K1-1X.jpeg,C:\Users\ASUS\Desktop\Ders\blg521\data\06.02\2015\K1\1X\06_02-2015_03_05-10_00-K1-1X.jpeg,TRUNCATED,JPEG missing standard EOI marker \xFF\xD9,0,0,0.00,0.00,0.00
06.02\2015\K1\1X,06_02-2015_03_06-10_00-K1-1X.jpeg,C:\Users\ASUS\Desktop\Ders\blg521\data\06.02\2015\K1\1X\06_02-2015_03_06-10_00-K1-1X.jpeg,TRUNCATED,JPEG missing standard EOI marker \xFF\xD9,0,0,0.00,0.00,0.00
06.02\2015\K1\1X,06_02-2015_03_07-10_00-K1-1X.jpeg,C:\Users\ASUS\Desktop\Ders\blg521\data\06.02\2015\K1\1X\06_02-2015_03_07-10_00-K1-1X.jpeg,TRUNCATED,JPEG missing standard EOI marker \xFF\xD9,0,0,0.00,0.00,0.00
06.02\2015\K1\1X,06_02-2015_03_08-10_00-K1-1X.jpeg,C:\Users\ASUS\Desktop\Ders\blg521\data\06.02\2015\K1\1X\06_02-2015_03_08-10_00-K1-1X.jpeg,TRUNCATED,JPEG missing standard EOI marker \xFF\xD9,0,0,0.00,0.00,0.00
06.02\2015\K1\1X,06_02-2015_03_09-10_00-K1-1X.jpeg,C:\Users\ASUS\Desktop\Ders\blg521\data\06.02\2015\K1\1X\06_02-2015_03_09-10_00-K1-1X.jpeg,TRUNCATED,JPEG missing standard EOI marker \xFF\xD9,0,0,0.00,0.00,0.00
06.02\2015\K1\1X,06_02-2015_03_10-10_00-K1-1X.jpeg,C:\Users\ASUS\Desktop\Ders\blg521\data\06.02\2015\K1\1X\06_02-2015_03_10-10_00-K1-1X.jpeg,TRUNCATED,JPEG missing standard EOI marker \xFF\xD9,0,0,0.00,0.00,0.00
06.02\2015\K1\1X,06_02-2015_03_11-10_00-K1-1X.jpeg,C:\Users\ASUS\Desktop\Ders\blg521\data\06.02\2015\K1\1X\06_02-2015_03_11-10_00-K1-1X.jpeg,TRUNCATED,JPEG missing standard EOI marker \xFF\xD9,0,0,0.00,0.00,0.00
06.02\2015\K1\1X,06_02-2015_03_12-10_00-K1-1X.jpeg,C:\Users\ASUS\Desktop\Ders\blg521\data\06.02\2015\K1\1X\06_02-2015_03_12-10_00-K1-1X.jpeg,TRUNCATED,JPEG missing standard EOI marker \xFF\xD9,0,0,0.00,0.00,0.00
06.02\2015\K1\1X,06_02-2015_03_14-10_00-K1-1X.jpeg,C:\Users\ASUS\Desktop\Ders\blg521\data\06.02\2015\K1\1X\06_02-2015_03_14-10_00-K1-1X.jpeg,TRUNCATED,JPEG missing standard EOI marker \xFF\xD9,0,0,0.00,0.00,0.00
06.02\2015\K1\1X,06_02-2015_03_15-10_00-K1-1X.jpeg,C:\Users\ASUS\Desktop\Ders\blg521\data\06.02\2015\K1\1X\06_02-2015_03_15-10_00-K1-1X.jpeg,TRUNCATED,JPEG missing standard EOI marker \xFF\xD9,0,0,0.00,0.00,0.00
06.02\2015\K1\1X,06_02-2015_03_16-10_00-K1-1X.jpeg,C:\Users\ASUS\Desktop\Ders\blg521\data\06.02\2015\K1\1X\06_02-2015_03_16-10_00-K1-1X.jpeg,TRUNCATED,JPEG missing standard EOI marker \xFF\xD9,0,0,0.00,0.00,0.00
06.02\2015\K1\1X,06_02-2015_03_18-10_00-K1-1X.jpeg,C:\Users\ASUS\Desktop\Ders\blg521\data\06.02\2015\K1\1X\06_02-2015_03_18-10_00-K1-1X.jpeg,TRUNCATED,JPEG missing standard EOI marker \xFF\xD9,0,0,0.00,0.00,0.00
06.02\2015\K1\1X,06_02-2015_03_19-10_00-K1-1X.jpeg,C:\Users\ASUS\Desktop\Ders\blg521\data\06.02\2015\K1\1X\06_02-2015_03_19-10_00-K1-1X.jpeg,TRUNCATED,JPEG missing standard EOI marker \xFF\xD9,0,0,0.00,0.00,0.00
06.02\2015\K1\1X,06_02-2015_03_20-11_37-K1-1X.jpeg,C:\Users\ASUS\Desktop\Ders\blg521\data\06.02\2015\K1\1X\06_02-2015_03_20-11_37-K1-1X.jpeg,TRUNCATED,JPEG missing standard EOI marker \xFF\xD9,0,0,0.00,0.00,0.00
06.02\2015\K1\1X,06_02-2015_03_21-10_00-K1-1X.jpeg,C:\Users\ASUS\Desktop\Ders\blg521\data\06.02\2015\K1\1X\06_02-2015_03_21-10_00-K1-1X.jpeg,TRUNCATED,JPEG missing standard EOI marker \xFF\xD9,0,0,0.00,0.00,0.00
06.02\2015\K1\1X,06_02-2015_03_22-10_00-K1-1X.jpeg,C:\Users\ASUS\Desktop\Ders\blg521\data\06.02\2015\K1\1X\06_02-2015_03_22-10_00-K1-1X.jpeg,TRUNCATED,JPEG missing standard EOI marker \xFF\xD9,0,0,0.00,0.00,0.00
06.02\2015\K1\1X,06_02-2015_03_24-10_00-K1-1X.jpeg,C:\Users\ASUS\Desktop\Ders\blg521\data\06.02\2015\K1\1X\06_02-2015_03_24-10_00-K1-1X.jpeg,TRUNCATED,JPEG missing standard EOI marker \xFF\xD9,0,0,0.00,0.00,0.00
06.02\2015\K1\1X,06_02-2015_03_26-10_00-K1-1X.jpeg,C:\Users\ASUS\Desktop\Ders\blg521\data\06.02\2015\K1\1X\06_02-2015_03_26-10_00-K1-1X.jpeg,TRUNCATED,JPEG missing standard EOI marker \xFF\xD9,0,0,0.00,0.00,0.00
06.02\2015\K1\1X,06_02-2015_03_27-10_00-K1-1X.jpeg,C:\Users\ASUS\Desktop\Ders\blg521\data\06.02\2015\K1\1X\06_02-2015_03_27-10_00-K1-1X.jpeg,TRUNCATED,JPEG missing standard EOI marker \xFF\xD9,0,0,0.00,0.00,0.00
06.02\2015\K1\1X,06_02-2015_03_28-09_00-K1-1X.jpeg,C:\Users\ASUS\Desktop\Ders\blg521\data\06.02\2015\K1\1X\06_02-2015_03_28-09_00-K1-1X.jpeg,TRUNCATED,JPEG missing standard EOI marker \xFF\xD9,0,0,0.00,0.00,0.00
06.02\2015\K1\1X,06_02-2015_03_30-10_00-K1-1X.jpeg,C:\Users\ASUS\Desktop\Ders\blg521\data\06.02\2015\K1\1X\06_02-2015_03_30-10_00-K1-1X.jpeg,TRUNCATED,JPEG missing standard EOI marker \xFF\xD9,0,0,0.00,0.00,0.00
06.02\2015\K1\1X,06_02-2015_03_31-10_00-K1-1X.jpeg,C:\Users\ASUS\Desktop\Ders\blg521\data\06.02\2015\K1\1X\06_02-2015_03_31-10_00-K1-1X.jpeg,TRUNCATED,JPEG missing standard EOI marker \xFF\xD9,0,0,0.00,0.00,0.00
06.02\2015\K1\1X,06_02-2015_04_02-10_00-K1-1X.jpeg,C:\Users\ASUS\Desktop\Ders\blg521\data\06.02\2015\K1\1X\06_02-2015_04_02-10_00-K1-1X.jpeg,TRUNCATED,JPEG missing standard EOI marker \xFF\xD9,0,0,0.00,0.00,0.00
06.02\2015\K1\1X,06_02-2015_04_03-10_00-K1-1X.jpeg,C:\Users\ASUS\Desktop\Ders\blg521\data\06.02\2015\K1\1X\06_02-2015_04_03-10_00-K1-1X.jpeg,TRUNCATED,JPEG missing standard EOI marker \xFF\xD9,0,0,0.00,0.00,0.00
06.02\2015\K1\1X,06_02-2015_04_04-10_00-K1-1X.jpeg,C:\Users\ASUS\Desktop\Ders\blg521\data\06.02\2015\K1\1X\06_02-2015_04_04-10_00-K1-1X.jpeg,TRUNCATED,JPEG missing standard EOI marker \xFF\xD9,0,0,0.00,0.00,0.00
06.02\2015\K1\1X,06_02-2015_04_06-10_00-K1-1X.jpeg,C:\Users\ASUS\Desktop\Ders\blg521\data\06.02\2015\K1\1X\06_02-2015_04_06-10_00-K1-1X.jpeg,TRUNCATED,JPEG missing standard EOI marker \xFF\xD9,0,0,0.00,0.00,0.00
06.02\2015\K1\1X,06_02-2015_04_07-10_00-K1-1X.jpeg,C:\Users\ASUS\Desktop\Ders\blg521\data\06.02\2015\K1\1X\06_02-2015_04_07-10_00-K1-1X.jpeg,TRUNCATED,JPEG missing standard EOI marker \xFF\xD9,0,0,0.00,0.00,0.00
06.02\2015\K1\1X,06_02-2015_04_08-10_00-K1-1X.jpeg,C:\Users\ASUS\Desktop\Ders\blg521\data\06.02\2015\K1\1X\06_02-2015_04_08-10_00-K1-1X.jpeg,TRUNCATED,JPEG missing standard EOI marker \xFF\xD9,0,0,0.00,0.00,0.00
06.02\2015\K1\1X,06_02-2015_04_09-10_00-K1-1X.jpeg,C:\Users\ASUS\Desktop\Ders\blg521\data\06.02\2015\K1\1X\06_02-2015_04_09-10_00-K1-1X.jpeg,TRUNCATED,JPEG missing standard EOI marker \xFF\xD9,0,0,0.00,0.00,0.00
06.02\2015\K1\1X,06_02-2015_04_10-10_37-K1-1X.jpeg,C:\Users\ASUS\Desktop\Ders\blg521\data\06.02\2015\K1\1X\06_02-2015_04_10-10_37-K1-1X.jpeg,TRUNCATED,JPEG missing standard EOI marker \xFF\xD9,0,0,0.00,0.00,0.00
06.02\2015\K1\1X,06_02-2015_04_11-10_00-K1-1X.jpeg,C:\Users\ASUS\Desktop\Ders\blg521\data\06.02\2015\K1\1X\06_02-2015_04_11-10_00-K1-1X.jpeg,TRUNCATED,JPEG missing standard EOI marker \xFF\xD9,0,0,0.00,0.00,0.00
06.02\2015\K1\1X,06_02-2015_04_12-10_00-K1-1X.jpeg,C:\Users\ASUS\Desktop\Ders\blg521\data\06.02\2015\K1\1X\06_02-2015_04_12-10_00-K1-1X.jpeg,TRUNCATED,JPEG missing standard EOI marker \xFF\xD9,0,0,0.00,0.00,0.00
06.02\2015\K1\1X,06_02-2015_04_17-10_00-K1-1X.jpeg,C:\Users\ASUS\Desktop\Ders\blg521\data\06.02\2015\K1\1X\06_02-2015_04_17-10_00-K1-1X.jpeg,TRUNCATED,JPEG missing standard EOI marker \xFF\xD9,0,0,0.00,0.00,0.00
06.02\2015\K1\1X,06_02-2015_04_18-10_00-K1-1X.jpeg,C:\Users\ASUS\Desktop\Ders\blg521\data\06.02\2015\K1\1X\06_02-2015_04_18-10_00-K1-1X.jpeg,TRUNCATED,JPEG missing standard EOI marker \xFF\xD9,0,0,0.00,0.00,0.00
06.02\2015\K1\1X,06_02-2015_04_22-10_00-K1-1X.jpeg,C:\Users\ASUS\Desktop\Ders\blg521\data\06.02\2015\K1\1X\06_02-2015_04_22-10_00-K1-1X.jpeg,TRUNCATED,JPEG missing standard EOI marker \xFF\xD9,0,0,0.00,0.00,0.00
06.02\2015\K1\1X,06_02-2015_04_23-10_00-K1-1X.jpeg,C:\Users\ASUS\Desktop\Ders\blg521\data\06.02\2015\K1\1X\06_02-2015_04_23-10_00-K1-1X.jpeg,TRUNCATED,JPEG missing standard EOI marker \xFF\xD9,0,0,0.00,0.00,0.00
06.02\2015\K1\1X,06_02-2015_04_24-10_00-K1-1X.jpeg,C:\Users\ASUS\Desktop\Ders\blg521\data\06.02\2015\K1\1X\06_02-2015_04_24-10_00-K1-1X.jpeg,TRUNCATED,JPEG missing standard EOI marker \xFF\xD9,0,0,0.00,0.00,0.00
06.02\2015\K1\1X,06_02-2015_04_25-10_00-K1-1X.jpeg,C:\Users\ASUS\Desktop\Ders\blg521\data\06.02\2015\K1\1X\06_02-2015_04_25-10_00-K1-1X.jpeg,TRUNCATED,JPEG missing standard EOI marker \xFF\xD9,0,0,0.00,0.00,0.00
06.02\2015\K1\1X,06_02-2015_04_26-10_00-K1-1X.jpeg,C:\Users\ASUS\Desktop\Ders\blg521\data\06.02\2015\K1\1X\06_02-2015_04_26-10_00-K1-1X.jpeg,TRUNCATED,JPEG missing standard EOI marker \xFF\xD9,0,0,0.00,0.00,0.00
06.02\2015\K1\1X,06_02-2015_04_28-10_00-K1-1X.jpeg,C:\Users\ASUS\Desktop\Ders\blg521\data\06.02\2015\K1\1X\06_02-2015_04_28-10_00-K1-1X.jpeg,TRUNCATED,JPEG missing standard EOI marker \xFF\xD9,0,0,0.00,0.00,0.00
06.02\2015\K1\1X,06_02-2015_04_29-10_00-K1-1X.jpeg,C:\Users\ASUS\Desktop\Ders\blg521\data\06.02\2015\K1\1X\06_02-2015_04_29-10_00-K1-1X.jpeg,TRUNCATED,JPEG missing standard EOI marker \xFF\xD9,0,0,0.00,0.00,0.00
06.02\2015\K1\1X,06_02-2015_04_30-10_00-K1-1X.jpeg,C:\Users\ASUS\Desktop\Ders\blg521\data\06.02\2015\K1\1X\06_02-2015_04_30-10_00-K1-1X.jpeg,TRUNCATED,JPEG missing standard EOI marker \xFF\xD9,0,0,0.00,0.00,0.00
06.02\2015\K1\1X,06_02-2015_05_01-10_00-K1-1X.jpeg,C:\Users\ASUS\Desktop\Ders\blg521\data\06.02\2015\K1\1X\06_02-2015_05_01-10_00-K1-1X.jpeg,TRUNCATED,JPEG missing standard EOI marker \xFF\xD9,0,0,0.00,0.00,0.00
06.02\2015\K1\1X,06_02-2015_05_02-10_00-K1-1X.jpeg,C:\Users\ASUS\Desktop\Ders\blg521\data\06.02\2015\K1\1X\06_02-2015_05_02-10_00-K1-1X.jpeg,TRUNCATED,JPEG missing standard EOI marker \xFF\xD9,0,0,0.00,0.00,0.00
06.02\2015\K1\1X,06_02-2015_05_03-10_00-K1-1X.jpeg,C:\Users\ASUS\Desktop\Ders\blg521\data\06.02\2015\K1\1X\06_02-2015_05_03-10_00-K1-1X.jpeg,TRUNCATED,JPEG missing standard EOI marker \xFF\xD9,0,0,0.00,0.00,0.00
06.02\2015\K1\1X,06_02-2015_05_04-10_00-K1-1X.jpeg,C:\Users\ASUS\Desktop\Ders\blg521\data\06.02\2015\K1\1X\06_02-2015_05_04-10_00-K1-1X.jpeg,TRUNCATED,JPEG missing standard EOI marker \xFF\xD9,0,0,0.00,0.00,0.00
06.02\2015\K1\1X,06_02-2015_05_05-10_00-K1-1X.jpeg,C:\Users\ASUS\Desktop\Ders\blg521\data\06.02\2015\K1\1X\06_02-2015_05_05-10_00-K1-1X.jpeg,TRUNCATED,JPEG missing standard EOI marker \xFF\xD9,0,0,0.00,0.00,0.00
06.02\2015\K1\1X,06_02-2015_05_06-10_00-K1-1X.jpeg,C:\Users\ASUS\Desktop\Ders\blg521\data\06.02\2015\K1\1X\06_02-2015_05_06-10_00-K1-1X.jpeg,TRUNCATED,JPEG missing standard EOI marker \xFF\xD9,0,0,0.00,0.00,0.00
06.02\2015\K1\1X,06_02-2015_05_08-10_00-K1-1X.jpeg,C:\Users\ASUS\Desktop\Ders\blg521\data\06.02\2015\K1\1X\06_02-2015_05_08-10_00-K1-1X.jpeg,TRUNCATED,JPEG missing standard EOI marker \xFF\xD9,0,0,0.00,0.00,0.00
06.02\2015\K1\1X,06_02-2015_05_09-10_00-K1-1X.jpeg,C:\Users\ASUS\Desktop\Ders\blg521\data\06.02\2015\K1\1X\06_02-2015_05_09-10_00-K1-1X.jpeg,TRUNCATED,JPEG missing standard EOI marker \xFF\xD9,0,0,0.00,0.00,0.00
06.02\2015\K1\1X,06_02-2015_05_10-10_00-K1-1X.jpeg,C:\Users\ASUS\Desktop\Ders\blg521\data\06.02\2015\K1\1X\06_02-2015_05_10-10_00-K1-1X.jpeg,TRUNCATED,JPEG missing standard EOI marker \xFF\xD9,0,0,0.00,0.00,0.00
06.02\2015\K1\1X,06_02-2015_05_11-10_00-K1-1X.jpeg,C:\Users\ASUS\Desktop\Ders\blg521\data\06.02\2015\K1\1X\06_02-2015_05_11-10_00-K1-1X.jpeg,TRUNCATED,JPEG missing standard EOI marker \xFF\xD9,0,0,0.00,0.00,0.00
06.02\2015\K1\1X,06_02-2015_05_15-10_00-K1-1X.jpeg,C:\Users\ASUS\Desktop\Ders\blg521\data\06.02\2015\K1\1X\06_02-2015_05_15-10_00-K1-1X.jpeg,TRUNCATED,JPEG missing standard EOI marker \xFF\xD9,0,0,0.00,0.00,0.00
06.02\2015\K1\1X,06_02-2015_05_17-10_00-K1-1X.jpeg,C:\Users\ASUS\Desktop\Ders\blg521\data\06.02\2015\K1\1X\06_02-2015_05_17-10_00-K1-1X.jpeg,TRUNCATED,JPEG missing standard EOI marker \xFF\xD9,0,0,0.00,0.00,0.00
06.02\2015\K1\1X,06_02-2015_05_18-10_00-K1-1X.jpeg,C:\Users\ASUS\Desktop\Ders\blg521\data\06.02\2015\K1\1X\06_02-2015_05_18-10_00-K1-1X.jpeg,TRUNCATED,JPEG missing standard EOI marker \xFF\xD9,0,0,0.00,0.00,0.00
06.02\2015\K1\1X,06_02-2015_05_19-10_00-K1-1X.jpeg,C:\Users\ASUS\Desktop\Ders\blg521\data\06.02\2015\K1\1X\06_02-2015_05_19-10_00-K1-1X.jpeg,TRUNCATED,JPEG missing standard EOI marker \xFF\xD9,0,0,0.00,0.00,0.00
06.02\2015\K1\1X,06_02-2015_05_23-10_00-K1-1X.jpeg,C:\Users\ASUS\Desktop\Ders\blg521\data\06.02\2015\K1\1X\06_02-2015_05_23-10_00-K1-1X.jpeg,TRUNCATED,JPEG missing standard EOI marker \xFF\xD9,0,0,0.00,0.00,0.00
06.02\2015\K1\1X,06_02-2015_05_24-10_00-K1-1X.jpeg,C:\Users\ASUS\Desktop\Ders\blg521\data\06.02\2015\K1\1X\06_02-2015_05_24-10_00-K1-1X.jpeg,TRUNCATED,JPEG missing standard EOI marker \xFF\xD9,0,0,0.00,0.00,0.00
06.02\2015\K1\1X,06_02-2015_05_25-10_00-K1-1X.jpeg,C:\Users\ASUS\Desktop\Ders\blg521\data\06.02\2015\K1\1X\06_02-2015_05_25-10_00-K1-1X.jpeg,TRUNCATED,JPEG missing standard EOI marker \xFF\xD9,0,0,0.00,0.00,0.00
06.02\2015\K1\1X,06_02-2015_05_26-10_00-K1-1X.jpeg,C:\Users\ASUS\Desktop\Ders\blg521\data\06.02\2015\K1\1X\06_02-2015_05_26-10_00-K1-1X.jpeg,TRUNCATED,JPEG missing standard EOI marker \xFF\xD9,0,0,0.00,0.00,0.00
06.02\2015\K1\1X,06_02-2015_05_27-10_00-K1-1X.jpeg,C:\Users\ASUS\Desktop\Ders\blg521\data\06.02\2015\K1\1X\06_02-2015_05_27-10_00-K1-1X.jpeg,TRUNCATED,JPEG missing standard EOI marker \xFF\xD9,0,0,0.00,0.00,0.00
06.02\2015\K1\1X,06_02-2015_05_28-10_00-K1-1X.jpeg,C:\Users\ASUS\Desktop\Ders\blg521\data\06.02\2015\K1\1X\06_02-2015_05_28-10_00-K1-1X.jpeg,TRUNCATED,JPEG missing standard EOI marker \xFF\xD9,0,0,0.00,0.00,0.00
06.02\2015\K1\1X,06_02-2015_05_30-10_00-K1-1X.jpeg,C:\Users\ASUS\Desktop\Ders\blg521\data\06.02\2015\K1\1X\06_02-2015_05_30-10_00-K1-1X.jpeg,TRUNCATED,JPEG missing standard EOI marker \xFF\xD9,0,0,0.00,0.00,0.00
06.02\2015\K1\1X,06_02-2015_06_01-10_00-K1-1X.jpeg,C:\Users\ASUS\Desktop\Ders\blg521\data\06.02\2015\K1\1X\06_02-2015_06_01-10_00-K1-1X.jpeg,TRUNCATED,JPEG missing standard EOI marker \xFF\xD9,0,0,0.00,0.00,0.00
06.02\2015\K1\1X,06_02-2015_06_03-10_00-K1-1X.jpeg,C:\Users\ASUS\Desktop\Ders\blg521\data\06.02\2015\K1\1X\06_02-2015_06_03-10_00-K1-1X.jpeg,TRUNCATED,JPEG missing standard EOI marker \xFF\xD9,0,0,0.00,0.00,0.00
06.02\2015\K1\1X,06_02-2015_06_04-10_00-K1-1X.jpeg,C:\Users\ASUS\Desktop\Ders\blg521\data\06.02\2015\K1\1X\06_02-2015_06_04-10_00-K1-1X.jpeg,TRUNCATED,JPEG missing standard EOI marker \xFF\xD9,0,0,0.00,0.00,0.00
06.02\2015\K1\1X,06_02-2015_06_06-10_00-K1-1X.jpeg,C:\Users\ASUS\Desktop\Ders\blg521\data\06.02\2015\K1\1X\06_02-2015_06_06-10_00-K1-1X.jpeg,TRUNCATED,JPEG missing standard EOI marker \xFF\xD9,0,0,0.00,0.00,0.00
06.02\2015\K1\1X,06_02-2015_06_07-10_00-K1-1X.jpeg,C:\Users\ASUS\Desktop\Ders\blg521\data\06.02\2015\K1\1X\06_02-2015_06_07-10_00-K1-1X.jpeg,TRUNCATED,JPEG missing standard EOI marker \xFF\xD9,0,0,0.00,0.00,0.00
06.02\2015\K1\1X,06_02-2015_06_08-10_00-K1-1X.jpeg,C:\Users\ASUS\Desktop\Ders\blg521\data\06.02\2015\K1\1X\06_02-2015_06_08-10_00-K1-1X.jpeg,TRUNCATED,JPEG missing standard EOI marker \xFF\xD9,0,0,0.00,0.00,0.00
06.02\2015\K1\1X,06_02-2015_06_09-10_00-K1-1X.jpeg,C:\Users\ASUS\Desktop\Ders\blg521\data\06.02\2015\K1\1X\06_02-2015_06_09-10_00-K1-1X.jpeg,TRUNCATED,JPEG missing standard EOI marker \xFF\xD9,0,0,0.00,0.00,0.00
06.02\2015\K1\1X,06_02-2015_06_10-10_00-K1-1X.jpeg,C:\Users\ASUS\Desktop\Ders\blg521\data\06.02\2015\K1\1X\06_02-2015_06_10-10_00-K1-1X.jpeg,TRUNCATED,JPEG missing standard EOI marker \xFF\xD9,0,0,0.00,0.00,0.00
06.02\2015\K1\1X,06_02-2015_06_11-10_00-K1-1X.jpeg,C:\Users\ASUS\Desktop\Ders\blg521\data\06.02\2015\K1\1X\06_02-2015_06_11-10_00-K1-1X.jpeg,TRUNCATED,JPEG missing standard EOI marker \xFF\xD9,0,0,0.00,0.00,0.00
06.02\2015\K1\1X,06_02-2015_06_13-10_00-K1-1X.jpeg,C:\Users\ASUS\Desktop\Ders\blg521\data\06.02\2015\K1\1X\06_02-2015_06_13-10_00-K1-1X.jpeg,TRUNCATED,JPEG missing standard EOI marker \xFF\xD9,0,0,0.00,0.00,0.00
06.02\2015\K1\1X,06_02-2015_12_23-09_02-K1-1X.jpeg,C:\Users\ASUS\Desktop\Ders\blg521\data\06.02\2015\K1\1X\06_02-2015_12_23-09_02-K1-1X.jpeg,BLURRED,Very blurry (Laplacian variance: 7.71),1920,1080,131.45,13.72,7.71
06.02\2015\K1\1X,06_02-2015_12_24-09_06-K1-1X.jpeg,C:\Users\ASUS\Desktop\Ders\blg521\data\06.02\2015\K1\1X\06_02-2015_12_24-09_06-K1-1X.jpeg,BLURRED,Very blurry (Laplacian variance: 8.26),1920,1080,128.91,21.41,8.26
06.02\2015\K2\10X,06_02-2015_01_05-10_09-K2-10X.jpeg,C:\Users\ASUS\Desktop\Ders\blg521\data\06.02\2015\K2\10X\06_02-2015_01_05-10_09-K2-10X.jpeg,BLURRED,Very blurry (Laplacian variance: 10.56),1920,1080,126.68,6.35,10.56
06.02\2015\K2\10X,06_02-2015_01_06-11_32-K2-10X.jpeg,C:\Users\ASUS\Desktop\Ders\blg521\data\06.02\2015\K2\10X\06_02-2015_01_06-11_32-K2-10X.jpeg,BLURRED,Very blurry (Laplacian variance: 8.92),1920,1080,126.13,6.16,8.92
06.02\2015\K2\10X,06_02-2015_01_08-11_00-K2-10X.jpeg,C:\Users\ASUS\Desktop\Ders\blg521\data\06.02\2015\K2\10X\06_02-2015_01_08-11_00-K2-10X.jpeg,BLURRED,Very blurry (Laplacian variance: 29.66),1920,1080,157.65,10.84,29.66
06.02\2015\K2\10X,06_02-2015_01_10-10_00-K2-10X.jpeg,C:\Users\ASUS\Desktop\Ders\blg521\data\06.02\2015\K2\10X\06_02-2015_01_10-10_00-K2-10X.jpeg,BLURRED,Very blurry (Laplacian variance: 11.30),1920,1080,128.00,7.63,11.30
06.02\2015\K2\10X,06_02-2015_01_19-10_12-K2-10X.jpeg,C:\Users\ASUS\Desktop\Ders\blg521\data\06.02\2015\K2\10X\06_02-2015_01_19-10_12-K2-10X.jpeg,BLURRED,Very blurry (Laplacian variance: 24.82),1920,1080,120.22,31.81,24.82
06.02\2015\K2\10X,06_02-2015_01_21-10_00-K2-10X.jpeg,C:\Users\ASUS\Desktop\Ders\blg521\data\06.02\2015\K2\10X\06_02-2015_01_21-10_00-K2-10X.jpeg,BLURRED,Very blurry (Laplacian variance: 21.74),1920,1080,115.09,32.98,21.74
06.02\2015\K2\10X,06_02-2015_01_23-10_00-K2-10X.jpeg,C:\Users\ASUS\Desktop\Ders\blg521\data\06.02\2015\K2\10X\06_02-2015_01_23-10_00-K2-10X.jpeg,TRUNCATED,JPEG missing standard EOI marker \xFF\xD9,0,0,0.00,0.00,0.00
06.02\2015\K2\10X,06_02-2015_01_24-10_00-K2-10X.jpeg,C:\Users\ASUS\Desktop\Ders\blg521\data\06.02\2015\K2\10X\06_02-2015_01_24-10_00-K2-10X.jpeg,TRUNCATED,JPEG missing standard EOI marker \xFF\xD9,0,0,0.00,0.00,0.00
06.02\2015\K2\10X,06_02-2015_01_26-10_00-K2-10X.jpeg,C:\Users\ASUS\Desktop\Ders\blg521\data\06.02\2015\K2\10X\06_02-2015_01_26-10_00-K2-10X.jpeg,TRUNCATED,JPEG missing standard EOI marker \xFF\xD9,0,0,0.00,0.00,0.00
06.02\2015\K2\10X,06_02-2015_01_27-10_00-K2-10X.jpeg,C:\Users\ASUS\Desktop\Ders\blg521\data\06.02\2015\K2\10X\06_02-2015_01_27-10_00-K2-10X.jpeg,TRUNCATED,JPEG missing standard EOI marker \xFF\xD9,0,0,0.00,0.00,0.00
06.02\2015\K2\10X,06_02-2015_01_28-10_00-K2-10X.jpeg,C:\Users\ASUS\Desktop\Ders\blg521\data\06.02\2015\K2\10X\06_02-2015_01_28-10_00-K2-10X.jpeg,TRUNCATED,JPEG missing standard EOI marker \xFF\xD9,0,0,0.00,0.00,0.00
06.02\2015\K2\10X,06_02-2015_01_29-10_00-K2-10X.jpeg,C:\Users\ASUS\Desktop\Ders\blg521\data\06.02\2015\K2\10X\06_02-2015_01_29-10_00-K2-10X.jpeg,TRUNCATED,JPEG missing standard EOI marker \xFF\xD9,0,0,0.00,0.00,0.00
06.02\2015\K2\10X,06_02-2015_01_30-10_00-K2-10X.jpeg,C:\Users\ASUS\Desktop\Ders\blg521\data\06.02\2015\K2\10X\06_02-2015_01_30-10_00-K2-10X.jpeg,TRUNCATED,JPEG missing standard EOI marker \xFF\xD9,0,0,0.00,0.00,0.00
06.02\2015\K2\10X,06_02-2015_02_01-10_00-K2-10X.jpeg,C:\Users\ASUS\Desktop\Ders\blg521\data\06.02\2015\K2\10X\06_02-2015_02_01-10_00-K2-10X.jpeg,TRUNCATED,JPEG missing standard EOI marker \xFF\xD9,0,0,0.00,0.00,0.00
06.02\2015\K2\10X,06_02-2015_02_02-10_00-K2-10X.jpeg,C:\Users\ASUS\Desktop\Ders\blg521\data\06.02\2015\K2\10X\06_02-2015_02_02-10_00-K2-10X.jpeg,TRUNCATED,JPEG missing standard EOI marker \xFF\xD9,0,0,0.00,0.00,0.00
06.02\2015\K2\10X,06_02-2015_02_03-10_00-K2-10X.jpeg,C:\Users\ASUS\Desktop\Ders\blg521\data\06.02\2015\K2\10X\06_02-2015_02_03-10_00-K2-10X.jpeg,TRUNCATED,JPEG missing standard EOI marker \xFF\xD9,0,0,0.00,0.00,0.00
06.02\2015\K2\10X,06_02-2015_02_04-10_00-K2-10X.jpeg,C:\Users\ASUS\Desktop\Ders\blg521\data\06.02\2015\K2\10X\06_02-2015_02_04-10_00-K2-10X.jpeg,TRUNCATED,JPEG missing standard EOI marker \xFF\xD9,0,0,0.00,0.00,0.00
06.02\2015\K2\10X,06_02-2015_02_05-10_00-K2-10X.jpeg,C:\Users\ASUS\Desktop\Ders\blg521\data\06.02\2015\K2\10X\06_02-2015_02_05-10_00-K2-10X.jpeg,TRUNCATED,JPEG missing standard EOI marker \xFF\xD9,0,0,0.00,0.00,0.00
06.02\2015\K2\10X,06_02-2015_02_06-10_00-K2-10X.jpeg,C:\Users\ASUS\Desktop\Ders\blg521\data\06.02\2015\K2\10X\06_02-2015_02_06-10_00-K2-10X.jpeg,TRUNCATED,JPEG missing standard EOI marker \xFF\xD9,0,0,0.00,0.00,0.00
06.02\2015\K2\10X,06_02-2015_02_09-10_00-K2-10X.jpeg,C:\Users\ASUS\Desktop\Ders\blg521\data\06.02\2015\K2\10X\06_02-2015_02_09-10_00-K2-10X.jpeg,TRUNCATED,JPEG missing standard EOI marker \xFF\xD9,0,0,0.00,0.00,0.00
06.02\2015\K2\10X,06_02-2015_02_10-10_00-K2-10X.jpeg,C:\Users\ASUS\Desktop\Ders\blg521\data\06.02\2015\K2\10X\06_02-2015_02_10-10_00-K2-10X.jpeg,TRUNCATED,JPEG missing standard EOI marker \xFF\xD9,0,0,0.00,0.00,0.00
06.02\2015\K2\10X,06_02-2015_02_11-10_38-K2-10X.jpeg,C:\Users\ASUS\Desktop\Ders\blg521\data\06.02\2015\K2\10X\06_02-2015_02_11-10_38-K2-10X.jpeg,TRUNCATED,JPEG missing standard EOI marker \xFF\xD9,0,0,0.00,0.00,0.00
06.02\2015\K2\10X,06_02-2015_02_12-10_00-K2-10X.jpeg,C:\Users\ASUS\Desktop\Ders\blg521\data\06.02\2015\K2\10X\06_02-2015_02_12-10_00-K2-10X.jpeg,TRUNCATED,JPEG missing standard EOI marker \xFF\xD9,0,0,0.00,0.00,0.00
06.02\2015\K2\10X,06_02-2015_02_13-10_00-K2-10X.jpeg,C:\Users\ASUS\Desktop\Ders\blg521\data\06.02\2015\K2\10X\06_02-2015_02_13-10_00-K2-10X.jpeg,TRUNCATED,JPEG missing standard EOI marker \xFF\xD9,0,0,0.00,0.00,0.00
06.02\2015\K2\10X,06_02-2015_02_15-10_00-K2-10X.jpeg,C:\Users\ASUS\Desktop\Ders\blg521\data\06.02\2015\K2\10X\06_02-2015_02_15-10_00-K2-10X.jpeg,TRUNCATED,JPEG missing standard EOI marker \xFF\xD9,0,0,0.00,0.00,0.00
06.02\2015\K2\10X,06_02-2015_02_16-08_18-K2-10X.jpeg,C:\Users\ASUS\Desktop\Ders\blg521\data\06.02\2015\K2\10X\06_02-2015_02_16-08_18-K2-10X.jpeg,TRUNCATED,JPEG missing standard EOI marker \xFF\xD9,0,0,0.00,0.00,0.00
06.02\2015\K2\10X,06_02-2015_02_17-10_00-K2-10X.jpeg,C:\Users\ASUS\Desktop\Ders\blg521\data\06.02\2015\K2\10X\06_02-2015_02_17-10_00-K2-10X.jpeg,TRUNCATED,JPEG missing standard EOI marker \xFF\xD9,0,0,0.00,0.00,0.00
06.02\2015\K2\10X,06_02-2015_02_18-10_00-K2-10X.jpeg,C:\Users\ASUS\Desktop\Ders\blg521\data\06.02\2015\K2\10X\06_02-2015_02_18-10_00-K2-10X.jpeg,TRUNCATED,JPEG missing standard EOI marker \xFF\xD9,0,0,0.00,0.00,0.00
06.02\2015\K2\10X,06_02-2015_02_19-10_59-K2-10X.jpeg,C:\Users\ASUS\Desktop\Ders\blg521\data\06.02\2015\K2\10X\06_02-2015_02_19-10_59-K2-10X.jpeg,TRUNCATED,JPEG missing standard EOI marker \xFF\xD9,0,0,0.00,0.00,0.00
06.02\2015\K2\10X,06_02-2015_02_20-10_00-K2-10X.jpeg,C:\Users\ASUS\Desktop\Ders\blg521\data\06.02\2015\K2\10X\06_02-2015_02_20-10_00-K2-10X.jpeg,BLURRED,Very blurry (Laplacian variance: 9.94),1920,1080,120.62,7.80,9.94
06.02\2015\K2\10X,06_02-2015_02_21-10_00-K2-10X.jpeg,C:\Users\ASUS\Desktop\Ders\blg521\data\06.02\2015\K2\10X\06_02-2015_02_21-10_00-K2-10X.jpeg,TRUNCATED,JPEG missing standard EOI marker \xFF\xD9,0,0,0.00,0.00,0.00
06.02\2015\K2\10X,06_02-2015_02_22-10_00-K2-10X.jpeg,C:\Users\ASUS\Desktop\Ders\blg521\data\06.02\2015\K2\10X\06_02-2015_02_22-10_00-K2-10X.jpeg,TRUNCATED,JPEG missing standard EOI marker \xFF\xD9,0,0,0.00,0.00,0.00
06.02\2015\K2\10X,06_02-2015_02_23-10_00-K2-10X.jpeg,C:\Users\ASUS\Desktop\Ders\blg521\data\06.02\2015\K2\10X\06_02-2015_02_23-10_00-K2-10X.jpeg,TRUNCATED,JPEG missing standard EOI marker \xFF\xD9,0,0,0.00,0.00,0.00
06.02\2015\K2\10X,06_02-2015_02_24-10_00-K2-10X.jpeg,C:\Users\ASUS\Desktop\Ders\blg521\data\06.02\2015\K2\10X\06_02-2015_02_24-10_00-K2-10X.jpeg,TRUNCATED,JPEG missing standard EOI marker \xFF\xD9,0,0,0.00,0.00,0.00
06.02\2015\K2\10X,06_02-2015_02_25-10_45-K2-10X.jpeg,C:\Users\ASUS\Desktop\Ders\blg521\data\06.02\2015\K2\10X\06_02-2015_02_25-10_45-K2-10X.jpeg,TRUNCATED,JPEG missing standard EOI marker \xFF\xD9,0,0,0.00,0.00,0.00
06.02\2015\K2\10X,06_02-2015_02_26-10_01-K2-10X.jpeg,C:\Users\ASUS\Desktop\Ders\blg521\data\06.02\2015\K2\10X\06_02-2015_02_26-10_01-K2-10X.jpeg,TRUNCATED,JPEG missing standard EOI marker \xFF\xD9,0,0,0.00,0.00,0.00
06.02\2015\K2\10X,06_02-2015_02_27-10_00-K2-10X.jpeg,C:\Users\ASUS\Desktop\Ders\blg521\data\06.02\2015\K2\10X\06_02-2015_02_27-10_00-K2-10X.jpeg,TRUNCATED,JPEG missing standard EOI marker \xFF\xD9,0,0,0.00,0.00,0.00
06.02\2015\K2\10X,06_02-2015_02_28-10_00-K2-10X.jpeg,C:\Users\ASUS\Desktop\Ders\blg521\data\06.02\2015\K2\10X\06_02-2015_02_28-10_00-K2-10X.jpeg,TRUNCATED,JPEG missing standard EOI marker \xFF\xD9,0,0,0.00,0.00,0.00
06.02\2015\K2\10X,06_02-2015_03_01-10_00-K2-10X.jpeg,C:\Users\ASUS\Desktop\Ders\blg521\data\06.02\2015\K2\10X\06_02-2015_03_01-10_00-K2-10X.jpeg,TRUNCATED,JPEG missing standard EOI marker \xFF\xD9,0,0,0.00,0.00,0.00
06.02\2015\K2\10X,06_02-2015_03_02-10_00-K2-10X.jpeg,C:\Users\ASUS\Desktop\Ders\blg521\data\06.02\2015\K2\10X\06_02-2015_03_02-10_00-K2-10X.jpeg,TRUNCATED,JPEG missing standard EOI marker \xFF\xD9,0,0,0.00,0.00,0.00
06.02\2015\K2\10X,06_02-2015_03_03-10_00-K2-10X.jpeg,C:\Users\ASUS\Desktop\Ders\blg521\data\06.02\2015\K2\10X\06_02-2015_03_03-10_00-K2-10X.jpeg,TRUNCATED,JPEG missing standard EOI marker \xFF\xD9,0,0,0.00,0.00,0.00
06.02\2015\K2\10X,06_02-2015_03_05-10_00-K2-10X.jpeg,C:\Users\ASUS\Desktop\Ders\blg521\data\06.02\2015\K2\10X\06_02-2015_03_05-10_00-K2-10X.jpeg,TRUNCATED,JPEG missing standard EOI marker \xFF\xD9,0,0,0.00,0.00,0.00
06.02\2015\K2\10X,06_02-2015_03_07-10_00-K2-10X.jpeg,C:\Users\ASUS\Desktop\Ders\blg521\data\06.02\2015\K2\10X\06_02-2015_03_07-10_00-K2-10X.jpeg,TRUNCATED,JPEG missing standard EOI marker \xFF\xD9,0,0,0.00,0.00,0.00
06.02\2015\K2\10X,06_02-2015_03_09-10_00-K2-10X.jpeg,C:\Users\ASUS\Desktop\Ders\blg521\data\06.02\2015\K2\10X\06_02-2015_03_09-10_00-K2-10X.jpeg,TRUNCATED,JPEG missing standard EOI marker \xFF\xD9,0,0,0.00,0.00,0.00
06.02\2015\K2\10X,06_02-2015_03_11-10_00-K2-10X.jpeg,C:\Users\ASUS\Desktop\Ders\blg521\data\06.02\2015\K2\10X\06_02-2015_03_11-10_00-K2-10X.jpeg,TRUNCATED,JPEG missing standard EOI marker \xFF\xD9,0,0,0.00,0.00,0.00
06.02\2015\K2\10X,06_02-2015_03_12-10_00-K2-10X.jpeg,C:\Users\ASUS\Desktop\Ders\blg521\data\06.02\2015\K2\10X\06_02-2015_03_12-10_00-K2-10X.jpeg,TRUNCATED,JPEG missing standard EOI marker \xFF\xD9,0,0,0.00,0.00,0.00
06.02\2015\K2\10X,06_02-2015_03_13-11_18-K2-10X.jpeg,C:\Users\ASUS\Desktop\Ders\blg521\data\06.02\2015\K2\10X\06_02-2015_03_13-11_18-K2-10X.jpeg,TRUNCATED,JPEG missing standard EOI marker \xFF\xD9,0,0,0.00,0.00,0.00
06.02\2015\K2\10X,06_02-2015_03_16-10_00-K2-10X.jpeg,C:\Users\ASUS\Desktop\Ders\blg521\data\06.02\2015\K2\10X\06_02-2015_03_16-10_00-K2-10X.jpeg,TRUNCATED,JPEG missing standard EOI marker \xFF\xD9,0,0,0.00,0.00,0.00
06.02\2015\K2\10X,06_02-2015_03_18-10_00-K2-10X.jpeg,C:\Users\ASUS\Desktop\Ders\blg521\data\06.02\2015\K2\10X\06_02-2015_03_18-10_00-K2-10X.jpeg,TRUNCATED,JPEG missing standard EOI marker \xFF\xD9,0,0,0.00,0.00,0.00
06.02\2015\K2\10X,06_02-2015_03_19-10_00-K2-10X.jpeg,C:\Users\ASUS\Desktop\Ders\blg521\data\06.02\2015\K2\10X\06_02-2015_03_19-10_00-K2-10X.jpeg,TRUNCATED,JPEG missing standard EOI marker \xFF\xD9,0,0,0.00,0.00,0.00
06.02\2015\K2\10X,06_02-2015_03_21-10_00-K2-10X.jpeg,C:\Users\ASUS\Desktop\Ders\blg521\data\06.02\2015\K2\10X\06_02-2015_03_21-10_00-K2-10X.jpeg,TRUNCATED,JPEG missing standard EOI marker \xFF\xD9,0,0,0.00,0.00,0.00
06.02\2015\K2\10X,06_02-2015_03_22-10_00-K2-10X.jpeg,C:\Users\ASUS\Desktop\Ders\blg521\data\06.02\2015\K2\10X\06_02-2015_03_22-10_00-K2-10X.jpeg,TRUNCATED,JPEG missing standard EOI marker \xFF\xD9,0,0,0.00,0.00,0.00
06.02\2015\K2\10X,06_02-2015_03_23-11_58-K2-10X.jpeg,C:\Users\ASUS\Desktop\Ders\blg521\data\06.02\2015\K2\10X\06_02-2015_03_23-11_58-K2-10X.jpeg,TRUNCATED,JPEG missing standard EOI marker \xFF\xD9,0,0,0.00,0.00,0.00
06.02\2015\K2\10X,06_02-2015_03_24-10_00-K2-10X.jpeg,C:\Users\ASUS\Desktop\Ders\blg521\data\06.02\2015\K2\10X\06_02-2015_03_24-10_00-K2-10X.jpeg,TRUNCATED,JPEG missing standard EOI marker \xFF\xD9,0,0,0.00,0.00,0.00
06.02\2015\K2\10X,06_02-2015_03_25-10_00-K2-10X.jpeg,C:\Users\ASUS\Desktop\Ders\blg521\data\06.02\2015\K2\10X\06_02-2015_03_25-10_00-K2-10X.jpeg,TRUNCATED,JPEG missing standard EOI marker \xFF\xD9,0,0,0.00,0.00,0.00
06.02\2015\K2\10X,06_02-2015_03_26-10_00-K2-10X.jpeg,C:\Users\ASUS\Desktop\Ders\blg521\data\06.02\2015\K2\10X\06_02-2015_03_26-10_00-K2-10X.jpeg,TRUNCATED,JPEG missing standard EOI marker \xFF\xD9,0,0,0.00,0.00,0.00
06.02\2015\K2\10X,06_02-2015_03_27-10_00-K2-10X.jpeg,C:\Users\ASUS\Desktop\Ders\blg521\data\06.02\2015\K2\10X\06_02-2015_03_27-10_00-K2-10X.jpeg,TRUNCATED,JPEG missing standard EOI marker \xFF\xD9,0,0,0.00,0.00,0.00
06.02\2015\K2\10X,06_02-2015_03_28-09_00-K2-10X.jpeg,C:\Users\ASUS\Desktop\Ders\blg521\data\06.02\2015\K2\10X\06_02-2015_03_28-09_00-K2-10X.jpeg,TRUNCATED,JPEG missing standard EOI marker \xFF\xD9,0,0,0.00,0.00,0.00
06.02\2015\K2\10X,06_02-2015_03_30-10_00-K2-10X.jpeg,C:\Users\ASUS\Desktop\Ders\blg521\data\06.02\2015\K2\10X\06_02-2015_03_30-10_00-K2-10X.jpeg,TRUNCATED,JPEG missing standard EOI marker \xFF\xD9,0,0,0.00,0.00,0.00
06.02\2015\K2\10X,06_02-2015_03_31-10_00-K2-10X.jpeg,C:\Users\ASUS\Desktop\Ders\blg521\data\06.02\2015\K2\10X\06_02-2015_03_31-10_00-K2-10X.jpeg,TRUNCATED,JPEG missing standard EOI marker \xFF\xD9,0,0,0.00,0.00,0.00
06.02\2015\K2\10X,06_02-2015_04_01-10_00-K2-10X.jpeg,C:\Users\ASUS\Desktop\Ders\blg521\data\06.02\2015\K2\10X\06_02-2015_04_01-10_00-K2-10X.jpeg,TRUNCATED,JPEG missing standard EOI marker \xFF\xD9,0,0,0.00,0.00,0.00
06.02\2015\K2\10X,06_02-2015_04_02-10_00-K2-10X.jpeg,C:\Users\ASUS\Desktop\Ders\blg521\data\06.02\2015\K2\10X\06_02-2015_04_02-10_00-K2-10X.jpeg,TRUNCATED,JPEG missing standard EOI marker \xFF\xD9,0,0,0.00,0.00,0.00
06.02\2015\K2\10X,06_02-2015_04_03-10_00-K2-10X.jpeg,C:\Users\ASUS\Desktop\Ders\blg521\data\06.02\2015\K2\10X\06_02-2015_04_03-10_00-K2-10X.jpeg,TRUNCATED,JPEG missing standard EOI marker \xFF\xD9,0,0,0.00,0.00,0.00
06.02\2015\K2\10X,06_02-2015_04_04-10_00-K2-10X.jpeg,C:\Users\ASUS\Desktop\Ders\blg521\data\06.02\2015\K2\10X\06_02-2015_04_04-10_00-K2-10X.jpeg,TRUNCATED,JPEG missing standard EOI marker \xFF\xD9,0,0,0.00,0.00,0.00
06.02\2015\K2\10X,06_02-2015_04_06-10_00-K2-10X.jpeg,C:\Users\ASUS\Desktop\Ders\blg521\data\06.02\2015\K2\10X\06_02-2015_04_06-10_00-K2-10X.jpeg,TRUNCATED,JPEG missing standard EOI marker \xFF\xD9,0,0,0.00,0.00,0.00
06.02\2015\K2\10X,06_02-2015_04_07-10_00-K2-10X.jpeg,C:\Users\ASUS\Desktop\Ders\blg521\data\06.02\2015\K2\10X\06_02-2015_04_07-10_00-K2-10X.jpeg,TRUNCATED,JPEG missing standard EOI marker \xFF\xD9,0,0,0.00,0.00,0.00
06.02\2015\K2\10X,06_02-2015_04_08-10_00-K2-10X.jpeg,C:\Users\ASUS\Desktop\Ders\blg521\data\06.02\2015\K2\10X\06_02-2015_04_08-10_00-K2-10X.jpeg,TRUNCATED,JPEG missing standard EOI marker \xFF\xD9,0,0,0.00,0.00,0.00
06.02\2015\K2\10X,06_02-2015_04_09-10_00-K2-10X.jpeg,C:\Users\ASUS\Desktop\Ders\blg521\data\06.02\2015\K2\10X\06_02-2015_04_09-10_00-K2-10X.jpeg,TRUNCATED,JPEG missing standard EOI marker \xFF\xD9,0,0,0.00,0.00,0.00
06.02\2015\K2\10X,06_02-2015_04_10-10_37-K2-10X.jpeg,C:\Users\ASUS\Desktop\Ders\blg521\data\06.02\2015\K2\10X\06_02-2015_04_10-10_37-K2-10X.jpeg,TRUNCATED,JPEG missing standard EOI marker \xFF\xD9,0,0,0.00,0.00,0.00
06.02\2015\K2\10X,06_02-2015_04_11-10_00-K2-10X.jpeg,C:\Users\ASUS\Desktop\Ders\blg521\data\06.02\2015\K2\10X\06_02-2015_04_11-10_00-K2-10X.jpeg,TRUNCATED,JPEG missing standard EOI marker \xFF\xD9,0,0,0.00,0.00,0.00
06.02\2015\K2\10X,06_02-2015_04_12-10_00-K2-10X.jpeg,C:\Users\ASUS\Desktop\Ders\blg521\data\06.02\2015\K2\10X\06_02-2015_04_12-10_00-K2-10X.jpeg,TRUNCATED,JPEG missing standard EOI marker \xFF\xD9,0,0,0.00,0.00,0.00
06.02\2015\K2\10X,06_02-2015_04_13-10_00-K2-10X.jpeg,C:\Users\ASUS\Desktop\Ders\blg521\data\06.02\2015\K2\10X\06_02-2015_04_13-10_00-K2-10X.jpeg,TRUNCATED,JPEG missing standard EOI marker \xFF\xD9,0,0,0.00,0.00,0.00
06.02\2015\K2\10X,06_02-2015_04_16-10_00-K2-10X.jpeg,C:\Users\ASUS\Desktop\Ders\blg521\data\06.02\2015\K2\10X\06_02-2015_04_16-10_00-K2-10X.jpeg,TRUNCATED,JPEG missing standard EOI marker \xFF\xD9,0,0,0.00,0.00,0.00
06.02\2015\K2\10X,06_02-2015_04_17-10_00-K2-10X.jpeg,C:\Users\ASUS\Desktop\Ders\blg521\data\06.02\2015\K2\10X\06_02-2015_04_17-10_00-K2-10X.jpeg,TRUNCATED,JPEG missing standard EOI marker \xFF\xD9,0,0,0.00,0.00,0.00
06.02\2015\K2\10X,06_02-2015_04_18-10_00-K2-10X.jpeg,C:\Users\ASUS\Desktop\Ders\blg521\data\06.02\2015\K2\10X\06_02-2015_04_18-10_00-K2-10X.jpeg,TRUNCATED,JPEG missing standard EOI marker \xFF\xD9,0,0,0.00,0.00,0.00
06.02\2015\K2\10X,06_02-2015_04_22-10_00-K2-10X.jpeg,C:\Users\ASUS\Desktop\Ders\blg521\data\06.02\2015\K2\10X\06_02-2015_04_22-10_00-K2-10X.jpeg,TRUNCATED,JPEG missing standard EOI marker \xFF\xD9,0,0,0.00,0.00,0.00
06.02\2015\K2\10X,06_02-2015_04_23-10_00-K2-10X.jpeg,C:\Users\ASUS\Desktop\Ders\blg521\data\06.02\2015\K2\10X\06_02-2015_04_23-10_00-K2-10X.jpeg,TRUNCATED,JPEG missing standard EOI marker \xFF\xD9,0,0,0.00,0.00,0.00
06.02\2015\K2\10X,06_02-2015_04_24-10_00-K2-10X.jpeg,C:\Users\ASUS\Desktop\Ders\blg521\data\06.02\2015\K2\10X\06_02-2015_04_24-10_00-K2-10X.jpeg,TRUNCATED,JPEG missing standard EOI marker \xFF\xD9,0,0,0.00,0.00,0.00
06.02\2015\K2\10X,06_02-2015_04_26-10_00-K2-10X.jpeg,C:\Users\ASUS\Desktop\Ders\blg521\data\06.02\2015\K2\10X\06_02-2015_04_26-10_00-K2-10X.jpeg,TRUNCATED,JPEG missing standard EOI marker \xFF\xD9,0,0,0.00,0.00,0.00
06.02\2015\K2\10X,06_02-2015_04_27-10_00-K2-10X.jpeg,C:\Users\ASUS\Desktop\Ders\blg521\data\06.02\2015\K2\10X\06_02-2015_04_27-10_00-K2-10X.jpeg,TRUNCATED,JPEG missing standard EOI marker \xFF\xD9,0,0,0.00,0.00,0.00
06.02\2015\K2\10X,06_02-2015_04_28-10_00-K2-10X.jpeg,C:\Users\ASUS\Desktop\Ders\blg521\data\06.02\2015\K2\10X\06_02-2015_04_28-10_00-K2-10X.jpeg,TRUNCATED,JPEG missing standard EOI marker \xFF\xD9,0,0,0.00,0.00,0.00
06.02\2015\K2\10X,06_02-2015_05_02-10_00-K2-10X.jpeg,C:\Users\ASUS\Desktop\Ders\blg521\data\06.02\2015\K2\10X\06_02-2015_05_02-10_00-K2-10X.jpeg,TRUNCATED,JPEG missing standard EOI marker \xFF\xD9,0,0,0.00,0.00,0.00
06.02\2015\K2\10X,06_02-2015_05_03-10_00-K2-10X.jpeg,C:\Users\ASUS\Desktop\Ders\blg521\data\06.02\2015\K2\10X\06_02-2015_05_03-10_00-K2-10X.jpeg,TRUNCATED,JPEG missing standard EOI marker \xFF\xD9,0,0,0.00,0.00,0.00
06.02\2015\K2\10X,06_02-2015_05_04-10_00-K2-10X.jpeg,C:\Users\ASUS\Desktop\Ders\blg521\data\06.02\2015\K2\10X\06_02-2015_05_04-10_00-K2-10X.jpeg,TRUNCATED,JPEG missing standard EOI marker \xFF\xD9,0,0,0.00,0.00,0.00
06.02\2015\K2\10X,06_02-2015_05_05-10_00-K2-10X.jpeg,C:\Users\ASUS\Desktop\Ders\blg521\data\06.02\2015\K2\10X\06_02-2015_05_05-10_00-K2-10X.jpeg,TRUNCATED,JPEG missing standard EOI marker \xFF\xD9,0,0,0.00,0.00,0.00
06.02\2015\K2\10X,06_02-2015_05_06-10_00-K2-10X.jpeg,C:\Users\ASUS\Desktop\Ders\blg521\data\06.02\2015\K2\10X\06_02-2015_05_06-10_00-K2-10X.jpeg,TRUNCATED,JPEG missing standard EOI marker \xFF\xD9,0,0,0.00,0.00,0.00
06.02\2015\K2\10X,06_02-2015_05_07-10_00-K2-10X.jpeg,C:\Users\ASUS\Desktop\Ders\blg521\data\06.02\2015\K2\10X\06_02-2015_05_07-10_00-K2-10X.jpeg,TRUNCATED,JPEG missing standard EOI marker \xFF\xD9,0,0,0.00,0.00,0.00
06.02\2015\K2\10X,06_02-2015_05_08-10_00-K2-10X.jpeg,C:\Users\ASUS\Desktop\Ders\blg521\data\06.02\2015\K2\10X\06_02-2015_05_08-10_00-K2-10X.jpeg,TRUNCATED,JPEG missing standard EOI marker \xFF\xD9,0,0,0.00,0.00,0.00
06.02\2015\K2\10X,06_02-2015_05_09-10_00-K2-10X.jpeg,C:\Users\ASUS\Desktop\Ders\blg521\data\06.02\2015\K2\10X\06_02-2015_05_09-10_00-K2-10X.jpeg,TRUNCATED,JPEG missing standard EOI marker \xFF\xD9,0,0,0.00,0.00,0.00
06.02\2015\K2\10X,06_02-2015_05_10-10_00-K2-10X.jpeg,C:\Users\ASUS\Desktop\Ders\blg521\data\06.02\2015\K2\10X\06_02-2015_05_10-10_00-K2-10X.jpeg,TRUNCATED,JPEG missing standard EOI marker \xFF\xD9,0,0,0.00,0.00,0.00
06.02\2015\K2\10X,06_02-2015_05_11-10_00-K2-10X.jpeg,C:\Users\ASUS\Desktop\Ders\blg521\data\06.02\2015\K2\10X\06_02-2015_05_11-10_00-K2-10X.jpeg,TRUNCATED,JPEG missing standard EOI marker \xFF\xD9,0,0,0.00,0.00,0.00
06.02\2015\K2\10X,06_02-2015_05_13-10_00-K2-10X.jpeg,C:\Users\ASUS\Desktop\Ders\blg521\data\06.02\2015\K2\10X\06_02-2015_05_13-10_00-K2-10X.jpeg,TRUNCATED,JPEG missing standard EOI marker \xFF\xD9,0,0,0.00,0.00,0.00
06.02\2015\K2\10X,06_02-2015_05_14-10_00-K2-10X.jpeg,C:\Users\ASUS\Desktop\Ders\blg521\data\06.02\2015\K2\10X\06_02-2015_05_14-10_00-K2-10X.jpeg,TRUNCATED,JPEG missing standard EOI marker \xFF\xD9,0,0,0.00,0.00,0.00
06.02\2015\K2\10X,06_02-2015_05_15-10_00-K2-10X.jpeg,C:\Users\ASUS\Desktop\Ders\blg521\data\06.02\2015\K2\10X\06_02-2015_05_15-10_00-K2-10X.jpeg,TRUNCATED,JPEG missing standard EOI marker \xFF\xD9,0,0,0.00,0.00,0.00
06.02\2015\K2\10X,06_02-2015_05_16-10_00-K2-10X.jpeg,C:\Users\ASUS\Desktop\Ders\blg521\data\06.02\2015\K2\10X\06_02-2015_05_16-10_00-K2-10X.jpeg,TRUNCATED,JPEG missing standard EOI marker \xFF\xD9,0,0,0.00,0.00,0.00
06.02\2015\K2\10X,06_02-2015_05_17-10_00-K2-10X.jpeg,C:\Users\ASUS\Desktop\Ders\blg521\data\06.02\2015\K2\10X\06_02-2015_05_17-10_00-K2-10X.jpeg,TRUNCATED,JPEG missing standard EOI marker \xFF\xD9,0,0,0.00,0.00,0.00
06.02\2015\K2\10X,06_02-2015_05_19-10_00-K2-10X.jpeg,C:\Users\ASUS\Desktop\Ders\blg521\data\06.02\2015\K2\10X\06_02-2015_05_19-10_00-K2-10X.jpeg,TRUNCATED,JPEG missing standard EOI marker \xFF\xD9,0,0,0.00,0.00,0.00
06.02\2015\K2\10X,06_02-2015_05_21-10_00-K2-10X.jpeg,C:\Users\ASUS\Desktop\Ders\blg521\data\06.02\2015\K2\10X\06_02-2015_05_21-10_00-K2-10X.jpeg,TRUNCATED,JPEG missing standard EOI marker \xFF\xD9,0,0,0.00,0.00,0.00
06.02\2015\K2\10X,06_02-2015_05_22-10_00-K2-10X.jpeg,C:\Users\ASUS\Desktop\Ders\blg521\data\06.02\2015\K2\10X\06_02-2015_05_22-10_00-K2-10X.jpeg,TRUNCATED,JPEG missing standard EOI marker \xFF\xD9,0,0,0.00,0.00,0.00
06.02\2015\K2\10X,06_02-2015_05_23-10_00-K2-10X.jpeg,C:\Users\ASUS\Desktop\Ders\blg521\data\06.02\2015\K2\10X\06_02-2015_05_23-10_00-K2-10X.jpeg,TRUNCATED,JPEG missing standard EOI marker \xFF\xD9,0,0,0.00,0.00,0.00
06.02\2015\K2\10X,06_02-2015_05_24-10_00-K2-10X.jpeg,C:\Users\ASUS\Desktop\Ders\blg521\data\06.02\2015\K2\10X\06_02-2015_05_24-10_00-K2-10X.jpeg,TRUNCATED,JPEG missing standard EOI marker \xFF\xD9,0,0,0.00,0.00,0.00
06.02\2015\K2\10X,06_02-2015_05_26-10_00-K2-10X.jpeg,C:\Users\ASUS\Desktop\Ders\blg521\data\06.02\2015\K2\10X\06_02-2015_05_26-10_00-K2-10X.jpeg,TRUNCATED,JPEG missing standard EOI marker \xFF\xD9,0,0,0.00,0.00,0.00
06.02\2015\K2\10X,06_02-2015_05_27-10_00-K2-10X.jpeg,C:\Users\ASUS\Desktop\Ders\blg521\data\06.02\2015\K2\10X\06_02-2015_05_27-10_00-K2-10X.jpeg,TRUNCATED,JPEG missing standard EOI marker \xFF\xD9,0,0,0.00,0.00,0.00
06.02\2015\K2\10X,06_02-2015_05_28-10_00-K2-10X.jpeg,C:\Users\ASUS\Desktop\Ders\blg521\data\06.02\2015\K2\10X\06_02-2015_05_28-10_00-K2-10X.jpeg,TRUNCATED,JPEG missing standard EOI marker \xFF\xD9,0,0,0.00,0.00,0.00
06.02\2015\K2\10X,06_02-2015_05_30-10_00-K2-10X.jpeg,C:\Users\ASUS\Desktop\Ders\blg521\data\06.02\2015\K2\10X\06_02-2015_05_30-10_00-K2-10X.jpeg,TRUNCATED,JPEG missing standard EOI marker \xFF\xD9,0,0,0.00,0.00,0.00
06.02\2015\K2\10X,06_02-2015_05_31-10_00-K2-10X.jpeg,C:\Users\ASUS\Desktop\Ders\blg521\data\06.02\2015\K2\10X\06_02-2015_05_31-10_00-K2-10X.jpeg,TRUNCATED,JPEG missing standard EOI marker \xFF\xD9,0,0,0.00,0.00,0.00
06.02\2015\K2\10X,06_02-2015_06_01-10_00-K2-10X.jpeg,C:\Users\ASUS\Desktop\Ders\blg521\data\06.02\2015\K2\10X\06_02-2015_06_01-10_00-K2-10X.jpeg,TRUNCATED,JPEG missing standard EOI marker \xFF\xD9,0,0,0.00,0.00,0.00
06.02\2015\K2\10X,06_02-2015_06_02-10_00-K2-10X.jpeg,C:\Users\ASUS\Desktop\Ders\blg521\data\06.02\2015\K2\10X\06_02-2015_06_02-10_00-K2-10X.jpeg,TRUNCATED,JPEG missing standard EOI marker \xFF\xD9,0,0,0.00,0.00,0.00
06.02\2015\K2\10X,06_02-2015_06_03-10_00-K2-10X.jpeg,C:\Users\ASUS\Desktop\Ders\blg521\data\06.02\2015\K2\10X\06_02-2015_06_03-10_00-K2-10X.jpeg,TRUNCATED,JPEG missing standard EOI marker \xFF\xD9,0,0,0.00,0.00,0.00
06.02\2015\K2\10X,06_02-2015_06_04-10_00-K2-10X.jpeg,C:\Users\ASUS\Desktop\Ders\blg521\data\06.02\2015\K2\10X\06_02-2015_06_04-10_00-K2-10X.jpeg,TRUNCATED,JPEG missing standard EOI marker \xFF\xD9,0,0,0.00,0.00,0.00
06.02\2015\K2\10X,06_02-2015_06_05-10_00-K2-10X.jpeg,C:\Users\ASUS\Desktop\Ders\blg521\data\06.02\2015\K2\10X\06_02-2015_06_05-10_00-K2-10X.jpeg,TRUNCATED,JPEG missing standard EOI marker \xFF\xD9,0,0,0.00,0.00,0.00
06.02\2015\K2\10X,06_02-2015_06_07-10_00-K2-10X.jpeg,C:\Users\ASUS\Desktop\Ders\blg521\data\06.02\2015\K2\10X\06_02-2015_06_07-10_00-K2-10X.jpeg,TRUNCATED,JPEG missing standard EOI marker \xFF\xD9,0,0,0.00,0.00,0.00
06.02\2015\K2\10X,06_02-2015_06_08-10_00-K2-10X.jpeg,C:\Users\ASUS\Desktop\Ders\blg521\data\06.02\2015\K2\10X\06_02-2015_06_08-10_00-K2-10X.jpeg,TRUNCATED,JPEG missing standard EOI marker \xFF\xD9,0,0,0.00,0.00,0.00
06.02\2015\K2\10X,06_02-2015_06_09-10_00-K2-10X.jpeg,C:\Users\ASUS\Desktop\Ders\blg521\data\06.02\2015\K2\10X\06_02-2015_06_09-10_00-K2-10X.jpeg,TRUNCATED,JPEG missing standard EOI marker \xFF\xD9,0,0,0.00,0.00,0.00
06.02\2015\K2\10X,06_02-2015_06_10-10_00-K2-10X.jpeg,C:\Users\ASUS\Desktop\Ders\blg521\data\06.02\2015\K2\10X\06_02-2015_06_10-10_00-K2-10X.jpeg,TRUNCATED,JPEG missing standard EOI marker \xFF\xD9,0,0,0.00,0.00,0.00
06.02\2015\K2\10X,06_02-2015_06_11-10_00-K2-10X.jpeg,C:\Users\ASUS\Desktop\Ders\blg521\data\06.02\2015\K2\10X\06_02-2015_06_11-10_00-K2-10X.jpeg,TRUNCATED,JPEG missing standard EOI marker \xFF\xD9,0,0,0.00,0.00,0.00
06.02\2015\K2\10X,06_02-2015_06_12-10_00-K2-10X.jpeg,C:\Users\ASUS\Desktop\Ders\blg521\data\06.02\2015\K2\10X\06_02-2015_06_12-10_00-K2-10X.jpeg,TRUNCATED,JPEG missing standard EOI marker \xFF\xD9,0,0,0.00,0.00,0.00
06.02\2015\K2\10X,06_02-2015_12_19-10_00-K2-10X.jpeg,C:\Users\ASUS\Desktop\Ders\blg521\data\06.02\2015\K2\10X\06_02-2015_12_19-10_00-K2-10X.jpeg,BLURRED,Very blurry (Laplacian variance: 11.90),1920,1080,122.88,8.03,11.90
06.02\2015\K2\10X,06_02-2015_12_20-09_21-K2-10X.jpeg,C:\Users\ASUS\Desktop\Ders\blg521\data\06.02\2015\K2\10X\06_02-2015_12_20-09_21-K2-10X.jpeg,LOW_CONTRAST,Extremely low contrast (std: 4.88),1920,1080,129.01,4.88,0.00
06.02\2015\K2\10X,06_02-2015_12_23-09_02-K2-10X.jpeg,C:\Users\ASUS\Desktop\Ders\blg521\data\06.02\2015\K2\10X\06_02-2015_12_23-09_02-K2-10X.jpeg,BLURRED,Very blurry (Laplacian variance: 17.05),1920,1080,127.81,7.76,17.05
06.02\2015\K2\10X,06_02-2015_12_24-09_06-K2-10X.jpeg,C:\Users\ASUS\Desktop\Ders\blg521\data\06.02\2015\K2\10X\06_02-2015_12_24-09_06-K2-10X.jpeg,BLURRED,Very blurry (Laplacian variance: 8.00),1920,1080,126.11,7.64,8.00
06.02\2015\K2\10X,06_02-2015_12_25-08_35-K2-10X.jpeg,C:\Users\ASUS\Desktop\Ders\blg521\data\06.02\2015\K2\10X\06_02-2015_12_25-08_35-K2-10X.jpeg,BLURRED,Very blurry (Laplacian variance: 8.43),1920,1080,126.81,6.73,8.43
06.02\2015\K2\1X,06_02-2015_01_05-10_08-K2-1X.jpeg,C:\Users\ASUS\Desktop\Ders\blg521\data\06.02\2015\K2\1X\06_02-2015_01_05-10_08-K2-1X.jpeg,BLURRED,Very blurry (Laplacian variance: 27.75),1920,1080,135.01,6.58,27.75
06.02\2015\K2\1X,06_02-2015_01_06-11_32-K2-1X.jpeg,C:\Users\ASUS\Desktop\Ders\blg521\data\06.02\2015\K2\1X\06_02-2015_01_06-11_32-K2-1X.jpeg,LOW_CONTRAST,Extremely low contrast (std: 2.78),1920,1080,144.39,2.78,0.00
06.02\2015\K2\1X,06_02-2015_01_23-10_00-K2-1X.jpeg,C:\Users\ASUS\Desktop\Ders\blg521\data\06.02\2015\K2\1X\06_02-2015_01_23-10_00-K2-1X.jpeg,TRUNCATED,JPEG missing standard EOI marker \xFF\xD9,0,0,0.00,0.00,0.00
06.02\2015\K2\1X,06_02-2015_01_24-10_00-K2-1X.jpeg,C:\Users\ASUS\Desktop\Ders\blg521\data\06.02\2015\K2\1X\06_02-2015_01_24-10_00-K2-1X.jpeg,TRUNCATED,JPEG missing standard EOI marker \xFF\xD9,0,0,0.00,0.00,0.00
06.02\2015\K2\1X,06_02-2015_01_27-10_00-K2-1X.jpeg,C:\Users\ASUS\Desktop\Ders\blg521\data\06.02\2015\K2\1X\06_02-2015_01_27-10_00-K2-1X.jpeg,TRUNCATED,JPEG missing standard EOI marker \xFF\xD9,0,0,0.00,0.00,0.00
06.02\2015\K2\1X,06_02-2015_01_28-10_00-K2-1X.jpeg,C:\Users\ASUS\Desktop\Ders\blg521\data\06.02\2015\K2\1X\06_02-2015_01_28-10_00-K2-1X.jpeg,TRUNCATED,JPEG missing standard EOI marker \xFF\xD9,0,0,0.00,0.00,0.00
06.02\2015\K2\1X,06_02-2015_01_29-10_00-K2-1X.jpeg,C:\Users\ASUS\Desktop\Ders\blg521\data\06.02\2015\K2\1X\06_02-2015_01_29-10_00-K2-1X.jpeg,TRUNCATED,JPEG missing standard EOI marker \xFF\xD9,0,0,0.00,0.00,0.00
06.02\2015\K2\1X,06_02-2015_01_30-10_00-K2-1X.jpeg,C:\Users\ASUS\Desktop\Ders\blg521\data\06.02\2015\K2\1X\06_02-2015_01_30-10_00-K2-1X.jpeg,TRUNCATED,JPEG missing standard EOI marker \xFF\xD9,0,0,0.00,0.00,0.00
06.02\2015\K2\1X,06_02-2015_02_02-10_00-K2-1X.jpeg,C:\Users\ASUS\Desktop\Ders\blg521\data\06.02\2015\K2\1X\06_02-2015_02_02-10_00-K2-1X.jpeg,TRUNCATED,JPEG missing standard EOI marker \xFF\xD9,0,0,0.00,0.00,0.00
06.02\2015\K2\1X,06_02-2015_02_03-10_00-K2-1X.jpeg,C:\Users\ASUS\Desktop\Ders\blg521\data\06.02\2015\K2\1X\06_02-2015_02_03-10_00-K2-1X.jpeg,TRUNCATED,JPEG missing standard EOI marker \xFF\xD9,0,0,0.00,0.00,0.00
06.02\2015\K2\1X,06_02-2015_02_04-10_00-K2-1X.jpeg,C:\Users\ASUS\Desktop\Ders\blg521\data\06.02\2015\K2\1X\06_02-2015_02_04-10_00-K2-1X.jpeg,TRUNCATED,JPEG missing standard EOI marker \xFF\xD9,0,0,0.00,0.00,0.00
06.02\2015\K2\1X,06_02-2015_02_05-10_00-K2-1X.jpeg,C:\Users\ASUS\Desktop\Ders\blg521\data\06.02\2015\K2\1X\06_02-2015_02_05-10_00-K2-1X.jpeg,TRUNCATED,JPEG missing standard EOI marker \xFF\xD9,0,0,0.00,0.00,0.00
06.02\2015\K2\1X,06_02-2015_02_06-10_00-K2-1X.jpeg,C:\Users\ASUS\Desktop\Ders\blg521\data\06.02\2015\K2\1X\06_02-2015_02_06-10_00-K2-1X.jpeg,TRUNCATED,JPEG missing standard EOI marker \xFF\xD9,0,0,0.00,0.00,0.00
06.02\2015\K2\1X,06_02-2015_02_07-10_00-K2-1X.jpeg,C:\Users\ASUS\Desktop\Ders\blg521\data\06.02\2015\K2\1X\06_02-2015_02_07-10_00-K2-1X.jpeg,TRUNCATED,JPEG missing standard EOI marker \xFF\xD9,0,0,0.00,0.00,0.00
06.02\2015\K2\1X,06_02-2015_02_08-10_00-K2-1X.jpeg,C:\Users\ASUS\Desktop\Ders\blg521\data\06.02\2015\K2\1X\06_02-2015_02_08-10_00-K2-1X.jpeg,TRUNCATED,JPEG missing standard EOI marker \xFF\xD9,0,0,0.00,0.00,0.00
06.02\2015\K2\1X,06_02-2015_02_10-10_00-K2-1X.jpeg,C:\Users\ASUS\Desktop\Ders\blg521\data\06.02\2015\K2\1X\06_02-2015_02_10-10_00-K2-1X.jpeg,TRUNCATED,JPEG missing standard EOI marker \xFF\xD9,0,0,0.00,0.00,0.00
06.02\2015\K2\1X,06_02-2015_02_11-10_37-K2-1X.jpeg,C:\Users\ASUS\Desktop\Ders\blg521\data\06.02\2015\K2\1X\06_02-2015_02_11-10_37-K2-1X.jpeg,TRUNCATED,JPEG missing standard EOI marker \xFF\xD9,0,0,0.00,0.00,0.00
06.02\2015\K2\1X,06_02-2015_02_12-10_00-K2-1X.jpeg,C:\Users\ASUS\Desktop\Ders\blg521\data\06.02\2015\K2\1X\06_02-2015_02_12-10_00-K2-1X.jpeg,TRUNCATED,JPEG missing standard EOI marker \xFF\xD9,0,0,0.00,0.00,0.00
06.02\2015\K2\1X,06_02-2015_02_13-10_00-K2-1X.jpeg,C:\Users\ASUS\Desktop\Ders\blg521\data\06.02\2015\K2\1X\06_02-2015_02_13-10_00-K2-1X.jpeg,TRUNCATED,JPEG missing standard EOI marker \xFF\xD9,0,0,0.00,0.00,0.00
06.02\2015\K2\1X,06_02-2015_02_14-10_00-K2-1X.jpeg,C:\Users\ASUS\Desktop\Ders\blg521\data\06.02\2015\K2\1X\06_02-2015_02_14-10_00-K2-1X.jpeg,TRUNCATED,JPEG missing standard EOI marker \xFF\xD9,0,0,0.00,0.00,0.00
06.02\2015\K2\1X,06_02-2015_02_15-10_00-K2-1X.jpeg,C:\Users\ASUS\Desktop\Ders\blg521\data\06.02\2015\K2\1X\06_02-2015_02_15-10_00-K2-1X.jpeg,TRUNCATED,JPEG missing standard EOI marker \xFF\xD9,0,0,0.00,0.00,0.00
06.02\2015\K2\1X,06_02-2015_02_16-08_19-K2-1X.jpeg,C:\Users\ASUS\Desktop\Ders\blg521\data\06.02\2015\K2\1X\06_02-2015_02_16-08_19-K2-1X.jpeg,TRUNCATED,JPEG missing standard EOI marker \xFF\xD9,0,0,0.00,0.00,0.00
06.02\2015\K2\1X,06_02-2015_02_17-10_00-K2-1X.jpeg,C:\Users\ASUS\Desktop\Ders\blg521\data\06.02\2015\K2\1X\06_02-2015_02_17-10_00-K2-1X.jpeg,TRUNCATED,JPEG missing standard EOI marker \xFF\xD9,0,0,0.00,0.00,0.00
06.02\2015\K2\1X,06_02-2015_02_18-10_00-K2-1X.jpeg,C:\Users\ASUS\Desktop\Ders\blg521\data\06.02\2015\K2\1X\06_02-2015_02_18-10_00-K2-1X.jpeg,TRUNCATED,JPEG missing standard EOI marker \xFF\xD9,0,0,0.00,0.00,0.00
06.02\2015\K2\1X,06_02-2015_02_19-10_58-K2-1X.jpeg,C:\Users\ASUS\Desktop\Ders\blg521\data\06.02\2015\K2\1X\06_02-2015_02_19-10_58-K2-1X.jpeg,TRUNCATED,JPEG missing standard EOI marker \xFF\xD9,0,0,0.00,0.00,0.00
06.02\2015\K2\1X,06_02-2015_02_20-10_00-K2-1X.jpeg,C:\Users\ASUS\Desktop\Ders\blg521\data\06.02\2015\K2\1X\06_02-2015_02_20-10_00-K2-1X.jpeg,TRUNCATED,JPEG missing standard EOI marker \xFF\xD9,0,0,0.00,0.00,0.00
06.02\2015\K2\1X,06_02-2015_02_21-10_00-K2-1X.jpeg,C:\Users\ASUS\Desktop\Ders\blg521\data\06.02\2015\K2\1X\06_02-2015_02_21-10_00-K2-1X.jpeg,TRUNCATED,JPEG missing standard EOI marker \xFF\xD9,0,0,0.00,0.00,0.00
06.02\2015\K2\1X,06_02-2015_02_22-10_00-K2-1X.jpeg,C:\Users\ASUS\Desktop\Ders\blg521\data\06.02\2015\K2\1X\06_02-2015_02_22-10_00-K2-1X.jpeg,TRUNCATED,JPEG missing standard EOI marker \xFF\xD9,0,0,0.00,0.00,0.00
06.02\2015\K2\1X,06_02-2015_02_23-10_00-K2-1X.jpeg,C:\Users\ASUS\Desktop\Ders\blg521\data\06.02\2015\K2\1X\06_02-2015_02_23-10_00-K2-1X.jpeg,TRUNCATED,JPEG missing standard EOI marker \xFF\xD9,0,0,0.00,0.00,0.00
06.02\2015\K2\1X,06_02-2015_02_26-09_59-K2-1X.jpeg,C:\Users\ASUS\Desktop\Ders\blg521\data\06.02\2015\K2\1X\06_02-2015_02_26-09_59-K2-1X.jpeg,TRUNCATED,JPEG missing standard EOI marker \xFF\xD9,0,0,0.00,0.00,0.00
06.02\2015\K2\1X,06_02-2015_02_27-10_00-K2-1X.jpeg,C:\Users\ASUS\Desktop\Ders\blg521\data\06.02\2015\K2\1X\06_02-2015_02_27-10_00-K2-1X.jpeg,TRUNCATED,JPEG missing standard EOI marker \xFF\xD9,0,0,0.00,0.00,0.00
06.02\2015\K2\1X,06_02-2015_03_01-10_00-K2-1X.jpeg,C:\Users\ASUS\Desktop\Ders\blg521\data\06.02\2015\K2\1X\06_02-2015_03_01-10_00-K2-1X.jpeg,TRUNCATED,JPEG missing standard EOI marker \xFF\xD9,0,0,0.00,0.00,0.00
06.02\2015\K2\1X,06_02-2015_03_03-10_00-K2-1X.jpeg,C:\Users\ASUS\Desktop\Ders\blg521\data\06.02\2015\K2\1X\06_02-2015_03_03-10_00-K2-1X.jpeg,TRUNCATED,JPEG missing standard EOI marker \xFF\xD9,0,0,0.00,0.00,0.00
06.02\2015\K2\1X,06_02-2015_03_05-10_00-K2-1X.jpeg,C:\Users\ASUS\Desktop\Ders\blg521\data\06.02\2015\K2\1X\06_02-2015_03_05-10_00-K2-1X.jpeg,TRUNCATED,JPEG missing standard EOI marker \xFF\xD9,0,0,0.00,0.00,0.00
06.02\2015\K2\1X,06_02-2015_03_06-10_00-K2-1X.jpeg,C:\Users\ASUS\Desktop\Ders\blg521\data\06.02\2015\K2\1X\06_02-2015_03_06-10_00-K2-1X.jpeg,TRUNCATED,JPEG missing standard EOI marker \xFF\xD9,0,0,0.00,0.00,0.00
06.02\2015\K2\1X,06_02-2015_03_07-10_00-K2-1X.jpeg,C:\Users\ASUS\Desktop\Ders\blg521\data\06.02\2015\K2\1X\06_02-2015_03_07-10_00-K2-1X.jpeg,TRUNCATED,JPEG missing standard EOI marker \xFF\xD9,0,0,0.00,0.00,0.00
06.02\2015\K2\1X,06_02-2015_03_08-10_00-K2-1X.jpeg,C:\Users\ASUS\Desktop\Ders\blg521\data\06.02\2015\K2\1X\06_02-2015_03_08-10_00-K2-1X.jpeg,TRUNCATED,JPEG missing standard EOI marker \xFF\xD9,0,0,0.00,0.00,0.00
06.02\2015\K2\1X,06_02-2015_03_09-10_00-K2-1X.jpeg,C:\Users\ASUS\Desktop\Ders\blg521\data\06.02\2015\K2\1X\06_02-2015_03_09-10_00-K2-1X.jpeg,TRUNCATED,JPEG missing standard EOI marker \xFF\xD9,0,0,0.00,0.00,0.00
06.02\2015\K2\1X,06_02-2015_03_10-10_00-K2-1X.jpeg,C:\Users\ASUS\Desktop\Ders\blg521\data\06.02\2015\K2\1X\06_02-2015_03_10-10_00-K2-1X.jpeg,TRUNCATED,JPEG missing standard EOI marker \xFF\xD9,0,0,0.00,0.00,0.00
06.02\2015\K2\1X,06_02-2015_03_11-10_00-K2-1X.jpeg,C:\Users\ASUS\Desktop\Ders\blg521\data\06.02\2015\K2\1X\06_02-2015_03_11-10_00-K2-1X.jpeg,TRUNCATED,JPEG missing standard EOI marker \xFF\xD9,0,0,0.00,0.00,0.00
06.02\2015\K2\1X,06_02-2015_03_12-10_00-K2-1X.jpeg,C:\Users\ASUS\Desktop\Ders\blg521\data\06.02\2015\K2\1X\06_02-2015_03_12-10_00-K2-1X.jpeg,TRUNCATED,JPEG missing standard EOI marker \xFF\xD9,0,0,0.00,0.00,0.00
06.02\2015\K2\1X,06_02-2015_03_13-11_17-K2-1X.jpeg,C:\Users\ASUS\Desktop\Ders\blg521\data\06.02\2015\K2\1X\06_02-2015_03_13-11_17-K2-1X.jpeg,TRUNCATED,JPEG missing standard EOI marker \xFF\xD9,0,0,0.00,0.00,0.00
06.02\2015\K2\1X,06_02-2015_03_14-10_00-K2-1X.jpeg,C:\Users\ASUS\Desktop\Ders\blg521\data\06.02\2015\K2\1X\06_02-2015_03_14-10_00-K2-1X.jpeg,TRUNCATED,JPEG missing standard EOI marker \xFF\xD9,0,0,0.00,0.00,0.00
06.02\2015\K2\1X,06_02-2015_03_16-10_00-K2-1X.jpeg,C:\Users\ASUS\Desktop\Ders\blg521\data\06.02\2015\K2\1X\06_02-2015_03_16-10_00-K2-1X.jpeg,TRUNCATED,JPEG missing standard EOI marker \xFF\xD9,0,0,0.00,0.00,0.00
06.02\2015\K2\1X,06_02-2015_03_19-10_00-K2-1X.jpeg,C:\Users\ASUS\Desktop\Ders\blg521\data\06.02\2015\K2\1X\06_02-2015_03_19-10_00-K2-1X.jpeg,TRUNCATED,JPEG missing standard EOI marker \xFF\xD9,0,0,0.00,0.00,0.00
06.02\2015\K2\1X,06_02-2015_03_20-11_31-K2-1X.jpeg,C:\Users\ASUS\Desktop\Ders\blg521\data\06.02\2015\K2\1X\06_02-2015_03_20-11_31-K2-1X.jpeg,TRUNCATED,JPEG missing standard EOI marker \xFF\xD9,0,0,0.00,0.00,0.00
06.02\2015\K2\1X,06_02-2015_03_22-10_00-K2-1X.jpeg,C:\Users\ASUS\Desktop\Ders\blg521\data\06.02\2015\K2\1X\06_02-2015_03_22-10_00-K2-1X.jpeg,TRUNCATED,JPEG missing standard EOI marker \xFF\xD9,0,0,0.00,0.00,0.00
06.02\2015\K2\1X,06_02-2015_03_23-12_00-K2-1X.jpeg,C:\Users\ASUS\Desktop\Ders\blg521\data\06.02\2015\K2\1X\06_02-2015_03_23-12_00-K2-1X.jpeg,TRUNCATED,JPEG missing standard EOI marker \xFF\xD9,0,0,0.00,0.00,0.00
06.02\2015\K2\1X,06_02-2015_03_24-10_00-K2-1X.jpeg,C:\Users\ASUS\Desktop\Ders\blg521\data\06.02\2015\K2\1X\06_02-2015_03_24-10_00-K2-1X.jpeg,TRUNCATED,JPEG missing standard EOI marker \xFF\xD9,0,0,0.00,0.00,0.00
06.02\2015\K2\1X,06_02-2015_03_25-10_00-K2-1X.jpeg,C:\Users\ASUS\Desktop\Ders\blg521\data\06.02\2015\K2\1X\06_02-2015_03_25-10_00-K2-1X.jpeg,TRUNCATED,JPEG missing standard EOI marker \xFF\xD9,0,0,0.00,0.00,0.00
06.02\2015\K2\1X,06_02-2015_03_27-10_00-K2-1X.jpeg,C:\Users\ASUS\Desktop\Ders\blg521\data\06.02\2015\K2\1X\06_02-2015_03_27-10_00-K2-1X.jpeg,TRUNCATED,JPEG missing standard EOI marker \xFF\xD9,0,0,0.00,0.00,0.00
06.02\2015\K2\1X,06_02-2015_03_28-09_00-K2-1X.jpeg,C:\Users\ASUS\Desktop\Ders\blg521\data\06.02\2015\K2\1X\06_02-2015_03_28-09_00-K2-1X.jpeg,TRUNCATED,JPEG missing standard EOI marker \xFF\xD9,0,0,0.00,0.00,0.00
06.02\2015\K2\1X,06_02-2015_03_30-10_00-K2-1X.jpeg,C:\Users\ASUS\Desktop\Ders\blg521\data\06.02\2015\K2\1X\06_02-2015_03_30-10_00-K2-1X.jpeg,TRUNCATED,JPEG missing standard EOI marker \xFF\xD9,0,0,0.00,0.00,0.00
06.02\2015\K2\1X,06_02-2015_03_31-10_00-K2-1X.jpeg,C:\Users\ASUS\Desktop\Ders\blg521\data\06.02\2015\K2\1X\06_02-2015_03_31-10_00-K2-1X.jpeg,TRUNCATED,JPEG missing standard EOI marker \xFF\xD9,0,0,0.00,0.00,0.00
06.02\2015\K2\1X,06_02-2015_04_02-10_00-K2-1X.jpeg,C:\Users\ASUS\Desktop\Ders\blg521\data\06.02\2015\K2\1X\06_02-2015_04_02-10_00-K2-1X.jpeg,TRUNCATED,JPEG missing standard EOI marker \xFF\xD9,0,0,0.00,0.00,0.00
06.02\2015\K2\1X,06_02-2015_04_03-10_00-K2-1X.jpeg,C:\Users\ASUS\Desktop\Ders\blg521\data\06.02\2015\K2\1X\06_02-2015_04_03-10_00-K2-1X.jpeg,TRUNCATED,JPEG missing standard EOI marker \xFF\xD9,0,0,0.00,0.00,0.00
06.02\2015\K2\1X,06_02-2015_04_04-10_00-K2-1X.jpeg,C:\Users\ASUS\Desktop\Ders\blg521\data\06.02\2015\K2\1X\06_02-2015_04_04-10_00-K2-1X.jpeg,TRUNCATED,JPEG missing standard EOI marker \xFF\xD9,0,0,0.00,0.00,0.00
06.02\2015\K2\1X,06_02-2015_04_06-10_00-K2-1X.jpeg,C:\Users\ASUS\Desktop\Ders\blg521\data\06.02\2015\K2\1X\06_02-2015_04_06-10_00-K2-1X.jpeg,TRUNCATED,JPEG missing standard EOI marker \xFF\xD9,0,0,0.00,0.00,0.00
06.02\2015\K2\1X,06_02-2015_04_07-10_00-K2-1X.jpeg,C:\Users\ASUS\Desktop\Ders\blg521\data\06.02\2015\K2\1X\06_02-2015_04_07-10_00-K2-1X.jpeg,TRUNCATED,JPEG missing standard EOI marker \xFF\xD9,0,0,0.00,0.00,0.00
06.02\2015\K2\1X,06_02-2015_04_08-10_00-K2-1X.jpeg,C:\Users\ASUS\Desktop\Ders\blg521\data\06.02\2015\K2\1X\06_02-2015_04_08-10_00-K2-1X.jpeg,TRUNCATED,JPEG missing standard EOI marker \xFF\xD9,0,0,0.00,0.00,0.00
06.02\2015\K2\1X,06_02-2015_04_09-10_00-K2-1X.jpeg,C:\Users\ASUS\Desktop\Ders\blg521\data\06.02\2015\K2\1X\06_02-2015_04_09-10_00-K2-1X.jpeg,TRUNCATED,JPEG missing standard EOI marker \xFF\xD9,0,0,0.00,0.00,0.00
06.02\2015\K2\1X,06_02-2015_04_10-10_36-K2-1X.jpeg,C:\Users\ASUS\Desktop\Ders\blg521\data\06.02\2015\K2\1X\06_02-2015_04_10-10_36-K2-1X.jpeg,TRUNCATED,JPEG missing standard EOI marker \xFF\xD9,0,0,0.00,0.00,0.00
06.02\2015\K2\1X,06_02-2015_04_17-10_00-K2-1X.jpeg,C:\Users\ASUS\Desktop\Ders\blg521\data\06.02\2015\K2\1X\06_02-2015_04_17-10_00-K2-1X.jpeg,TRUNCATED,JPEG missing standard EOI marker \xFF\xD9,0,0,0.00,0.00,0.00
06.02\2015\K2\1X,06_02-2015_04_18-10_00-K2-1X.jpeg,C:\Users\ASUS\Desktop\Ders\blg521\data\06.02\2015\K2\1X\06_02-2015_04_18-10_00-K2-1X.jpeg,TRUNCATED,JPEG missing standard EOI marker \xFF\xD9,0,0,0.00,0.00,0.00
06.02\2015\K2\1X,06_02-2015_04_22-10_00-K2-1X.jpeg,C:\Users\ASUS\Desktop\Ders\blg521\data\06.02\2015\K2\1X\06_02-2015_04_22-10_00-K2-1X.jpeg,TRUNCATED,JPEG missing standard EOI marker \xFF\xD9,0,0,0.00,0.00,0.00
06.02\2015\K2\1X,06_02-2015_04_23-10_00-K2-1X.jpeg,C:\Users\ASUS\Desktop\Ders\blg521\data\06.02\2015\K2\1X\06_02-2015_04_23-10_00-K2-1X.jpeg,TRUNCATED,JPEG missing standard EOI marker \xFF\xD9,0,0,0.00,0.00,0.00
06.02\2015\K2\1X,06_02-2015_04_24-10_00-K2-1X.jpeg,C:\Users\ASUS\Desktop\Ders\blg521\data\06.02\2015\K2\1X\06_02-2015_04_24-10_00-K2-1X.jpeg,TRUNCATED,JPEG missing standard EOI marker \xFF\xD9,0,0,0.00,0.00,0.00
06.02\2015\K2\1X,06_02-2015_04_26-10_00-K2-1X.jpeg,C:\Users\ASUS\Desktop\Ders\blg521\data\06.02\2015\K2\1X\06_02-2015_04_26-10_00-K2-1X.jpeg,TRUNCATED,JPEG missing standard EOI marker \xFF\xD9,0,0,0.00,0.00,0.00
06.02\2015\K2\1X,06_02-2015_04_27-10_00-K2-1X.jpeg,C:\Users\ASUS\Desktop\Ders\blg521\data\06.02\2015\K2\1X\06_02-2015_04_27-10_00-K2-1X.jpeg,TRUNCATED,JPEG missing standard EOI marker \xFF\xD9,0,0,0.00,0.00,0.00
06.02\2015\K2\1X,06_02-2015_04_28-10_00-K2-1X.jpeg,C:\Users\ASUS\Desktop\Ders\blg521\data\06.02\2015\K2\1X\06_02-2015_04_28-10_00-K2-1X.jpeg,TRUNCATED,JPEG missing standard EOI marker \xFF\xD9,0,0,0.00,0.00,0.00
06.02\2015\K2\1X,06_02-2015_04_30-10_00-K2-1X.jpeg,C:\Users\ASUS\Desktop\Ders\blg521\data\06.02\2015\K2\1X\06_02-2015_04_30-10_00-K2-1X.jpeg,TRUNCATED,JPEG missing standard EOI marker \xFF\xD9,0,0,0.00,0.00,0.00
06.02\2015\K2\1X,06_02-2015_05_01-10_00-K2-1X.jpeg,C:\Users\ASUS\Desktop\Ders\blg521\data\06.02\2015\K2\1X\06_02-2015_05_01-10_00-K2-1X.jpeg,TRUNCATED,JPEG missing standard EOI marker \xFF\xD9,0,0,0.00,0.00,0.00
06.02\2015\K2\1X,06_02-2015_05_04-10_00-K2-1X.jpeg,C:\Users\ASUS\Desktop\Ders\blg521\data\06.02\2015\K2\1X\06_02-2015_05_04-10_00-K2-1X.jpeg,TRUNCATED,JPEG missing standard EOI marker \xFF\xD9,0,0,0.00,0.00,0.00
06.02\2015\K2\1X,06_02-2015_05_05-10_00-K2-1X.jpeg,C:\Users\ASUS\Desktop\Ders\blg521\data\06.02\2015\K2\1X\06_02-2015_05_05-10_00-K2-1X.jpeg,TRUNCATED,JPEG missing standard EOI marker \xFF\xD9,0,0,0.00,0.00,0.00
06.02\2015\K2\1X,06_02-2015_05_07-10_00-K2-1X.jpeg,C:\Users\ASUS\Desktop\Ders\blg521\data\06.02\2015\K2\1X\06_02-2015_05_07-10_00-K2-1X.jpeg,TRUNCATED,JPEG missing standard EOI marker \xFF\xD9,0,0,0.00,0.00,0.00
06.02\2015\K2\1X,06_02-2015_05_08-10_00-K2-1X.jpeg,C:\Users\ASUS\Desktop\Ders\blg521\data\06.02\2015\K2\1X\06_02-2015_05_08-10_00-K2-1X.jpeg,TRUNCATED,JPEG missing standard EOI marker \xFF\xD9,0,0,0.00,0.00,0.00
06.02\2015\K2\1X,06_02-2015_05_10-10_00-K2-1X.jpeg,C:\Users\ASUS\Desktop\Ders\blg521\data\06.02\2015\K2\1X\06_02-2015_05_10-10_00-K2-1X.jpeg,TRUNCATED,JPEG missing standard EOI marker \xFF\xD9,0,0,0.00,0.00,0.00
06.02\2015\K2\1X,06_02-2015_05_11-10_00-K2-1X.jpeg,C:\Users\ASUS\Desktop\Ders\blg521\data\06.02\2015\K2\1X\06_02-2015_05_11-10_00-K2-1X.jpeg,TRUNCATED,JPEG missing standard EOI marker \xFF\xD9,0,0,0.00,0.00,0.00
06.02\2015\K2\1X,06_02-2015_05_12-10_00-K2-1X.jpeg,C:\Users\ASUS\Desktop\Ders\blg521\data\06.02\2015\K2\1X\06_02-2015_05_12-10_00-K2-1X.jpeg,TRUNCATED,JPEG missing standard EOI marker \xFF\xD9,0,0,0.00,0.00,0.00
06.02\2015\K2\1X,06_02-2015_05_14-10_00-K2-1X.jpeg,C:\Users\ASUS\Desktop\Ders\blg521\data\06.02\2015\K2\1X\06_02-2015_05_14-10_00-K2-1X.jpeg,TRUNCATED,JPEG missing standard EOI marker \xFF\xD9,0,0,0.00,0.00,0.00
06.02\2015\K2\1X,06_02-2015_05_16-10_00-K2-1X.jpeg,C:\Users\ASUS\Desktop\Ders\blg521\data\06.02\2015\K2\1X\06_02-2015_05_16-10_00-K2-1X.jpeg,TRUNCATED,JPEG missing standard EOI marker \xFF\xD9,0,0,0.00,0.00,0.00
06.02\2015\K2\1X,06_02-2015_05_17-10_00-K2-1X.jpeg,C:\Users\ASUS\Desktop\Ders\blg521\data\06.02\2015\K2\1X\06_02-2015_05_17-10_00-K2-1X.jpeg,TRUNCATED,JPEG missing standard EOI marker \xFF\xD9,0,0,0.00,0.00,0.00
06.02\2015\K2\1X,06_02-2015_05_18-10_00-K2-1X.jpeg,C:\Users\ASUS\Desktop\Ders\blg521\data\06.02\2015\K2\1X\06_02-2015_05_18-10_00-K2-1X.jpeg,TRUNCATED,JPEG missing standard EOI marker \xFF\xD9,0,0,0.00,0.00,0.00
06.02\2015\K2\1X,06_02-2015_05_19-10_00-K2-1X.jpeg,C:\Users\ASUS\Desktop\Ders\blg521\data\06.02\2015\K2\1X\06_02-2015_05_19-10_00-K2-1X.jpeg,TRUNCATED,JPEG missing standard EOI marker \xFF\xD9,0,0,0.00,0.00,0.00
06.02\2015\K2\1X,06_02-2015_05_21-10_00-K2-1X.jpeg,C:\Users\ASUS\Desktop\Ders\blg521\data\06.02\2015\K2\1X\06_02-2015_05_21-10_00-K2-1X.jpeg,TRUNCATED,JPEG missing standard EOI marker \xFF\xD9,0,0,0.00,0.00,0.00
06.02\2015\K2\1X,06_02-2015_05_22-10_00-K2-1X.jpeg,C:\Users\ASUS\Desktop\Ders\blg521\data\06.02\2015\K2\1X\06_02-2015_05_22-10_00-K2-1X.jpeg,TRUNCATED,JPEG missing standard EOI marker \xFF\xD9,0,0,0.00,0.00,0.00
06.02\2015\K2\1X,06_02-2015_05_23-10_00-K2-1X.jpeg,C:\Users\ASUS\Desktop\Ders\blg521\data\06.02\2015\K2\1X\06_02-2015_05_23-10_00-K2-1X.jpeg,TRUNCATED,JPEG missing standard EOI marker \xFF\xD9,0,0,0.00,0.00,0.00
06.02\2015\K2\1X,06_02-2015_05_24-10_00-K2-1X.jpeg,C:\Users\ASUS\Desktop\Ders\blg521\data\06.02\2015\K2\1X\06_02-2015_05_24-10_00-K2-1X.jpeg,TRUNCATED,JPEG missing standard EOI marker \xFF\xD9,0,0,0.00,0.00,0.00
06.02\2015\K2\1X,06_02-2015_05_25-10_00-K2-1X.jpeg,C:\Users\ASUS\Desktop\Ders\blg521\data\06.02\2015\K2\1X\06_02-2015_05_25-10_00-K2-1X.jpeg,TRUNCATED,JPEG missing standard EOI marker \xFF\xD9,0,0,0.00,0.00,0.00
06.02\2015\K2\1X,06_02-2015_05_27-10_00-K2-1X.jpeg,C:\Users\ASUS\Desktop\Ders\blg521\data\06.02\2015\K2\1X\06_02-2015_05_27-10_00-K2-1X.jpeg,TRUNCATED,JPEG missing standard EOI marker \xFF\xD9,0,0,0.00,0.00,0.00
06.02\2015\K2\1X,06_02-2015_05_28-10_00-K2-1X.jpeg,C:\Users\ASUS\Desktop\Ders\blg521\data\06.02\2015\K2\1X\06_02-2015_05_28-10_00-K2-1X.jpeg,TRUNCATED,JPEG missing standard EOI marker \xFF\xD9,0,0,0.00,0.00,0.00
06.02\2015\K2\1X,06_02-2015_05_30-10_00-K2-1X.jpeg,C:\Users\ASUS\Desktop\Ders\blg521\data\06.02\2015\K2\1X\06_02-2015_05_30-10_00-K2-1X.jpeg,TRUNCATED,JPEG missing standard EOI marker \xFF\xD9,0,0,0.00,0.00,0.00
06.02\2015\K2\1X,06_02-2015_05_31-10_00-K2-1X.jpeg,C:\Users\ASUS\Desktop\Ders\blg521\data\06.02\2015\K2\1X\06_02-2015_05_31-10_00-K2-1X.jpeg,TRUNCATED,JPEG missing standard EOI marker \xFF\xD9,0,0,0.00,0.00,0.00
06.02\2015\K2\1X,06_02-2015_06_02-10_00-K2-1X.jpeg,C:\Users\ASUS\Desktop\Ders\blg521\data\06.02\2015\K2\1X\06_02-2015_06_02-10_00-K2-1X.jpeg,TRUNCATED,JPEG missing standard EOI marker \xFF\xD9,0,0,0.00,0.00,0.00
06.02\2015\K2\1X,06_02-2015_06_03-10_00-K2-1X.jpeg,C:\Users\ASUS\Desktop\Ders\blg521\data\06.02\2015\K2\1X\06_02-2015_06_03-10_00-K2-1X.jpeg,TRUNCATED,JPEG missing standard EOI marker \xFF\xD9,0,0,0.00,0.00,0.00
06.02\2015\K2\1X,06_02-2015_06_04-10_00-K2-1X.jpeg,C:\Users\ASUS\Desktop\Ders\blg521\data\06.02\2015\K2\1X\06_02-2015_06_04-10_00-K2-1X.jpeg,TRUNCATED,JPEG missing standard EOI marker \xFF\xD9,0,0,0.00,0.00,0.00
06.02\2015\K2\1X,06_02-2015_06_07-10_00-K2-1X.jpeg,C:\Users\ASUS\Desktop\Ders\blg521\data\06.02\2015\K2\1X\06_02-2015_06_07-10_00-K2-1X.jpeg,TRUNCATED,JPEG missing standard EOI marker \xFF\xD9,0,0,0.00,0.00,0.00
06.02\2015\K2\1X,06_02-2015_06_09-10_00-K2-1X.jpeg,C:\Users\ASUS\Desktop\Ders\blg521\data\06.02\2015\K2\1X\06_02-2015_06_09-10_00-K2-1X.jpeg,TRUNCATED,JPEG missing standard EOI marker \xFF\xD9,0,0,0.00,0.00,0.00
06.02\2015\K2\1X,06_02-2015_06_10-10_00-K2-1X.jpeg,C:\Users\ASUS\Desktop\Ders\blg521\data\06.02\2015\K2\1X\06_02-2015_06_10-10_00-K2-1X.jpeg,TRUNCATED,JPEG missing standard EOI marker \xFF\xD9,0,0,0.00,0.00,0.00
06.02\2015\K2\1X,06_02-2015_06_11-10_00-K2-1X.jpeg,C:\Users\ASUS\Desktop\Ders\blg521\data\06.02\2015\K2\1X\06_02-2015_06_11-10_00-K2-1X.jpeg,TRUNCATED,JPEG missing standard EOI marker \xFF\xD9,0,0,0.00,0.00,0.00
06.02\2015\K2\1X,06_02-2015_06_12-10_00-K2-1X.jpeg,C:\Users\ASUS\Desktop\Ders\blg521\data\06.02\2015\K2\1X\06_02-2015_06_12-10_00-K2-1X.jpeg,TRUNCATED,JPEG missing standard EOI marker \xFF\xD9,0,0,0.00,0.00,0.00
06.02\2015\K2\1X,06_02-2015_06_13-10_00-K2-1X.jpeg,C:\Users\ASUS\Desktop\Ders\blg521\data\06.02\2015\K2\1X\06_02-2015_06_13-10_00-K2-1X.jpeg,TRUNCATED,JPEG missing standard EOI marker \xFF\xD9,0,0,0.00,0.00,0.00
06.02\2015\K2\1X,06_02-2015_12_19-10_00-K2-1X.jpeg,C:\Users\ASUS\Desktop\Ders\blg521\data\06.02\2015\K2\1X\06_02-2015_12_19-10_00-K2-1X.jpeg,BLURRED,Very blurry (Laplacian variance: 25.88),1920,1080,128.32,25.17,25.88
06.02\2015\K2\1X,06_02-2015_12_20-09_21-K2-1X.jpeg,C:\Users\ASUS\Desktop\Ders\blg521\data\06.02\2015\K2\1X\06_02-2015_12_20-09_21-K2-1X.jpeg,BLURRED,Very blurry (Laplacian variance: 8.07),1920,1080,117.69,25.37,8.07
06.02\2015\K2\1X,06_02-2015_12_22-08_59-K2-1X.jpeg,C:\Users\ASUS\Desktop\Ders\blg521\data\06.02\2015\K2\1X\06_02-2015_12_22-08_59-K2-1X.jpeg,BLURRED,Very blurry (Laplacian variance: 8.34),1920,1080,125.34,5.83,8.34
06.02\2015\K2\1X,06_02-2015_12_24-09_07-K2-1X.jpeg,C:\Users\ASUS\Desktop\Ders\blg521\data\06.02\2015\K2\1X\06_02-2015_12_24-09_07-K2-1X.jpeg,BLURRED,Very blurry (Laplacian variance: 7.98),1920,1080,125.52,29.35,7.98
06.02\2015\K2\1X,06_02-2015_12_25-08_36-K2-1X.jpeg,C:\Users\ASUS\Desktop\Ders\blg521\data\06.02\2015\K2\1X\06_02-2015_12_25-08_36-K2-1X.jpeg,BLURRED,Very blurry (Laplacian variance: 8.22),1920,1080,130.20,17.31,8.22
06.02\2016\K1\10X,06_02-2016_01_19-10_00-K1-10X.jpeg,C:\Users\ASUS\Desktop\Ders\blg521\data\06.02\2016\K1\10X\06_02-2016_01_19-10_00-K1-10X.jpeg,BLURRED,Very blurry (Laplacian variance: 30.66),1920,1080,125.89,10.95,30.66
06.02\2016\K1\10X,06_02-2016_01_26-10_00-K1-10X.jpeg,C:\Users\ASUS\Desktop\Ders\blg521\data\06.02\2016\K1\10X\06_02-2016_01_26-10_00-K1-10X.jpeg,BLURRED,Very blurry (Laplacian variance: 12.32),1920,1080,126.85,6.67,12.32
06.02\2016\K1\10X,06_02-2016_01_28-10_00-K1-10X.jpeg,C:\Users\ASUS\Desktop\Ders\blg521\data\06.02\2016\K1\10X\06_02-2016_01_28-10_00-K1-10X.jpeg,LOW_CONTRAST,Extremely low contrast (std: 4.52),1920,1080,134.86,4.52,0.00
06.02\2016\K1\10X,06_02-2016_01_30-10_00-K1-10X.jpeg,C:\Users\ASUS\Desktop\Ders\blg521\data\06.02\2016\K1\10X\06_02-2016_01_30-10_00-K1-10X.jpeg,BLURRED,Very blurry (Laplacian variance: 8.62),1920,1080,130.30,5.43,8.62
06.02\2016\K1\10X,06_02-2016_01_31-10_00-K1-10X.jpeg,C:\Users\ASUS\Desktop\Ders\blg521\data\06.02\2016\K1\10X\06_02-2016_01_31-10_00-K1-10X.jpeg,BLURRED,Very blurry (Laplacian variance: 35.09),1920,1080,136.35,6.03,35.09
06.02\2016\K1\10X,06_02-2016_08_25-10_00-K1-10X.jpeg,C:\Users\ASUS\Desktop\Ders\blg521\data\06.02\2016\K1\10X\06_02-2016_08_25-10_00-K1-10X.jpeg,TRUNCATED,JPEG missing standard EOI marker \xFF\xD9,0,0,0.00,0.00,0.00
06.02\2016\K1\1X,06_02-2016_01_26-10_00-K1-1X.jpeg,C:\Users\ASUS\Desktop\Ders\blg521\data\06.02\2016\K1\1X\06_02-2016_01_26-10_00-K1-1X.jpeg,LOW_CONTRAST,Extremely low contrast (std: 3.75),1920,1080,143.44,3.75,0.00
06.02\2016\K1\1X,06_02-2016_01_28-10_30-K1-1X.jpeg,C:\Users\ASUS\Desktop\Ders\blg521\data\06.02\2016\K1\1X\06_02-2016_01_28-10_30-K1-1X.jpeg,LOW_CONTRAST,Extremely low contrast (std: 2.29),1920,1080,131.22,2.29,0.00
06.02\2016\K1\1X,06_02-2016_01_29-10_38-K1-1X.jpeg,C:\Users\ASUS\Desktop\Ders\blg521\data\06.02\2016\K1\1X\06_02-2016_01_29-10_38-K1-1X.jpeg,LOW_CONTRAST,Extremely low contrast (std: 4.12),1920,1080,167.62,4.12,0.00
06.02\2016\K1\1X,06_02-2016_01_30-10_00-K1-1X.jpeg,C:\Users\ASUS\Desktop\Ders\blg521\data\06.02\2016\K1\1X\06_02-2016_01_30-10_00-K1-1X.jpeg,LOW_CONTRAST,Extremely low contrast (std: 4.44),1920,1080,125.98,4.44,0.00
06.02\2016\K1\1X,06_02-2016_01_31-10_00-K1-1X.jpeg,C:\Users\ASUS\Desktop\Ders\blg521\data\06.02\2016\K1\1X\06_02-2016_01_31-10_00-K1-1X.jpeg,BLURRED,Very blurry (Laplacian variance: 31.79),1920,1080,135.43,5.98,31.79
06.02\2016\K1\1X,06_02-2016_08_25-10_00-K1-1X.jpeg,C:\Users\ASUS\Desktop\Ders\blg521\data\06.02\2016\K1\1X\06_02-2016_08_25-10_00-K1-1X.jpeg,TRUNCATED,JPEG missing standard EOI marker \xFF\xD9,0,0,0.00,0.00,0.00
06.02\2016\K2\10X,06_02-2016_01_05-09_11-K2-10X.jpeg,C:\Users\ASUS\Desktop\Ders\blg521\data\06.02\2016\K2\10X\06_02-2016_01_05-09_11-K2-10X.jpeg,BLURRED,Very blurry (Laplacian variance: 32.71),1920,1080,122.67,13.02,32.71
06.02\2016\K2\10X,06_02-2016_01_06-10_00-K2-10X.jpeg,C:\Users\ASUS\Desktop\Ders\blg521\data\06.02\2016\K2\10X\06_02-2016_01_06-10_00-K2-10X.jpeg,BLURRED,Very blurry (Laplacian variance: 25.85),1920,1080,123.10,10.06,25.85
06.02\2016\K2\10X,06_02-2016_01_25-10_07-K2-10X.jpeg,C:\Users\ASUS\Desktop\Ders\blg521\data\06.02\2016\K2\10X\06_02-2016_01_25-10_07-K2-10X.jpeg,BLURRED,Very blurry (Laplacian variance: 47.80),1920,1080,146.42,12.84,47.80
06.02\2016\K2\10X,06_02-2016_01_26-10_00-K2-10X.jpeg,C:\Users\ASUS\Desktop\Ders\blg521\data\06.02\2016\K2\10X\06_02-2016_01_26-10_00-K2-10X.jpeg,BLURRED,Very blurry (Laplacian variance: 18.79),1920,1080,140.81,9.46,18.79
06.02\2016\K2\10X,06_02-2016_01_28-10_00-K2-10X.jpeg,C:\Users\ASUS\Desktop\Ders\blg521\data\06.02\2016\K2\10X\06_02-2016_01_28-10_00-K2-10X.jpeg,BLURRED,Very blurry (Laplacian variance: 9.48),1920,1080,126.86,7.76,9.48
06.02\2016\K2\10X,06_02-2016_01_30-10_00-K2-10X.jpeg,C:\Users\ASUS\Desktop\Ders\blg521\data\06.02\2016\K2\10X\06_02-2016_01_30-10_00-K2-10X.jpeg,BLURRED,Very blurry (Laplacian variance: 10.58),1920,1080,133.48,11.99,10.58
06.02\2016\K2\10X,06_02-2016_01_31-10_00-K2-10X.jpeg,C:\Users\ASUS\Desktop\Ders\blg521\data\06.02\2016\K2\10X\06_02-2016_01_31-10_00-K2-10X.jpeg,BLURRED,Very blurry (Laplacian variance: 8.65),1920,1080,128.12,10.42,8.65
06.02\2016\K2\10X,06_02-2016_02_01-10_00-K2-10X.jpeg,C:\Users\ASUS\Desktop\Ders\blg521\data\06.02\2016\K2\10X\06_02-2016_02_01-10_00-K2-10X.jpeg,BLURRED,Very blurry (Laplacian variance: 41.43),1920,1080,121.06,35.68,41.43
06.02\2016\K2\10X,06_02-2016_08_25-10_00-K2-10X.jpeg,C:\Users\ASUS\Desktop\Ders\blg521\data\06.02\2016\K2\10X\06_02-2016_08_25-10_00-K2-10X.jpeg,TRUNCATED,JPEG missing standard EOI marker \xFF\xD9,0,0,0.00,0.00,0.00
06.02\2016\K2\10X,06_02-2016_12_23-11_01-K2-10X.jpeg,C:\Users\ASUS\Desktop\Ders\blg521\data\06.02\2016\K2\10X\06_02-2016_12_23-11_01-K2-10X.jpeg,BLURRED,Very blurry (Laplacian variance: 7.33),1920,1080,135.99,6.38,7.33
06.02\2016\K2\10X,06_02-2016_12_26-10_00-K2-10X.jpeg,C:\Users\ASUS\Desktop\Ders\blg521\data\06.02\2016\K2\10X\06_02-2016_12_26-10_00-K2-10X.jpeg,BLURRED,Very blurry (Laplacian variance: 23.37),1920,1080,132.84,10.62,23.37
06.02\2016\K2\1X,06_02-2016_01_25-10_06-K2-1X.jpeg,C:\Users\ASUS\Desktop\Ders\blg521\data\06.02\2016\K2\1X\06_02-2016_01_25-10_06-K2-1X.jpeg,BLURRED,Very blurry (Laplacian variance: 8.79),1920,1080,143.71,11.70,8.79
06.02\2016\K2\1X,06_02-2016_01_29-10_38-K2-1X.jpeg,C:\Users\ASUS\Desktop\Ders\blg521\data\06.02\2016\K2\1X\06_02-2016_01_29-10_38-K2-1X.jpeg,BLURRED,Very blurry (Laplacian variance: 11.86),1920,1080,172.41,11.97,11.86
06.02\2016\K2\1X,06_02-2016_08_25-10_00-K2-1X.jpeg,C:\Users\ASUS\Desktop\Ders\blg521\data\06.02\2016\K2\1X\06_02-2016_08_25-10_00-K2-1X.jpeg,TRUNCATED,JPEG missing standard EOI marker \xFF\xD9,0,0,0.00,0.00,0.00
06.02\2016\K2\1X,06_02-2016_12_23-11_02-K2-1X.jpeg,C:\Users\ASUS\Desktop\Ders\blg521\data\06.02\2016\K2\1X\06_02-2016_12_23-11_02-K2-1X.jpeg,LOW_CONTRAST,Extremely low contrast (std: 4.76),1920,1080,132.41,4.76,0.00
06.02\2016\K2\1X,06_02-2016_12_26-10_01-K2-1X.jpeg,C:\Users\ASUS\Desktop\Ders\blg521\data\06.02\2016\K2\1X\06_02-2016_12_26-10_01-K2-1X.jpeg,BLURRED,Very blurry (Laplacian variance: 23.07),1920,1080,133.16,10.56,23.07
06.02\2017\K1\10X,06_02-2017_01_10-10_00-K1-10X.jpeg,C:\Users\ASUS\Desktop\Ders\blg521\data\06.02\2017\K1\10X\06_02-2017_01_10-10_00-K1-10X.jpeg,BLURRED,Very blurry (Laplacian variance: 8.96),1920,1080,124.93,7.13,8.96
06.02\2017\K1\10X,06_02-2017_01_14-11_30-K1-10X.jpeg,C:\Users\ASUS\Desktop\Ders\blg521\data\06.02\2017\K1\10X\06_02-2017_01_14-11_30-K1-10X.jpeg,BLURRED,Very blurry (Laplacian variance: 8.86),1920,1080,125.50,5.25,8.86
06.02\2017\K1\10X,06_02-2017_01_18-10_28-K1-10X.jpeg,C:\Users\ASUS\Desktop\Ders\blg521\data\06.02\2017\K1\10X\06_02-2017_01_18-10_28-K1-10X.jpeg,LOW_CONTRAST,Extremely low contrast (std: 4.54),1920,1080,137.37,4.54,0.00
06.02\2017\K1\10X,06_02-2017_01_19-10_51-K1-10X.jpeg,C:\Users\ASUS\Desktop\Ders\blg521\data\06.02\2017\K1\10X\06_02-2017_01_19-10_51-K1-10X.jpeg,LOW_CONTRAST,Extremely low contrast (std: 3.43),1920,1080,137.90,3.43,0.00
06.02\2017\K1\10X,06_02-2017_01_21-10_00-K1-10X.jpeg,C:\Users\ASUS\Desktop\Ders\blg521\data\06.02\2017\K1\10X\06_02-2017_01_21-10_00-K1-10X.jpeg,BLURRED,Very blurry (Laplacian variance: 9.33),1920,1080,124.19,6.53,9.33
06.02\2017\K1\10X,06_02-2017_01_23-10_21-K1-10X.jpeg,C:\Users\ASUS\Desktop\Ders\blg521\data\06.02\2017\K1\10X\06_02-2017_01_23-10_21-K1-10X.jpeg,LOW_CONTRAST,Extremely low contrast (std: 2.44),1920,1080,127.36,2.44,0.00
06.02\2017\K1\10X,06_02-2017_01_24-10_00-K1-10X.jpeg,C:\Users\ASUS\Desktop\Ders\blg521\data\06.02\2017\K1\10X\06_02-2017_01_24-10_00-K1-10X.jpeg,BLURRED,Very blurry (Laplacian variance: 8.33),1920,1080,128.15,6.80,8.33
06.02\2017\K1\10X,06_02-2017_01_25-10_00-K1-10X.jpeg,C:\Users\ASUS\Desktop\Ders\blg521\data\06.02\2017\K1\10X\06_02-2017_01_25-10_00-K1-10X.jpeg,BLURRED,Very blurry (Laplacian variance: 28.42),1920,1080,136.04,9.22,28.42
06.02\2017\K1\10X,06_02-2017_01_30-10_15-K1-10X.jpeg,C:\Users\ASUS\Desktop\Ders\blg521\data\06.02\2017\K1\10X\06_02-2017_01_30-10_15-K1-10X.jpeg,LOW_CONTRAST,Extremely low contrast (std: 4.84),1920,1080,135.27,4.84,0.00
06.02\2017\K1\10X,06_02-2017_02_04-10_00-K1-10X.jpeg,C:\Users\ASUS\Desktop\Ders\blg521\data\06.02\2017\K1\10X\06_02-2017_02_04-10_00-K1-10X.jpeg,BLURRED,Very blurry (Laplacian variance: 49.82),1920,1080,135.58,10.10,49.82
06.02\2017\K1\10X,06_02-2017_02_07-11_28-K1-10X.jpeg,C:\Users\ASUS\Desktop\Ders\blg521\data\06.02\2017\K1\10X\06_02-2017_02_07-11_28-K1-10X.jpeg,BLURRED,Very blurry (Laplacian variance: 27.56),1920,1080,131.70,5.34,27.56
06.02\2017\K1\10X,06_02-2017_02_09-10_00-K1-10X.jpeg,C:\Users\ASUS\Desktop\Ders\blg521\data\06.02\2017\K1\10X\06_02-2017_02_09-10_00-K1-10X.jpeg,BLURRED,Very blurry (Laplacian variance: 8.56),1920,1080,133.15,9.71,8.56
06.02\2017\K1\10X,06_02-2017_02_10-10_49-K1-10X.jpeg,C:\Users\ASUS\Desktop\Ders\blg521\data\06.02\2017\K1\10X\06_02-2017_02_10-10_49-K1-10X.jpeg,BLURRED,Very blurry (Laplacian variance: 19.18),1920,1080,135.08,8.54,19.18
06.02\2017\K1\10X,06_02-2017_02_27-10_55-K1-10X.jpeg,C:\Users\ASUS\Desktop\Ders\blg521\data\06.02\2017\K1\10X\06_02-2017_02_27-10_55-K1-10X.jpeg,BLURRED,Very blurry (Laplacian variance: 10.13),1920,1080,129.29,8.05,10.13
06.02\2017\K1\1X,06_02-2017_01_10-10_00-K1-1X.jpeg,C:\Users\ASUS\Desktop\Ders\blg521\data\06.02\2017\K1\1X\06_02-2017_01_10-10_00-K1-1X.jpeg,LOW_CONTRAST,Extremely low contrast (std: 2.98),1920,1080,137.55,2.98,0.00
06.02\2017\K1\1X,06_02-2017_01_11-10_40-K1-1X.jpeg,C:\Users\ASUS\Desktop\Ders\blg521\data\06.02\2017\K1\1X\06_02-2017_01_11-10_40-K1-1X.jpeg,BLURRED,Very blurry (Laplacian variance: 37.97),1920,1080,135.05,7.21,37.97
06.02\2017\K1\1X,06_02-2017_01_14-11_02-K1-1X.jpeg,C:\Users\ASUS\Desktop\Ders\blg521\data\06.02\2017\K1\1X\06_02-2017_01_14-11_02-K1-1X.jpeg,LOW_CONTRAST,Extremely low contrast (std: 2.55),1920,1080,133.17,2.55,0.00
06.02\2017\K1\1X,06_02-2017_01_18-10_29-K1-1X.jpeg,C:\Users\ASUS\Desktop\Ders\blg521\data\06.02\2017\K1\1X\06_02-2017_01_18-10_29-K1-1X.jpeg,LOW_CONTRAST,Extremely low contrast (std: 4.76),1920,1080,138.19,4.76,0.00
06.02\2017\K1\1X,06_02-2017_01_19-10_52-K1-1X.jpeg,C:\Users\ASUS\Desktop\Ders\blg521\data\06.02\2017\K1\1X\06_02-2017_01_19-10_52-K1-1X.jpeg,LOW_CONTRAST,Extremely low contrast (std: 3.65),1920,1080,139.21,3.65,0.00
06.02\2017\K1\1X,06_02-2017_01_21-10_00-K1-1X.jpeg,C:\Users\ASUS\Desktop\Ders\blg521\data\06.02\2017\K1\1X\06_02-2017_01_21-10_00-K1-1X.jpeg,BLURRED,Very blurry (Laplacian variance: 38.36),1920,1080,131.56,8.37,38.36
06.02\2017\K1\1X,06_02-2017_01_23-10_23-K1-1X.jpeg,C:\Users\ASUS\Desktop\Ders\blg521\data\06.02\2017\K1\1X\06_02-2017_01_23-10_23-K1-1X.jpeg,BLURRED,Very blurry (Laplacian variance: 42.87),1920,1080,128.32,9.87,42.87
06.02\2017\K1\1X,06_02-2017_01_24-10_00-K1-1X.jpeg,C:\Users\ASUS\Desktop\Ders\blg521\data\06.02\2017\K1\1X\06_02-2017_01_24-10_00-K1-1X.jpeg,LOW_CONTRAST,Extremely low contrast (std: 1.79),1920,1080,131.85,1.79,0.00
06.02\2017\K1\1X,06_02-2017_01_25-10_00-K1-1X.jpeg,C:\Users\ASUS\Desktop\Ders\blg521\data\06.02\2017\K1\1X\06_02-2017_01_25-10_00-K1-1X.jpeg,LOW_CONTRAST,Extremely low contrast (std: 4.82),1920,1080,132.90,4.82,0.00
06.02\2017\K1\1X,06_02-2017_01_30-10_16-K1-1X.jpeg,C:\Users\ASUS\Desktop\Ders\blg521\data\06.02\2017\K1\1X\06_02-2017_01_30-10_16-K1-1X.jpeg,BLURRED,Very blurry (Laplacian variance: 10.02),1920,1080,138.12,5.09,10.02
06.02\2017\K1\1X,06_02-2017_02_07-11_29-K1-1X.jpeg,C:\Users\ASUS\Desktop\Ders\blg521\data\06.02\2017\K1\1X\06_02-2017_02_07-11_29-K1-1X.jpeg,BLURRED,Very blurry (Laplacian variance: 26.32),1920,1080,133.29,9.30,26.32
06.02\2017\K1\1X,06_02-2017_02_10-10_50-K1-1X.jpeg,C:\Users\ASUS\Desktop\Ders\blg521\data\06.02\2017\K1\1X\06_02-2017_02_10-10_50-K1-1X.jpeg,BLURRED,Very blurry (Laplacian variance: 39.08),1920,1080,127.13,17.99,39.08
06.02\2017\K1\1X,06_02-2017_02_27-10_57-K1-1X.jpeg,C:\Users\ASUS\Desktop\Ders\blg521\data\06.02\2017\K1\1X\06_02-2017_02_27-10_57-K1-1X.jpeg,BLURRED,Very blurry (Laplacian variance: 7.69),1920,1080,126.89,34.98,7.69
06.02\2017\K2\10X,06_02-2017_01_10-10_00-K2-10X.jpeg,C:\Users\ASUS\Desktop\Ders\blg521\data\06.02\2017\K2\10X\06_02-2017_01_10-10_00-K2-10X.jpeg,BLURRED,Very blurry (Laplacian variance: 8.91),1920,1080,126.03,7.03,8.91
06.02\2017\K2\10X,06_02-2017_01_14-11_01-K2-10X.jpeg,C:\Users\ASUS\Desktop\Ders\blg521\data\06.02\2017\K2\10X\06_02-2017_01_14-11_01-K2-10X.jpeg,LOW_CONTRAST,Extremely low contrast (std: 4.47),1920,1080,130.09,4.47,0.00
06.02\2017\K2\10X,06_02-2017_01_18-10_28-K2-10X.jpeg,C:\Users\ASUS\Desktop\Ders\blg521\data\06.02\2017\K2\10X\06_02-2017_01_18-10_28-K2-10X.jpeg,LOW_CONTRAST,Extremely low contrast (std: 1.55),1920,1080,126.38,1.55,0.00
06.02\2017\K2\10X,06_02-2017_01_19-10_51-K2-10X.jpeg,C:\Users\ASUS\Desktop\Ders\blg521\data\06.02\2017\K2\10X\06_02-2017_01_19-10_51-K2-10X.jpeg,LOW_CONTRAST,Extremely low contrast (std: 1.80),1920,1080,133.98,1.80,0.00
06.02\2017\K2\10X,06_02-2017_01_21-10_00-K2-10X.jpeg,C:\Users\ASUS\Desktop\Ders\blg521\data\06.02\2017\K2\10X\06_02-2017_01_21-10_00-K2-10X.jpeg,BLURRED,Very blurry (Laplacian variance: 9.57),1920,1080,124.33,6.82,9.57
06.02\2017\K2\10X,06_02-2017_01_22-11_13-K2-10X.jpeg,C:\Users\ASUS\Desktop\Ders\blg521\data\06.02\2017\K2\10X\06_02-2017_01_22-11_13-K2-10X.jpeg,LOW_CONTRAST,Extremely low contrast (std: 4.50),1920,1080,133.23,4.50,0.00
06.02\2017\K2\10X,06_02-2017_01_23-10_21-K2-10X.jpeg,C:\Users\ASUS\Desktop\Ders\blg521\data\06.02\2017\K2\10X\06_02-2017_01_23-10_21-K2-10X.jpeg,LOW_CONTRAST,Extremely low contrast (std: 4.47),1920,1080,133.00,4.47,0.00
06.02\2017\K2\10X,06_02-2017_01_24-10_00-K2-10X.jpeg,C:\Users\ASUS\Desktop\Ders\blg521\data\06.02\2017\K2\10X\06_02-2017_01_24-10_00-K2-10X.jpeg,BLURRED,Very blurry (Laplacian variance: 8.67),1920,1080,122.59,6.70,8.67
06.02\2017\K2\10X,06_02-2017_01_25-10_00-K2-10X.jpeg,C:\Users\ASUS\Desktop\Ders\blg521\data\06.02\2017\K2\10X\06_02-2017_01_25-10_00-K2-10X.jpeg,BLURRED,Very blurry (Laplacian variance: 8.03),1920,1080,130.10,7.03,8.03
06.02\2017\K2\10X,06_02-2017_01_30-10_15-K2-10X.jpeg,C:\Users\ASUS\Desktop\Ders\blg521\data\06.02\2017\K2\10X\06_02-2017_01_30-10_15-K2-10X.jpeg,BLURRED,Very blurry (Laplacian variance: 7.81),1920,1080,130.61,6.93,7.81
06.02\2017\K2\10X,06_02-2017_02_04-10_00-K2-10X.jpeg,C:\Users\ASUS\Desktop\Ders\blg521\data\06.02\2017\K2\10X\06_02-2017_02_04-10_00-K2-10X.jpeg,BLURRED,Very blurry (Laplacian variance: 8.31),1920,1080,129.21,7.06,8.31
06.02\2017\K2\10X,06_02-2017_02_06-11_32-K2-10X.jpeg,C:\Users\ASUS\Desktop\Ders\blg521\data\06.02\2017\K2\10X\06_02-2017_02_06-11_32-K2-10X.jpeg,BLURRED,Very blurry (Laplacian variance: 43.36),1920,1080,130.16,7.14,43.36
06.02\2017\K2\10X,06_02-2017_02_07-11_28-K2-10X.jpeg,C:\Users\ASUS\Desktop\Ders\blg521\data\06.02\2017\K2\10X\06_02-2017_02_07-11_28-K2-10X.jpeg,BLURRED,Very blurry (Laplacian variance: 13.93),1920,1080,128.55,5.70,13.93
06.02\2017\K2\10X,06_02-2017_02_08-10_00-K2-10X.jpeg,C:\Users\ASUS\Desktop\Ders\blg521\data\06.02\2017\K2\10X\06_02-2017_02_08-10_00-K2-10X.jpeg,BLURRED,Very blurry (Laplacian variance: 8.73),1920,1080,126.99,7.12,8.73
06.02\2017\K2\10X,06_02-2017_02_09-10_00-K2-10X.jpeg,C:\Users\ASUS\Desktop\Ders\blg521\data\06.02\2017\K2\10X\06_02-2017_02_09-10_00-K2-10X.jpeg,BLURRED,Very blurry (Laplacian variance: 15.43),1920,1080,125.02,8.30,15.43
06.02\2017\K2\10X,06_02-2017_02_27-10_55-K2-10X.jpeg,C:\Users\ASUS\Desktop\Ders\blg521\data\06.02\2017\K2\10X\06_02-2017_02_27-10_55-K2-10X.jpeg,BLURRED,Very blurry (Laplacian variance: 18.28),1920,1080,125.36,38.21,18.28
06.02\2017\K2\10X,06_02-2017_03_10-10_00-K2-10X.jpeg,C:\Users\ASUS\Desktop\Ders\blg521\data\06.02\2017\K2\10X\06_02-2017_03_10-10_00-K2-10X.jpeg,BLURRED,Very blurry (Laplacian variance: 6.85),1920,1080,134.79,5.61,6.85
06.02\2017\K2\10X,06_02-2017_03_17-10_24-K2-10X.jpeg,C:\Users\ASUS\Desktop\Ders\blg521\data\06.02\2017\K2\10X\06_02-2017_03_17-10_24-K2-10X.jpeg,BLURRED,Very blurry (Laplacian variance: 22.96),1920,1080,133.11,8.70,22.96
06.02\2017\K2\1X,06_02-2017_01_10-10_00-K2-1X.jpeg,C:\Users\ASUS\Desktop\Ders\blg521\data\06.02\2017\K2\1X\06_02-2017_01_10-10_00-K2-1X.jpeg,LOW_CONTRAST,Extremely low contrast (std: 4.03),1920,1080,132.69,4.03,0.00
06.02\2017\K2\1X,06_02-2017_01_11-10_40-K2-1X.jpeg,C:\Users\ASUS\Desktop\Ders\blg521\data\06.02\2017\K2\1X\06_02-2017_01_11-10_40-K2-1X.jpeg,BLURRED,Very blurry (Laplacian variance: 39.56),1920,1080,145.14,12.78,39.56
06.02\2017\K2\1X,06_02-2017_01_13-10_42-K2-1X.jpeg,C:\Users\ASUS\Desktop\Ders\blg521\data\06.02\2017\K2\1X\06_02-2017_01_13-10_42-K2-1X.jpeg,BLURRED,Very blurry (Laplacian variance: 28.28),1920,1080,135.20,23.11,28.28
06.02\2017\K2\1X,06_02-2017_01_14-11_02-K2-1X.jpeg,C:\Users\ASUS\Desktop\Ders\blg521\data\06.02\2017\K2\1X\06_02-2017_01_14-11_02-K2-1X.jpeg,BLURRED,Very blurry (Laplacian variance: 7.62),1920,1080,138.28,5.05,7.62
06.02\2017\K2\1X,06_02-2017_01_18-10_29-K2-1X.jpeg,C:\Users\ASUS\Desktop\Ders\blg521\data\06.02\2017\K2\1X\06_02-2017_01_18-10_29-K2-1X.jpeg,LOW_CONTRAST,Extremely low contrast (std: 1.62),1920,1080,127.48,1.62,0.00
06.02\2017\K2\1X,06_02-2017_01_19-10_52-K2-1X.jpeg,C:\Users\ASUS\Desktop\Ders\blg521\data\06.02\2017\K2\1X\06_02-2017_01_19-10_52-K2-1X.jpeg,LOW_CONTRAST,Extremely low contrast (std: 1.67),1920,1080,135.59,1.67,0.00
06.02\2017\K2\1X,06_02-2017_01_21-10_00-K2-1X.jpeg,C:\Users\ASUS\Desktop\Ders\blg521\data\06.02\2017\K2\1X\06_02-2017_01_21-10_00-K2-1X.jpeg,LOW_CONTRAST,Extremely low contrast (std: 4.66),1920,1080,138.53,4.66,0.00
06.02\2017\K2\1X,06_02-2017_01_22-11_15-K2-1X.jpeg,C:\Users\ASUS\Desktop\Ders\blg521\data\06.02\2017\K2\1X\06_02-2017_01_22-11_15-K2-1X.jpeg,LOW_CONTRAST,Extremely low contrast (std: 4.47),1920,1080,132.80,4.47,0.00
06.02\2017\K2\1X,06_02-2017_01_23-10_23-K2-1X.jpeg,C:\Users\ASUS\Desktop\Ders\blg521\data\06.02\2017\K2\1X\06_02-2017_01_23-10_23-K2-1X.jpeg,LOW_CONTRAST,Extremely low contrast (std: 4.49),1920,1080,134.62,4.49,0.00
06.02\2017\K2\1X,06_02-2017_01_24-10_00-K2-1X.jpeg,C:\Users\ASUS\Desktop\Ders\blg521\data\06.02\2017\K2\1X\06_02-2017_01_24-10_00-K2-1X.jpeg,LOW_CONTRAST,Extremely low contrast (std: 2.16),1920,1080,132.04,2.16,0.00
06.02\2017\K2\1X,06_02-2017_01_25-10_00-K2-1X.jpeg,C:\Users\ASUS\Desktop\Ders\blg521\data\06.02\2017\K2\1X\06_02-2017_01_25-10_00-K2-1X.jpeg,LOW_CONTRAST,Extremely low contrast (std: 1.77),1920,1080,136.67,1.77,0.00
06.02\2017\K2\1X,06_02-2017_01_30-10_16-K2-1X.jpeg,C:\Users\ASUS\Desktop\Ders\blg521\data\06.02\2017\K2\1X\06_02-2017_01_30-10_16-K2-1X.jpeg,BLURRED,Very blurry (Laplacian variance: 10.22),1920,1080,123.85,21.34,10.22
06.02\2017\K2\1X,06_02-2017_02_04-10_00-K2-1X.jpeg,C:\Users\ASUS\Desktop\Ders\blg521\data\06.02\2017\K2\1X\06_02-2017_02_04-10_00-K2-1X.jpeg,LOW_CONTRAST,Extremely low contrast (std: 4.18),1920,1080,133.61,4.18,0.00
06.02\2017\K2\1X,06_02-2017_02_06-11_33-K2-1X.jpeg,C:\Users\ASUS\Desktop\Ders\blg521\data\06.02\2017\K2\1X\06_02-2017_02_06-11_33-K2-1X.jpeg,BLURRED,Very blurry (Laplacian variance: 32.61),1920,1080,117.75,6.75,32.61
06.02\2017\K2\1X,06_02-2017_02_07-11_29-K2-1X.jpeg,C:\Users\ASUS\Desktop\Ders\blg521\data\06.02\2017\K2\1X\06_02-2017_02_07-11_29-K2-1X.jpeg,BLURRED,Very blurry (Laplacian variance: 14.42),1920,1080,131.46,5.73,14.42
06.02\2017\K2\1X,06_02-2017_02_08-10_00-K2-1X.jpeg,C:\Users\ASUS\Desktop\Ders\blg521\data\06.02\2017\K2\1X\06_02-2017_02_08-10_00-K2-1X.jpeg,BLURRED,Very blurry (Laplacian variance: 17.48),1920,1080,133.57,6.64,17.48
06.02\2017\K2\1X,06_02-2017_02_09-10_00-K2-1X.jpeg,C:\Users\ASUS\Desktop\Ders\blg521\data\06.02\2017\K2\1X\06_02-2017_02_09-10_00-K2-1X.jpeg,BLURRED,Very blurry (Laplacian variance: 48.92),1920,1080,131.67,10.48,48.92
06.02\2017\K2\1X,06_02-2017_02_27-10_57-K2-1X.jpeg,C:\Users\ASUS\Desktop\Ders\blg521\data\06.02\2017\K2\1X\06_02-2017_02_27-10_57-K2-1X.jpeg,BLURRED,Very blurry (Laplacian variance: 21.29),1920,1080,126.54,40.15,21.29
11.03\2016\K1\10X,11_03-2016_08_25-10_00-K1-10X.jpeg,C:\Users\ASUS\Desktop\Ders\blg521\data\11.03\2016\K1\10X\11_03-2016_08_25-10_00-K1-10X.jpeg,TRUNCATED,JPEG missing standard EOI marker \xFF\xD9,0,0,0.00,0.00,0.00
11.03\2016\K1\10X,11_03-2016_12_16-10_00-K1-10X.jpeg,C:\Users\ASUS\Desktop\Ders\blg521\data\11.03\2016\K1\10X\11_03-2016_12_16-10_00-K1-10X.jpeg,BLURRED,Very blurry (Laplacian variance: 37.00),1920,1080,145.41,10.73,37.00
11.03\2016\K1\10X,11_03-2016_12_21-10_00-K1-10X.jpeg,C:\Users\ASUS\Desktop\Ders\blg521\data\11.03\2016\K1\10X\11_03-2016_12_21-10_00-K1-10X.jpeg,BLURRED,Very blurry (Laplacian variance: 9.19),1920,1080,152.19,8.96,9.19
11.03\2016\K2\10X,11_03-2016_12_16-10_00-K2-10X.jpeg,C:\Users\ASUS\Desktop\Ders\blg521\data\11.03\2016\K2\10X\11_03-2016_12_16-10_00-K2-10X.jpeg,BLURRED,Very blurry (Laplacian variance: 14.88),1920,1080,146.94,8.15,14.88
11.03\2016\K2\10X,11_03-2016_12_21-10_00-K2-10X.jpeg,C:\Users\ASUS\Desktop\Ders\blg521\data\11.03\2016\K2\10X\11_03-2016_12_21-10_00-K2-10X.jpeg,BLURRED,Very blurry (Laplacian variance: 11.26),1920,1080,154.74,6.77,11.26
11.03\2016\K2\1X,11_03-2016_08_25-10_00-K2-1X.jpeg,C:\Users\ASUS\Desktop\Ders\blg521\data\11.03\2016\K2\1X\11_03-2016_08_25-10_00-K2-1X.jpeg,TRUNCATED,JPEG missing standard EOI marker \xFF\xD9,0,0,0.00,0.00,0.00
11.03\2016\K2\1X,11_03-2016_12_21-10_00-K2-1X.jpeg,C:\Users\ASUS\Desktop\Ders\blg521\data\11.03\2016\K2\1X\11_03-2016_12_21-10_00-K2-1X.jpeg,LOW_CONTRAST,Extremely low contrast (std: 4.90),1920,1080,146.37,4.90,0.00
11.03\2017\K1\10X,11_03-2017_01_08-10_00-K1-10X.jpeg,C:\Users\ASUS\Desktop\Ders\blg521\data\11.03\2017\K1\10X\11_03-2017_01_08-10_00-K1-10X.jpeg,BLURRED,Very blurry (Laplacian variance: 5.65),1920,1080,156.61,8.45,5.65
11.03\2017\K1\10X,11_03-2017_01_09-10_00-K1-10X.jpeg,C:\Users\ASUS\Desktop\Ders\blg521\data\11.03\2017\K1\10X\11_03-2017_01_09-10_00-K1-10X.jpeg,BLURRED,Very blurry (Laplacian variance: 5.62),1920,1080,153.98,8.63,5.62
11.03\2017\K1\10X,11_03-2017_01_10-10_00-K1-10X.jpeg,C:\Users\ASUS\Desktop\Ders\blg521\data\11.03\2017\K1\10X\11_03-2017_01_10-10_00-K1-10X.jpeg,BLURRED,Very blurry (Laplacian variance: 7.29),1920,1080,140.33,9.07,7.29
11.03\2017\K1\10X,11_03-2017_01_27-10_00-K1-10X.jpeg,C:\Users\ASUS\Desktop\Ders\blg521\data\11.03\2017\K1\10X\11_03-2017_01_27-10_00-K1-10X.jpeg,BLURRED,Very blurry (Laplacian variance: 11.44),1920,1080,148.92,10.72,11.44
11.03\2017\K1\1X,11_03-2017_01_08-10_00-K1-1X.jpeg,C:\Users\ASUS\Desktop\Ders\blg521\data\11.03\2017\K1\1X\11_03-2017_01_08-10_00-K1-1X.jpeg,LOW_CONTRAST,Extremely low contrast (std: 4.68),1920,1080,147.09,4.68,0.00
11.03\2017\K1\1X,11_03-2017_01_09-10_00-K1-1X.jpeg,C:\Users\ASUS\Desktop\Ders\blg521\data\11.03\2017\K1\1X\11_03-2017_01_09-10_00-K1-1X.jpeg,LOW_CONTRAST,Extremely low contrast (std: 3.05),1920,1080,146.80,3.05,0.00
11.03\2017\K1\1X,11_03-2017_01_10-10_00-K1-1X.jpeg,C:\Users\ASUS\Desktop\Ders\blg521\data\11.03\2017\K1\1X\11_03-2017_01_10-10_00-K1-1X.jpeg,BLURRED,Very blurry (Laplacian variance: 13.69),1920,1080,146.83,5.05,13.69
11.03\2017\K2\10X,11_03-2017_01_08-10_00-K2-10X.jpeg,C:\Users\ASUS\Desktop\Ders\blg521\data\11.03\2017\K2\10X\11_03-2017_01_08-10_00-K2-10X.jpeg,BLURRED,Very blurry (Laplacian variance: 4.55),1920,1080,159.28,5.88,4.55
11.03\2017\K2\10X,11_03-2017_01_09-10_00-K2-10X.jpeg,C:\Users\ASUS\Desktop\Ders\blg521\data\11.03\2017\K2\10X\11_03-2017_01_09-10_00-K2-10X.jpeg,BLURRED,Very blurry (Laplacian variance: 5.08),1920,1080,154.61,5.94,5.08
11.03\2017\K2\10X,11_03-2017_01_10-10_00-K2-10X.jpeg,C:\Users\ASUS\Desktop\Ders\blg521\data\11.03\2017\K2\10X\11_03-2017_01_10-10_00-K2-10X.jpeg,BLURRED,Very blurry (Laplacian variance: 6.65),1920,1080,146.74,5.90,6.65
11.03\2017\K2\10X,11_03-2017_01_27-10_00-K2-10X.jpeg,C:\Users\ASUS\Desktop\Ders\blg521\data\11.03\2017\K2\10X\11_03-2017_01_27-10_00-K2-10X.jpeg,BLURRED,Very blurry (Laplacian variance: 10.90),1920,1080,154.62,7.55,10.90
11.03\2017\K2\1X,11_03-2017_01_08-10_00-K2-1X.jpeg,C:\Users\ASUS\Desktop\Ders\blg521\data\11.03\2017\K2\1X\11_03-2017_01_08-10_00-K2-1X.jpeg,LOW_CONTRAST,Extremely low contrast (std: 2.76),1920,1080,148.52,2.76,0.00
11.03\2017\K2\1X,11_03-2017_01_09-10_00-K2-1X.jpeg,C:\Users\ASUS\Desktop\Ders\blg521\data\11.03\2017\K2\1X\11_03-2017_01_09-10_00-K2-1X.jpeg,LOW_CONTRAST,Extremely low contrast (std: 3.48),1920,1080,148.65,3.48,0.00
11.03\2017\K2\1X,11_03-2017_01_10-10_00-K2-1X.jpeg,C:\Users\ASUS\Desktop\Ders\blg521\data\11.03\2017\K2\1X\11_03-2017_01_10-10_00-K2-1X.jpeg,LOW_CONTRAST,Extremely low contrast (std: 4.40),1920,1080,154.31,4.40,0.00
11.03\2017\K2\1X,11_03-2017_01_27-10_00-K2-1X.jpeg,C:\Users\ASUS\Desktop\Ders\blg521\data\11.03\2017\K2\1X\11_03-2017_01_27-10_00-K2-1X.jpeg,LOW_CONTRAST,Extremely low contrast (std: 4.94),1920,1080,153.61,4.94,0.00
26.11\2016\K1\10X,26_11-2016_01_13-10_00-K1-10X.jpeg,C:\Users\ASUS\Desktop\Ders\blg521\data\26.11\2016\K1\10X\26_11-2016_01_13-10_00-K1-10X.jpeg,BLURRED,Very blurry (Laplacian variance: 30.38),1920,1080,111.27,25.48,30.38
26.11\2016\K1\10X,26_11-2016_01_27-10_00-K1-10X.jpeg,C:\Users\ASUS\Desktop\Ders\blg521\data\26.11\2016\K1\10X\26_11-2016_01_27-10_00-K1-10X.jpeg,BLURRED,Very blurry (Laplacian variance: 19.09),1920,1080,117.43,17.93,19.09
26.11\2016\K1\10X,26_11-2016_01_29-10_00-K1-10X.jpeg,C:\Users\ASUS\Desktop\Ders\blg521\data\26.11\2016\K1\10X\26_11-2016_01_29-10_00-K1-10X.jpeg,BLURRED,Very blurry (Laplacian variance: 10.88),1920,1080,113.78,16.87,10.88
26.11\2016\K1\10X,26_11-2016_01_30-10_00-K1-10X.jpeg,C:\Users\ASUS\Desktop\Ders\blg521\data\26.11\2016\K1\10X\26_11-2016_01_30-10_00-K1-10X.jpeg,BLURRED,Very blurry (Laplacian variance: 18.25),1920,1080,108.50,38.26,18.25
26.11\2016\K1\10X,26_11-2016_02_06-10_00-K1-10X.jpeg,C:\Users\ASUS\Desktop\Ders\blg521\data\26.11\2016\K1\10X\26_11-2016_02_06-10_00-K1-10X.jpeg,BLURRED,Very blurry (Laplacian variance: 8.95),1920,1080,110.96,11.20,8.95
26.11\2016\K1\10X,26_11-2016_02_07-10_00-K1-10X.jpeg,C:\Users\ASUS\Desktop\Ders\blg521\data\26.11\2016\K1\10X\26_11-2016_02_07-10_00-K1-10X.jpeg,BLURRED,Very blurry (Laplacian variance: 45.03),1920,1080,106.14,29.19,45.03
26.11\2016\K1\10X,26_11-2016_03_24-10_00-K1-10X.jpeg,C:\Users\ASUS\Desktop\Ders\blg521\data\26.11\2016\K1\10X\26_11-2016_03_24-10_00-K1-10X.jpeg,BLURRED,Very blurry (Laplacian variance: 23.44),1920,1080,108.52,24.47,23.44
26.11\2016\K1\10X,26_11-2016_05_22-10_00-K1-10X.jpeg,C:\Users\ASUS\Desktop\Ders\blg521\data\26.11\2016\K1\10X\26_11-2016_05_22-10_00-K1-10X.jpeg,BLURRED,Very blurry (Laplacian variance: 48.28),1920,1080,117.54,17.37,48.28
26.11\2016\K1\10X,26_11-2016_08_25-10_00-K1-10X.jpeg,C:\Users\ASUS\Desktop\Ders\blg521\data\26.11\2016\K1\10X\26_11-2016_08_25-10_00-K1-10X.jpeg,TRUNCATED,JPEG missing standard EOI marker \xFF\xD9,0,0,0.00,0.00,0.00
26.11\2016\K1\10X,26_11-2016_11_13-10_00-K1-10X.jpeg,C:\Users\ASUS\Desktop\Ders\blg521\data\26.11\2016\K1\10X\26_11-2016_11_13-10_00-K1-10X.jpeg,BLURRED,Very blurry (Laplacian variance: 19.21),1920,1080,114.94,16.43,19.21
26.11\2016\K1\10X,26_11-2016_11_30-10_00-K1-10X.jpeg,C:\Users\ASUS\Desktop\Ders\blg521\data\26.11\2016\K1\10X\26_11-2016_11_30-10_00-K1-10X.jpeg,BLURRED,Very blurry (Laplacian variance: 27.74),1920,1080,121.64,16.15,27.74
26.11\2016\K1\10X,26_11-2016_12_03-10_00-K1-10X.jpeg,C:\Users\ASUS\Desktop\Ders\blg521\data\26.11\2016\K1\10X\26_11-2016_12_03-10_00-K1-10X.jpeg,BLURRED,Very blurry (Laplacian variance: 28.22),1920,1080,121.10,15.11,28.22
26.11\2016\K1\10X,26_11-2016_12_13-10_00-K1-10X.jpeg,C:\Users\ASUS\Desktop\Ders\blg521\data\26.11\2016\K1\10X\26_11-2016_12_13-10_00-K1-10X.jpeg,BLURRED,Very blurry (Laplacian variance: 29.99),1920,1080,114.73,16.75,29.99
26.11\2016\K1\10X,26_11-2016_12_16-10_00-K1-10X.jpeg,C:\Users\ASUS\Desktop\Ders\blg521\data\26.11\2016\K1\10X\26_11-2016_12_16-10_00-K1-10X.jpeg,BLURRED,Very blurry (Laplacian variance: 49.96),1920,1080,115.04,20.40,49.96
26.11\2016\K1\10X,26_11-2016_12_17-10_00-K1-10X.jpeg,C:\Users\ASUS\Desktop\Ders\blg521\data\26.11\2016\K1\10X\26_11-2016_12_17-10_00-K1-10X.jpeg,BLURRED,Very blurry (Laplacian variance: 19.79),1920,1080,127.14,13.99,19.79
26.11\2016\K1\10X,26_11-2016_12_21-10_00-K1-10X.jpeg,C:\Users\ASUS\Desktop\Ders\blg521\data\26.11\2016\K1\10X\26_11-2016_12_21-10_00-K1-10X.jpeg,BLURRED,Very blurry (Laplacian variance: 8.52),1920,1080,112.21,11.22,8.52
26.11\2016\K1\10X,26_11-2016_12_22-10_00-K1-10X.jpeg,C:\Users\ASUS\Desktop\Ders\blg521\data\26.11\2016\K1\10X\26_11-2016_12_22-10_00-K1-10X.jpeg,BLURRED,Very blurry (Laplacian variance: 28.37),1920,1080,126.47,26.45,28.37
26.11\2016\K1\10X,26_11-2016_12_23-10_00-K1-10X.jpeg,C:\Users\ASUS\Desktop\Ders\blg521\data\26.11\2016\K1\10X\26_11-2016_12_23-10_00-K1-10X.jpeg,BLURRED,Very blurry (Laplacian variance: 8.65),1920,1080,112.24,11.14,8.65
26.11\2016\K1\10X,26_11-2016_12_24-10_00-K1-10X.jpeg,C:\Users\ASUS\Desktop\Ders\blg521\data\26.11\2016\K1\10X\26_11-2016_12_24-10_00-K1-10X.jpeg,BLURRED,Very blurry (Laplacian variance: 8.60),1920,1080,109.87,11.37,8.60
26.11\2016\K1\1X,26_11-2016_08_25-10_00-K1-1X.jpeg,C:\Users\ASUS\Desktop\Ders\blg521\data\26.11\2016\K1\1X\26_11-2016_08_25-10_00-K1-1X.jpeg,TRUNCATED,JPEG missing standard EOI marker \xFF\xD9,0,0,0.00,0.00,0.00
26.11\2016\K1\1X,26_11-2016_12_21-10_00-K1-1X.jpeg,C:\Users\ASUS\Desktop\Ders\blg521\data\26.11\2016\K1\1X\26_11-2016_12_21-10_00-K1-1X.jpeg,BLURRED,Very blurry (Laplacian variance: 13.58),1920,1080,125.64,6.09,13.58
26.11\2016\K1\1X,26_11-2016_12_23-10_00-K1-1X.jpeg,C:\Users\ASUS\Desktop\Ders\blg521\data\26.11\2016\K1\1X\26_11-2016_12_23-10_00-K1-1X.jpeg,BLURRED,Very blurry (Laplacian variance: 8.72),1920,1080,128.89,6.49,8.72
26.11\2016\K1\1X,26_11-2016_12_24-10_00-K1-1X.jpeg,C:\Users\ASUS\Desktop\Ders\blg521\data\26.11\2016\K1\1X\26_11-2016_12_24-10_00-K1-1X.jpeg,BLURRED,Very blurry (Laplacian variance: 9.76),1920,1080,116.79,6.14,9.76
26.11\2016\K2\10X,26_11-2016_01_12-10_38-K2-10X.jpeg,C:\Users\ASUS\Desktop\Ders\blg521\data\26.11\2016\K2\10X\26_11-2016_01_12-10_38-K2-10X.jpeg,BLURRED,Very blurry (Laplacian variance: 8.17),1920,1080,112.43,15.63,8.17
26.11\2016\K2\10X,26_11-2016_01_13-10_00-K2-10X.jpeg,C:\Users\ASUS\Desktop\Ders\blg521\data\26.11\2016\K2\10X\26_11-2016_01_13-10_00-K2-10X.jpeg,BLURRED,Very blurry (Laplacian variance: 22.54),1920,1080,113.00,15.45,22.54
26.11\2016\K2\10X,26_11-2016_01_26-11_03-K2-10X.jpeg,C:\Users\ASUS\Desktop\Ders\blg521\data\26.11\2016\K2\10X\26_11-2016_01_26-11_03-K2-10X.jpeg,BLURRED,Very blurry (Laplacian variance: 33.19),1920,1080,122.44,22.87,33.19
26.11\2016\K2\10X,26_11-2016_01_27-10_00-K2-10X.jpeg,C:\Users\ASUS\Desktop\Ders\blg521\data\26.11\2016\K2\10X\26_11-2016_01_27-10_00-K2-10X.jpeg,BLURRED,Very blurry (Laplacian variance: 49.23),1920,1080,115.61,26.50,49.23
26.11\2016\K2\10X,26_11-2016_01_28-10_00-K2-10X.jpeg,C:\Users\ASUS\Desktop\Ders\blg521\data\26.11\2016\K2\10X\26_11-2016_01_28-10_00-K2-10X.jpeg,BLURRED,Very blurry (Laplacian variance: 25.62),1920,1080,111.54,26.84,25.62
26.11\2016\K2\10X,26_11-2016_01_29-10_00-K2-10X.jpeg,C:\Users\ASUS\Desktop\Ders\blg521\data\26.11\2016\K2\10X\26_11-2016_01_29-10_00-K2-10X.jpeg,BLURRED,Very blurry (Laplacian variance: 14.50),1920,1080,114.82,23.02,14.50
26.11\2016\K2\10X,26_11-2016_02_06-10_00-K2-10X.jpeg,C:\Users\ASUS\Desktop\Ders\blg521\data\26.11\2016\K2\10X\26_11-2016_02_06-10_00-K2-10X.jpeg,BLURRED,Very blurry (Laplacian variance: 10.22),1920,1080,111.73,12.46,10.22
26.11\2016\K2\10X,26_11-2016_03_10-10_00-K2-10X.jpeg,C:\Users\ASUS\Desktop\Ders\blg521\data\26.11\2016\K2\10X\26_11-2016_03_10-10_00-K2-10X.jpeg,BLURRED,Very blurry (Laplacian variance: 20.62),1920,1080,108.97,26.22,20.62
26.11\2016\K2\10X,26_11-2016_03_14-10_00-K2-10X.jpeg,C:\Users\ASUS\Desktop\Ders\blg521\data\26.11\2016\K2\10X\26_11-2016_03_14-10_00-K2-10X.jpeg,BLURRED,Very blurry (Laplacian variance: 23.22),1920,1080,112.03,19.69,23.22
26.11\2016\K2\10X,26_11-2016_03_26-10_00-K2-10X.jpeg,C:\Users\ASUS\Desktop\Ders\blg521\data\26.11\2016\K2\10X\26_11-2016_03_26-10_00-K2-10X.jpeg,BLURRED,Very blurry (Laplacian variance: 47.75),1920,1080,109.82,26.01,47.75
26.11\2016\K2\10X,26_11-2016_08_25-10_00-K2-10X.jpeg,C:\Users\ASUS\Desktop\Ders\blg521\data\26.11\2016\K2\10X\26_11-2016_08_25-10_00-K2-10X.jpeg,TRUNCATED,JPEG missing standard EOI marker \xFF\xD9,0,0,0.00,0.00,0.00
26.11\2016\K2\10X,26_11-2016_12_21-10_00-K2-10X.jpeg,C:\Users\ASUS\Desktop\Ders\blg521\data\26.11\2016\K2\10X\26_11-2016_12_21-10_00-K2-10X.jpeg,BLURRED,Very blurry (Laplacian variance: 15.35),1920,1080,114.68,22.48,15.35
26.11\2016\K2\10X,26_11-2016_12_23-10_00-K2-10X.jpeg,C:\Users\ASUS\Desktop\Ders\blg521\data\26.11\2016\K2\10X\26_11-2016_12_23-10_00-K2-10X.jpeg,BLURRED,Very blurry (Laplacian variance: 8.99),1920,1080,112.33,12.38,8.99
26.11\2016\K2\10X,26_11-2016_12_24-10_00-K2-10X.jpeg,C:\Users\ASUS\Desktop\Ders\blg521\data\26.11\2016\K2\10X\26_11-2016_12_24-10_00-K2-10X.jpeg,BLURRED,Very blurry (Laplacian variance: 10.07),1920,1080,110.17,15.56,10.07
26.11\2016\K2\1X,26_11-2016_01_26-11_02-K2-1X.jpeg,C:\Users\ASUS\Desktop\Ders\blg521\data\26.11\2016\K2\1X\26_11-2016_01_26-11_02-K2-1X.jpeg,BLURRED,Very blurry (Laplacian variance: 40.49),1920,1080,121.42,22.37,40.49
26.11\2016\K2\1X,26_11-2016_02_06-10_00-K2-1X.jpeg,C:\Users\ASUS\Desktop\Ders\blg521\data\26.11\2016\K2\1X\26_11-2016_02_06-10_00-K2-1X.jpeg,BLURRED,Very blurry (Laplacian variance: 23.70),1920,1080,120.97,9.50,23.70
26.11\2016\K2\1X,26_11-2016_03_10-10_00-K2-1X.jpeg,C:\Users\ASUS\Desktop\Ders\blg521\data\26.11\2016\K2\1X\26_11-2016_03_10-10_00-K2-1X.jpeg,BLURRED,Very blurry (Laplacian variance: 47.62),1920,1080,109.37,27.29,47.62
26.11\2016\K2\1X,26_11-2016_03_14-10_00-K2-1X.jpeg,C:\Users\ASUS\Desktop\Ders\blg521\data\26.11\2016\K2\1X\26_11-2016_03_14-10_00-K2-1X.jpeg,BLURRED,Very blurry (Laplacian variance: 19.52),1920,1080,117.42,19.31,19.52
26.11\2016\K2\1X,26_11-2016_08_25-10_00-K2-1X.jpeg,C:\Users\ASUS\Desktop\Ders\blg521\data\26.11\2016\K2\1X\26_11-2016_08_25-10_00-K2-1X.jpeg,TRUNCATED,JPEG missing standard EOI marker \xFF\xD9,0,0,0.00,0.00,0.00
26.11\2016\K2\1X,26_11-2016_12_23-10_00-K2-1X.jpeg,C:\Users\ASUS\Desktop\Ders\blg521\data\26.11\2016\K2\1X\26_11-2016_12_23-10_00-K2-1X.jpeg,BLURRED,Very blurry (Laplacian variance: 8.88),1920,1080,123.42,7.48,8.88
26.11\2016\K2\1X,26_11-2016_12_24-10_00-K2-1X.jpeg,C:\Users\ASUS\Desktop\Ders\blg521\data\26.11\2016\K2\1X\26_11-2016_12_24-10_00-K2-1X.jpeg,BLURRED,Very blurry (Laplacian variance: 32.94),1920,1080,117.00,14.23,32.94
26.11\2017\K1\10X,26_11-2017_01_22-09_30-K1-10X.jpeg,C:\Users\ASUS\Desktop\Ders\blg521\data\26.11\2017\K1\10X\26_11-2017_01_22-09_30-K1-10X.jpeg,BLURRED,Very blurry (Laplacian variance: 49.67),1920,1080,120.75,19.95,49.67
26.11\2017\K1\10X,26_11-2017_01_25-11_30-K1-10X.jpeg,C:\Users\ASUS\Desktop\Ders\blg521\data\26.11\2017\K1\10X\26_11-2017_01_25-11_30-K1-10X.jpeg,BLURRED,Very blurry (Laplacian variance: 8.69),1920,1080,123.55,11.94,8.69
26.11\2017\K1\10X,26_11-2017_01_27-10_00-K1-10X.jpeg,C:\Users\ASUS\Desktop\Ders\blg521\data\26.11\2017\K1\10X\26_11-2017_01_27-10_00-K1-10X.jpeg,BLURRED,Very blurry (Laplacian variance: 9.20),1920,1080,113.09,11.33,9.20
26.11\2017\K1\10X,26_11-2017_01_28-10_00-K1-10X.jpeg,C:\Users\ASUS\Desktop\Ders\blg521\data\26.11\2017\K1\10X\26_11-2017_01_28-10_00-K1-10X.jpeg,BLURRED,Very blurry (Laplacian variance: 8.73),1920,1080,113.08,11.32,8.73
26.11\2017\K1\10X,26_11-2017_01_29-10_00-K1-10X.jpeg,C:\Users\ASUS\Desktop\Ders\blg521\data\26.11\2017\K1\10X\26_11-2017_01_29-10_00-K1-10X.jpeg,BLURRED,Very blurry (Laplacian variance: 8.83),1920,1080,112.06,11.39,8.83
26.11\2017\K1\10X,26_11-2017_01_30-10_00-K1-10X.jpeg,C:\Users\ASUS\Desktop\Ders\blg521\data\26.11\2017\K1\10X\26_11-2017_01_30-10_00-K1-10X.jpeg,BLURRED,Very blurry (Laplacian variance: 23.68),1920,1080,111.60,18.43,23.68
26.11\2017\K1\10X,26_11-2017_01_31-10_00-K1-10X.jpeg,C:\Users\ASUS\Desktop\Ders\blg521\data\26.11\2017\K1\10X\26_11-2017_01_31-10_00-K1-10X.jpeg,BLURRED,Very blurry (Laplacian variance: 9.08),1920,1080,113.42,11.96,9.08
26.11\2017\K1\10X,26_11-2017_02_01-10_00-K1-10X.jpeg,C:\Users\ASUS\Desktop\Ders\blg521\data\26.11\2017\K1\10X\26_11-2017_02_01-10_00-K1-10X.jpeg,BLURRED,Very blurry (Laplacian variance: 37.94),1920,1080,107.09,21.71,37.94
26.11\2017\K1\10X,26_11-2017_02_02-10_00-K1-10X.jpeg,C:\Users\ASUS\Desktop\Ders\blg521\data\26.11\2017\K1\10X\26_11-2017_02_02-10_00-K1-10X.jpeg,BLURRED,Very blurry (Laplacian variance: 14.29),1920,1080,112.33,13.51,14.29
26.11\2017\K1\10X,26_11-2017_02_03-10_00-K1-10X.jpeg,C:\Users\ASUS\Desktop\Ders\blg521\data\26.11\2017\K1\10X\26_11-2017_02_03-10_00-K1-10X.jpeg,BLURRED,Very blurry (Laplacian variance: 25.73),1920,1080,112.03,17.83,25.73
26.11\2017\K1\10X,26_11-2017_02_04-10_00-K1-10X.jpeg,C:\Users\ASUS\Desktop\Ders\blg521\data\26.11\2017\K1\10X\26_11-2017_02_04-10_00-K1-10X.jpeg,BLURRED,Very blurry (Laplacian variance: 8.95),1920,1080,113.76,11.70,8.95
26.11\2017\K1\10X,26_11-2017_02_08-10_00-K1-10X.jpeg,C:\Users\ASUS\Desktop\Ders\blg521\data\26.11\2017\K1\10X\26_11-2017_02_08-10_00-K1-10X.jpeg,BLURRED,Very blurry (Laplacian variance: 18.35),1920,1080,111.86,13.61,18.35
26.11\2017\K1\10X,26_11-2017_03_14-10_00-K1-10X.jpeg,C:\Users\ASUS\Desktop\Ders\blg521\data\26.11\2017\K1\10X\26_11-2017_03_14-10_00-K1-10X.jpeg,BLURRED,Very blurry (Laplacian variance: 13.38),1920,1080,112.59,13.40,13.38
26.11\2017\K1\10X,26_11-2017_03_15-10_00-K1-10X.jpeg,C:\Users\ASUS\Desktop\Ders\blg521\data\26.11\2017\K1\10X\26_11-2017_03_15-10_00-K1-10X.jpeg,BLURRED,Very blurry (Laplacian variance: 32.93),1920,1080,113.46,16.03,32.93
26.11\2017\K1\10X,26_11-2017_04_23-10_00-K1-10X.jpeg,C:\Users\ASUS\Desktop\Ders\blg521\data\26.11\2017\K1\10X\26_11-2017_04_23-10_00-K1-10X.jpeg,BLURRED,Very blurry (Laplacian variance: 20.36),1920,1080,107.30,16.80,20.36
26.11\2017\K1\1X,26_11-2017_01_27-10_00-K1-1X.jpeg,C:\Users\ASUS\Desktop\Ders\blg521\data\26.11\2017\K1\1X\26_11-2017_01_27-10_00-K1-1X.jpeg,BLURRED,Very blurry (Laplacian variance: 14.93),1920,1080,112.59,8.55,14.93
26.11\2017\K1\1X,26_11-2017_01_28-10_00-K1-1X.jpeg,C:\Users\ASUS\Desktop\Ders\blg521\data\26.11\2017\K1\1X\26_11-2017_01_28-10_00-K1-1X.jpeg,BLURRED,Very blurry (Laplacian variance: 27.00),1920,1080,125.10,6.85,27.00
26.11\2017\K1\1X,26_11-2017_01_29-10_00-K1-1X.jpeg,C:\Users\ASUS\Desktop\Ders\blg521\data\26.11\2017\K1\1X\26_11-2017_01_29-10_00-K1-1X.jpeg,BLURRED,Very blurry (Laplacian variance: 9.08),1920,1080,121.63,7.62,9.08
26.11\2017\K1\1X,26_11-2017_01_31-10_00-K1-1X.jpeg,C:\Users\ASUS\Desktop\Ders\blg521\data\26.11\2017\K1\1X\26_11-2017_01_31-10_00-K1-1X.jpeg,BLURRED,Very blurry (Laplacian variance: 33.19),1920,1080,125.40,13.36,33.19
26.11\2017\K1\1X,26_11-2017_02_04-10_00-K1-1X.jpeg,C:\Users\ASUS\Desktop\Ders\blg521\data\26.11\2017\K1\1X\26_11-2017_02_04-10_00-K1-1X.jpeg,BLURRED,Very blurry (Laplacian variance: 42.82),1920,1080,125.52,8.34,42.82
26.11\2017\K2\10X,26_11-2017_01_25-11_24-K2-10X.jpeg,C:\Users\ASUS\Desktop\Ders\blg521\data\26.11\2017\K2\10X\26_11-2017_01_25-11_24-K2-10X.jpeg,BLURRED,Very blurry (Laplacian variance: 10.04),1920,1080,128.19,15.11,10.04
26.11\2017\K2\10X,26_11-2017_01_27-10_00-K2-10X.jpeg,C:\Users\ASUS\Desktop\Ders\blg521\data\26.11\2017\K2\10X\26_11-2017_01_27-10_00-K2-10X.jpeg,BLURRED,Very blurry (Laplacian variance: 16.10),1920,1080,106.37,21.86,16.10
26.11\2017\K2\10X,26_11-2017_01_28-10_00-K2-10X.jpeg,C:\Users\ASUS\Desktop\Ders\blg521\data\26.11\2017\K2\10X\26_11-2017_01_28-10_00-K2-10X.jpeg,BLURRED,Very blurry (Laplacian variance: 9.15),1920,1080,112.63,12.42,9.15
26.11\2017\K2\10X,26_11-2017_01_29-10_00-K2-10X.jpeg,C:\Users\ASUS\Desktop\Ders\blg521\data\26.11\2017\K2\10X\26_11-2017_01_29-10_00-K2-10X.jpeg,BLURRED,Very blurry (Laplacian variance: 9.17),1920,1080,112.29,12.04,9.17
26.11\2017\K2\10X,26_11-2017_01_30-10_00-K2-10X.jpeg,C:\Users\ASUS\Desktop\Ders\blg521\data\26.11\2017\K2\10X\26_11-2017_01_30-10_00-K2-10X.jpeg,BLURRED,Very blurry (Laplacian variance: 33.96),1920,1080,109.62,23.69,33.96
26.11\2017\K2\10X,26_11-2017_02_01-10_00-K2-10X.jpeg,C:\Users\ASUS\Desktop\Ders\blg521\data\26.11\2017\K2\10X\26_11-2017_02_01-10_00-K2-10X.jpeg,BLURRED,Very blurry (Laplacian variance: 44.64),1920,1080,105.70,31.29,44.64
26.11\2017\K2\10X,26_11-2017_02_02-10_00-K2-10X.jpeg,C:\Users\ASUS\Desktop\Ders\blg521\data\26.11\2017\K2\10X\26_11-2017_02_02-10_00-K2-10X.jpeg,BLURRED,Very blurry (Laplacian variance: 42.11),1920,1080,107.84,32.31,42.11
26.11\2017\K2\10X,26_11-2017_02_03-10_00-K2-10X.jpeg,C:\Users\ASUS\Desktop\Ders\blg521\data\26.11\2017\K2\10X\26_11-2017_02_03-10_00-K2-10X.jpeg,BLURRED,Very blurry (Laplacian variance: 31.60),1920,1080,107.59,27.50,31.60
26.11\2017\K2\10X,26_11-2017_02_04-10_00-K2-10X.jpeg,C:\Users\ASUS\Desktop\Ders\blg521\data\26.11\2017\K2\10X\26_11-2017_02_04-10_00-K2-10X.jpeg,BLURRED,Very blurry (Laplacian variance: 9.40),1920,1080,121.22,13.75,9.40
26.11\2017\K2\10X,26_11-2017_02_05-10_00-K2-10X.jpeg,C:\Users\ASUS\Desktop\Ders\blg521\data\26.11\2017\K2\10X\26_11-2017_02_05-10_00-K2-10X.jpeg,BLURRED,Very blurry (Laplacian variance: 21.38),1920,1080,104.79,52.16,21.38
26.11\2017\K2\10X,26_11-2017_02_12-10_00-K2-10X.jpeg,C:\Users\ASUS\Desktop\Ders\blg521\data\26.11\2017\K2\10X\26_11-2017_02_12-10_00-K2-10X.jpeg,BLURRED,Very blurry (Laplacian variance: 39.14),1920,1080,112.73,23.64,39.14
26.11\2017\K2\10X,26_11-2017_02_21-10_00-K2-10X.jpeg,C:\Users\ASUS\Desktop\Ders\blg521\data\26.11\2017\K2\10X\26_11-2017_02_21-10_00-K2-10X.jpeg,BLURRED,Very blurry (Laplacian variance: 40.73),1920,1080,107.67,21.99,40.73
26.11\2017\K2\10X,26_11-2017_03_14-10_00-K2-10X.jpeg,C:\Users\ASUS\Desktop\Ders\blg521\data\26.11\2017\K2\10X\26_11-2017_03_14-10_00-K2-10X.jpeg,BLURRED,Very blurry (Laplacian variance: 26.64),1920,1080,126.66,22.78,26.64
26.11\2017\K2\10X,26_11-2017_04_23-10_00-K2-10X.jpeg,C:\Users\ASUS\Desktop\Ders\blg521\data\26.11\2017\K2\10X\26_11-2017_04_23-10_00-K2-10X.jpeg,BLURRED,Very blurry (Laplacian variance: 13.79),1920,1080,113.46,25.44,13.79
26.11\2017\K2\1X,26_11-2017_01_25-11_23-K2-1X.jpeg,C:\Users\ASUS\Desktop\Ders\blg521\data\26.11\2017\K2\1X\26_11-2017_01_25-11_23-K2-1X.jpeg,BLURRED,Very blurry (Laplacian variance: 10.00),1920,1080,127.11,14.97,10.00
26.11\2017\K2\1X,26_11-2017_01_28-10_00-K2-1X.jpeg,C:\Users\ASUS\Desktop\Ders\blg521\data\26.11\2017\K2\1X\26_11-2017_01_28-10_00-K2-1X.jpeg,BLURRED,Very blurry (Laplacian variance: 12.13),1920,1080,125.53,7.80,12.13
26.11\2017\K2\1X,26_11-2017_01_29-10_00-K2-1X.jpeg,C:\Users\ASUS\Desktop\Ders\blg521\data\26.11\2017\K2\1X\26_11-2017_01_29-10_00-K2-1X.jpeg,BLURRED,Very blurry (Laplacian variance: 8.63),1920,1080,120.43,22.96,8.63
26.11\2017\K2\1X,26_11-2017_02_04-10_00-K2-1X.jpeg,C:\Users\ASUS\Desktop\Ders\blg521\data\26.11\2017\K2\1X\26_11-2017_02_04-10_00-K2-1X.jpeg,BLURRED,Very blurry (Laplacian variance: 30.79),1920,1080,124.11,9.01,30.79
26.12\2016\K1\10X,26_12-2016_01_01-10_23-K1-10X.jpeg,C:\Users\ASUS\Desktop\Ders\blg521\data\26.12\2016\K1\10X\26_12-2016_01_01-10_23-K1-10X.jpeg,LOW_CONTRAST,Extremely low contrast (std: 4.80),1920,1080,136.87,4.80,0.00
26.12\2016\K1\10X,26_12-2016_01_22-10_00-K1-10X.jpeg,C:\Users\ASUS\Desktop\Ders\blg521\data\26.12\2016\K1\10X\26_12-2016_01_22-10_00-K1-10X.jpeg,LOW_CONTRAST,Extremely low contrast (std: 3.85),1920,1080,118.75,3.85,0.00
26.12\2016\K1\10X,26_12-2016_01_23-10_02-K1-10X.jpeg,C:\Users\ASUS\Desktop\Ders\blg521\data\26.12\2016\K1\10X\26_12-2016_01_23-10_02-K1-10X.jpeg,LOW_CONTRAST,Extremely low contrast (std: 3.95),1920,1080,132.94,3.95,0.00
26.12\2016\K1\10X,26_12-2016_01_24-10_00-K1-10X.jpeg,C:\Users\ASUS\Desktop\Ders\blg521\data\26.12\2016\K1\10X\26_12-2016_01_24-10_00-K1-10X.jpeg,BLURRED,Very blurry (Laplacian variance: 10.38),1920,1080,119.73,8.48,10.38
26.12\2016\K1\10X,26_12-2016_01_25-10_00-K1-10X.jpeg,C:\Users\ASUS\Desktop\Ders\blg521\data\26.12\2016\K1\10X\26_12-2016_01_25-10_00-K1-10X.jpeg,BLURRED,Very blurry (Laplacian variance: 48.18),1920,1080,130.00,10.15,48.18
26.12\2016\K1\10X,26_12-2016_01_26-10_00-K1-10X.jpeg,C:\Users\ASUS\Desktop\Ders\blg521\data\26.12\2016\K1\10X\26_12-2016_01_26-10_00-K1-10X.jpeg,BLURRED,Very blurry (Laplacian variance: 7.29),1920,1080,112.00,6.50,7.29
26.12\2016\K1\10X,26_12-2016_01_27-10_56-K1-10X.jpeg,C:\Users\ASUS\Desktop\Ders\blg521\data\26.12\2016\K1\10X\26_12-2016_01_27-10_56-K1-10X.jpeg,LOW_CONTRAST,Extremely low contrast (std: 3.63),1920,1080,126.93,3.63,0.00
26.12\2016\K1\10X,26_12-2016_01_28-10_16-K1-10X.jpeg,C:\Users\ASUS\Desktop\Ders\blg521\data\26.12\2016\K1\10X\26_12-2016_01_28-10_16-K1-10X.jpeg,LOW_CONTRAST,Extremely low contrast (std: 3.36),1920,1080,144.87,3.36,0.00
26.12\2016\K1\10X,26_12-2016_02_07-10_00-K1-10X.jpeg,C:\Users\ASUS\Desktop\Ders\blg521\data\26.12\2016\K1\10X\26_12-2016_02_07-10_00-K1-10X.jpeg,BLURRED,Very blurry (Laplacian variance: 34.78),1920,1080,132.74,17.50,34.78
26.12\2016\K1\10X,26_12-2016_02_14-10_00-K1-10X.jpeg,C:\Users\ASUS\Desktop\Ders\blg521\data\26.12\2016\K1\10X\26_12-2016_02_14-10_00-K1-10X.jpeg,BLURRED,Very blurry (Laplacian variance: 13.54),1920,1080,120.46,15.38,13.54
26.12\2016\K1\10X,26_12-2016_05_22-10_00-K1-10X.jpeg,C:\Users\ASUS\Desktop\Ders\blg521\data\26.12\2016\K1\10X\26_12-2016_05_22-10_00-K1-10X.jpeg,BLURRED,Very blurry (Laplacian variance: 34.47),1920,1080,129.95,29.11,34.47
26.12\2016\K1\10X,26_12-2016_08_25-10_00-K1-10X.jpeg,C:\Users\ASUS\Desktop\Ders\blg521\data\26.12\2016\K1\10X\26_12-2016_08_25-10_00-K1-10X.jpeg,TRUNCATED,JPEG missing standard EOI marker \xFF\xD9,0,0,0.00,0.00,0.00
26.12\2016\K1\10X,26_12-2016_12_21-11_50-K1-10X.jpeg,C:\Users\ASUS\Desktop\Ders\blg521\data\26.12\2016\K1\10X\26_12-2016_12_21-11_50-K1-10X.jpeg,BLURRED,Very blurry (Laplacian variance: 10.01),1920,1080,128.02,7.34,10.01
26.12\2016\K1\1X,26_12-2016_01_01-09_38-K1-1X.jpeg,C:\Users\ASUS\Desktop\Ders\blg521\data\26.12\2016\K1\1X\26_12-2016_01_01-09_38-K1-1X.jpeg,LOW_CONTRAST,Extremely low contrast (std: 4.13),1920,1080,131.77,4.13,0.00
26.12\2016\K1\1X,26_12-2016_01_22-10_00-K1-1X.jpeg,C:\Users\ASUS\Desktop\Ders\blg521\data\26.12\2016\K1\1X\26_12-2016_01_22-10_00-K1-1X.jpeg,LOW_CONTRAST,Extremely low contrast (std: 4.04),1920,1080,117.17,4.04,0.00
26.12\2016\K1\1X,26_12-2016_01_23-10_21-K1-1X.jpeg,C:\Users\ASUS\Desktop\Ders\blg521\data\26.12\2016\K1\1X\26_12-2016_01_23-10_21-K1-1X.jpeg,LOW_CONTRAST,Extremely low contrast (std: 2.46),1920,1080,133.28,2.46,0.00
26.12\2016\K1\1X,26_12-2016_01_24-10_00-K1-1X.jpeg,C:\Users\ASUS\Desktop\Ders\blg521\data\26.12\2016\K1\1X\26_12-2016_01_24-10_00-K1-1X.jpeg,LOW_CONTRAST,Extremely low contrast (std: 3.15),1920,1080,128.44,3.15,0.00
26.12\2016\K1\1X,26_12-2016_01_25-10_00-K1-1X.jpeg,C:\Users\ASUS\Desktop\Ders\blg521\data\26.12\2016\K1\1X\26_12-2016_01_25-10_00-K1-1X.jpeg,BLURRED,Very blurry (Laplacian variance: 11.93),1920,1080,136.93,13.76,11.93
26.12\2016\K1\1X,26_12-2016_01_26-10_00-K1-1X.jpeg,C:\Users\ASUS\Desktop\Ders\blg521\data\26.12\2016\K1\1X\26_12-2016_01_26-10_00-K1-1X.jpeg,LOW_CONTRAST,Extremely low contrast (std: 1.73),1920,1080,132.95,1.73,0.00
26.12\2016\K1\1X,26_12-2016_01_27-10_57-K1-1X.jpeg,C:\Users\ASUS\Desktop\Ders\blg521\data\26.12\2016\K1\1X\26_12-2016_01_27-10_57-K1-1X.jpeg,LOW_CONTRAST,Extremely low contrast (std: 1.59),1920,1080,127.19,1.59,0.00
26.12\2016\K1\1X,26_12-2016_01_28-10_26-K1-1X.jpeg,C:\Users\ASUS\Desktop\Ders\blg521\data\26.12\2016\K1\1X\26_12-2016_01_28-10_26-K1-1X.jpeg,LOW_CONTRAST,Extremely low contrast (std: 1.91),1920,1080,134.65,1.91,0.00
26.12\2016\K1\1X,26_12-2016_05_22-10_00-K1-1X.jpeg,C:\Users\ASUS\Desktop\Ders\blg521\data\26.12\2016\K1\1X\26_12-2016_05_22-10_00-K1-1X.jpeg,BLURRED,Very blurry (Laplacian variance: 34.82),1920,1080,136.34,28.92,34.82
26.12\2016\K1\1X,26_12-2016_08_25-10_00-K1-1X.jpeg,C:\Users\ASUS\Desktop\Ders\blg521\data\26.12\2016\K1\1X\26_12-2016_08_25-10_00-K1-1X.jpeg,TRUNCATED,JPEG missing standard EOI marker \xFF\xD9,0,0,0.00,0.00,0.00
26.12\2016\K1\1X,26_12-2016_11_12-10_00-K1-1X.jpeg,C:\Users\ASUS\Desktop\Ders\blg521\data\26.12\2016\K1\1X\26_12-2016_11_12-10_00-K1-1X.jpeg,BLURRED,Very blurry (Laplacian variance: 31.50),1920,1080,112.18,45.14,31.50
26.12\2016\K1\1X,26_12-2016_11_17-10_00-K1-1X.jpeg,C:\Users\ASUS\Desktop\Ders\blg521\data\26.12\2016\K1\1X\26_12-2016_11_17-10_00-K1-1X.jpeg,BLURRED,Very blurry (Laplacian variance: 9.60),1920,1080,131.17,33.39,9.60
26.12\2016\K1\1X,26_12-2016_12_03-10_00-K1-1X.jpeg,C:\Users\ASUS\Desktop\Ders\blg521\data\26.12\2016\K1\1X\26_12-2016_12_03-10_00-K1-1X.jpeg,BLURRED,Very blurry (Laplacian variance: 38.24),1920,1080,137.22,5.79,38.24
26.12\2016\K1\1X,26_12-2016_12_21-11_51-K1-1X.jpeg,C:\Users\ASUS\Desktop\Ders\blg521\data\26.12\2016\K1\1X\26_12-2016_12_21-11_51-K1-1X.jpeg,LOW_CONTRAST,Extremely low contrast (std: 3.94),1920,1080,138.33,3.94,0.00
26.12\2016\K1\1X,26_12-2016_12_23-10_58-K1-1X.jpeg,C:\Users\ASUS\Desktop\Ders\blg521\data\26.12\2016\K1\1X\26_12-2016_12_23-10_58-K1-1X.jpeg,LOW_CONTRAST,Extremely low contrast (std: 4.27),1920,1080,135.99,4.27,0.00
26.12\2016\K2\10X,26_12-2016_01_01-10_23-K2-10X.jpeg,C:\Users\ASUS\Desktop\Ders\blg521\data\26.12\2016\K2\10X\26_12-2016_01_01-10_23-K2-10X.jpeg,LOW_CONTRAST,Extremely low contrast (std: 4.37),1920,1080,134.78,4.37,0.00
26.12\2016\K2\10X,26_12-2016_01_22-10_00-K2-10X.jpeg,C:\Users\ASUS\Desktop\Ders\blg521\data\26.12\2016\K2\10X\26_12-2016_01_22-10_00-K2-10X.jpeg,BLURRED,Very blurry (Laplacian variance: 6.75),1920,1080,133.24,8.63,6.75
26.12\2016\K2\10X,26_12-2016_01_23-10_02-K2-10X.jpeg,C:\Users\ASUS\Desktop\Ders\blg521\data\26.12\2016\K2\10X\26_12-2016_01_23-10_02-K2-10X.jpeg,LOW_CONTRAST,Extremely low contrast (std: 4.08),1920,1080,135.33,4.08,0.00
26.12\2016\K2\10X,26_12-2016_01_24-10_00-K2-10X.jpeg,C:\Users\ASUS\Desktop\Ders\blg521\data\26.12\2016\K2\10X\26_12-2016_01_24-10_00-K2-10X.jpeg,BLURRED,Very blurry (Laplacian variance: 8.00),1920,1080,119.73,8.36,8.00
26.12\2016\K2\10X,26_12-2016_01_25-10_00-K2-10X.jpeg,C:\Users\ASUS\Desktop\Ders\blg521\data\26.12\2016\K2\10X\26_12-2016_01_25-10_00-K2-10X.jpeg,BLURRED,Very blurry (Laplacian variance: 8.71),1920,1080,129.75,8.58,8.71
26.12\2016\K2\10X,26_12-2016_01_26-10_00-K2-10X.jpeg,C:\Users\ASUS\Desktop\Ders\blg521\data\26.12\2016\K2\10X\26_12-2016_01_26-10_00-K2-10X.jpeg,BLURRED,Very blurry (Laplacian variance: 7.21),1920,1080,121.11,8.24,7.21
26.12\2016\K2\10X,26_12-2016_01_27-10_56-K2-10X.jpeg,C:\Users\ASUS\Desktop\Ders\blg521\data\26.12\2016\K2\10X\26_12-2016_01_27-10_56-K2-10X.jpeg,LOW_CONTRAST,Extremely low contrast (std: 3.70),1920,1080,130.66,3.70,0.00
26.12\2016\K2\10X,26_12-2016_01_28-10_16-K2-10X.jpeg,C:\Users\ASUS\Desktop\Ders\blg521\data\26.12\2016\K2\10X\26_12-2016_01_28-10_16-K2-10X.jpeg,LOW_CONTRAST,Extremely low contrast (std: 4.06),1920,1080,135.85,4.06,0.00
26.12\2016\K2\10X,26_12-2016_01_29-10_00-K2-10X.jpeg,C:\Users\ASUS\Desktop\Ders\blg521\data\26.12\2016\K2\10X\26_12-2016_01_29-10_00-K2-10X.jpeg,BLURRED,Very blurry (Laplacian variance: 44.79),1920,1080,127.07,8.72,44.79
26.12\2016\K2\10X,26_12-2016_02_07-10_00-K2-10X.jpeg,C:\Users\ASUS\Desktop\Ders\blg521\data\26.12\2016\K2\10X\26_12-2016_02_07-10_00-K2-10X.jpeg,BLURRED,Very blurry (Laplacian variance: 14.72),1920,1080,125.99,11.81,14.72
26.12\2016\K2\10X,26_12-2016_02_08-10_00-K2-10X.jpeg,C:\Users\ASUS\Desktop\Ders\blg521\data\26.12\2016\K2\10X\26_12-2016_02_08-10_00-K2-10X.jpeg,BLURRED,Very blurry (Laplacian variance: 47.57),1920,1080,119.55,55.28,47.57
26.12\2016\K2\10X,26_12-2016_03_23-10_00-K2-10X.jpeg,C:\Users\ASUS\Desktop\Ders\blg521\data\26.12\2016\K2\10X\26_12-2016_03_23-10_00-K2-10X.jpeg,BLURRED,Very blurry (Laplacian variance: 49.09),1920,1080,135.28,10.94,49.09
26.12\2016\K2\10X,26_12-2016_05_03-10_00-K2-10X.jpeg,C:\Users\ASUS\Desktop\Ders\blg521\data\26.12\2016\K2\10X\26_12-2016_05_03-10_00-K2-10X.jpeg,BLURRED,Very blurry (Laplacian variance: 41.41),1920,1080,130.31,20.02,41.41
26.12\2016\K2\10X,26_12-2016_05_21-10_00-K2-10X.jpeg,C:\Users\ASUS\Desktop\Ders\blg521\data\26.12\2016\K2\10X\26_12-2016_05_21-10_00-K2-10X.jpeg,BLURRED,Very blurry (Laplacian variance: 33.25),1920,1080,114.55,20.93,33.25
26.12\2016\K2\10X,26_12-2016_05_22-10_00-K2-10X.jpeg,C:\Users\ASUS\Desktop\Ders\blg521\data\26.12\2016\K2\10X\26_12-2016_05_22-10_00-K2-10X.jpeg,BLURRED,Very blurry (Laplacian variance: 9.57),1920,1080,132.05,31.10,9.57
26.12\2016\K2\10X,26_12-2016_08_25-10_00-K2-10X.jpeg,C:\Users\ASUS\Desktop\Ders\blg521\data\26.12\2016\K2\10X\26_12-2016_08_25-10_00-K2-10X.jpeg,TRUNCATED,JPEG missing standard EOI marker \xFF\xD9,0,0,0.00,0.00,0.00
26.12\2016\K2\10X,26_12-2016_09_24-10_00-K2-10X.jpeg,C:\Users\ASUS\Desktop\Ders\blg521\data\26.12\2016\K2\10X\26_12-2016_09_24-10_00-K2-10X.jpeg,BLURRED,Very blurry (Laplacian variance: 38.31),1920,1080,118.70,14.05,38.31
26.12\2016\K2\10X,26_12-2016_10_08-10_00-K2-10X.jpeg,C:\Users\ASUS\Desktop\Ders\blg521\data\26.12\2016\K2\10X\26_12-2016_10_08-10_00-K2-10X.jpeg,BLURRED,Very blurry (Laplacian variance: 24.40),1920,1080,110.81,14.35,24.40
26.12\2016\K2\10X,26_12-2016_10_18-10_00-K2-10X.jpeg,C:\Users\ASUS\Desktop\Ders\blg521\data\26.12\2016\K2\10X\26_12-2016_10_18-10_00-K2-10X.jpeg,BLURRED,Very blurry (Laplacian variance: 47.68),1920,1080,125.48,12.08,47.68
26.12\2016\K2\10X,26_12-2016_11_12-10_00-K2-10X.jpeg,C:\Users\ASUS\Desktop\Ders\blg521\data\26.12\2016\K2\10X\26_12-2016_11_12-10_00-K2-10X.jpeg,BLURRED,Very blurry (Laplacian variance: 16.97),1920,1080,132.14,27.39,16.97
26.12\2016\K2\10X,26_12-2016_11_17-10_00-K2-10X.jpeg,C:\Users\ASUS\Desktop\Ders\blg521\data\26.12\2016\K2\10X\26_12-2016_11_17-10_00-K2-10X.jpeg,BLURRED,Very blurry (Laplacian variance: 9.70),1920,1080,130.37,11.23,9.70
26.12\2016\K2\10X,26_12-2016_12_21-11_50-K2-10X.jpeg,C:\Users\ASUS\Desktop\Ders\blg521\data\26.12\2016\K2\10X\26_12-2016_12_21-11_50-K2-10X.jpeg,BLURRED,Very blurry (Laplacian variance: 23.05),1920,1080,137.86,11.88,23.05
26.12\2016\K2\10X,26_12-2016_12_23-10_57-K2-10X.jpeg,C:\Users\ASUS\Desktop\Ders\blg521\data\26.12\2016\K2\10X\26_12-2016_12_23-10_57-K2-10X.jpeg,LOW_CONTRAST,Extremely low contrast (std: 4.66),1920,1080,136.49,4.66,0.00
26.12\2016\K2\10X,26_12-2016_12_25-09_30-K2-10X.jpeg,C:\Users\ASUS\Desktop\Ders\blg521\data\26.12\2016\K2\10X\26_12-2016_12_25-09_30-K2-10X.jpeg,BLURRED,Very blurry (Laplacian variance: 38.91),1920,1080,129.89,21.28,38.91
26.12\2016\K2\1X,26_12-2016_01_01-09_38-K2-1X.jpeg,C:\Users\ASUS\Desktop\Ders\blg521\data\26.12\2016\K2\1X\26_12-2016_01_01-09_38-K2-1X.jpeg,LOW_CONTRAST,Extremely low contrast (std: 3.27),1920,1080,129.41,3.27,0.00
26.12\2016\K2\1X,26_12-2016_01_22-10_00-K2-1X.jpeg,C:\Users\ASUS\Desktop\Ders\blg521\data\26.12\2016\K2\1X\26_12-2016_01_22-10_00-K2-1X.jpeg,LOW_CONTRAST,Extremely low contrast (std: 2.53),1920,1080,132.30,2.53,0.00
26.12\2016\K2\1X,26_12-2016_01_23-10_21-K2-1X.jpeg,C:\Users\ASUS\Desktop\Ders\blg521\data\26.12\2016\K2\1X\26_12-2016_01_23-10_21-K2-1X.jpeg,LOW_CONTRAST,Extremely low contrast (std: 2.78),1920,1080,135.13,2.78,0.00
26.12\2016\K2\1X,26_12-2016_01_24-10_00-K2-1X.jpeg,C:\Users\ASUS\Desktop\Ders\blg521\data\26.12\2016\K2\1X\26_12-2016_01_24-10_00-K2-1X.jpeg,LOW_CONTRAST,Extremely low contrast (std: 2.40),1920,1080,125.77,2.40,0.00
26.12\2016\K2\1X,26_12-2016_01_25-10_00-K2-1X.jpeg,C:\Users\ASUS\Desktop\Ders\blg521\data\26.12\2016\K2\1X\26_12-2016_01_25-10_00-K2-1X.jpeg,BLURRED,Very blurry (Laplacian variance: 7.36),1920,1080,145.88,5.42,7.36
26.12\2016\K2\1X,26_12-2016_01_26-10_00-K2-1X.jpeg,C:\Users\ASUS\Desktop\Ders\blg521\data\26.12\2016\K2\1X\26_12-2016_01_26-10_00-K2-1X.jpeg,LOW_CONTRAST,Extremely low contrast (std: 2.23),1920,1080,131.09,2.23,0.00
26.12\2016\K2\1X,26_12-2016_01_27-10_57-K2-1X.jpeg,C:\Users\ASUS\Desktop\Ders\blg521\data\26.12\2016\K2\1X\26_12-2016_01_27-10_57-K2-1X.jpeg,LOW_CONTRAST,Extremely low contrast (std: 1.99),1920,1080,130.99,1.99,0.00
26.12\2016\K2\1X,26_12-2016_01_28-10_26-K2-1X.jpeg,C:\Users\ASUS\Desktop\Ders\blg521\data\26.12\2016\K2\1X\26_12-2016_01_28-10_26-K2-1X.jpeg,LOW_CONTRAST,Extremely low contrast (std: 2.33),1920,1080,129.66,2.33,0.00
26.12\2016\K2\1X,26_12-2016_01_29-10_00-K2-1X.jpeg,C:\Users\ASUS\Desktop\Ders\blg521\data\26.12\2016\K2\1X\26_12-2016_01_29-10_00-K2-1X.jpeg,BLURRED,Very blurry (Laplacian variance: 44.85),1920,1080,126.89,8.69,44.85
26.12\2016\K2\1X,26_12-2016_02_07-10_00-K2-1X.jpeg,C:\Users\ASUS\Desktop\Ders\blg521\data\26.12\2016\K2\1X\26_12-2016_02_07-10_00-K2-1X.jpeg,BLURRED,Very blurry (Laplacian variance: 38.61),1920,1080,162.31,9.22,38.61
26.12\2016\K2\1X,26_12-2016_03_10-11_34-K2-1X.jpeg,C:\Users\ASUS\Desktop\Ders\blg521\data\26.12\2016\K2\1X\26_12-2016_03_10-11_34-K2-1X.jpeg,BLURRED,Very blurry (Laplacian variance: 42.23),1920,1080,133.97,7.90,42.23
26.12\2016\K2\1X,26_12-2016_03_23-10_00-K2-1X.jpeg,C:\Users\ASUS\Desktop\Ders\blg521\data\26.12\2016\K2\1X\26_12-2016_03_23-10_00-K2-1X.jpeg,BLURRED,Very blurry (Laplacian variance: 48.91),1920,1080,133.70,11.03,48.91
26.12\2016\K2\1X,26_12-2016_04_20-10_00-K2-1X.jpeg,C:\Users\ASUS\Desktop\Ders\blg521\data\26.12\2016\K2\1X\26_12-2016_04_20-10_00-K2-1X.jpeg,BLURRED,Very blurry (Laplacian variance: 41.85),1920,1080,126.52,23.35,41.85
26.12\2016\K2\1X,26_12-2016_05_03-10_00-K2-1X.jpeg,C:\Users\ASUS\Desktop\Ders\blg521\data\26.12\2016\K2\1X\26_12-2016_05_03-10_00-K2-1X.jpeg,BLURRED,Very blurry (Laplacian variance: 42.33),1920,1080,132.80,20.16,42.33
26.12\2016\K2\1X,26_12-2016_05_07-10_00-K2-1X.jpeg,C:\Users\ASUS\Desktop\Ders\blg521\data\26.12\2016\K2\1X\26_12-2016_05_07-10_00-K2-1X.jpeg,BLURRED,Very blurry (Laplacian variance: 44.93),1920,1080,125.34,20.24,44.93
26.12\2016\K2\1X,26_12-2016_05_12-10_00-K2-1X.jpeg,C:\Users\ASUS\Desktop\Ders\blg521\data\26.12\2016\K2\1X\26_12-2016_05_12-10_00-K2-1X.jpeg,BLURRED,Very blurry (Laplacian variance: 35.94),1920,1080,127.23,21.86,35.94
26.12\2016\K2\1X,26_12-2016_05_15-10_00-K2-1X.jpeg,C:\Users\ASUS\Desktop\Ders\blg521\data\26.12\2016\K2\1X\26_12-2016_05_15-10_00-K2-1X.jpeg,BLURRED,Very blurry (Laplacian variance: 45.73),1920,1080,132.91,21.92,45.73
26.12\2016\K2\1X,26_12-2016_05_16-10_00-K2-1X.jpeg,C:\Users\ASUS\Desktop\Ders\blg521\data\26.12\2016\K2\1X\26_12-2016_05_16-10_00-K2-1X.jpeg,BLURRED,Very blurry (Laplacian variance: 43.26),1920,1080,119.86,32.12,43.26
26.12\2016\K2\1X,26_12-2016_05_21-10_00-K2-1X.jpeg,C:\Users\ASUS\Desktop\Ders\blg521\data\26.12\2016\K2\1X\26_12-2016_05_21-10_00-K2-1X.jpeg,BLURRED,Very blurry (Laplacian variance: 32.78),1920,1080,113.17,20.66,32.78
26.12\2016\K2\1X,26_12-2016_05_22-10_00-K2-1X.jpeg,C:\Users\ASUS\Desktop\Ders\blg521\data\26.12\2016\K2\1X\26_12-2016_05_22-10_00-K2-1X.jpeg,BLURRED,Very blurry (Laplacian variance: 9.88),1920,1080,129.89,29.00,9.88
26.12\2016\K2\1X,26_12-2016_05_23-10_00-K2-1X.jpeg,C:\Users\ASUS\Desktop\Ders\blg521\data\26.12\2016\K2\1X\26_12-2016_05_23-10_00-K2-1X.jpeg,BLURRED,Very blurry (Laplacian variance: 25.50),1920,1080,126.93,24.80,25.50
26.12\2016\K2\1X,26_12-2016_08_25-10_00-K2-1X.jpeg,C:\Users\ASUS\Desktop\Ders\blg521\data\26.12\2016\K2\1X\26_12-2016_08_25-10_00-K2-1X.jpeg,TRUNCATED,JPEG missing standard EOI marker \xFF\xD9,0,0,0.00,0.00,0.00
26.12\2016\K2\1X,26_12-2016_09_19-10_46-K2-1X.jpeg,C:\Users\ASUS\Desktop\Ders\blg521\data\26.12\2016\K2\1X\26_12-2016_09_19-10_46-K2-1X.jpeg,BLURRED,Very blurry (Laplacian variance: 40.74),1920,1080,134.07,13.42,40.74
26.12\2016\K2\1X,26_12-2016_09_20-10_00-K2-1X.jpeg,C:\Users\ASUS\Desktop\Ders\blg521\data\26.12\2016\K2\1X\26_12-2016_09_20-10_00-K2-1X.jpeg,BLURRED,Very blurry (Laplacian variance: 15.59),1920,1080,134.81,13.20,15.59
26.12\2016\K2\1X,26_12-2016_09_22-10_00-K2-1X.jpeg,C:\Users\ASUS\Desktop\Ders\blg521\data\26.12\2016\K2\1X\26_12-2016_09_22-10_00-K2-1X.jpeg,BLURRED,Very blurry (Laplacian variance: 39.65),1920,1080,131.48,11.90,39.65
26.12\2016\K2\1X,26_12-2016_09_24-10_00-K2-1X.jpeg,C:\Users\ASUS\Desktop\Ders\blg521\data\26.12\2016\K2\1X\26_12-2016_09_24-10_00-K2-1X.jpeg,BLURRED,Very blurry (Laplacian variance: 35.74),1920,1080,115.71,11.50,35.74
26.12\2016\K2\1X,26_12-2016_10_05-10_00-K2-1X.jpeg,C:\Users\ASUS\Desktop\Ders\blg521\data\26.12\2016\K2\1X\26_12-2016_10_05-10_00-K2-1X.jpeg,BLURRED,Very blurry (Laplacian variance: 29.09),1920,1080,125.28,12.18,29.09
26.12\2016\K2\1X,26_12-2016_10_06-10_00-K2-1X.jpeg,C:\Users\ASUS\Desktop\Ders\blg521\data\26.12\2016\K2\1X\26_12-2016_10_06-10_00-K2-1X.jpeg,BLURRED,Very blurry (Laplacian variance: 47.83),1920,1080,123.59,13.44,47.83
26.12\2016\K2\1X,26_12-2016_10_08-10_00-K2-1X.jpeg,C:\Users\ASUS\Desktop\Ders\blg521\data\26.12\2016\K2\1X\26_12-2016_10_08-10_00-K2-1X.jpeg,BLURRED,Very blurry (Laplacian variance: 28.10),1920,1080,108.43,14.23,28.10
26.12\2016\K2\1X,26_12-2016_10_09-10_00-K2-1X.jpeg,C:\Users\ASUS\Desktop\Ders\blg521\data\26.12\2016\K2\1X\26_12-2016_10_09-10_00-K2-1X.jpeg,BLURRED,Very blurry (Laplacian variance: 43.45),1920,1080,117.48,11.41,43.45
26.12\2016\K2\1X,26_12-2016_10_10-10_00-K2-1X.jpeg,C:\Users\ASUS\Desktop\Ders\blg521\data\26.12\2016\K2\1X\26_12-2016_10_10-10_00-K2-1X.jpeg,BLURRED,Very blurry (Laplacian variance: 20.03),1920,1080,136.25,24.10,20.03
26.12\2016\K2\1X,26_12-2016_10_18-10_00-K2-1X.jpeg,C:\Users\ASUS\Desktop\Ders\blg521\data\26.12\2016\K2\1X\26_12-2016_10_18-10_00-K2-1X.jpeg,BLURRED,Very blurry (Laplacian variance: 47.77),1920,1080,123.98,12.09,47.77
26.12\2016\K2\1X,26_12-2016_10_31-10_00-K2-1X.jpeg,C:\Users\ASUS\Desktop\Ders\blg521\data\26.12\2016\K2\1X\26_12-2016_10_31-10_00-K2-1X.jpeg,BLURRED,Very blurry (Laplacian variance: 28.45),1920,1080,132.10,13.48,28.45
26.12\2016\K2\1X,26_12-2016_11_12-10_00-K2-1X.jpeg,C:\Users\ASUS\Desktop\Ders\blg521\data\26.12\2016\K2\1X\26_12-2016_11_12-10_00-K2-1X.jpeg,BLURRED,Very blurry (Laplacian variance: 15.85),1920,1080,132.87,26.78,15.85
26.12\2016\K2\1X,26_12-2016_11_17-10_00-K2-1X.jpeg,C:\Users\ASUS\Desktop\Ders\blg521\data\26.12\2016\K2\1X\26_12-2016_11_17-10_00-K2-1X.jpeg,BLURRED,Very blurry (Laplacian variance: 8.98),1920,1080,133.46,12.57,8.98
26.12\2016\K2\1X,26_12-2016_11_29-10_00-K2-1X.jpeg,C:\Users\ASUS\Desktop\Ders\blg521\data\26.12\2016\K2\1X\26_12-2016_11_29-10_00-K2-1X.jpeg,BLURRED,Very blurry (Laplacian variance: 29.20),1920,1080,134.81,12.31,29.20
26.12\2016\K2\1X,26_12-2016_12_13-10_00-K2-1X.jpeg,C:\Users\ASUS\Desktop\Ders\blg521\data\26.12\2016\K2\1X\26_12-2016_12_13-10_00-K2-1X.jpeg,BLURRED,Very blurry (Laplacian variance: 48.99),1920,1080,134.08,18.12,48.99
26.12\2016\K2\1X,26_12-2016_12_21-11_51-K2-1X.jpeg,C:\Users\ASUS\Desktop\Ders\blg521\data\26.12\2016\K2\1X\26_12-2016_12_21-11_51-K2-1X.jpeg,LOW_CONTRAST,Extremely low contrast (std: 4.34),1920,1080,135.80,4.34,0.00
26.12\2016\K2\1X,26_12-2016_12_23-10_58-K2-1X.jpeg,C:\Users\ASUS\Desktop\Ders\blg521\data\26.12\2016\K2\1X\26_12-2016_12_23-10_58-K2-1X.jpeg,LOW_CONTRAST,Extremely low contrast (std: 3.57),1920,1080,138.02,3.57,0.00
26.12\2017\K1\10X,26_12-2017_01_08-10_00-K1-10X.jpeg,C:\Users\ASUS\Desktop\Ders\blg521\data\26.12\2017\K1\10X\26_12-2017_01_08-10_00-K1-10X.jpeg,BLURRED,Very blurry (Laplacian variance: 46.74),1920,1080,140.65,8.38,46.74
26.12\2017\K1\10X,26_12-2017_01_09-10_00-K1-10X.jpeg,C:\Users\ASUS\Desktop\Ders\blg521\data\26.12\2017\K1\10X\26_12-2017_01_09-10_00-K1-10X.jpeg,BLURRED,Very blurry (Laplacian variance: 24.27),1920,1080,121.47,18.55,24.27
26.12\2017\K1\10X,26_12-2017_01_10-10_00-K1-10X.jpeg,C:\Users\ASUS\Desktop\Ders\blg521\data\26.12\2017\K1\10X\26_12-2017_01_10-10_00-K1-10X.jpeg,BLURRED,Very blurry (Laplacian variance: 10.70),1920,1080,122.25,10.62,10.70
26.12\2017\K1\10X,26_12-2017_01_21-10_00-K1-10X.jpeg,C:\Users\ASUS\Desktop\Ders\blg521\data\26.12\2017\K1\10X\26_12-2017_01_21-10_00-K1-10X.jpeg,BLURRED,Very blurry (Laplacian variance: 11.14),1920,1080,132.29,9.24,11.14
26.12\2017\K1\10X,26_12-2017_01_23-10_00-K1-10X.jpeg,C:\Users\ASUS\Desktop\Ders\blg521\data\26.12\2017\K1\10X\26_12-2017_01_23-10_00-K1-10X.jpeg,BLURRED,Very blurry (Laplacian variance: 18.92),1920,1080,125.86,16.81,18.92
26.12\2017\K1\10X,26_12-2017_01_28-10_00-K1-10X.jpeg,C:\Users\ASUS\Desktop\Ders\blg521\data\26.12\2017\K1\10X\26_12-2017_01_28-10_00-K1-10X.jpeg,LOW_CONTRAST,Extremely low contrast (std: 2.55),1920,1080,139.04,2.55,0.00
26.12\2017\K1\10X,26_12-2017_02_16-10_00-K1-10X.jpeg,C:\Users\ASUS\Desktop\Ders\blg521\data\26.12\2017\K1\10X\26_12-2017_02_16-10_00-K1-10X.jpeg,BLURRED,Very blurry (Laplacian variance: 9.93),1920,1080,121.83,8.17,9.93
26.12\2017\K1\10X,26_12-2017_02_27-10_00-K1-10X.jpeg,C:\Users\ASUS\Desktop\Ders\blg521\data\26.12\2017\K1\10X\26_12-2017_02_27-10_00-K1-10X.jpeg,BLURRED,Very blurry (Laplacian variance: 31.67),1920,1080,123.22,11.10,31.67
26.12\2017\K1\1X,26_12-2017_01_07-11_42-K1-1X.jpeg,C:\Users\ASUS\Desktop\Ders\blg521\data\26.12\2017\K1\1X\26_12-2017_01_07-11_42-K1-1X.jpeg,LOW_CONTRAST,Extremely low contrast (std: 3.80),1920,1080,137.18,3.80,0.00
26.12\2017\K1\1X,26_12-2017_01_08-10_00-K1-1X.jpeg,C:\Users\ASUS\Desktop\Ders\blg521\data\26.12\2017\K1\1X\26_12-2017_01_08-10_00-K1-1X.jpeg,BLURRED,Very blurry (Laplacian variance: 45.38),1920,1080,137.86,8.33,45.38
26.12\2017\K1\1X,26_12-2017_01_10-10_00-K1-1X.jpeg,C:\Users\ASUS\Desktop\Ders\blg521\data\26.12\2017\K1\1X\26_12-2017_01_10-10_00-K1-1X.jpeg,BLURRED,Very blurry (Laplacian variance: 18.66),1920,1080,132.61,5.27,18.66
26.12\2017\K1\1X,26_12-2017_01_20-10_03-K1-1X.jpeg,C:\Users\ASUS\Desktop\Ders\blg521\data\26.12\2017\K1\1X\26_12-2017_01_20-10_03-K1-1X.jpeg,LOW_CONTRAST,Extremely low contrast (std: 4.23),1920,1080,134.84,4.23,0.00
26.12\2017\K1\1X,26_12-2017_01_25-09_00-K1-1X.jpeg,C:\Users\ASUS\Desktop\Ders\blg521\data\26.12\2017\K1\1X\26_12-2017_01_25-09_00-K1-1X.jpeg,BLURRED,Very blurry (Laplacian variance: 13.43),1920,1080,130.95,8.39,13.43
26.12\2017\K1\1X,26_12-2017_01_28-10_00-K1-1X.jpeg,C:\Users\ASUS\Desktop\Ders\blg521\data\26.12\2017\K1\1X\26_12-2017_01_28-10_00-K1-1X.jpeg,LOW_CONTRAST,Extremely low contrast (std: 2.60),1920,1080,141.49,2.60,0.00
26.12\2017\K1\1X,26_12-2017_02_16-10_00-K1-1X.jpeg,C:\Users\ASUS\Desktop\Ders\blg521\data\26.12\2017\K1\1X\26_12-2017_02_16-10_00-K1-1X.jpeg,LOW_CONTRAST,Extremely low contrast (std: 2.33),1920,1080,139.36,2.33,0.00
26.12\2017\K1\1X,26_12-2017_02_27-10_00-K1-1X.jpeg,C:\Users\ASUS\Desktop\Ders\blg521\data\26.12\2017\K1\1X\26_12-2017_02_27-10_00-K1-1X.jpeg,BLURRED,Very blurry (Laplacian variance: 20.61),1920,1080,127.28,31.65,20.61
26.12\2017\K1\1X,26_12-2017_03_03-10_00-K1-1X.jpeg,C:\Users\ASUS\Desktop\Ders\blg521\data\26.12\2017\K1\1X\26_12-2017_03_03-10_00-K1-1X.jpeg,BLURRED,Very blurry (Laplacian variance: 49.37),1920,1080,130.15,20.22,49.37
26.12\2017\K2\10X,26_12-2017_01_08-10_00-K2-10X.jpeg,C:\Users\ASUS\Desktop\Ders\blg521\data\26.12\2017\K2\10X\26_12-2017_01_08-10_00-K2-10X.jpeg,LOW_CONTRAST,Extremely low contrast (std: 2.83),1920,1080,138.09,2.83,0.00
26.12\2017\K2\10X,26_12-2017_01_09-10_00-K2-10X.jpeg,C:\Users\ASUS\Desktop\Ders\blg521\data\26.12\2017\K2\10X\26_12-2017_01_09-10_00-K2-10X.jpeg,BLURRED,Very blurry (Laplacian variance: 10.51),1920,1080,123.80,8.70,10.51
26.12\2017\K2\10X,26_12-2017_01_10-10_00-K2-10X.jpeg,C:\Users\ASUS\Desktop\Ders\blg521\data\26.12\2017\K2\10X\26_12-2017_01_10-10_00-K2-10X.jpeg,LOW_CONTRAST,Extremely low contrast (std: 3.27),1920,1080,140.09,3.27,0.00
26.12\2017\K2\10X,26_12-2017_01_28-10_00-K2-10X.jpeg,C:\Users\ASUS\Desktop\Ders\blg521\data\26.12\2017\K2\10X\26_12-2017_01_28-10_00-K2-10X.jpeg,LOW_CONTRAST,Extremely low contrast (std: 3.35),1920,1080,140.43,3.35,0.00
26.12\2017\K2\10X,26_12-2017_02_16-10_00-K2-10X.jpeg,C:\Users\ASUS\Desktop\Ders\blg521\data\26.12\2017\K2\10X\26_12-2017_02_16-10_00-K2-10X.jpeg,BLURRED,Very blurry (Laplacian variance: 16.48),1920,1080,123.93,11.55,16.48
26.12\2017\K2\10X,26_12-2017_02_27-10_00-K2-10X.jpeg,C:\Users\ASUS\Desktop\Ders\blg521\data\26.12\2017\K2\10X\26_12-2017_02_27-10_00-K2-10X.jpeg,BLURRED,Very blurry (Laplacian variance: 36.42),1920,1080,122.87,11.39,36.42
26.12\2017\K2\10X,26_12-2017_04_18-10_00-K2-10X.jpeg,C:\Users\ASUS\Desktop\Ders\blg521\data\26.12\2017\K2\10X\26_12-2017_04_18-10_00-K2-10X.jpeg,BLURRED,Very blurry (Laplacian variance: 49.24),1920,1080,117.14,12.42,49.24
26.12\2017\K2\10X,26_12-2017_04_23-10_00-K2-10X.jpeg,C:\Users\ASUS\Desktop\Ders\blg521\data\26.12\2017\K2\10X\26_12-2017_04_23-10_00-K2-10X.jpeg,BLURRED,Very blurry (Laplacian variance: 8.30),1920,1080,127.56,10.77,8.30
26.12\2017\K2\10X,26_12-2017_05_29-10_00-K2-10X.jpeg,C:\Users\ASUS\Desktop\Ders\blg521\data\26.12\2017\K2\10X\26_12-2017_05_29-10_00-K2-10X.jpeg,BLURRED,Very blurry (Laplacian variance: 47.03),1920,1080,116.54,14.99,47.03
26.12\2017\K2\1X,26_12-2017_01_07-11_42-K2-1X.jpeg,C:\Users\ASUS\Desktop\Ders\blg521\data\26.12\2017\K2\1X\26_12-2017_01_07-11_42-K2-1X.jpeg,LOW_CONTRAST,Extremely low contrast (std: 2.51),1920,1080,133.93,2.51,0.00
26.12\2017\K2\1X,26_12-2017_01_08-10_00-K2-1X.jpeg,C:\Users\ASUS\Desktop\Ders\blg521\data\26.12\2017\K2\1X\26_12-2017_01_08-10_00-K2-1X.jpeg,LOW_CONTRAST,Extremely low contrast (std: 2.83),1920,1080,136.11,2.83,0.00
26.12\2017\K2\1X,26_12-2017_01_09-10_00-K2-1X.jpeg,C:\Users\ASUS\Desktop\Ders\blg521\data\26.12\2017\K2\1X\26_12-2017_01_09-10_00-K2-1X.jpeg,LOW_CONTRAST,Extremely low contrast (std: 3.40),1920,1080,137.79,3.40,0.00
26.12\2017\K2\1X,26_12-2017_01_10-10_00-K2-1X.jpeg,C:\Users\ASUS\Desktop\Ders\blg521\data\26.12\2017\K2\1X\26_12-2017_01_10-10_00-K2-1X.jpeg,LOW_CONTRAST,Extremely low contrast (std: 3.29),1920,1080,139.14,3.29,0.00
26.12\2017\K2\1X,26_12-2017_01_25-09_00-K2-1X.jpeg,C:\Users\ASUS\Desktop\Ders\blg521\data\26.12\2017\K2\1X\26_12-2017_01_25-09_00-K2-1X.jpeg,BLURRED,Very blurry (Laplacian variance: 8.80),1920,1080,128.36,11.46,8.80
26.12\2017\K2\1X,26_12-2017_01_28-10_00-K2-1X.jpeg,C:\Users\ASUS\Desktop\Ders\blg521\data\26.12\2017\K2\1X\26_12-2017_01_28-10_00-K2-1X.jpeg,LOW_CONTRAST,Extremely low contrast (std: 3.37),1920,1080,139.06,3.37,0.00
26.12\2017\K2\1X,26_12-2017_02_15-10_00-K2-1X.jpeg,C:\Users\ASUS\Desktop\Ders\blg521\data\26.12\2017\K2\1X\26_12-2017_02_15-10_00-K2-1X.jpeg,BLURRED,Very blurry (Laplacian variance: 14.21),1920,1080,127.89,14.26,14.21
26.12\2017\K2\1X,26_12-2017_02_16-10_00-K2-1X.jpeg,C:\Users\ASUS\Desktop\Ders\blg521\data\26.12\2017\K2\1X\26_12-2017_02_16-10_00-K2-1X.jpeg,BLURRED,Very blurry (Laplacian variance: 18.29),1920,1080,137.27,5.36,18.29
26.12\2017\K2\1X,26_12-2017_02_21-10_00-K2-1X.jpeg,C:\Users\ASUS\Desktop\Ders\blg521\data\26.12\2017\K2\1X\26_12-2017_02_21-10_00-K2-1X.jpeg,BLURRED,Very blurry (Laplacian variance: 32.34),1920,1080,134.15,15.43,32.34
26.12\2017\K2\1X,26_12-2017_02_27-10_00-K2-1X.jpeg,C:\Users\ASUS\Desktop\Ders\blg521\data\26.12\2017\K2\1X\26_12-2017_02_27-10_00-K2-1X.jpeg,BLURRED,Very blurry (Laplacian variance: 13.69),1920,1080,129.11,26.38,13.69
26.12\2017\K2\1X,26_12-2017_03_03-10_00-K2-1X.jpeg,C:\Users\ASUS\Desktop\Ders\blg521\data\26.12\2017\K2\1X\26_12-2017_03_03-10_00-K2-1X.jpeg,BLURRED,Very blurry (Laplacian variance: 22.69),1920,1080,132.48,23.09,22.69
26.12\2017\K2\1X,26_12-2017_03_12-10_00-K2-1X.jpeg,C:\Users\ASUS\Desktop\Ders\blg521\data\26.12\2017\K2\1X\26_12-2017_03_12-10_00-K2-1X.jpeg,BLURRED,Very blurry (Laplacian variance: 34.27),1920,1080,132.67,14.79,34.27
26.12\2017\K2\1X,26_12-2017_03_15-10_00-K2-1X.jpeg,C:\Users\ASUS\Desktop\Ders\blg521\data\26.12\2017\K2\1X\26_12-2017_03_15-10_00-K2-1X.jpeg,BLURRED,Very blurry (Laplacian variance: 48.39),1920,1080,135.01,14.71,48.39
26.12\2017\K2\1X,26_12-2017_04_17-10_00-K2-1X.jpeg,C:\Users\ASUS\Desktop\Ders\blg521\data\26.12\2017\K2\1X\26_12-2017_04_17-10_00-K2-1X.jpeg,BLURRED,Very blurry (Laplacian variance: 48.40),1920,1080,132.70,11.57,48.40
26.12\2017\K2\1X,26_12-2017_05_26-10_00-K2-1X.jpeg,C:\Users\ASUS\Desktop\Ders\blg521\data\26.12\2017\K2\1X\26_12-2017_05_26-10_00-K2-1X.jpeg,BLURRED,Very blurry (Laplacian variance: 49.87),1920,1080,132.92,16.51,49.87
26.12\2017\K2\1X,26_12-2017_05_27-10_00-K2-1X.jpeg,C:\Users\ASUS\Desktop\Ders\blg521\data\26.12\2017\K2\1X\26_12-2017_05_27-10_00-K2-1X.jpeg,BLURRED,Very blurry (Laplacian variance: 42.58),1920,1080,133.38,14.06,42.58
26.12\2017\K2\1X,26_12-2017_05_29-10_00-K2-1X.jpeg,C:\Users\ASUS\Desktop\Ders\blg521\data\26.12\2017\K2\1X\26_12-2017_05_29-10_00-K2-1X.jpeg,BLURRED,Very blurry (Laplacian variance: 47.40),1920,1080,118.73,15.23,47.40
26.12\2017\K2\1X,26_12-2017_06_02-10_30-K2-1X.jpeg,C:\Users\ASUS\Desktop\Ders\blg521\data\26.12\2017\K2\1X\26_12-2017_06_02-10_30-K2-1X.jpeg,BLURRED,Very blurry (Laplacian variance: 45.00),1920,1080,118.71,14.92,45.00
27.02\2016\K1\10X,27_02-2016_06_27-10_00-K1-10X.jpeg,C:\Users\ASUS\Desktop\Ders\blg521\data\27.02\2016\K1\10X\27_02-2016_06_27-10_00-K1-10X.jpeg,BLURRED,Very blurry (Laplacian variance: 7.14),2288,1712,106.19,17.81,7.14
27.02\2016\K1\10X,27_02-2016_06_29-10_00-K1-10X.jpeg,C:\Users\ASUS\Desktop\Ders\blg521\data\27.02\2016\K1\10X\27_02-2016_06_29-10_00-K1-10X.jpeg,BLURRED,Very blurry (Laplacian variance: 6.49),2288,1712,114.18,7.94,6.49
27.02\2016\K1\10X,27_02-2016_07_24-10_00-K1-10X.jpeg,C:\Users\ASUS\Desktop\Ders\blg521\data\27.02\2016\K1\10X\27_02-2016_07_24-10_00-K1-10X.jpeg,BLURRED,Very blurry (Laplacian variance: 6.95),2288,1712,104.53,13.82,6.95
27.02\2016\K1\10X,27_02-2016_08_04-10_00-K1-10X.jpeg,C:\Users\ASUS\Desktop\Ders\blg521\data\27.02\2016\K1\10X\27_02-2016_08_04-10_00-K1-10X.jpeg,BLURRED,Very blurry (Laplacian variance: 6.88),2288,1712,108.39,11.99,6.88
27.02\2016\K1\10X,27_02-2016_08_25-10_00-K1-10X.jpeg,C:\Users\ASUS\Desktop\Ders\blg521\data\27.02\2016\K1\10X\27_02-2016_08_25-10_00-K1-10X.jpeg,TRUNCATED,JPEG missing standard EOI marker \xFF\xD9,0,0,0.00,0.00,0.00
27.02\2016\K1\10X,27_02-2016_09_11-09_00-K1-10X.jpeg,C:\Users\ASUS\Desktop\Ders\blg521\data\27.02\2016\K1\10X\27_02-2016_09_11-09_00-K1-10X.jpeg,BLURRED,Very blurry (Laplacian variance: 6.59),2288,1712,110.65,11.34,6.59
27.02\2016\K1\10X,27_02-2016_09_13-10_00-K1-10X.jpeg,C:\Users\ASUS\Desktop\Ders\blg521\data\27.02\2016\K1\10X\27_02-2016_09_13-10_00-K1-10X.jpeg,BLURRED,Very blurry (Laplacian variance: 6.44),2288,1712,113.71,8.37,6.44
27.02\2016\K1\1X,27_02-2016_06_27-10_00-K1-1X.jpeg,C:\Users\ASUS\Desktop\Ders\blg521\data\27.02\2016\K1\1X\27_02-2016_06_27-10_00-K1-1X.jpeg,BLURRED,Very blurry (Laplacian variance: 7.07),2288,1712,106.49,17.32,7.07
27.02\2016\K1\1X,27_02-2016_06_29-10_00-K1-1X.jpeg,C:\Users\ASUS\Desktop\Ders\blg521\data\27.02\2016\K1\1X\27_02-2016_06_29-10_00-K1-1X.jpeg,BLURRED,Very blurry (Laplacian variance: 6.47),2288,1712,114.02,7.98,6.47
27.02\2016\K1\1X,27_02-2016_07_24-10_00-K1-1X.jpeg,C:\Users\ASUS\Desktop\Ders\blg521\data\27.02\2016\K1\1X\27_02-2016_07_24-10_00-K1-1X.jpeg,BLURRED,Very blurry (Laplacian variance: 6.94),2288,1712,104.50,13.33,6.94
27.02\2016\K1\1X,27_02-2016_08_04-10_00-K1-1X.jpeg,C:\Users\ASUS\Desktop\Ders\blg521\data\27.02\2016\K1\1X\27_02-2016_08_04-10_00-K1-1X.jpeg,BLURRED,Very blurry (Laplacian variance: 6.84),2288,1712,108.40,11.99,6.84
27.02\2016\K1\1X,27_02-2016_08_25-10_00-K1-1X.jpeg,C:\Users\ASUS\Desktop\Ders\blg521\data\27.02\2016\K1\1X\27_02-2016_08_25-10_00-K1-1X.jpeg,TRUNCATED,JPEG missing standard EOI marker \xFF\xD9,0,0,0.00,0.00,0.00
27.02\2016\K1\1X,27_02-2016_09_11-09_00-K1-1X.jpeg,C:\Users\ASUS\Desktop\Ders\blg521\data\27.02\2016\K1\1X\27_02-2016_09_11-09_00-K1-1X.jpeg,BLURRED,Very blurry (Laplacian variance: 6.59),2288,1712,111.13,11.30,6.59
27.02\2016\K1\1X,27_02-2016_09_13-10_00-K1-1X.jpeg,C:\Users\ASUS\Desktop\Ders\blg521\data\27.02\2016\K1\1X\27_02-2016_09_13-10_00-K1-1X.jpeg,BLURRED,Very blurry (Laplacian variance: 6.48),2288,1712,113.40,8.44,6.48
27.02\2016\K2\10X,27_02-2016_08_25-10_00-K2-10X.jpeg,C:\Users\ASUS\Desktop\Ders\blg521\data\27.02\2016\K2\10X\27_02-2016_08_25-10_00-K2-10X.jpeg,TRUNCATED,JPEG missing standard EOI marker \xFF\xD9,0,0,0.00,0.00,0.00
27.02\2016\K2\1X,27_02-2016_08_25-10_00-K2-1X.jpeg,C:\Users\ASUS\Desktop\Ders\blg521\data\27.02\2016\K2\1X\27_02-2016_08_25-10_00-K2-1X.jpeg,TRUNCATED,JPEG missing standard EOI marker \xFF\xD9,0,0,0.00,0.00,0.00
27.02\2016\K3\10X,27_02-2016_01_21-10_00-K3-10X.jpeg,C:\Users\ASUS\Desktop\Ders\blg521\data\27.02\2016\K3\10X\27_02-2016_01_21-10_00-K3-10X.jpeg,BLURRED,Very blurry (Laplacian variance: 32.28),2288,1712,102.24,21.22,32.28
27.02\2016\K3\10X,27_02-2016_08_25-10_00-K3-10X.jpeg,C:\Users\ASUS\Desktop\Ders\blg521\data\27.02\2016\K3\10X\27_02-2016_08_25-10_00-K3-10X.jpeg,TRUNCATED,JPEG missing standard EOI marker \xFF\xD9,0,0,0.00,0.00,0.00
27.02\2016\K3\1X,27_02-2016_08_25-10_00-K3-1X.jpeg,C:\Users\ASUS\Desktop\Ders\blg521\data\27.02\2016\K3\1X\27_02-2016_08_25-10_00-K3-1X.jpeg,TRUNCATED,JPEG missing standard EOI marker \xFF\xD9,0,0,0.00,0.00,0.00
27.02\2017\K1\10X,27_02-2017_01_31-10_00-K1-10X.jpeg,C:\Users\ASUS\Desktop\Ders\blg521\data\27.02\2017\K1\10X\27_02-2017_01_31-10_00-K1-10X.jpeg,BLURRED,Very blurry (Laplacian variance: 39.87),2288,1712,114.40,7.81,39.87
27.02\2017\K1\1X,27_02-2017_01_31-10_00-K1-1X.jpeg,C:\Users\ASUS\Desktop\Ders\blg521\data\27.02\2017\K1\1X\27_02-2017_01_31-10_00-K1-1X.jpeg,BLURRED,Very blurry (Laplacian variance: 29.38),2288,1712,113.37,8.71,29.38
27.02\2017\K2\10X,27_02-2017_01_31-10_00-K2-10X.jpeg,C:\Users\ASUS\Desktop\Ders\blg521\data\27.02\2017\K2\10X\27_02-2017_01_31-10_00-K2-10X.jpeg,BLURRED,Very blurry (Laplacian variance: 16.58),2288,1712,113.14,5.56,16.58
27.02\2017\K2\1X,27_02-2017_01_31-10_00-K2-1X.jpeg,C:\Users\ASUS\Desktop\Ders\blg521\data\27.02\2017\K2\1X\27_02-2017_01_31-10_00-K2-1X.jpeg,BLURRED,Very blurry (Laplacian variance: 17.06),2288,1712,114.59,16.16,17.06
27.02\2017\K2\1X,27_02-2017_03_11-10_39-K2-1X.jpeg,C:\Users\ASUS\Desktop\Ders\blg521\data\27.02\2017\K2\1X\27_02-2017_03_11-10_39-K2-1X.jpeg,BLURRED,Very blurry (Laplacian variance: 18.15),2288,1712,112.55,25.33,18.15
27.02\2017\K2\1X,27_02-2017_03_12-10_00-K2-1X.jpeg,C:\Users\ASUS\Desktop\Ders\blg521\data\27.02\2017\K2\1X\27_02-2017_03_12-10_00-K2-1X.jpeg,BLURRED,Very blurry (Laplacian variance: 24.37),2288,1712,108.81,17.43,24.37
27.02\2017\K2\1X,27_02-2017_03_14-10_00-K2-1X.jpeg,C:\Users\ASUS\Desktop\Ders\blg521\data\27.02\2017\K2\1X\27_02-2017_03_14-10_00-K2-1X.jpeg,BLURRED,Very blurry (Laplacian variance: 49.26),2288,1712,117.56,34.95,49.26
27.02\2017\K3\10X,27_02-2017_01_31-10_00-K3-10X.jpeg,C:\Users\ASUS\Desktop\Ders\blg521\data\27.02\2017\K3\10X\27_02-2017_01_31-10_00-K3-10X.jpeg,BLURRED,Very blurry (Laplacian variance: 22.13),2288,1712,111.53,6.05,22.13
27.02\2017\K3\1X,27_02-2017_01_31-10_00-K3-1X.jpeg,C:\Users\ASUS\Desktop\Ders\blg521\data\27.02\2017\K3\1X\27_02-2017_01_31-10_00-K3-1X.jpeg,BLURRED,Very blurry (Laplacian variance: 14.41),2288,1712,113.22,8.51,14.41
27.03\2013\K1\10X,27_03-2013_05_24-09_59-K1-10X.jpeg,C:\Users\ASUS\Desktop\Ders\blg521\data\27.03\2013\K1\10X\27_03-2013_05_24-09_59-K1-10X.jpeg,TRUNCATED,JPEG missing standard EOI marker \xFF\xD9,0,0,0.00,0.00,0.00
27.03\2013\K1\10X,27_03-2013_05_25-10_13-K1-10X.jpeg,C:\Users\ASUS\Desktop\Ders\blg521\data\27.03\2013\K1\10X\27_03-2013_05_25-10_13-K1-10X.jpeg,TRUNCATED,JPEG missing standard EOI marker \xFF\xD9,0,0,0.00,0.00,0.00
27.03\2013\K1\10X,27_03-2013_05_28-09_51-K1-10X.jpeg,C:\Users\ASUS\Desktop\Ders\blg521\data\27.03\2013\K1\10X\27_03-2013_05_28-09_51-K1-10X.jpeg,TRUNCATED,JPEG missing standard EOI marker \xFF\xD9,0,0,0.00,0.00,0.00
27.03\2013\K1\10X,27_03-2013_05_29-09_59-K1-10X.jpeg,C:\Users\ASUS\Desktop\Ders\blg521\data\27.03\2013\K1\10X\27_03-2013_05_29-09_59-K1-10X.jpeg,TRUNCATED,JPEG missing standard EOI marker \xFF\xD9,0,0,0.00,0.00,0.00
27.03\2013\K1\10X,27_03-2013_05_30-10_07-K1-10X.jpeg,C:\Users\ASUS\Desktop\Ders\blg521\data\27.03\2013\K1\10X\27_03-2013_05_30-10_07-K1-10X.jpeg,TRUNCATED,JPEG missing standard EOI marker \xFF\xD9,0,0,0.00,0.00,0.00
27.03\2013\K1\10X,27_03-2013_06_01-09_47-K1-10X.jpeg,C:\Users\ASUS\Desktop\Ders\blg521\data\27.03\2013\K1\10X\27_03-2013_06_01-09_47-K1-10X.jpeg,TRUNCATED,JPEG missing standard EOI marker \xFF\xD9,0,0,0.00,0.00,0.00
27.03\2013\K1\10X,27_03-2013_06_02-10_03-K1-10X.jpeg,C:\Users\ASUS\Desktop\Ders\blg521\data\27.03\2013\K1\10X\27_03-2013_06_02-10_03-K1-10X.jpeg,TRUNCATED,JPEG missing standard EOI marker \xFF\xD9,0,0,0.00,0.00,0.00
27.03\2013\K1\10X,27_03-2013_06_05-10_14-K1-10X.jpeg,C:\Users\ASUS\Desktop\Ders\blg521\data\27.03\2013\K1\10X\27_03-2013_06_05-10_14-K1-10X.jpeg,TRUNCATED,JPEG missing standard EOI marker \xFF\xD9,0,0,0.00,0.00,0.00
27.03\2013\K1\10X,27_03-2013_06_06-09_58-K1-10X.jpeg,C:\Users\ASUS\Desktop\Ders\blg521\data\27.03\2013\K1\10X\27_03-2013_06_06-09_58-K1-10X.jpeg,TRUNCATED,JPEG missing standard EOI marker \xFF\xD9,0,0,0.00,0.00,0.00
27.03\2013\K1\10X,27_03-2013_06_09-10_10-K1-10X.jpeg,C:\Users\ASUS\Desktop\Ders\blg521\data\27.03\2013\K1\10X\27_03-2013_06_09-10_10-K1-10X.jpeg,TRUNCATED,JPEG missing standard EOI marker \xFF\xD9,0,0,0.00,0.00,0.00
27.03\2013\K1\10X,27_03-2013_06_13-10_08-K1-10X.jpeg,C:\Users\ASUS\Desktop\Ders\blg521\data\27.03\2013\K1\10X\27_03-2013_06_13-10_08-K1-10X.jpeg,TRUNCATED,JPEG missing standard EOI marker \xFF\xD9,0,0,0.00,0.00,0.00
27.03\2013\K1\10X,27_03-2013_06_15-10_15-K1-10X.jpeg,C:\Users\ASUS\Desktop\Ders\blg521\data\27.03\2013\K1\10X\27_03-2013_06_15-10_15-K1-10X.jpeg,TRUNCATED,JPEG missing standard EOI marker \xFF\xD9,0,0,0.00,0.00,0.00
27.03\2013\K1\10X,27_03-2013_06_19-10_01-K1-10X.jpeg,C:\Users\ASUS\Desktop\Ders\blg521\data\27.03\2013\K1\10X\27_03-2013_06_19-10_01-K1-10X.jpeg,TRUNCATED,JPEG missing standard EOI marker \xFF\xD9,0,0,0.00,0.00,0.00
27.03\2013\K1\10X,27_03-2013_06_23-09_54-K1-10X.jpeg,C:\Users\ASUS\Desktop\Ders\blg521\data\27.03\2013\K1\10X\27_03-2013_06_23-09_54-K1-10X.jpeg,TRUNCATED,JPEG missing standard EOI marker \xFF\xD9,0,0,0.00,0.00,0.00
27.03\2013\K1\10X,27_03-2013_06_29-09_50-K1-10X.jpeg,C:\Users\ASUS\Desktop\Ders\blg521\data\27.03\2013\K1\10X\27_03-2013_06_29-09_50-K1-10X.jpeg,TRUNCATED,JPEG missing standard EOI marker \xFF\xD9,0,0,0.00,0.00,0.00
27.03\2013\K1\10X,27_03-2013_06_30-10_05-K1-10X.jpeg,C:\Users\ASUS\Desktop\Ders\blg521\data\27.03\2013\K1\10X\27_03-2013_06_30-10_05-K1-10X.jpeg,TRUNCATED,JPEG missing standard EOI marker \xFF\xD9,0,0,0.00,0.00,0.00
27.03\2013\K1\10X,27_03-2013_07_03-09_46-K1-10X.jpeg,C:\Users\ASUS\Desktop\Ders\blg521\data\27.03\2013\K1\10X\27_03-2013_07_03-09_46-K1-10X.jpeg,TRUNCATED,JPEG missing standard EOI marker \xFF\xD9,0,0,0.00,0.00,0.00
27.03\2013\K1\10X,27_03-2013_07_04-10_02-K1-10X.jpeg,C:\Users\ASUS\Desktop\Ders\blg521\data\27.03\2013\K1\10X\27_03-2013_07_04-10_02-K1-10X.jpeg,TRUNCATED,JPEG missing standard EOI marker \xFF\xD9,0,0,0.00,0.00,0.00
27.03\2013\K1\10X,27_03-2013_07_16-09_49-K1-10X.jpeg,C:\Users\ASUS\Desktop\Ders\blg521\data\27.03\2013\K1\10X\27_03-2013_07_16-09_49-K1-10X.jpeg,TRUNCATED,JPEG missing standard EOI marker \xFF\xD9,0,0,0.00,0.00,0.00
27.03\2013\K1\10X,27_03-2013_07_17-09_57-K1-10X.jpeg,C:\Users\ASUS\Desktop\Ders\blg521\data\27.03\2013\K1\10X\27_03-2013_07_17-09_57-K1-10X.jpeg,TRUNCATED,JPEG missing standard EOI marker \xFF\xD9,0,0,0.00,0.00,0.00
27.03\2013\K1\10X,27_03-2013_07_20-10_11-K1-10X.jpeg,C:\Users\ASUS\Desktop\Ders\blg521\data\27.03\2013\K1\10X\27_03-2013_07_20-10_11-K1-10X.jpeg,TRUNCATED,JPEG missing standard EOI marker \xFF\xD9,0,0,0.00,0.00,0.00
27.03\2013\K1\10X,27_03-2013_07_22-09_55-K1-10X.jpeg,C:\Users\ASUS\Desktop\Ders\blg521\data\27.03\2013\K1\10X\27_03-2013_07_22-09_55-K1-10X.jpeg,TRUNCATED,JPEG missing standard EOI marker \xFF\xD9,0,0,0.00,0.00,0.00
27.03\2013\K1\10X,27_03-2013_07_23-09_52-K1-10X.jpeg,C:\Users\ASUS\Desktop\Ders\blg521\data\27.03\2013\K1\10X\27_03-2013_07_23-09_52-K1-10X.jpeg,TRUNCATED,JPEG missing standard EOI marker \xFF\xD9,0,0,0.00,0.00,0.00
27.03\2013\K1\10X,27_03-2013_07_24-09_55-K1-10X.jpeg,C:\Users\ASUS\Desktop\Ders\blg521\data\27.03\2013\K1\10X\27_03-2013_07_24-09_55-K1-10X.jpeg,TRUNCATED,JPEG missing standard EOI marker \xFF\xD9,0,0,0.00,0.00,0.00
27.03\2013\K1\10X,27_03-2013_07_25-09_52-K1-10X.jpeg,C:\Users\ASUS\Desktop\Ders\blg521\data\27.03\2013\K1\10X\27_03-2013_07_25-09_52-K1-10X.jpeg,TRUNCATED,JPEG missing standard EOI marker \xFF\xD9,0,0,0.00,0.00,0.00
27.03\2013\K1\10X,27_03-2013_07_26-10_23-K1-10X.jpeg,C:\Users\ASUS\Desktop\Ders\blg521\data\27.03\2013\K1\10X\27_03-2013_07_26-10_23-K1-10X.jpeg,TRUNCATED,JPEG missing standard EOI marker \xFF\xD9,0,0,0.00,0.00,0.00
27.03\2013\K1\10X,27_03-2013_07_27-09_54-K1-10X.jpeg,C:\Users\ASUS\Desktop\Ders\blg521\data\27.03\2013\K1\10X\27_03-2013_07_27-09_54-K1-10X.jpeg,TRUNCATED,JPEG missing standard EOI marker \xFF\xD9,0,0,0.00,0.00,0.00
27.03\2013\K1\10X,27_03-2013_07_29-09_45-K1-10X.jpeg,C:\Users\ASUS\Desktop\Ders\blg521\data\27.03\2013\K1\10X\27_03-2013_07_29-09_45-K1-10X.jpeg,TRUNCATED,JPEG missing standard EOI marker \xFF\xD9,0,0,0.00,0.00,0.00
27.03\2013\K1\10X,27_03-2013_07_30-10_14-K1-10X.jpeg,C:\Users\ASUS\Desktop\Ders\blg521\data\27.03\2013\K1\10X\27_03-2013_07_30-10_14-K1-10X.jpeg,TRUNCATED,JPEG missing standard EOI marker \xFF\xD9,0,0,0.00,0.00,0.00
27.03\2013\K1\10X,27_03-2013_07_31-10_11-K1-10X.jpeg,C:\Users\ASUS\Desktop\Ders\blg521\data\27.03\2013\K1\10X\27_03-2013_07_31-10_11-K1-10X.jpeg,TRUNCATED,JPEG missing standard EOI marker \xFF\xD9,0,0,0.00,0.00,0.00
27.03\2013\K1\10X,27_03-2013_08_02-10_03-K1-10X.jpeg,C:\Users\ASUS\Desktop\Ders\blg521\data\27.03\2013\K1\10X\27_03-2013_08_02-10_03-K1-10X.jpeg,TRUNCATED,JPEG missing standard EOI marker \xFF\xD9,0,0,0.00,0.00,0.00
27.03\2013\K1\10X,27_03-2013_08_05-09_58-K1-10X.jpeg,C:\Users\ASUS\Desktop\Ders\blg521\data\27.03\2013\K1\10X\27_03-2013_08_05-09_58-K1-10X.jpeg,TRUNCATED,JPEG missing standard EOI marker \xFF\xD9,0,0,0.00,0.00,0.00
27.03\2013\K1\10X,27_03-2013_08_06-10_46-K1-10X.jpeg,C:\Users\ASUS\Desktop\Ders\blg521\data\27.03\2013\K1\10X\27_03-2013_08_06-10_46-K1-10X.jpeg,TRUNCATED,JPEG missing standard EOI marker \xFF\xD9,0,0,0.00,0.00,0.00
27.03\2013\K1\10X,27_03-2013_08_07-10_15-K1-10X.jpeg,C:\Users\ASUS\Desktop\Ders\blg521\data\27.03\2013\K1\10X\27_03-2013_08_07-10_15-K1-10X.jpeg,TRUNCATED,JPEG missing standard EOI marker \xFF\xD9,0,0,0.00,0.00,0.00
27.03\2013\K1\10X,27_03-2013_08_08-09_49-K1-10X.jpeg,C:\Users\ASUS\Desktop\Ders\blg521\data\27.03\2013\K1\10X\27_03-2013_08_08-09_49-K1-10X.jpeg,TRUNCATED,JPEG missing standard EOI marker \xFF\xD9,0,0,0.00,0.00,0.00
27.03\2013\K1\10X,27_03-2013_08_10-10_07-K1-10X.jpeg,C:\Users\ASUS\Desktop\Ders\blg521\data\27.03\2013\K1\10X\27_03-2013_08_10-10_07-K1-10X.jpeg,TRUNCATED,JPEG missing standard EOI marker \xFF\xD9,0,0,0.00,0.00,0.00
27.03\2013\K1\10X,27_03-2013_08_11-09_56-K1-10X.jpeg,C:\Users\ASUS\Desktop\Ders\blg521\data\27.03\2013\K1\10X\27_03-2013_08_11-09_56-K1-10X.jpeg,TRUNCATED,JPEG missing standard EOI marker \xFF\xD9,0,0,0.00,0.00,0.00
27.03\2013\K1\10X,27_03-2013_08_12-10_15-K1-10X.jpeg,C:\Users\ASUS\Desktop\Ders\blg521\data\27.03\2013\K1\10X\27_03-2013_08_12-10_15-K1-10X.jpeg,TRUNCATED,JPEG missing standard EOI marker \xFF\xD9,0,0,0.00,0.00,0.00
27.03\2013\K1\10X,27_03-2013_08_16-09_37-K1-10X.jpeg,C:\Users\ASUS\Desktop\Ders\blg521\data\27.03\2013\K1\10X\27_03-2013_08_16-09_37-K1-10X.jpeg,TRUNCATED,JPEG missing standard EOI marker \xFF\xD9,0,0,0.00,0.00,0.00
27.03\2013\K1\10X,27_03-2013_08_17-10_10-K1-10X.jpeg,C:\Users\ASUS\Desktop\Ders\blg521\data\27.03\2013\K1\10X\27_03-2013_08_17-10_10-K1-10X.jpeg,TRUNCATED,JPEG missing standard EOI marker \xFF\xD9,0,0,0.00,0.00,0.00
27.03\2013\K1\10X,27_03-2013_08_23-09_58-K1-10X.jpeg,C:\Users\ASUS\Desktop\Ders\blg521\data\27.03\2013\K1\10X\27_03-2013_08_23-09_58-K1-10X.jpeg,TRUNCATED,JPEG missing standard EOI marker \xFF\xD9,0,0,0.00,0.00,0.00
27.03\2013\K1\10X,27_03-2013_08_24-09_52-K1-10X.jpeg,C:\Users\ASUS\Desktop\Ders\blg521\data\27.03\2013\K1\10X\27_03-2013_08_24-09_52-K1-10X.jpeg,TRUNCATED,JPEG missing standard EOI marker \xFF\xD9,0,0,0.00,0.00,0.00
27.03\2013\K1\10X,27_03-2013_08_25-09_52-K1-10X.jpeg,C:\Users\ASUS\Desktop\Ders\blg521\data\27.03\2013\K1\10X\27_03-2013_08_25-09_52-K1-10X.jpeg,TRUNCATED,JPEG missing standard EOI marker \xFF\xD9,0,0,0.00,0.00,0.00
27.03\2013\K1\10X,27_03-2013_08_27-09_55-K1-10X.jpeg,C:\Users\ASUS\Desktop\Ders\blg521\data\27.03\2013\K1\10X\27_03-2013_08_27-09_55-K1-10X.jpeg,TRUNCATED,JPEG missing standard EOI marker \xFF\xD9,0,0,0.00,0.00,0.00
27.03\2013\K1\10X,27_03-2013_08_28-09_55-K1-10X.jpeg,C:\Users\ASUS\Desktop\Ders\blg521\data\27.03\2013\K1\10X\27_03-2013_08_28-09_55-K1-10X.jpeg,TRUNCATED,JPEG missing standard EOI marker \xFF\xD9,0,0,0.00,0.00,0.00
27.03\2013\K1\10X,27_03-2013_10_03-09_50-K1-10X.jpeg,C:\Users\ASUS\Desktop\Ders\blg521\data\27.03\2013\K1\10X\27_03-2013_10_03-09_50-K1-10X.jpeg,TRUNCATED,JPEG missing standard EOI marker \xFF\xD9,0,0,0.00,0.00,0.00
27.03\2013\K1\10X,27_03-2013_10_04-10_08-K1-10X.jpeg,C:\Users\ASUS\Desktop\Ders\blg521\data\27.03\2013\K1\10X\27_03-2013_10_04-10_08-K1-10X.jpeg,TRUNCATED,JPEG missing standard EOI marker \xFF\xD9,0,0,0.00,0.00,0.00
27.03\2013\K1\10X,27_03-2013_10_05-09_59-K1-10X.jpeg,C:\Users\ASUS\Desktop\Ders\blg521\data\27.03\2013\K1\10X\27_03-2013_10_05-09_59-K1-10X.jpeg,TRUNCATED,JPEG missing standard EOI marker \xFF\xD9,0,0,0.00,0.00,0.00
27.03\2013\K1\10X,27_03-2013_10_06-09_57-K1-10X.jpeg,C:\Users\ASUS\Desktop\Ders\blg521\data\27.03\2013\K1\10X\27_03-2013_10_06-09_57-K1-10X.jpeg,TRUNCATED,JPEG missing standard EOI marker \xFF\xD9,0,0,0.00,0.00,0.00
27.03\2013\K1\10X,27_03-2013_12_30-09_58-K1-10X.jpeg,C:\Users\ASUS\Desktop\Ders\blg521\data\27.03\2013\K1\10X\27_03-2013_12_30-09_58-K1-10X.jpeg,BLURRED,Very blurry (Laplacian variance: 20.50),2288,1712,103.95,12.88,20.50
27.03\2013\K2\10X,27_03-2013_05_21-09_48-K2-10X.jpeg,C:\Users\ASUS\Desktop\Ders\blg521\data\27.03\2013\K2\10X\27_03-2013_05_21-09_48-K2-10X.jpeg,TRUNCATED,JPEG missing standard EOI marker \xFF\xD9,0,0,0.00,0.00,0.00
27.03\2013\K2\10X,27_03-2013_05_22-10_02-K2-10X.jpeg,C:\Users\ASUS\Desktop\Ders\blg521\data\27.03\2013\K2\10X\27_03-2013_05_22-10_02-K2-10X.jpeg,TRUNCATED,JPEG missing standard EOI marker \xFF\xD9,0,0,0.00,0.00,0.00
27.03\2013\K2\10X,27_03-2013_05_23-09_45-K2-10X.jpeg,C:\Users\ASUS\Desktop\Ders\blg521\data\27.03\2013\K2\10X\27_03-2013_05_23-09_45-K2-10X.jpeg,TRUNCATED,JPEG missing standard EOI marker \xFF\xD9,0,0,0.00,0.00,0.00
27.03\2013\K2\10X,27_03-2013_05_24-09_58-K2-10X.jpeg,C:\Users\ASUS\Desktop\Ders\blg521\data\27.03\2013\K2\10X\27_03-2013_05_24-09_58-K2-10X.jpeg,TRUNCATED,JPEG missing standard EOI marker \xFF\xD9,0,0,0.00,0.00,0.00
27.03\2013\K2\10X,27_03-2013_05_26-09_47-K2-10X.jpeg,C:\Users\ASUS\Desktop\Ders\blg521\data\27.03\2013\K2\10X\27_03-2013_05_26-09_47-K2-10X.jpeg,TRUNCATED,JPEG missing standard EOI marker \xFF\xD9,0,0,0.00,0.00,0.00
27.03\2013\K2\10X,27_03-2013_05_27-09_54-K2-10X.jpeg,C:\Users\ASUS\Desktop\Ders\blg521\data\27.03\2013\K2\10X\27_03-2013_05_27-09_54-K2-10X.jpeg,TRUNCATED,JPEG missing standard EOI marker \xFF\xD9,0,0,0.00,0.00,0.00
27.03\2013\K2\10X,27_03-2013_05_29-10_10-K2-10X.jpeg,C:\Users\ASUS\Desktop\Ders\blg521\data\27.03\2013\K2\10X\27_03-2013_05_29-10_10-K2-10X.jpeg,TRUNCATED,JPEG missing standard EOI marker \xFF\xD9,0,0,0.00,0.00,0.00
27.03\2013\K2\10X,27_03-2013_05_30-09_46-K2-10X.jpeg,C:\Users\ASUS\Desktop\Ders\blg521\data\27.03\2013\K2\10X\27_03-2013_05_30-09_46-K2-10X.jpeg,TRUNCATED,JPEG missing standard EOI marker \xFF\xD9,0,0,0.00,0.00,0.00
27.03\2013\K2\10X,27_03-2013_05_31-09_55-K2-10X.jpeg,C:\Users\ASUS\Desktop\Ders\blg521\data\27.03\2013\K2\10X\27_03-2013_05_31-09_55-K2-10X.jpeg,TRUNCATED,JPEG missing standard EOI marker \xFF\xD9,0,0,0.00,0.00,0.00
27.03\2013\K2\10X,27_03-2013_06_02-10_03-K2-10X.jpeg,C:\Users\ASUS\Desktop\Ders\blg521\data\27.03\2013\K2\10X\27_03-2013_06_02-10_03-K2-10X.jpeg,TRUNCATED,JPEG missing standard EOI marker \xFF\xD9,0,0,0.00,0.00,0.00
27.03\2013\K2\10X,27_03-2013_06_03-09_46-K2-10X.jpeg,C:\Users\ASUS\Desktop\Ders\blg521\data\27.03\2013\K2\10X\27_03-2013_06_03-09_46-K2-10X.jpeg,TRUNCATED,JPEG missing standard EOI marker \xFF\xD9,0,0,0.00,0.00,0.00
27.03\2013\K2\10X,27_03-2013_06_04-10_01-K2-10X.jpeg,C:\Users\ASUS\Desktop\Ders\blg521\data\27.03\2013\K2\10X\27_03-2013_06_04-10_01-K2-10X.jpeg,TRUNCATED,JPEG missing standard EOI marker \xFF\xD9,0,0,0.00,0.00,0.00
27.03\2013\K2\10X,27_03-2013_06_05-10_15-K2-10X.jpeg,C:\Users\ASUS\Desktop\Ders\blg521\data\27.03\2013\K2\10X\27_03-2013_06_05-10_15-K2-10X.jpeg,TRUNCATED,JPEG missing standard EOI marker \xFF\xD9,0,0,0.00,0.00,0.00
27.03\2013\K2\10X,27_03-2013_06_07-10_13-K2-10X.jpeg,C:\Users\ASUS\Desktop\Ders\blg521\data\27.03\2013\K2\10X\27_03-2013_06_07-10_13-K2-10X.jpeg,TRUNCATED,JPEG missing standard EOI marker \xFF\xD9,0,0,0.00,0.00,0.00
27.03\2013\K2\10X,27_03-2013_06_16-10_11-K2-10X.jpeg,C:\Users\ASUS\Desktop\Ders\blg521\data\27.03\2013\K2\10X\27_03-2013_06_16-10_11-K2-10X.jpeg,TRUNCATED,JPEG missing standard EOI marker \xFF\xD9,0,0,0.00,0.00,0.00
27.03\2013\K2\10X,27_03-2013_06_18-10_10-K2-10X.jpeg,C:\Users\ASUS\Desktop\Ders\blg521\data\27.03\2013\K2\10X\27_03-2013_06_18-10_10-K2-10X.jpeg,TRUNCATED,JPEG missing standard EOI marker \xFF\xD9,0,0,0.00,0.00,0.00
27.03\2013\K2\10X,27_03-2013_06_19-09_54-K2-10X.jpeg,C:\Users\ASUS\Desktop\Ders\blg521\data\27.03\2013\K2\10X\27_03-2013_06_19-09_54-K2-10X.jpeg,TRUNCATED,JPEG missing standard EOI marker \xFF\xD9,0,0,0.00,0.00,0.00
27.03\2013\K2\10X,27_03-2013_06_20-10_09-K2-10X.jpeg,C:\Users\ASUS\Desktop\Ders\blg521\data\27.03\2013\K2\10X\27_03-2013_06_20-10_09-K2-10X.jpeg,TRUNCATED,JPEG missing standard EOI marker \xFF\xD9,0,0,0.00,0.00,0.00
27.03\2013\K2\10X,27_03-2013_06_21-09_53-K2-10X.jpeg,C:\Users\ASUS\Desktop\Ders\blg521\data\27.03\2013\K2\10X\27_03-2013_06_21-09_53-K2-10X.jpeg,TRUNCATED,JPEG missing standard EOI marker \xFF\xD9,0,0,0.00,0.00,0.00
27.03\2013\K2\10X,27_03-2013_06_22-10_08-K2-10X.jpeg,C:\Users\ASUS\Desktop\Ders\blg521\data\27.03\2013\K2\10X\27_03-2013_06_22-10_08-K2-10X.jpeg,TRUNCATED,JPEG missing standard EOI marker \xFF\xD9,0,0,0.00,0.00,0.00
27.03\2013\K2\10X,27_03-2013_06_23-09_52-K2-10X.jpeg,C:\Users\ASUS\Desktop\Ders\blg521\data\27.03\2013\K2\10X\27_03-2013_06_23-09_52-K2-10X.jpeg,TRUNCATED,JPEG missing standard EOI marker \xFF\xD9,0,0,0.00,0.00,0.00
27.03\2013\K2\10X,27_03-2013_06_24-10_08-K2-10X.jpeg,C:\Users\ASUS\Desktop\Ders\blg521\data\27.03\2013\K2\10X\27_03-2013_06_24-10_08-K2-10X.jpeg,TRUNCATED,JPEG missing standard EOI marker \xFF\xD9,0,0,0.00,0.00,0.00
27.03\2013\K2\10X,27_03-2013_06_25-09_52-K2-10X.jpeg,C:\Users\ASUS\Desktop\Ders\blg521\data\27.03\2013\K2\10X\27_03-2013_06_25-09_52-K2-10X.jpeg,TRUNCATED,JPEG missing standard EOI marker \xFF\xD9,0,0,0.00,0.00,0.00
27.03\2013\K2\10X,27_03-2013_06_26-10_07-K2-10X.jpeg,C:\Users\ASUS\Desktop\Ders\blg521\data\27.03\2013\K2\10X\27_03-2013_06_26-10_07-K2-10X.jpeg,TRUNCATED,JPEG missing standard EOI marker \xFF\xD9,0,0,0.00,0.00,0.00
27.03\2013\K2\10X,27_03-2013_06_27-09_50-K2-10X.jpeg,C:\Users\ASUS\Desktop\Ders\blg521\data\27.03\2013\K2\10X\27_03-2013_06_27-09_50-K2-10X.jpeg,TRUNCATED,JPEG missing standard EOI marker \xFF\xD9,0,0,0.00,0.00,0.00
27.03\2013\K2\10X,27_03-2013_06_28-10_06-K2-10X.jpeg,C:\Users\ASUS\Desktop\Ders\blg521\data\27.03\2013\K2\10X\27_03-2013_06_28-10_06-K2-10X.jpeg,TRUNCATED,JPEG missing standard EOI marker \xFF\xD9,0,0,0.00,0.00,0.00
27.03\2013\K2\10X,27_03-2013_06_29-09_48-K2-10X.jpeg,C:\Users\ASUS\Desktop\Ders\blg521\data\27.03\2013\K2\10X\27_03-2013_06_29-09_48-K2-10X.jpeg,TRUNCATED,JPEG missing standard EOI marker \xFF\xD9,0,0,0.00,0.00,0.00
27.03\2013\K2\10X,27_03-2013_06_30-10_04-K2-10X.jpeg,C:\Users\ASUS\Desktop\Ders\blg521\data\27.03\2013\K2\10X\27_03-2013_06_30-10_04-K2-10X.jpeg,TRUNCATED,JPEG missing standard EOI marker \xFF\xD9,0,0,0.00,0.00,0.00
27.03\2013\K2\10X,27_03-2013_07_01-09_47-K2-10X.jpeg,C:\Users\ASUS\Desktop\Ders\blg521\data\27.03\2013\K2\10X\27_03-2013_07_01-09_47-K2-10X.jpeg,TRUNCATED,JPEG missing standard EOI marker \xFF\xD9,0,0,0.00,0.00,0.00
27.03\2013\K2\10X,27_03-2013_07_04-10_00-K2-10X.jpeg,C:\Users\ASUS\Desktop\Ders\blg521\data\27.03\2013\K2\10X\27_03-2013_07_04-10_00-K2-10X.jpeg,TRUNCATED,JPEG missing standard EOI marker \xFF\xD9,0,0,0.00,0.00,0.00
27.03\2013\K2\10X,27_03-2013_07_17-10_03-K2-10X.jpeg,C:\Users\ASUS\Desktop\Ders\blg521\data\27.03\2013\K2\10X\27_03-2013_07_17-10_03-K2-10X.jpeg,TRUNCATED,JPEG missing standard EOI marker \xFF\xD9,0,0,0.00,0.00,0.00
27.03\2013\K2\10X,27_03-2013_07_18-09_48-K2-10X.jpeg,C:\Users\ASUS\Desktop\Ders\blg521\data\27.03\2013\K2\10X\27_03-2013_07_18-09_48-K2-10X.jpeg,TRUNCATED,JPEG missing standard EOI marker \xFF\xD9,0,0,0.00,0.00,0.00
27.03\2013\K2\10X,27_03-2013_07_19-10_02-K2-10X.jpeg,C:\Users\ASUS\Desktop\Ders\blg521\data\27.03\2013\K2\10X\27_03-2013_07_19-10_02-K2-10X.jpeg,TRUNCATED,JPEG missing standard EOI marker \xFF\xD9,0,0,0.00,0.00,0.00
27.03\2013\K2\10X,27_03-2013_07_20-10_09-K2-10X.jpeg,C:\Users\ASUS\Desktop\Ders\blg521\data\27.03\2013\K2\10X\27_03-2013_07_20-10_09-K2-10X.jpeg,TRUNCATED,JPEG missing standard EOI marker \xFF\xD9,0,0,0.00,0.00,0.00
27.03\2013\K2\10X,27_03-2013_07_22-09_54-K2-10X.jpeg,C:\Users\ASUS\Desktop\Ders\blg521\data\27.03\2013\K2\10X\27_03-2013_07_22-09_54-K2-10X.jpeg,TRUNCATED,JPEG missing standard EOI marker \xFF\xD9,0,0,0.00,0.00,0.00
27.03\2013\K2\10X,27_03-2013_07_23-10_08-K2-10X.jpeg,C:\Users\ASUS\Desktop\Ders\blg521\data\27.03\2013\K2\10X\27_03-2013_07_23-10_08-K2-10X.jpeg,TRUNCATED,JPEG missing standard EOI marker \xFF\xD9,0,0,0.00,0.00,0.00
27.03\2013\K2\10X,27_03-2013_07_25-10_16-K2-10X.jpeg,C:\Users\ASUS\Desktop\Ders\blg521\data\27.03\2013\K2\10X\27_03-2013_07_25-10_16-K2-10X.jpeg,TRUNCATED,JPEG missing standard EOI marker \xFF\xD9,0,0,0.00,0.00,0.00
27.03\2013\K2\10X,27_03-2013_07_26-10_14-K2-10X.jpeg,C:\Users\ASUS\Desktop\Ders\blg521\data\27.03\2013\K2\10X\27_03-2013_07_26-10_14-K2-10X.jpeg,TRUNCATED,JPEG missing standard EOI marker \xFF\xD9,0,0,0.00,0.00,0.00
27.03\2013\K2\10X,27_03-2013_07_27-09_24-K2-10X.jpeg,C:\Users\ASUS\Desktop\Ders\blg521\data\27.03\2013\K2\10X\27_03-2013_07_27-09_24-K2-10X.jpeg,TRUNCATED,JPEG missing standard EOI marker \xFF\xD9,0,0,0.00,0.00,0.00
27.03\2013\K2\10X,27_03-2013_07_31-10_03-K2-10X.jpeg,C:\Users\ASUS\Desktop\Ders\blg521\data\27.03\2013\K2\10X\27_03-2013_07_31-10_03-K2-10X.jpeg,TRUNCATED,JPEG missing standard EOI marker \xFF\xD9,0,0,0.00,0.00,0.00
27.03\2013\K2\10X,27_03-2013_08_02-09_57-K2-10X.jpeg,C:\Users\ASUS\Desktop\Ders\blg521\data\27.03\2013\K2\10X\27_03-2013_08_02-09_57-K2-10X.jpeg,TRUNCATED,JPEG missing standard EOI marker \xFF\xD9,0,0,0.00,0.00,0.00
27.03\2013\K2\10X,27_03-2013_08_05-09_55-K2-10X.jpeg,C:\Users\ASUS\Desktop\Ders\blg521\data\27.03\2013\K2\10X\27_03-2013_08_05-09_55-K2-10X.jpeg,TRUNCATED,JPEG missing standard EOI marker \xFF\xD9,0,0,0.00,0.00,0.00
27.03\2013\K2\10X,27_03-2013_08_06-10_47-K2-10X.jpeg,C:\Users\ASUS\Desktop\Ders\blg521\data\27.03\2013\K2\10X\27_03-2013_08_06-10_47-K2-10X.jpeg,TRUNCATED,JPEG missing standard EOI marker \xFF\xD9,0,0,0.00,0.00,0.00
27.03\2013\K2\10X,27_03-2013_08_07-10_14-K2-10X.jpeg,C:\Users\ASUS\Desktop\Ders\blg521\data\27.03\2013\K2\10X\27_03-2013_08_07-10_14-K2-10X.jpeg,TRUNCATED,JPEG missing standard EOI marker \xFF\xD9,0,0,0.00,0.00,0.00
27.03\2013\K2\10X,27_03-2013_08_08-09_46-K2-10X.jpeg,C:\Users\ASUS\Desktop\Ders\blg521\data\27.03\2013\K2\10X\27_03-2013_08_08-09_46-K2-10X.jpeg,TRUNCATED,JPEG missing standard EOI marker \xFF\xD9,0,0,0.00,0.00,0.00
27.03\2013\K2\10X,27_03-2013_08_09-10_11-K2-10X.jpeg,C:\Users\ASUS\Desktop\Ders\blg521\data\27.03\2013\K2\10X\27_03-2013_08_09-10_11-K2-10X.jpeg,TRUNCATED,JPEG missing standard EOI marker \xFF\xD9,0,0,0.00,0.00,0.00
27.03\2013\K2\10X,27_03-2013_08_10-10_00-K2-10X.jpeg,C:\Users\ASUS\Desktop\Ders\blg521\data\27.03\2013\K2\10X\27_03-2013_08_10-10_00-K2-10X.jpeg,TRUNCATED,JPEG missing standard EOI marker \xFF\xD9,0,0,0.00,0.00,0.00
27.03\2013\K2\10X,27_03-2013_08_13-11_54-K2-10X.jpeg,C:\Users\ASUS\Desktop\Ders\blg521\data\27.03\2013\K2\10X\27_03-2013_08_13-11_54-K2-10X.jpeg,TRUNCATED,JPEG missing standard EOI marker \xFF\xD9,0,0,0.00,0.00,0.00
27.03\2013\K2\10X,27_03-2013_08_16-09_48-K2-10X.jpeg,C:\Users\ASUS\Desktop\Ders\blg521\data\27.03\2013\K2\10X\27_03-2013_08_16-09_48-K2-10X.jpeg,TRUNCATED,JPEG missing standard EOI marker \xFF\xD9,0,0,0.00,0.00,0.00
27.03\2013\K2\10X,27_03-2013_08_17-09_50-K2-10X.jpeg,C:\Users\ASUS\Desktop\Ders\blg521\data\27.03\2013\K2\10X\27_03-2013_08_17-09_50-K2-10X.jpeg,TRUNCATED,JPEG missing standard EOI marker \xFF\xD9,0,0,0.00,0.00,0.00
27.03\2013\K2\10X,27_03-2013_08_20-11_02-K2-10X.jpeg,C:\Users\ASUS\Desktop\Ders\blg521\data\27.03\2013\K2\10X\27_03-2013_08_20-11_02-K2-10X.jpeg,TRUNCATED,JPEG missing standard EOI marker \xFF\xD9,0,0,0.00,0.00,0.00
27.03\2013\K2\10X,27_03-2013_08_21-09_46-K2-10X.jpeg,C:\Users\ASUS\Desktop\Ders\blg521\data\27.03\2013\K2\10X\27_03-2013_08_21-09_46-K2-10X.jpeg,TRUNCATED,JPEG missing standard EOI marker \xFF\xD9,0,0,0.00,0.00,0.00
27.03\2013\K2\10X,27_03-2013_08_22-09_51-K2-10X.jpeg,C:\Users\ASUS\Desktop\Ders\blg521\data\27.03\2013\K2\10X\27_03-2013_08_22-09_51-K2-10X.jpeg,TRUNCATED,JPEG missing standard EOI marker \xFF\xD9,0,0,0.00,0.00,0.00
27.03\2013\K2\10X,27_03-2013_08_23-10_08-K2-10X.jpeg,C:\Users\ASUS\Desktop\Ders\blg521\data\27.03\2013\K2\10X\27_03-2013_08_23-10_08-K2-10X.jpeg,TRUNCATED,JPEG missing standard EOI marker \xFF\xD9,0,0,0.00,0.00,0.00
27.03\2013\K2\10X,27_03-2013_10_03-10_01-K2-10X.jpeg,C:\Users\ASUS\Desktop\Ders\blg521\data\27.03\2013\K2\10X\27_03-2013_10_03-10_01-K2-10X.jpeg,TRUNCATED,JPEG missing standard EOI marker \xFF\xD9,0,0,0.00,0.00,0.00
27.03\2013\K2\10X,27_03-2013_10_04-09_59-K2-10X.jpeg,C:\Users\ASUS\Desktop\Ders\blg521\data\27.03\2013\K2\10X\27_03-2013_10_04-09_59-K2-10X.jpeg,TRUNCATED,JPEG missing standard EOI marker \xFF\xD9,0,0,0.00,0.00,0.00
27.03\2013\K2\10X,27_03-2013_10_05-09_58-K2-10X.jpeg,C:\Users\ASUS\Desktop\Ders\blg521\data\27.03\2013\K2\10X\27_03-2013_10_05-09_58-K2-10X.jpeg,TRUNCATED,JPEG missing standard EOI marker \xFF\xD9,0,0,0.00,0.00,0.00
27.03\2013\K2\10X,27_03-2013_10_06-09_57-K2-10X.jpeg,C:\Users\ASUS\Desktop\Ders\blg521\data\27.03\2013\K2\10X\27_03-2013_10_06-09_57-K2-10X.jpeg,TRUNCATED,JPEG missing standard EOI marker \xFF\xD9,0,0,0.00,0.00,0.00
27.03\2013\K2\10X,27_03-2013_10_07-09_55-K2-10X.jpeg,C:\Users\ASUS\Desktop\Ders\blg521\data\27.03\2013\K2\10X\27_03-2013_10_07-09_55-K2-10X.jpeg,TRUNCATED,JPEG missing standard EOI marker \xFF\xD9,0,0,0.00,0.00,0.00
27.03\2013\K2\10X,27_03-2013_10_08-09_54-K2-10X.jpeg,C:\Users\ASUS\Desktop\Ders\blg521\data\27.03\2013\K2\10X\27_03-2013_10_08-09_54-K2-10X.jpeg,TRUNCATED,JPEG missing standard EOI marker \xFF\xD9,0,0,0.00,0.00,0.00
27.03\2013\K2\10X,27_03-2013_10_13-09_53-K2-10X.jpeg,C:\Users\ASUS\Desktop\Ders\blg521\data\27.03\2013\K2\10X\27_03-2013_10_13-09_53-K2-10X.jpeg,TRUNCATED,JPEG missing standard EOI marker \xFF\xD9,0,0,0.00,0.00,0.00
27.03\2013\K2\10X,27_03-2013_10_22-09_59-K2-10X.jpeg,C:\Users\ASUS\Desktop\Ders\blg521\data\27.03\2013\K2\10X\27_03-2013_10_22-09_59-K2-10X.jpeg,TRUNCATED,JPEG missing standard EOI marker \xFF\xD9,0,0,0.00,0.00,0.00
27.03\2013\K2\10X,27_03-2013_10_23-09_51-K2-10X.jpeg,C:\Users\ASUS\Desktop\Ders\blg521\data\27.03\2013\K2\10X\27_03-2013_10_23-09_51-K2-10X.jpeg,TRUNCATED,JPEG missing standard EOI marker \xFF\xD9,0,0,0.00,0.00,0.00
27.03\2013\K2\10X,27_03-2013_10_24-10_06-K2-10X.jpeg,C:\Users\ASUS\Desktop\Ders\blg521\data\27.03\2013\K2\10X\27_03-2013_10_24-10_06-K2-10X.jpeg,TRUNCATED,JPEG missing standard EOI marker \xFF\xD9,0,0,0.00,0.00,0.00
27.03\2013\K2\10X,27_03-2013_10_25-10_16-K2-10X.jpeg,C:\Users\ASUS\Desktop\Ders\blg521\data\27.03\2013\K2\10X\27_03-2013_10_25-10_16-K2-10X.jpeg,TRUNCATED,JPEG missing standard EOI marker \xFF\xD9,0,0,0.00,0.00,0.00
27.03\2013\K2\10X,27_03-2013_11_01-09_54-K2-10X.jpeg,C:\Users\ASUS\Desktop\Ders\blg521\data\27.03\2013\K2\10X\27_03-2013_11_01-09_54-K2-10X.jpeg,TRUNCATED,JPEG missing standard EOI marker \xFF\xD9,0,0,0.00,0.00,0.00
27.03\2013\K2\10X,27_03-2013_11_03-10_00-K2-10X.jpeg,C:\Users\ASUS\Desktop\Ders\blg521\data\27.03\2013\K2\10X\27_03-2013_11_03-10_00-K2-10X.jpeg,TRUNCATED,JPEG missing standard EOI marker \xFF\xD9,0,0,0.00,0.00,0.00
27.03\2013\K2\10X,27_03-2013_11_04-10_00-K2-10X.jpeg,C:\Users\ASUS\Desktop\Ders\blg521\data\27.03\2013\K2\10X\27_03-2013_11_04-10_00-K2-10X.jpeg,TRUNCATED,JPEG missing standard EOI marker \xFF\xD9,0,0,0.00,0.00,0.00
27.03\2013\K2\10X,27_03-2013_11_10-09_49-K2-10X.jpeg,C:\Users\ASUS\Desktop\Ders\blg521\data\27.03\2013\K2\10X\27_03-2013_11_10-09_49-K2-10X.jpeg,TRUNCATED,JPEG missing standard EOI marker \xFF\xD9,0,0,0.00,0.00,0.00
27.03\2013\K2\10X,27_03-2013_11_16-09_56-K2-10X.jpeg,C:\Users\ASUS\Desktop\Ders\blg521\data\27.03\2013\K2\10X\27_03-2013_11_16-09_56-K2-10X.jpeg,TRUNCATED,JPEG missing standard EOI marker \xFF\xD9,0,0,0.00,0.00,0.00
27.03\2013\K2\10X,27_03-2013_11_20-10_13-K2-10X.jpeg,C:\Users\ASUS\Desktop\Ders\blg521\data\27.03\2013\K2\10X\27_03-2013_11_20-10_13-K2-10X.jpeg,TRUNCATED,JPEG missing standard EOI marker \xFF\xD9,0,0,0.00,0.00,0.00
27.03\2013\K2\10X,27_03-2013_11_23-10_11-K2-10X.jpeg,C:\Users\ASUS\Desktop\Ders\blg521\data\27.03\2013\K2\10X\27_03-2013_11_23-10_11-K2-10X.jpeg,TRUNCATED,JPEG missing standard EOI marker \xFF\xD9,0,0,0.00,0.00,0.00
27.03\2013\K2\10X,27_03-2013_11_29-09_51-K2-10X.jpeg,C:\Users\ASUS\Desktop\Ders\blg521\data\27.03\2013\K2\10X\27_03-2013_11_29-09_51-K2-10X.jpeg,TRUNCATED,JPEG missing standard EOI marker \xFF\xD9,0,0,0.00,0.00,0.00
27.03\2013\K2\10X,27_03-2013_12_01-09_51-K2-10X.jpeg,C:\Users\ASUS\Desktop\Ders\blg521\data\27.03\2013\K2\10X\27_03-2013_12_01-09_51-K2-10X.jpeg,TRUNCATED,JPEG missing standard EOI marker \xFF\xD9,0,0,0.00,0.00,0.00
27.03\2013\K2\10X,27_03-2013_12_02-09_57-K2-10X.jpeg,C:\Users\ASUS\Desktop\Ders\blg521\data\27.03\2013\K2\10X\27_03-2013_12_02-09_57-K2-10X.jpeg,TRUNCATED,JPEG missing standard EOI marker \xFF\xD9,0,0,0.00,0.00,0.00
27.03\2013\K2\10X,27_03-2013_12_22-09_48-K2-10X.jpeg,C:\Users\ASUS\Desktop\Ders\blg521\data\27.03\2013\K2\10X\27_03-2013_12_22-09_48-K2-10X.jpeg,TRUNCATED,JPEG missing standard EOI marker \xFF\xD9,0,0,0.00,0.00,0.00
27.03\2013\K2\1X,27_03-2013_04_04-08_14-K2-1X.jpeg,C:\Users\ASUS\Desktop\Ders\blg521\data\27.03\2013\K2\1X\27_03-2013_04_04-08_14-K2-1X.jpeg,BLURRED,Very blurry (Laplacian variance: 41.87),2288,1712,117.12,24.82,41.87
27.03\2013\K2\1X,27_03-2013_04_07-10_07-K2-1X.jpeg,C:\Users\ASUS\Desktop\Ders\blg521\data\27.03\2013\K2\1X\27_03-2013_04_07-10_07-K2-1X.jpeg,BLURRED,Very blurry (Laplacian variance: 36.79),2288,1712,114.87,18.63,36.79
27.03\2013\K2\1X,27_03-2013_04_08-10_56-K2-1X.jpeg,C:\Users\ASUS\Desktop\Ders\blg521\data\27.03\2013\K2\1X\27_03-2013_04_08-10_56-K2-1X.jpeg,BLURRED,Very blurry (Laplacian variance: 31.82),2288,1712,114.69,17.84,31.82
27.03\2013\K2\1X,27_03-2013_04_09-10_11-K2-1X.jpeg,C:\Users\ASUS\Desktop\Ders\blg521\data\27.03\2013\K2\1X\27_03-2013_04_09-10_11-K2-1X.jpeg,BLURRED,Very blurry (Laplacian variance: 31.95),2288,1712,108.92,15.73,31.95
27.03\2013\K2\1X,27_03-2013_04_11-09_45-K2-1X.jpeg,C:\Users\ASUS\Desktop\Ders\blg521\data\27.03\2013\K2\1X\27_03-2013_04_11-09_45-K2-1X.jpeg,BLURRED,Very blurry (Laplacian variance: 41.24),2288,1712,114.41,17.43,41.24
27.03\2013\K2\1X,27_03-2013_04_12-10_34-K2-1X.jpeg,C:\Users\ASUS\Desktop\Ders\blg521\data\27.03\2013\K2\1X\27_03-2013_04_12-10_34-K2-1X.jpeg,BLURRED,Very blurry (Laplacian variance: 38.83),2288,1712,118.58,16.35,38.83
27.03\2013\K2\1X,27_03-2013_04_16-10_13-K2-1X.jpeg,C:\Users\ASUS\Desktop\Ders\blg521\data\27.03\2013\K2\1X\27_03-2013_04_16-10_13-K2-1X.jpeg,BLURRED,Very blurry (Laplacian variance: 18.17),2288,1712,115.19,16.12,18.17
27.03\2013\K2\1X,27_03-2013_04_17-08_59-K2-1X.jpeg,C:\Users\ASUS\Desktop\Ders\blg521\data\27.03\2013\K2\1X\27_03-2013_04_17-08_59-K2-1X.jpeg,BLURRED,Very blurry (Laplacian variance: 46.41),2288,1712,112.35,22.86,46.41
27.03\2013\K2\1X,27_03-2013_04_19-10_05-K2-1X.jpeg,C:\Users\ASUS\Desktop\Ders\blg521\data\27.03\2013\K2\1X\27_03-2013_04_19-10_05-K2-1X.jpeg,BLURRED,Very blurry (Laplacian variance: 20.83),2288,1712,118.25,13.91,20.83
27.03\2013\K2\1X,27_03-2013_04_23-08_43-K2-1X.jpeg,C:\Users\ASUS\Desktop\Ders\blg521\data\27.03\2013\K2\1X\27_03-2013_04_23-08_43-K2-1X.jpeg,BLURRED,Very blurry (Laplacian variance: 45.12),2288,1712,113.81,20.17,45.12
27.03\2013\K2\1X,27_03-2013_05_01-09_49-K2-1X.jpeg,C:\Users\ASUS\Desktop\Ders\blg521\data\27.03\2013\K2\1X\27_03-2013_05_01-09_49-K2-1X.jpeg,BLURRED,Very blurry (Laplacian variance: 29.28),2288,1712,117.32,18.76,29.28
27.03\2013\K2\1X,27_03-2013_05_20-10_07-K2-1X.jpeg,C:\Users\ASUS\Desktop\Ders\blg521\data\27.03\2013\K2\1X\27_03-2013_05_20-10_07-K2-1X.jpeg,TRUNCATED,JPEG missing standard EOI marker \xFF\xD9,0,0,0.00,0.00,0.00
27.03\2013\K2\1X,27_03-2013_05_25-10_10-K2-1X.jpeg,C:\Users\ASUS\Desktop\Ders\blg521\data\27.03\2013\K2\1X\27_03-2013_05_25-10_10-K2-1X.jpeg,TRUNCATED,JPEG missing standard EOI marker \xFF\xD9,0,0,0.00,0.00,0.00
27.03\2013\K2\1X,27_03-2013_05_28-10_03-K2-1X.jpeg,C:\Users\ASUS\Desktop\Ders\blg521\data\27.03\2013\K2\1X\27_03-2013_05_28-10_03-K2-1X.jpeg,TRUNCATED,JPEG missing standard EOI marker \xFF\xD9,0,0,0.00,0.00,0.00
27.03\2013\K2\1X,27_03-2013_05_30-09_47-K2-1X.jpeg,C:\Users\ASUS\Desktop\Ders\blg521\data\27.03\2013\K2\1X\27_03-2013_05_30-09_47-K2-1X.jpeg,TRUNCATED,JPEG missing standard EOI marker \xFF\xD9,0,0,0.00,0.00,0.00
27.03\2013\K2\1X,27_03-2013_05_31-09_55-K2-1X.jpeg,C:\Users\ASUS\Desktop\Ders\blg521\data\27.03\2013\K2\1X\27_03-2013_05_31-09_55-K2-1X.jpeg,TRUNCATED,JPEG missing standard EOI marker \xFF\xD9,0,0,0.00,0.00,0.00
27.03\2013\K2\1X,27_03-2013_06_01-09_49-K2-1X.jpeg,C:\Users\ASUS\Desktop\Ders\blg521\data\27.03\2013\K2\1X\27_03-2013_06_01-09_49-K2-1X.jpeg,TRUNCATED,JPEG missing standard EOI marker \xFF\xD9,0,0,0.00,0.00,0.00
27.03\2013\K2\1X,27_03-2013_06_02-10_04-K2-1X.jpeg,C:\Users\ASUS\Desktop\Ders\blg521\data\27.03\2013\K2\1X\27_03-2013_06_02-10_04-K2-1X.jpeg,TRUNCATED,JPEG missing standard EOI marker \xFF\xD9,0,0,0.00,0.00,0.00
27.03\2013\K2\1X,27_03-2013_06_03-09_46-K2-1X.jpeg,C:\Users\ASUS\Desktop\Ders\blg521\data\27.03\2013\K2\1X\27_03-2013_06_03-09_46-K2-1X.jpeg,TRUNCATED,JPEG missing standard EOI marker \xFF\xD9,0,0,0.00,0.00,0.00
27.03\2013\K2\1X,27_03-2013_06_04-10_02-K2-1X.jpeg,C:\Users\ASUS\Desktop\Ders\blg521\data\27.03\2013\K2\1X\27_03-2013_06_04-10_02-K2-1X.jpeg,TRUNCATED,JPEG missing standard EOI marker \xFF\xD9,0,0,0.00,0.00,0.00
27.03\2013\K2\1X,27_03-2013_06_05-10_16-K2-1X.jpeg,C:\Users\ASUS\Desktop\Ders\blg521\data\27.03\2013\K2\1X\27_03-2013_06_05-10_16-K2-1X.jpeg,TRUNCATED,JPEG missing standard EOI marker \xFF\xD9,0,0,0.00,0.00,0.00
27.03\2013\K2\1X,27_03-2013_06_07-10_14-K2-1X.jpeg,C:\Users\ASUS\Desktop\Ders\blg521\data\27.03\2013\K2\1X\27_03-2013_06_07-10_14-K2-1X.jpeg,TRUNCATED,JPEG missing standard EOI marker \xFF\xD9,0,0,0.00,0.00,0.00
27.03\2013\K2\1X,27_03-2013_06_09-10_12-K2-1X.jpeg,C:\Users\ASUS\Desktop\Ders\blg521\data\27.03\2013\K2\1X\27_03-2013_06_09-10_12-K2-1X.jpeg,TRUNCATED,JPEG missing standard EOI marker \xFF\xD9,0,0,0.00,0.00,0.00
27.03\2013\K2\1X,27_03-2013_06_12-10_09-K2-1X.jpeg,C:\Users\ASUS\Desktop\Ders\blg521\data\27.03\2013\K2\1X\27_03-2013_06_12-10_09-K2-1X.jpeg,TRUNCATED,JPEG missing standard EOI marker \xFF\xD9,0,0,0.00,0.00,0.00
27.03\2013\K2\1X,27_03-2013_06_14-09_57-K2-1X.jpeg,C:\Users\ASUS\Desktop\Ders\blg521\data\27.03\2013\K2\1X\27_03-2013_06_14-09_57-K2-1X.jpeg,TRUNCATED,JPEG missing standard EOI marker \xFF\xD9,0,0,0.00,0.00,0.00
27.03\2013\K2\1X,27_03-2013_06_15-10_06-K2-1X.jpeg,C:\Users\ASUS\Desktop\Ders\blg521\data\27.03\2013\K2\1X\27_03-2013_06_15-10_06-K2-1X.jpeg,TRUNCATED,JPEG missing standard EOI marker \xFF\xD9,0,0,0.00,0.00,0.00
27.03\2013\K2\1X,27_03-2013_06_18-10_11-K2-1X.jpeg,C:\Users\ASUS\Desktop\Ders\blg521\data\27.03\2013\K2\1X\27_03-2013_06_18-10_11-K2-1X.jpeg,TRUNCATED,JPEG missing standard EOI marker \xFF\xD9,0,0,0.00,0.00,0.00
27.03\2013\K2\1X,27_03-2013_06_23-09_53-K2-1X.jpeg,C:\Users\ASUS\Desktop\Ders\blg521\data\27.03\2013\K2\1X\27_03-2013_06_23-09_53-K2-1X.jpeg,TRUNCATED,JPEG missing standard EOI marker \xFF\xD9,0,0,0.00,0.00,0.00
27.03\2013\K2\1X,27_03-2013_06_24-10_08-K2-1X.jpeg,C:\Users\ASUS\Desktop\Ders\blg521\data\27.03\2013\K2\1X\27_03-2013_06_24-10_08-K2-1X.jpeg,TRUNCATED,JPEG missing standard EOI marker \xFF\xD9,0,0,0.00,0.00,0.00
27.03\2013\K2\1X,27_03-2013_06_26-10_08-K2-1X.jpeg,C:\Users\ASUS\Desktop\Ders\blg521\data\27.03\2013\K2\1X\27_03-2013_06_26-10_08-K2-1X.jpeg,TRUNCATED,JPEG missing standard EOI marker \xFF\xD9,0,0,0.00,0.00,0.00
27.03\2013\K2\1X,27_03-2013_06_28-10_06-K2-1X.jpeg,C:\Users\ASUS\Desktop\Ders\blg521\data\27.03\2013\K2\1X\27_03-2013_06_28-10_06-K2-1X.jpeg,TRUNCATED,JPEG missing standard EOI marker \xFF\xD9,0,0,0.00,0.00,0.00
27.03\2013\K2\1X,27_03-2013_06_30-10_04-K2-1X.jpeg,C:\Users\ASUS\Desktop\Ders\blg521\data\27.03\2013\K2\1X\27_03-2013_06_30-10_04-K2-1X.jpeg,TRUNCATED,JPEG missing standard EOI marker \xFF\xD9,0,0,0.00,0.00,0.00
27.03\2013\K2\1X,27_03-2013_07_03-09_46-K2-1X.jpeg,C:\Users\ASUS\Desktop\Ders\blg521\data\27.03\2013\K2\1X\27_03-2013_07_03-09_46-K2-1X.jpeg,TRUNCATED,JPEG missing standard EOI marker \xFF\xD9,0,0,0.00,0.00,0.00
27.03\2013\K2\1X,27_03-2013_07_16-09_57-K2-1X.jpeg,C:\Users\ASUS\Desktop\Ders\blg521\data\27.03\2013\K2\1X\27_03-2013_07_16-09_57-K2-1X.jpeg,TRUNCATED,JPEG missing standard EOI marker \xFF\xD9,0,0,0.00,0.00,0.00
27.03\2013\K2\1X,27_03-2013_07_17-10_05-K2-1X.jpeg,C:\Users\ASUS\Desktop\Ders\blg521\data\27.03\2013\K2\1X\27_03-2013_07_17-10_05-K2-1X.jpeg,TRUNCATED,JPEG missing standard EOI marker \xFF\xD9,0,0,0.00,0.00,0.00
27.03\2013\K2\1X,27_03-2013_07_18-09_48-K2-1X.jpeg,C:\Users\ASUS\Desktop\Ders\blg521\data\27.03\2013\K2\1X\27_03-2013_07_18-09_48-K2-1X.jpeg,TRUNCATED,JPEG missing standard EOI marker \xFF\xD9,0,0,0.00,0.00,0.00
27.03\2013\K2\1X,27_03-2013_07_19-10_02-K2-1X.jpeg,C:\Users\ASUS\Desktop\Ders\blg521\data\27.03\2013\K2\1X\27_03-2013_07_19-10_02-K2-1X.jpeg,TRUNCATED,JPEG missing standard EOI marker \xFF\xD9,0,0,0.00,0.00,0.00
27.03\2013\K2\1X,27_03-2013_07_20-10_10-K2-1X.jpeg,C:\Users\ASUS\Desktop\Ders\blg521\data\27.03\2013\K2\1X\27_03-2013_07_20-10_10-K2-1X.jpeg,TRUNCATED,JPEG missing standard EOI marker \xFF\xD9,0,0,0.00,0.00,0.00
27.03\2013\K2\1X,27_03-2013_07_21-09_47-K2-1X.jpeg,C:\Users\ASUS\Desktop\Ders\blg521\data\27.03\2013\K2\1X\27_03-2013_07_21-09_47-K2-1X.jpeg,TRUNCATED,JPEG missing standard EOI marker \xFF\xD9,0,0,0.00,0.00,0.00
27.03\2013\K2\1X,27_03-2013_07_22-09_55-K2-1X.jpeg,C:\Users\ASUS\Desktop\Ders\blg521\data\27.03\2013\K2\1X\27_03-2013_07_22-09_55-K2-1X.jpeg,TRUNCATED,JPEG missing standard EOI marker \xFF\xD9,0,0,0.00,0.00,0.00
27.03\2013\K2\1X,27_03-2013_07_24-10_16-K2-1X.jpeg,C:\Users\ASUS\Desktop\Ders\blg521\data\27.03\2013\K2\1X\27_03-2013_07_24-10_16-K2-1X.jpeg,TRUNCATED,JPEG missing standard EOI marker \xFF\xD9,0,0,0.00,0.00,0.00
27.03\2013\K2\1X,27_03-2013_07_25-09_44-K2-1X.jpeg,C:\Users\ASUS\Desktop\Ders\blg521\data\27.03\2013\K2\1X\27_03-2013_07_25-09_44-K2-1X.jpeg,TRUNCATED,JPEG missing standard EOI marker \xFF\xD9,0,0,0.00,0.00,0.00
27.03\2013\K2\1X,27_03-2013_07_26-09_42-K2-1X.jpeg,C:\Users\ASUS\Desktop\Ders\blg521\data\27.03\2013\K2\1X\27_03-2013_07_26-09_42-K2-1X.jpeg,TRUNCATED,JPEG missing standard EOI marker \xFF\xD9,0,0,0.00,0.00,0.00
27.03\2013\K2\1X,27_03-2013_07_27-10_03-K2-1X.jpeg,C:\Users\ASUS\Desktop\Ders\blg521\data\27.03\2013\K2\1X\27_03-2013_07_27-10_03-K2-1X.jpeg,TRUNCATED,JPEG missing standard EOI marker \xFF\xD9,0,0,0.00,0.00,0.00
27.03\2013\K2\1X,27_03-2013_07_31-10_05-K2-1X.jpeg,C:\Users\ASUS\Desktop\Ders\blg521\data\27.03\2013\K2\1X\27_03-2013_07_31-10_05-K2-1X.jpeg,TRUNCATED,JPEG missing standard EOI marker \xFF\xD9,0,0,0.00,0.00,0.00
27.03\2013\K2\1X,27_03-2013_08_02-10_01-K2-1X.jpeg,C:\Users\ASUS\Desktop\Ders\blg521\data\27.03\2013\K2\1X\27_03-2013_08_02-10_01-K2-1X.jpeg,TRUNCATED,JPEG missing standard EOI marker \xFF\xD9,0,0,0.00,0.00,0.00
27.03\2013\K2\1X,27_03-2013_08_05-10_00-K2-1X.jpeg,C:\Users\ASUS\Desktop\Ders\blg521\data\27.03\2013\K2\1X\27_03-2013_08_05-10_00-K2-1X.jpeg,TRUNCATED,JPEG missing standard EOI marker \xFF\xD9,0,0,0.00,0.00,0.00
27.03\2013\K2\1X,27_03-2013_08_07-10_16-K2-1X.jpeg,C:\Users\ASUS\Desktop\Ders\blg521\data\27.03\2013\K2\1X\27_03-2013_08_07-10_16-K2-1X.jpeg,TRUNCATED,JPEG missing standard EOI marker \xFF\xD9,0,0,0.00,0.00,0.00
27.03\2013\K2\1X,27_03-2013_08_08-09_48-K2-1X.jpeg,C:\Users\ASUS\Desktop\Ders\blg521\data\27.03\2013\K2\1X\27_03-2013_08_08-09_48-K2-1X.jpeg,TRUNCATED,JPEG missing standard EOI marker \xFF\xD9,0,0,0.00,0.00,0.00
27.03\2013\K2\1X,27_03-2013_08_09-10_13-K2-1X.jpeg,C:\Users\ASUS\Desktop\Ders\blg521\data\27.03\2013\K2\1X\27_03-2013_08_09-10_13-K2-1X.jpeg,TRUNCATED,JPEG missing standard EOI marker \xFF\xD9,0,0,0.00,0.00,0.00
27.03\2013\K2\1X,27_03-2013_08_11-09_54-K2-1X.jpeg,C:\Users\ASUS\Desktop\Ders\blg521\data\27.03\2013\K2\1X\27_03-2013_08_11-09_54-K2-1X.jpeg,TRUNCATED,JPEG missing standard EOI marker \xFF\xD9,0,0,0.00,0.00,0.00
27.03\2013\K2\1X,27_03-2013_08_12-10_14-K2-1X.jpeg,C:\Users\ASUS\Desktop\Ders\blg521\data\27.03\2013\K2\1X\27_03-2013_08_12-10_14-K2-1X.jpeg,TRUNCATED,JPEG missing standard EOI marker \xFF\xD9,0,0,0.00,0.00,0.00
27.03\2013\K2\1X,27_03-2013_08_13-11_58-K2-1X.jpeg,C:\Users\ASUS\Desktop\Ders\blg521\data\27.03\2013\K2\1X\27_03-2013_08_13-11_58-K2-1X.jpeg,TRUNCATED,JPEG missing standard EOI marker \xFF\xD9,0,0,0.00,0.00,0.00
27.03\2013\K2\1X,27_03-2013_08_18-09_48-K2-1X.jpeg,C:\Users\ASUS\Desktop\Ders\blg521\data\27.03\2013\K2\1X\27_03-2013_08_18-09_48-K2-1X.jpeg,TRUNCATED,JPEG missing standard EOI marker \xFF\xD9,0,0,0.00,0.00,0.00
27.03\2013\K2\1X,27_03-2013_08_19-09_55-K2-1X.jpeg,C:\Users\ASUS\Desktop\Ders\blg521\data\27.03\2013\K2\1X\27_03-2013_08_19-09_55-K2-1X.jpeg,TRUNCATED,JPEG missing standard EOI marker \xFF\xD9,0,0,0.00,0.00,0.00
27.03\2013\K2\1X,27_03-2013_08_20-11_03-K2-1X.jpeg,C:\Users\ASUS\Desktop\Ders\blg521\data\27.03\2013\K2\1X\27_03-2013_08_20-11_03-K2-1X.jpeg,TRUNCATED,JPEG missing standard EOI marker \xFF\xD9,0,0,0.00,0.00,0.00
27.03\2013\K2\1X,27_03-2013_08_22-09_52-K2-1X.jpeg,C:\Users\ASUS\Desktop\Ders\blg521\data\27.03\2013\K2\1X\27_03-2013_08_22-09_52-K2-1X.jpeg,TRUNCATED,JPEG missing standard EOI marker \xFF\xD9,0,0,0.00,0.00,0.00
27.03\2013\K2\1X,27_03-2013_08_23-10_09-K2-1X.jpeg,C:\Users\ASUS\Desktop\Ders\blg521\data\27.03\2013\K2\1X\27_03-2013_08_23-10_09-K2-1X.jpeg,TRUNCATED,JPEG missing standard EOI marker \xFF\xD9,0,0,0.00,0.00,0.00
27.03\2013\K2\1X,27_03-2013_08_24-09_45-K2-1X.jpeg,C:\Users\ASUS\Desktop\Ders\blg521\data\27.03\2013\K2\1X\27_03-2013_08_24-09_45-K2-1X.jpeg,TRUNCATED,JPEG missing standard EOI marker \xFF\xD9,0,0,0.00,0.00,0.00
27.03\2013\K2\1X,27_03-2013_08_26-10_11-K2-1X.jpeg,C:\Users\ASUS\Desktop\Ders\blg521\data\27.03\2013\K2\1X\27_03-2013_08_26-10_11-K2-1X.jpeg,TRUNCATED,JPEG missing standard EOI marker \xFF\xD9,0,0,0.00,0.00,0.00
27.03\2013\K2\1X,27_03-2013_08_27-09_57-K2-1X.jpeg,C:\Users\ASUS\Desktop\Ders\blg521\data\27.03\2013\K2\1X\27_03-2013_08_27-09_57-K2-1X.jpeg,TRUNCATED,JPEG missing standard EOI marker \xFF\xD9,0,0,0.00,0.00,0.00
27.03\2013\K2\1X,27_03-2013_10_03-10_02-K2-1X.jpeg,C:\Users\ASUS\Desktop\Ders\blg521\data\27.03\2013\K2\1X\27_03-2013_10_03-10_02-K2-1X.jpeg,TRUNCATED,JPEG missing standard EOI marker \xFF\xD9,0,0,0.00,0.00,0.00
27.03\2013\K2\1X,27_03-2013_10_04-10_01-K2-1X.jpeg,C:\Users\ASUS\Desktop\Ders\blg521\data\27.03\2013\K2\1X\27_03-2013_10_04-10_01-K2-1X.jpeg,TRUNCATED,JPEG missing standard EOI marker \xFF\xD9,0,0,0.00,0.00,0.00
27.03\2013\K2\1X,27_03-2013_10_05-10_00-K2-1X.jpeg,C:\Users\ASUS\Desktop\Ders\blg521\data\27.03\2013\K2\1X\27_03-2013_10_05-10_00-K2-1X.jpeg,TRUNCATED,JPEG missing standard EOI marker \xFF\xD9,0,0,0.00,0.00,0.00
27.03\2013\K2\1X,27_03-2013_10_06-09_58-K2-1X.jpeg,C:\Users\ASUS\Desktop\Ders\blg521\data\27.03\2013\K2\1X\27_03-2013_10_06-09_58-K2-1X.jpeg,TRUNCATED,JPEG missing standard EOI marker \xFF\xD9,0,0,0.00,0.00,0.00
27.03\2013\K2\1X,27_03-2013_10_07-09_57-K2-1X.jpeg,C:\Users\ASUS\Desktop\Ders\blg521\data\27.03\2013\K2\1X\27_03-2013_10_07-09_57-K2-1X.jpeg,TRUNCATED,JPEG missing standard EOI marker \xFF\xD9,0,0,0.00,0.00,0.00
27.03\2013\K2\1X,27_03-2013_10_08-09_56-K2-1X.jpeg,C:\Users\ASUS\Desktop\Ders\blg521\data\27.03\2013\K2\1X\27_03-2013_10_08-09_56-K2-1X.jpeg,TRUNCATED,JPEG missing standard EOI marker \xFF\xD9,0,0,0.00,0.00,0.00
27.03\2013\K2\1X,27_03-2013_10_13-09_54-K2-1X.jpeg,C:\Users\ASUS\Desktop\Ders\blg521\data\27.03\2013\K2\1X\27_03-2013_10_13-09_54-K2-1X.jpeg,TRUNCATED,JPEG missing standard EOI marker \xFF\xD9,0,0,0.00,0.00,0.00
27.03\2013\K2\1X,27_03-2013_10_18-10_14-K2-1X.jpeg,C:\Users\ASUS\Desktop\Ders\blg521\data\27.03\2013\K2\1X\27_03-2013_10_18-10_14-K2-1X.jpeg,BLURRED,Very blurry (Laplacian variance: 23.36),2288,1712,115.64,17.91,23.36
27.03\2013\K2\1X,27_03-2013_10_22-10_00-K2-1X.jpeg,C:\Users\ASUS\Desktop\Ders\blg521\data\27.03\2013\K2\1X\27_03-2013_10_22-10_00-K2-1X.jpeg,TRUNCATED,JPEG missing standard EOI marker \xFF\xD9,0,0,0.00,0.00,0.00
27.03\2013\K2\1X,27_03-2013_10_23-09_52-K2-1X.jpeg,C:\Users\ASUS\Desktop\Ders\blg521\data\27.03\2013\K2\1X\27_03-2013_10_23-09_52-K2-1X.jpeg,TRUNCATED,JPEG missing standard EOI marker \xFF\xD9,0,0,0.00,0.00,0.00
27.03\2013\K2\1X,27_03-2013_10_24-10_07-K2-1X.jpeg,C:\Users\ASUS\Desktop\Ders\blg521\data\27.03\2013\K2\1X\27_03-2013_10_24-10_07-K2-1X.jpeg,TRUNCATED,JPEG missing standard EOI marker \xFF\xD9,0,0,0.00,0.00,0.00
27.03\2013\K2\1X,27_03-2013_10_25-09_45-K2-1X.jpeg,C:\Users\ASUS\Desktop\Ders\blg521\data\27.03\2013\K2\1X\27_03-2013_10_25-09_45-K2-1X.jpeg,TRUNCATED,JPEG missing standard EOI marker \xFF\xD9,0,0,0.00,0.00,0.00
27.03\2013\K2\1X,27_03-2013_11_01-09_55-K2-1X.jpeg,C:\Users\ASUS\Desktop\Ders\blg521\data\27.03\2013\K2\1X\27_03-2013_11_01-09_55-K2-1X.jpeg,TRUNCATED,JPEG missing standard EOI marker \xFF\xD9,0,0,0.00,0.00,0.00
27.03\2013\K2\1X,27_03-2013_11_03-10_01-K2-1X.jpeg,C:\Users\ASUS\Desktop\Ders\blg521\data\27.03\2013\K2\1X\27_03-2013_11_03-10_01-K2-1X.jpeg,TRUNCATED,JPEG missing standard EOI marker \xFF\xD9,0,0,0.00,0.00,0.00
27.03\2013\K2\1X,27_03-2013_11_04-10_02-K2-1X.jpeg,C:\Users\ASUS\Desktop\Ders\blg521\data\27.03\2013\K2\1X\27_03-2013_11_04-10_02-K2-1X.jpeg,TRUNCATED,JPEG missing standard EOI marker \xFF\xD9,0,0,0.00,0.00,0.00
27.03\2013\K2\1X,27_03-2013_11_10-09_51-K2-1X.jpeg,C:\Users\ASUS\Desktop\Ders\blg521\data\27.03\2013\K2\1X\27_03-2013_11_10-09_51-K2-1X.jpeg,TRUNCATED,JPEG missing standard EOI marker \xFF\xD9,0,0,0.00,0.00,0.00
27.03\2013\K2\1X,27_03-2013_11_16-09_57-K2-1X.jpeg,C:\Users\ASUS\Desktop\Ders\blg521\data\27.03\2013\K2\1X\27_03-2013_11_16-09_57-K2-1X.jpeg,TRUNCATED,JPEG missing standard EOI marker \xFF\xD9,0,0,0.00,0.00,0.00
27.03\2013\K2\1X,27_03-2013_11_20-10_15-K2-1X.jpeg,C:\Users\ASUS\Desktop\Ders\blg521\data\27.03\2013\K2\1X\27_03-2013_11_20-10_15-K2-1X.jpeg,TRUNCATED,JPEG missing standard EOI marker \xFF\xD9,0,0,0.00,0.00,0.00
27.03\2013\K2\1X,27_03-2013_11_23-10_12-K2-1X.jpeg,C:\Users\ASUS\Desktop\Ders\blg521\data\27.03\2013\K2\1X\27_03-2013_11_23-10_12-K2-1X.jpeg,TRUNCATED,JPEG missing standard EOI marker \xFF\xD9,0,0,0.00,0.00,0.00
27.03\2013\K2\1X,27_03-2013_11_29-09_53-K2-1X.jpeg,C:\Users\ASUS\Desktop\Ders\blg521\data\27.03\2013\K2\1X\27_03-2013_11_29-09_53-K2-1X.jpeg,TRUNCATED,JPEG missing standard EOI marker \xFF\xD9,0,0,0.00,0.00,0.00
27.03\2013\K2\1X,27_03-2013_12_01-09_53-K2-1X.jpeg,C:\Users\ASUS\Desktop\Ders\blg521\data\27.03\2013\K2\1X\27_03-2013_12_01-09_53-K2-1X.jpeg,TRUNCATED,JPEG missing standard EOI marker \xFF\xD9,0,0,0.00,0.00,0.00
27.03\2013\K2\1X,27_03-2013_12_02-09_59-K2-1X.jpeg,C:\Users\ASUS\Desktop\Ders\blg521\data\27.03\2013\K2\1X\27_03-2013_12_02-09_59-K2-1X.jpeg,TRUNCATED,JPEG missing standard EOI marker \xFF\xD9,0,0,0.00,0.00,0.00
27.03\2013\K2\1X,27_03-2013_12_11-09_49-K2-1X.jpeg,C:\Users\ASUS\Desktop\Ders\blg521\data\27.03\2013\K2\1X\27_03-2013_12_11-09_49-K2-1X.jpeg,BLURRED,Very blurry (Laplacian variance: 44.19),2288,1712,105.39,8.76,44.19
27.03\2013\K2\1X,27_03-2013_12_13-10_09-K2-1X.jpeg,C:\Users\ASUS\Desktop\Ders\blg521\data\27.03\2013\K2\1X\27_03-2013_12_13-10_09-K2-1X.jpeg,BLURRED,Very blurry (Laplacian variance: 35.45),2288,1712,120.04,33.09,35.45
27.03\2013\K2\1X,27_03-2013_12_22-09_49-K2-1X.jpeg,C:\Users\ASUS\Desktop\Ders\blg521\data\27.03\2013\K2\1X\27_03-2013_12_22-09_49-K2-1X.jpeg,TRUNCATED,JPEG missing standard EOI marker \xFF\xD9,0,0,0.00,0.00,0.00
27.03\2013\K2\1X,27_03-2013_12_25-09_45-K2-1X.jpeg,C:\Users\ASUS\Desktop\Ders\blg521\data\27.03\2013\K2\1X\27_03-2013_12_25-09_45-K2-1X.jpeg,BLURRED,Very blurry (Laplacian variance: 32.49),2288,1712,118.27,22.46,32.49
27.03\2013\K2\1X,27_03-2013_12_30-09_56-K2-1X.jpeg,C:\Users\ASUS\Desktop\Ders\blg521\data\27.03\2013\K2\1X\27_03-2013_12_30-09_56-K2-1X.jpeg,BLURRED,Very blurry (Laplacian variance: 27.17),2288,1712,117.21,22.73,27.17
27.03\2013\K3\10X,27_03-2013_05_20-10_06-K3-10X.jpeg,C:\Users\ASUS\Desktop\Ders\blg521\data\27.03\2013\K3\10X\27_03-2013_05_20-10_06-K3-10X.jpeg,TRUNCATED,JPEG missing standard EOI marker \xFF\xD9,0,0,0.00,0.00,0.00
27.03\2013\K3\10X,27_03-2013_05_21-09_48-K3-10X.jpeg,C:\Users\ASUS\Desktop\Ders\blg521\data\27.03\2013\K3\10X\27_03-2013_05_21-09_48-K3-10X.jpeg,TRUNCATED,JPEG missing standard EOI marker \xFF\xD9,0,0,0.00,0.00,0.00
27.03\2013\K3\10X,27_03-2013_05_23-09_45-K3-10X.jpeg,C:\Users\ASUS\Desktop\Ders\blg521\data\27.03\2013\K3\10X\27_03-2013_05_23-09_45-K3-10X.jpeg,TRUNCATED,JPEG missing standard EOI marker \xFF\xD9,0,0,0.00,0.00,0.00
27.03\2013\K3\10X,27_03-2013_05_24-09_58-K3-10X.jpeg,C:\Users\ASUS\Desktop\Ders\blg521\data\27.03\2013\K3\10X\27_03-2013_05_24-09_58-K3-10X.jpeg,TRUNCATED,JPEG missing standard EOI marker \xFF\xD9,0,0,0.00,0.00,0.00
27.03\2013\K3\10X,27_03-2013_05_28-09_21-K3-10X.jpeg,C:\Users\ASUS\Desktop\Ders\blg521\data\27.03\2013\K3\10X\27_03-2013_05_28-09_21-K3-10X.jpeg,TRUNCATED,JPEG missing standard EOI marker \xFF\xD9,0,0,0.00,0.00,0.00
27.03\2013\K3\10X,27_03-2013_05_30-10_08-K3-10X.jpeg,C:\Users\ASUS\Desktop\Ders\blg521\data\27.03\2013\K3\10X\27_03-2013_05_30-10_08-K3-10X.jpeg,TRUNCATED,JPEG missing standard EOI marker \xFF\xD9,0,0,0.00,0.00,0.00
27.03\2013\K3\10X,27_03-2013_06_04-10_06-K3-10X.jpeg,C:\Users\ASUS\Desktop\Ders\blg521\data\27.03\2013\K3\10X\27_03-2013_06_04-10_06-K3-10X.jpeg,TRUNCATED,JPEG missing standard EOI marker \xFF\xD9,0,0,0.00,0.00,0.00
27.03\2013\K3\10X,27_03-2013_06_05-10_16-K3-10X.jpeg,C:\Users\ASUS\Desktop\Ders\blg521\data\27.03\2013\K3\10X\27_03-2013_06_05-10_16-K3-10X.jpeg,TRUNCATED,JPEG missing standard EOI marker \xFF\xD9,0,0,0.00,0.00,0.00
27.03\2013\K3\10X,27_03-2013_06_06-10_00-K3-10X.jpeg,C:\Users\ASUS\Desktop\Ders\blg521\data\27.03\2013\K3\10X\27_03-2013_06_06-10_00-K3-10X.jpeg,TRUNCATED,JPEG missing standard EOI marker \xFF\xD9,0,0,0.00,0.00,0.00
27.03\2013\K3\10X,27_03-2013_06_07-10_14-K3-10X.jpeg,C:\Users\ASUS\Desktop\Ders\blg521\data\27.03\2013\K3\10X\27_03-2013_06_07-10_14-K3-10X.jpeg,TRUNCATED,JPEG missing standard EOI marker \xFF\xD9,0,0,0.00,0.00,0.00
27.03\2013\K3\10X,27_03-2013_06_08-09_58-K3-10X.jpeg,C:\Users\ASUS\Desktop\Ders\blg521\data\27.03\2013\K3\10X\27_03-2013_06_08-09_58-K3-10X.jpeg,TRUNCATED,JPEG missing standard EOI marker \xFF\xD9,0,0,0.00,0.00,0.00
27.03\2013\K3\10X,27_03-2013_06_14-10_00-K3-10X.jpeg,C:\Users\ASUS\Desktop\Ders\blg521\data\27.03\2013\K3\10X\27_03-2013_06_14-10_00-K3-10X.jpeg,TRUNCATED,JPEG missing standard EOI marker \xFF\xD9,0,0,0.00,0.00,0.00
27.03\2013\K3\10X,27_03-2013_06_15-10_15-K3-10X.jpeg,C:\Users\ASUS\Desktop\Ders\blg521\data\27.03\2013\K3\10X\27_03-2013_06_15-10_15-K3-10X.jpeg,TRUNCATED,JPEG missing standard EOI marker \xFF\xD9,0,0,0.00,0.00,0.00
27.03\2013\K3\10X,27_03-2013_06_17-09_55-K3-10X.jpeg,C:\Users\ASUS\Desktop\Ders\blg521\data\27.03\2013\K3\10X\27_03-2013_06_17-09_55-K3-10X.jpeg,TRUNCATED,JPEG missing standard EOI marker \xFF\xD9,0,0,0.00,0.00,0.00
27.03\2013\K3\10X,27_03-2013_06_19-09_54-K3-10X.jpeg,C:\Users\ASUS\Desktop\Ders\blg521\data\27.03\2013\K3\10X\27_03-2013_06_19-09_54-K3-10X.jpeg,TRUNCATED,JPEG missing standard EOI marker \xFF\xD9,0,0,0.00,0.00,0.00
27.03\2013\K3\10X,27_03-2013_06_20-10_09-K3-10X.jpeg,C:\Users\ASUS\Desktop\Ders\blg521\data\27.03\2013\K3\10X\27_03-2013_06_20-10_09-K3-10X.jpeg,TRUNCATED,JPEG missing standard EOI marker \xFF\xD9,0,0,0.00,0.00,0.00
27.03\2013\K3\10X,27_03-2013_06_21-09_53-K3-10X.jpeg,C:\Users\ASUS\Desktop\Ders\blg521\data\27.03\2013\K3\10X\27_03-2013_06_21-09_53-K3-10X.jpeg,TRUNCATED,JPEG missing standard EOI marker \xFF\xD9,0,0,0.00,0.00,0.00
27.03\2013\K3\10X,27_03-2013_06_22-10_09-K3-10X.jpeg,C:\Users\ASUS\Desktop\Ders\blg521\data\27.03\2013\K3\10X\27_03-2013_06_22-10_09-K3-10X.jpeg,TRUNCATED,JPEG missing standard EOI marker \xFF\xD9,0,0,0.00,0.00,0.00
27.03\2013\K3\10X,27_03-2013_06_23-09_53-K3-10X.jpeg,C:\Users\ASUS\Desktop\Ders\blg521\data\27.03\2013\K3\10X\27_03-2013_06_23-09_53-K3-10X.jpeg,TRUNCATED,JPEG missing standard EOI marker \xFF\xD9,0,0,0.00,0.00,0.00
27.03\2013\K3\10X,27_03-2013_06_25-09_52-K3-10X.jpeg,C:\Users\ASUS\Desktop\Ders\blg521\data\27.03\2013\K3\10X\27_03-2013_06_25-09_52-K3-10X.jpeg,TRUNCATED,JPEG missing standard EOI marker \xFF\xD9,0,0,0.00,0.00,0.00
27.03\2013\K3\10X,27_03-2013_06_27-09_50-K3-10X.jpeg,C:\Users\ASUS\Desktop\Ders\blg521\data\27.03\2013\K3\10X\27_03-2013_06_27-09_50-K3-10X.jpeg,TRUNCATED,JPEG missing standard EOI marker \xFF\xD9,0,0,0.00,0.00,0.00
27.03\2013\K3\10X,27_03-2013_06_28-10_06-K3-10X.jpeg,C:\Users\ASUS\Desktop\Ders\blg521\data\27.03\2013\K3\10X\27_03-2013_06_28-10_06-K3-10X.jpeg,TRUNCATED,JPEG missing standard EOI marker \xFF\xD9,0,0,0.00,0.00,0.00
27.03\2013\K3\10X,27_03-2013_06_30-10_04-K3-10X.jpeg,C:\Users\ASUS\Desktop\Ders\blg521\data\27.03\2013\K3\10X\27_03-2013_06_30-10_04-K3-10X.jpeg,TRUNCATED,JPEG missing standard EOI marker \xFF\xD9,0,0,0.00,0.00,0.00
27.03\2013\K3\10X,27_03-2013_07_02-10_02-K3-10X.jpeg,C:\Users\ASUS\Desktop\Ders\blg521\data\27.03\2013\K3\10X\27_03-2013_07_02-10_02-K3-10X.jpeg,TRUNCATED,JPEG missing standard EOI marker \xFF\xD9,0,0,0.00,0.00,0.00
27.03\2013\K3\10X,27_03-2013_07_03-09_45-K3-10X.jpeg,C:\Users\ASUS\Desktop\Ders\blg521\data\27.03\2013\K3\10X\27_03-2013_07_03-09_45-K3-10X.jpeg,TRUNCATED,JPEG missing standard EOI marker \xFF\xD9,0,0,0.00,0.00,0.00
27.03\2013\K3\10X,27_03-2013_07_04-10_00-K3-10X.jpeg,C:\Users\ASUS\Desktop\Ders\blg521\data\27.03\2013\K3\10X\27_03-2013_07_04-10_00-K3-10X.jpeg,TRUNCATED,JPEG missing standard EOI marker \xFF\xD9,0,0,0.00,0.00,0.00
27.03\2013\K3\10X,27_03-2013_07_15-10_14-K3-10X.jpeg,C:\Users\ASUS\Desktop\Ders\blg521\data\27.03\2013\K3\10X\27_03-2013_07_15-10_14-K3-10X.jpeg,TRUNCATED,JPEG missing standard EOI marker \xFF\xD9,0,0,0.00,0.00,0.00
27.03\2013\K3\10X,27_03-2013_07_17-10_03-K3-10X.jpeg,C:\Users\ASUS\Desktop\Ders\blg521\data\27.03\2013\K3\10X\27_03-2013_07_17-10_03-K3-10X.jpeg,TRUNCATED,JPEG missing standard EOI marker \xFF\xD9,0,0,0.00,0.00,0.00
27.03\2013\K3\10X,27_03-2013_07_18-10_12-K3-10X.jpeg,C:\Users\ASUS\Desktop\Ders\blg521\data\27.03\2013\K3\10X\27_03-2013_07_18-10_12-K3-10X.jpeg,TRUNCATED,JPEG missing standard EOI marker \xFF\xD9,0,0,0.00,0.00,0.00
27.03\2013\K3\10X,27_03-2013_07_19-09_49-K3-10X.jpeg,C:\Users\ASUS\Desktop\Ders\blg521\data\27.03\2013\K3\10X\27_03-2013_07_19-09_49-K3-10X.jpeg,TRUNCATED,JPEG missing standard EOI marker \xFF\xD9,0,0,0.00,0.00,0.00
27.03\2013\K3\10X,27_03-2013_07_20-09_57-K3-10X.jpeg,C:\Users\ASUS\Desktop\Ders\blg521\data\27.03\2013\K3\10X\27_03-2013_07_20-09_57-K3-10X.jpeg,TRUNCATED,JPEG missing standard EOI marker \xFF\xD9,0,0,0.00,0.00,0.00
27.03\2013\K3\10X,27_03-2013_07_22-10_11-K3-10X.jpeg,C:\Users\ASUS\Desktop\Ders\blg521\data\27.03\2013\K3\10X\27_03-2013_07_22-10_11-K3-10X.jpeg,TRUNCATED,JPEG missing standard EOI marker \xFF\xD9,0,0,0.00,0.00,0.00
27.03\2013\K3\10X,27_03-2013_07_23-09_55-K3-10X.jpeg,C:\Users\ASUS\Desktop\Ders\blg521\data\27.03\2013\K3\10X\27_03-2013_07_23-09_55-K3-10X.jpeg,TRUNCATED,JPEG missing standard EOI marker \xFF\xD9,0,0,0.00,0.00,0.00
27.03\2013\K3\10X,27_03-2013_07_24-09_45-K3-10X.jpeg,C:\Users\ASUS\Desktop\Ders\blg521\data\27.03\2013\K3\10X\27_03-2013_07_24-09_45-K3-10X.jpeg,TRUNCATED,JPEG missing standard EOI marker \xFF\xD9,0,0,0.00,0.00,0.00
27.03\2013\K3\10X,27_03-2013_07_27-09_52-K3-10X.jpeg,C:\Users\ASUS\Desktop\Ders\blg521\data\27.03\2013\K3\10X\27_03-2013_07_27-09_52-K3-10X.jpeg,TRUNCATED,JPEG missing standard EOI marker \xFF\xD9,0,0,0.00,0.00,0.00
27.03\2013\K3\10X,27_03-2013_07_28-10_10-K3-10X.jpeg,C:\Users\ASUS\Desktop\Ders\blg521\data\27.03\2013\K3\10X\27_03-2013_07_28-10_10-K3-10X.jpeg,TRUNCATED,JPEG missing standard EOI marker \xFF\xD9,0,0,0.00,0.00,0.00
27.03\2013\K3\10X,27_03-2013_07_29-10_13-K3-10X.jpeg,C:\Users\ASUS\Desktop\Ders\blg521\data\27.03\2013\K3\10X\27_03-2013_07_29-10_13-K3-10X.jpeg,TRUNCATED,JPEG missing standard EOI marker \xFF\xD9,0,0,0.00,0.00,0.00
27.03\2013\K3\10X,27_03-2013_07_31-09_58-K3-10X.jpeg,C:\Users\ASUS\Desktop\Ders\blg521\data\27.03\2013\K3\10X\27_03-2013_07_31-09_58-K3-10X.jpeg,TRUNCATED,JPEG missing standard EOI marker \xFF\xD9,0,0,0.00,0.00,0.00
27.03\2013\K3\10X,27_03-2013_08_01-10_04-K3-10X.jpeg,C:\Users\ASUS\Desktop\Ders\blg521\data\27.03\2013\K3\10X\27_03-2013_08_01-10_04-K3-10X.jpeg,TRUNCATED,JPEG missing standard EOI marker \xFF\xD9,0,0,0.00,0.00,0.00
27.03\2013\K3\10X,27_03-2013_08_05-09_57-K3-10X.jpeg,C:\Users\ASUS\Desktop\Ders\blg521\data\27.03\2013\K3\10X\27_03-2013_08_05-09_57-K3-10X.jpeg,TRUNCATED,JPEG missing standard EOI marker \xFF\xD9,0,0,0.00,0.00,0.00
27.03\2013\K3\10X,27_03-2013_08_08-09_52-K3-10X.jpeg,C:\Users\ASUS\Desktop\Ders\blg521\data\27.03\2013\K3\10X\27_03-2013_08_08-09_52-K3-10X.jpeg,TRUNCATED,JPEG missing standard EOI marker \xFF\xD9,0,0,0.00,0.00,0.00
27.03\2013\K3\10X,27_03-2013_08_09-09_44-K3-10X.jpeg,C:\Users\ASUS\Desktop\Ders\blg521\data\27.03\2013\K3\10X\27_03-2013_08_09-09_44-K3-10X.jpeg,TRUNCATED,JPEG missing standard EOI marker \xFF\xD9,0,0,0.00,0.00,0.00
27.03\2013\K3\10X,27_03-2013_08_10-10_10-K3-10X.jpeg,C:\Users\ASUS\Desktop\Ders\blg521\data\27.03\2013\K3\10X\27_03-2013_08_10-10_10-K3-10X.jpeg,TRUNCATED,JPEG missing standard EOI marker \xFF\xD9,0,0,0.00,0.00,0.00
27.03\2013\K3\10X,27_03-2013_08_11-09_59-K3-10X.jpeg,C:\Users\ASUS\Desktop\Ders\blg521\data\27.03\2013\K3\10X\27_03-2013_08_11-09_59-K3-10X.jpeg,TRUNCATED,JPEG missing standard EOI marker \xFF\xD9,0,0,0.00,0.00,0.00
27.03\2013\K3\10X,27_03-2013_08_12-10_12-K3-10X.jpeg,C:\Users\ASUS\Desktop\Ders\blg521\data\27.03\2013\K3\10X\27_03-2013_08_12-10_12-K3-10X.jpeg,TRUNCATED,JPEG missing standard EOI marker \xFF\xD9,0,0,0.00,0.00,0.00
27.03\2013\K3\10X,27_03-2013_08_20-11_02-K3-10X.jpeg,C:\Users\ASUS\Desktop\Ders\blg521\data\27.03\2013\K3\10X\27_03-2013_08_20-11_02-K3-10X.jpeg,TRUNCATED,JPEG missing standard EOI marker \xFF\xD9,0,0,0.00,0.00,0.00
27.03\2013\K3\10X,27_03-2013_08_23-10_08-K3-10X.jpeg,C:\Users\ASUS\Desktop\Ders\blg521\data\27.03\2013\K3\10X\27_03-2013_08_23-10_08-K3-10X.jpeg,TRUNCATED,JPEG missing standard EOI marker \xFF\xD9,0,0,0.00,0.00,0.00
27.03\2013\K3\10X,27_03-2013_08_24-09_53-K3-10X.jpeg,C:\Users\ASUS\Desktop\Ders\blg521\data\27.03\2013\K3\10X\27_03-2013_08_24-09_53-K3-10X.jpeg,TRUNCATED,JPEG missing standard EOI marker \xFF\xD9,0,0,0.00,0.00,0.00
27.03\2013\K3\10X,27_03-2013_08_26-09_54-K3-10X.jpeg,C:\Users\ASUS\Desktop\Ders\blg521\data\27.03\2013\K3\10X\27_03-2013_08_26-09_54-K3-10X.jpeg,TRUNCATED,JPEG missing standard EOI marker \xFF\xD9,0,0,0.00,0.00,0.00
27.03\2013\K3\10X,27_03-2013_08_27-10_03-K3-10X.jpeg,C:\Users\ASUS\Desktop\Ders\blg521\data\27.03\2013\K3\10X\27_03-2013_08_27-10_03-K3-10X.jpeg,TRUNCATED,JPEG missing standard EOI marker \xFF\xD9,0,0,0.00,0.00,0.00
27.03\2013\K3\10X,27_03-2013_08_28-09_56-K3-10X.jpeg,C:\Users\ASUS\Desktop\Ders\blg521\data\27.03\2013\K3\10X\27_03-2013_08_28-09_56-K3-10X.jpeg,TRUNCATED,JPEG missing standard EOI marker \xFF\xD9,0,0,0.00,0.00,0.00
27.03\2013\K3\10X,27_03-2013_10_03-10_00-K3-10X.jpeg,C:\Users\ASUS\Desktop\Ders\blg521\data\27.03\2013\K3\10X\27_03-2013_10_03-10_00-K3-10X.jpeg,TRUNCATED,JPEG missing standard EOI marker \xFF\xD9,0,0,0.00,0.00,0.00
27.03\2013\K3\10X,27_03-2013_10_04-09_59-K3-10X.jpeg,C:\Users\ASUS\Desktop\Ders\blg521\data\27.03\2013\K3\10X\27_03-2013_10_04-09_59-K3-10X.jpeg,TRUNCATED,JPEG missing standard EOI marker \xFF\xD9,0,0,0.00,0.00,0.00
27.03\2013\K3\10X,27_03-2013_10_05-09_54-K3-10X.jpeg,C:\Users\ASUS\Desktop\Ders\blg521\data\27.03\2013\K3\10X\27_03-2013_10_05-09_54-K3-10X.jpeg,TRUNCATED,JPEG missing standard EOI marker \xFF\xD9,0,0,0.00,0.00,0.00
27.03\2013\K3\10X,27_03-2013_10_06-10_11-K3-10X.jpeg,C:\Users\ASUS\Desktop\Ders\blg521\data\27.03\2013\K3\10X\27_03-2013_10_06-10_11-K3-10X.jpeg,TRUNCATED,JPEG missing standard EOI marker \xFF\xD9,0,0,0.00,0.00,0.00
27.03\2013\K3\10X,27_03-2013_10_07-09_58-K3-10X.jpeg,C:\Users\ASUS\Desktop\Ders\blg521\data\27.03\2013\K3\10X\27_03-2013_10_07-09_58-K3-10X.jpeg,TRUNCATED,JPEG missing standard EOI marker \xFF\xD9,0,0,0.00,0.00,0.00
27.03\2013\K3\10X,27_03-2013_10_08-09_57-K3-10X.jpeg,C:\Users\ASUS\Desktop\Ders\blg521\data\27.03\2013\K3\10X\27_03-2013_10_08-09_57-K3-10X.jpeg,TRUNCATED,JPEG missing standard EOI marker \xFF\xD9,0,0,0.00,0.00,0.00
27.03\2013\K3\10X,27_03-2013_10_09-09_56-K3-10X.jpeg,C:\Users\ASUS\Desktop\Ders\blg521\data\27.03\2013\K3\10X\27_03-2013_10_09-09_56-K3-10X.jpeg,TRUNCATED,JPEG missing standard EOI marker \xFF\xD9,0,0,0.00,0.00,0.00
27.03\2013\K3\10X,27_03-2013_10_13-09_57-K3-10X.jpeg,C:\Users\ASUS\Desktop\Ders\blg521\data\27.03\2013\K3\10X\27_03-2013_10_13-09_57-K3-10X.jpeg,TRUNCATED,JPEG missing standard EOI marker \xFF\xD9,0,0,0.00,0.00,0.00
27.03\2013\K3\10X,27_03-2013_10_22-09_50-K3-10X.jpeg,C:\Users\ASUS\Desktop\Ders\blg521\data\27.03\2013\K3\10X\27_03-2013_10_22-09_50-K3-10X.jpeg,TRUNCATED,JPEG missing standard EOI marker \xFF\xD9,0,0,0.00,0.00,0.00
27.03\2013\K3\10X,27_03-2013_10_23-10_05-K3-10X.jpeg,C:\Users\ASUS\Desktop\Ders\blg521\data\27.03\2013\K3\10X\27_03-2013_10_23-10_05-K3-10X.jpeg,TRUNCATED,JPEG missing standard EOI marker \xFF\xD9,0,0,0.00,0.00,0.00
27.03\2013\K3\10X,27_03-2013_10_24-09_49-K3-10X.jpeg,C:\Users\ASUS\Desktop\Ders\blg521\data\27.03\2013\K3\10X\27_03-2013_10_24-09_49-K3-10X.jpeg,TRUNCATED,JPEG missing standard EOI marker \xFF\xD9,0,0,0.00,0.00,0.00
27.03\2013\K3\10X,27_03-2013_10_25-10_16-K3-10X.jpeg,C:\Users\ASUS\Desktop\Ders\blg521\data\27.03\2013\K3\10X\27_03-2013_10_25-10_16-K3-10X.jpeg,TRUNCATED,JPEG missing standard EOI marker \xFF\xD9,0,0,0.00,0.00,0.00
27.03\2013\K3\10X,27_03-2013_10_27-10_02-K3-10X.jpeg,C:\Users\ASUS\Desktop\Ders\blg521\data\27.03\2013\K3\10X\27_03-2013_10_27-10_02-K3-10X.jpeg,TRUNCATED,JPEG missing standard EOI marker \xFF\xD9,0,0,0.00,0.00,0.00
27.03\2013\K3\10X,27_03-2013_10_29-10_12-K3-10X.jpeg,C:\Users\ASUS\Desktop\Ders\blg521\data\27.03\2013\K3\10X\27_03-2013_10_29-10_12-K3-10X.jpeg,TRUNCATED,JPEG missing standard EOI marker \xFF\xD9,0,0,0.00,0.00,0.00
27.03\2013\K3\10X,27_03-2013_10_30-10_05-K3-10X.jpeg,C:\Users\ASUS\Desktop\Ders\blg521\data\27.03\2013\K3\10X\27_03-2013_10_30-10_05-K3-10X.jpeg,TRUNCATED,JPEG missing standard EOI marker \xFF\xD9,0,0,0.00,0.00,0.00
27.03\2013\K3\10X,27_03-2013_10_31-09_59-K3-10X.jpeg,C:\Users\ASUS\Desktop\Ders\blg521\data\27.03\2013\K3\10X\27_03-2013_10_31-09_59-K3-10X.jpeg,TRUNCATED,JPEG missing standard EOI marker \xFF\xD9,0,0,0.00,0.00,0.00
27.03\2013\K3\10X,27_03-2013_11_01-09_58-K3-10X.jpeg,C:\Users\ASUS\Desktop\Ders\blg521\data\27.03\2013\K3\10X\27_03-2013_11_01-09_58-K3-10X.jpeg,TRUNCATED,JPEG missing standard EOI marker \xFF\xD9,0,0,0.00,0.00,0.00
27.03\2013\K3\10X,27_03-2013_11_03-09_59-K3-10X.jpeg,C:\Users\ASUS\Desktop\Ders\blg521\data\27.03\2013\K3\10X\27_03-2013_11_03-09_59-K3-10X.jpeg,TRUNCATED,JPEG missing standard EOI marker \xFF\xD9,0,0,0.00,0.00,0.00
27.03\2013\K3\10X,27_03-2013_11_04-10_01-K3-10X.jpeg,C:\Users\ASUS\Desktop\Ders\blg521\data\27.03\2013\K3\10X\27_03-2013_11_04-10_01-K3-10X.jpeg,TRUNCATED,JPEG missing standard EOI marker \xFF\xD9,0,0,0.00,0.00,0.00
27.03\2013\K3\10X,27_03-2013_11_06-10_00-K3-10X.jpeg,C:\Users\ASUS\Desktop\Ders\blg521\data\27.03\2013\K3\10X\27_03-2013_11_06-10_00-K3-10X.jpeg,TRUNCATED,JPEG missing standard EOI marker \xFF\xD9,0,0,0.00,0.00,0.00
27.03\2013\K3\10X,27_03-2013_11_10-09_47-K3-10X.jpeg,C:\Users\ASUS\Desktop\Ders\blg521\data\27.03\2013\K3\10X\27_03-2013_11_10-09_47-K3-10X.jpeg,TRUNCATED,JPEG missing standard EOI marker \xFF\xD9,0,0,0.00,0.00,0.00
27.03\2013\K3\10X,27_03-2013_11_16-09_54-K3-10X.jpeg,C:\Users\ASUS\Desktop\Ders\blg521\data\27.03\2013\K3\10X\27_03-2013_11_16-09_54-K3-10X.jpeg,TRUNCATED,JPEG missing standard EOI marker \xFF\xD9,0,0,0.00,0.00,0.00
27.03\2013\K3\10X,27_03-2013_11_20-10_16-K3-10X.jpeg,C:\Users\ASUS\Desktop\Ders\blg521\data\27.03\2013\K3\10X\27_03-2013_11_20-10_16-K3-10X.jpeg,TRUNCATED,JPEG missing standard EOI marker \xFF\xD9,0,0,0.00,0.00,0.00
27.03\2013\K3\10X,27_03-2013_11_23-10_09-K3-10X.jpeg,C:\Users\ASUS\Desktop\Ders\blg521\data\27.03\2013\K3\10X\27_03-2013_11_23-10_09-K3-10X.jpeg,TRUNCATED,JPEG missing standard EOI marker \xFF\xD9,0,0,0.00,0.00,0.00
27.03\2013\K3\10X,27_03-2013_11_29-09_50-K3-10X.jpeg,C:\Users\ASUS\Desktop\Ders\blg521\data\27.03\2013\K3\10X\27_03-2013_11_29-09_50-K3-10X.jpeg,TRUNCATED,JPEG missing standard EOI marker \xFF\xD9,0,0,0.00,0.00,0.00
27.03\2013\K3\10X,27_03-2013_12_01-09_50-K3-10X.jpeg,C:\Users\ASUS\Desktop\Ders\blg521\data\27.03\2013\K3\10X\27_03-2013_12_01-09_50-K3-10X.jpeg,TRUNCATED,JPEG missing standard EOI marker \xFF\xD9,0,0,0.00,0.00,0.00
27.03\2013\K3\10X,27_03-2013_12_02-09_56-K3-10X.jpeg,C:\Users\ASUS\Desktop\Ders\blg521\data\27.03\2013\K3\10X\27_03-2013_12_02-09_56-K3-10X.jpeg,TRUNCATED,JPEG missing standard EOI marker \xFF\xD9,0,0,0.00,0.00,0.00
27.03\2013\K3\10X,27_03-2013_12_22-09_44-K3-10X.jpeg,C:\Users\ASUS\Desktop\Ders\blg521\data\27.03\2013\K3\10X\27_03-2013_12_22-09_44-K3-10X.jpeg,TRUNCATED,JPEG missing standard EOI marker \xFF\xD9,0,0,0.00,0.00,0.00
27.03\2013\K3\1X,27_03-2013_05_06-11_24-K3-1X.jpeg,C:\Users\ASUS\Desktop\Ders\blg521\data\27.03\2013\K3\1X\27_03-2013_05_06-11_24-K3-1X.jpeg,BLURRED,Very blurry (Laplacian variance: 41.92),2288,1712,114.02,5.68,41.92
27.03\2013\K3\1X,27_03-2013_05_21-09_49-K3-1X.jpeg,C:\Users\ASUS\Desktop\Ders\blg521\data\27.03\2013\K3\1X\27_03-2013_05_21-09_49-K3-1X.jpeg,TRUNCATED,JPEG missing standard EOI marker \xFF\xD9,0,0,0.00,0.00,0.00
27.03\2013\K3\1X,27_03-2013_05_22-10_03-K3-1X.jpeg,C:\Users\ASUS\Desktop\Ders\blg521\data\27.03\2013\K3\1X\27_03-2013_05_22-10_03-K3-1X.jpeg,TRUNCATED,JPEG missing standard EOI marker \xFF\xD9,0,0,0.00,0.00,0.00
27.03\2013\K3\1X,27_03-2013_05_23-09_45-K3-1X.jpeg,C:\Users\ASUS\Desktop\Ders\blg521\data\27.03\2013\K3\1X\27_03-2013_05_23-09_45-K3-1X.jpeg,TRUNCATED,JPEG missing standard EOI marker \xFF\xD9,0,0,0.00,0.00,0.00
27.03\2013\K3\1X,27_03-2013_05_24-09_59-K3-1X.jpeg,C:\Users\ASUS\Desktop\Ders\blg521\data\27.03\2013\K3\1X\27_03-2013_05_24-09_59-K3-1X.jpeg,TRUNCATED,JPEG missing standard EOI marker \xFF\xD9,0,0,0.00,0.00,0.00
27.03\2013\K3\1X,27_03-2013_05_25-10_14-K3-1X.jpeg,C:\Users\ASUS\Desktop\Ders\blg521\data\27.03\2013\K3\1X\27_03-2013_05_25-10_14-K3-1X.jpeg,TRUNCATED,JPEG missing standard EOI marker \xFF\xD9,0,0,0.00,0.00,0.00
27.03\2013\K3\1X,27_03-2013_05_29-10_01-K3-1X.jpeg,C:\Users\ASUS\Desktop\Ders\blg521\data\27.03\2013\K3\1X\27_03-2013_05_29-10_01-K3-1X.jpeg,TRUNCATED,JPEG missing standard EOI marker \xFF\xD9,0,0,0.00,0.00,0.00
27.03\2013\K3\1X,27_03-2013_05_30-10_09-K3-1X.jpeg,C:\Users\ASUS\Desktop\Ders\blg521\data\27.03\2013\K3\1X\27_03-2013_05_30-10_09-K3-1X.jpeg,TRUNCATED,JPEG missing standard EOI marker \xFF\xD9,0,0,0.00,0.00,0.00
27.03\2013\K3\1X,27_03-2013_05_31-09_45-K3-1X.jpeg,C:\Users\ASUS\Desktop\Ders\blg521\data\27.03\2013\K3\1X\27_03-2013_05_31-09_45-K3-1X.jpeg,TRUNCATED,JPEG missing standard EOI marker \xFF\xD9,0,0,0.00,0.00,0.00
27.03\2013\K3\1X,27_03-2013_06_03-09_59-K3-1X.jpeg,C:\Users\ASUS\Desktop\Ders\blg521\data\27.03\2013\K3\1X\27_03-2013_06_03-09_59-K3-1X.jpeg,TRUNCATED,JPEG missing standard EOI marker \xFF\xD9,0,0,0.00,0.00,0.00
27.03\2013\K3\1X,27_03-2013_06_04-09_04-K3-1X.jpeg,C:\Users\ASUS\Desktop\Ders\blg521\data\27.03\2013\K3\1X\27_03-2013_06_04-09_04-K3-1X.jpeg,TRUNCATED,JPEG missing standard EOI marker \xFF\xD9,0,0,0.00,0.00,0.00
27.03\2013\K3\1X,27_03-2013_06_05-09_45-K3-1X.jpeg,C:\Users\ASUS\Desktop\Ders\blg521\data\27.03\2013\K3\1X\27_03-2013_06_05-09_45-K3-1X.jpeg,TRUNCATED,JPEG missing standard EOI marker \xFF\xD9,0,0,0.00,0.00,0.00
27.03\2013\K3\1X,27_03-2013_06_06-10_00-K3-1X.jpeg,C:\Users\ASUS\Desktop\Ders\blg521\data\27.03\2013\K3\1X\27_03-2013_06_06-10_00-K3-1X.jpeg,TRUNCATED,JPEG missing standard EOI marker \xFF\xD9,0,0,0.00,0.00,0.00
27.03\2013\K3\1X,27_03-2013_06_08-09_58-K3-1X.jpeg,C:\Users\ASUS\Desktop\Ders\blg521\data\27.03\2013\K3\1X\27_03-2013_06_08-09_58-K3-1X.jpeg,TRUNCATED,JPEG missing standard EOI marker \xFF\xD9,0,0,0.00,0.00,0.00
27.03\2013\K3\1X,27_03-2013_06_09-10_13-K3-1X.jpeg,C:\Users\ASUS\Desktop\Ders\blg521\data\27.03\2013\K3\1X\27_03-2013_06_09-10_13-K3-1X.jpeg,TRUNCATED,JPEG missing standard EOI marker \xFF\xD9,0,0,0.00,0.00,0.00
27.03\2013\K3\1X,27_03-2013_06_13-10_09-K3-1X.jpeg,C:\Users\ASUS\Desktop\Ders\blg521\data\27.03\2013\K3\1X\27_03-2013_06_13-10_09-K3-1X.jpeg,TRUNCATED,JPEG missing standard EOI marker \xFF\xD9,0,0,0.00,0.00,0.00
27.03\2013\K3\1X,27_03-2013_06_14-10_01-K3-1X.jpeg,C:\Users\ASUS\Desktop\Ders\blg521\data\27.03\2013\K3\1X\27_03-2013_06_14-10_01-K3-1X.jpeg,TRUNCATED,JPEG missing standard EOI marker \xFF\xD9,0,0,0.00,0.00,0.00
27.03\2013\K3\1X,27_03-2013_06_15-10_16-K3-1X.jpeg,C:\Users\ASUS\Desktop\Ders\blg521\data\27.03\2013\K3\1X\27_03-2013_06_15-10_16-K3-1X.jpeg,TRUNCATED,JPEG missing standard EOI marker \xFF\xD9,0,0,0.00,0.00,0.00
27.03\2013\K3\1X,27_03-2013_06_16-10_12-K3-1X.jpeg,C:\Users\ASUS\Desktop\Ders\blg521\data\27.03\2013\K3\1X\27_03-2013_06_16-10_12-K3-1X.jpeg,TRUNCATED,JPEG missing standard EOI marker \xFF\xD9,0,0,0.00,0.00,0.00
27.03\2013\K3\1X,27_03-2013_06_17-09_56-K3-1X.jpeg,C:\Users\ASUS\Desktop\Ders\blg521\data\27.03\2013\K3\1X\27_03-2013_06_17-09_56-K3-1X.jpeg,TRUNCATED,JPEG missing standard EOI marker \xFF\xD9,0,0,0.00,0.00,0.00
27.03\2013\K3\1X,27_03-2013_06_18-10_11-K3-1X.jpeg,C:\Users\ASUS\Desktop\Ders\blg521\data\27.03\2013\K3\1X\27_03-2013_06_18-10_11-K3-1X.jpeg,TRUNCATED,JPEG missing standard EOI marker \xFF\xD9,0,0,0.00,0.00,0.00
27.03\2013\K3\1X,27_03-2013_06_19-09_55-K3-1X.jpeg,C:\Users\ASUS\Desktop\Ders\blg521\data\27.03\2013\K3\1X\27_03-2013_06_19-09_55-K3-1X.jpeg,TRUNCATED,JPEG missing standard EOI marker \xFF\xD9,0,0,0.00,0.00,0.00
27.03\2013\K3\1X,27_03-2013_06_20-10_10-K3-1X.jpeg,C:\Users\ASUS\Desktop\Ders\blg521\data\27.03\2013\K3\1X\27_03-2013_06_20-10_10-K3-1X.jpeg,TRUNCATED,JPEG missing standard EOI marker \xFF\xD9,0,0,0.00,0.00,0.00
27.03\2013\K3\1X,27_03-2013_06_21-09_54-K3-1X.jpeg,C:\Users\ASUS\Desktop\Ders\blg521\data\27.03\2013\K3\1X\27_03-2013_06_21-09_54-K3-1X.jpeg,TRUNCATED,JPEG missing standard EOI marker \xFF\xD9,0,0,0.00,0.00,0.00
27.03\2013\K3\1X,27_03-2013_06_22-10_09-K3-1X.jpeg,C:\Users\ASUS\Desktop\Ders\blg521\data\27.03\2013\K3\1X\27_03-2013_06_22-10_09-K3-1X.jpeg,TRUNCATED,JPEG missing standard EOI marker \xFF\xD9,0,0,0.00,0.00,0.00
27.03\2013\K3\1X,27_03-2013_06_24-10_09-K3-1X.jpeg,C:\Users\ASUS\Desktop\Ders\blg521\data\27.03\2013\K3\1X\27_03-2013_06_24-10_09-K3-1X.jpeg,TRUNCATED,JPEG missing standard EOI marker \xFF\xD9,0,0,0.00,0.00,0.00
27.03\2013\K3\1X,27_03-2013_06_26-10_08-K3-1X.jpeg,C:\Users\ASUS\Desktop\Ders\blg521\data\27.03\2013\K3\1X\27_03-2013_06_26-10_08-K3-1X.jpeg,TRUNCATED,JPEG missing standard EOI marker \xFF\xD9,0,0,0.00,0.00,0.00
27.03\2013\K3\1X,27_03-2013_06_28-10_07-K3-1X.jpeg,C:\Users\ASUS\Desktop\Ders\blg521\data\27.03\2013\K3\1X\27_03-2013_06_28-10_07-K3-1X.jpeg,TRUNCATED,JPEG missing standard EOI marker \xFF\xD9,0,0,0.00,0.00,0.00
27.03\2013\K3\1X,27_03-2013_06_30-10_05-K3-1X.jpeg,C:\Users\ASUS\Desktop\Ders\blg521\data\27.03\2013\K3\1X\27_03-2013_06_30-10_05-K3-1X.jpeg,TRUNCATED,JPEG missing standard EOI marker \xFF\xD9,0,0,0.00,0.00,0.00
27.03\2013\K3\1X,27_03-2013_07_01-09_48-K3-1X.jpeg,C:\Users\ASUS\Desktop\Ders\blg521\data\27.03\2013\K3\1X\27_03-2013_07_01-09_48-K3-1X.jpeg,TRUNCATED,JPEG missing standard EOI marker \xFF\xD9,0,0,0.00,0.00,0.00
27.03\2013\K3\1X,27_03-2013_07_02-10_03-K3-1X.jpeg,C:\Users\ASUS\Desktop\Ders\blg521\data\27.03\2013\K3\1X\27_03-2013_07_02-10_03-K3-1X.jpeg,TRUNCATED,JPEG missing standard EOI marker \xFF\xD9,0,0,0.00,0.00,0.00
27.03\2013\K3\1X,27_03-2013_07_04-10_01-K3-1X.jpeg,C:\Users\ASUS\Desktop\Ders\blg521\data\27.03\2013\K3\1X\27_03-2013_07_04-10_01-K3-1X.jpeg,TRUNCATED,JPEG missing standard EOI marker \xFF\xD9,0,0,0.00,0.00,0.00
27.03\2013\K3\1X,27_03-2013_07_15-10_14-K3-1X.jpeg,C:\Users\ASUS\Desktop\Ders\blg521\data\27.03\2013\K3\1X\27_03-2013_07_15-10_14-K3-1X.jpeg,TRUNCATED,JPEG missing standard EOI marker \xFF\xD9,0,0,0.00,0.00,0.00
27.03\2013\K3\1X,27_03-2013_07_17-10_04-K3-1X.jpeg,C:\Users\ASUS\Desktop\Ders\blg521\data\27.03\2013\K3\1X\27_03-2013_07_17-10_04-K3-1X.jpeg,TRUNCATED,JPEG missing standard EOI marker \xFF\xD9,0,0,0.00,0.00,0.00
27.03\2013\K3\1X,27_03-2013_07_18-10_13-K3-1X.jpeg,C:\Users\ASUS\Desktop\Ders\blg521\data\27.03\2013\K3\1X\27_03-2013_07_18-10_13-K3-1X.jpeg,TRUNCATED,JPEG missing standard EOI marker \xFF\xD9,0,0,0.00,0.00,0.00
27.03\2013\K3\1X,27_03-2013_07_19-09_49-K3-1X.jpeg,C:\Users\ASUS\Desktop\Ders\blg521\data\27.03\2013\K3\1X\27_03-2013_07_19-09_49-K3-1X.jpeg,TRUNCATED,JPEG missing standard EOI marker \xFF\xD9,0,0,0.00,0.00,0.00
27.03\2013\K3\1X,27_03-2013_07_20-09_57-K3-1X.jpeg,C:\Users\ASUS\Desktop\Ders\blg521\data\27.03\2013\K3\1X\27_03-2013_07_20-09_57-K3-1X.jpeg,TRUNCATED,JPEG missing standard EOI marker \xFF\xD9,0,0,0.00,0.00,0.00
27.03\2013\K3\1X,27_03-2013_07_24-09_46-K3-1X.jpeg,C:\Users\ASUS\Desktop\Ders\blg521\data\27.03\2013\K3\1X\27_03-2013_07_24-09_46-K3-1X.jpeg,TRUNCATED,JPEG missing standard EOI marker \xFF\xD9,0,0,0.00,0.00,0.00
27.03\2013\K3\1X,27_03-2013_07_26-09_44-K3-1X.jpeg,C:\Users\ASUS\Desktop\Ders\blg521\data\27.03\2013\K3\1X\27_03-2013_07_26-09_44-K3-1X.jpeg,TRUNCATED,JPEG missing standard EOI marker \xFF\xD9,0,0,0.00,0.00,0.00
27.03\2013\K3\1X,27_03-2013_07_28-10_14-K3-1X.jpeg,C:\Users\ASUS\Desktop\Ders\blg521\data\27.03\2013\K3\1X\27_03-2013_07_28-10_14-K3-1X.jpeg,TRUNCATED,JPEG missing standard EOI marker \xFF\xD9,0,0,0.00,0.00,0.00
27.03\2013\K3\1X,27_03-2013_07_29-10_17-K3-1X.jpeg,C:\Users\ASUS\Desktop\Ders\blg521\data\27.03\2013\K3\1X\27_03-2013_07_29-10_17-K3-1X.jpeg,TRUNCATED,JPEG missing standard EOI marker \xFF\xD9,0,0,0.00,0.00,0.00
27.03\2013\K3\1X,27_03-2013_07_30-10_05-K3-1X.jpeg,C:\Users\ASUS\Desktop\Ders\blg521\data\27.03\2013\K3\1X\27_03-2013_07_30-10_05-K3-1X.jpeg,TRUNCATED,JPEG missing standard EOI marker \xFF\xD9,0,0,0.00,0.00,0.00
27.03\2013\K3\1X,27_03-2013_08_02-09_59-K3-1X.jpeg,C:\Users\ASUS\Desktop\Ders\blg521\data\27.03\2013\K3\1X\27_03-2013_08_02-09_59-K3-1X.jpeg,TRUNCATED,JPEG missing standard EOI marker \xFF\xD9,0,0,0.00,0.00,0.00
27.03\2013\K3\1X,27_03-2013_08_09-09_46-K3-1X.jpeg,C:\Users\ASUS\Desktop\Ders\blg521\data\27.03\2013\K3\1X\27_03-2013_08_09-09_46-K3-1X.jpeg,TRUNCATED,JPEG missing standard EOI marker \xFF\xD9,0,0,0.00,0.00,0.00
27.03\2013\K3\1X,27_03-2013_08_10-10_12-K3-1X.jpeg,C:\Users\ASUS\Desktop\Ders\blg521\data\27.03\2013\K3\1X\27_03-2013_08_10-10_12-K3-1X.jpeg,TRUNCATED,JPEG missing standard EOI marker \xFF\xD9,0,0,0.00,0.00,0.00
27.03\2013\K3\1X,27_03-2013_08_11-10_00-K3-1X.jpeg,C:\Users\ASUS\Desktop\Ders\blg521\data\27.03\2013\K3\1X\27_03-2013_08_11-10_00-K3-1X.jpeg,TRUNCATED,JPEG missing standard EOI marker \xFF\xD9,0,0,0.00,0.00,0.00
27.03\2013\K3\1X,27_03-2013_08_13-11_59-K3-1X.jpeg,C:\Users\ASUS\Desktop\Ders\blg521\data\27.03\2013\K3\1X\27_03-2013_08_13-11_59-K3-1X.jpeg,TRUNCATED,JPEG missing standard EOI marker \xFF\xD9,0,0,0.00,0.00,0.00
27.03\2013\K3\1X,27_03-2013_08_16-10_00-K3-1X.jpeg,C:\Users\ASUS\Desktop\Ders\blg521\data\27.03\2013\K3\1X\27_03-2013_08_16-10_00-K3-1X.jpeg,TRUNCATED,JPEG missing standard EOI marker \xFF\xD9,0,0,0.00,0.00,0.00
27.03\2013\K3\1X,27_03-2013_08_18-09_46-K3-1X.jpeg,C:\Users\ASUS\Desktop\Ders\blg521\data\27.03\2013\K3\1X\27_03-2013_08_18-09_46-K3-1X.jpeg,TRUNCATED,JPEG missing standard EOI marker \xFF\xD9,0,0,0.00,0.00,0.00
27.03\2013\K3\1X,27_03-2013_08_20-11_04-K3-1X.jpeg,C:\Users\ASUS\Desktop\Ders\blg521\data\27.03\2013\K3\1X\27_03-2013_08_20-11_04-K3-1X.jpeg,TRUNCATED,JPEG missing standard EOI marker \xFF\xD9,0,0,0.00,0.00,0.00
27.03\2013\K3\1X,27_03-2013_08_21-09_47-K3-1X.jpeg,C:\Users\ASUS\Desktop\Ders\blg521\data\27.03\2013\K3\1X\27_03-2013_08_21-09_47-K3-1X.jpeg,TRUNCATED,JPEG missing standard EOI marker \xFF\xD9,0,0,0.00,0.00,0.00
27.03\2013\K3\1X,27_03-2013_08_22-09_51-K3-1X.jpeg,C:\Users\ASUS\Desktop\Ders\blg521\data\27.03\2013\K3\1X\27_03-2013_08_22-09_51-K3-1X.jpeg,TRUNCATED,JPEG missing standard EOI marker \xFF\xD9,0,0,0.00,0.00,0.00
27.03\2013\K3\1X,27_03-2013_08_24-09_54-K3-1X.jpeg,C:\Users\ASUS\Desktop\Ders\blg521\data\27.03\2013\K3\1X\27_03-2013_08_24-09_54-K3-1X.jpeg,TRUNCATED,JPEG missing standard EOI marker \xFF\xD9,0,0,0.00,0.00,0.00
27.03\2013\K3\1X,27_03-2013_08_28-09_56-K3-1X.jpeg,C:\Users\ASUS\Desktop\Ders\blg521\data\27.03\2013\K3\1X\27_03-2013_08_28-09_56-K3-1X.jpeg,TRUNCATED,JPEG missing standard EOI marker \xFF\xD9,0,0,0.00,0.00,0.00
27.03\2013\K3\1X,27_03-2013_10_03-10_01-K3-1X.jpeg,C:\Users\ASUS\Desktop\Ders\blg521\data\27.03\2013\K3\1X\27_03-2013_10_03-10_01-K3-1X.jpeg,TRUNCATED,JPEG missing standard EOI marker \xFF\xD9,0,0,0.00,0.00,0.00
27.03\2013\K3\1X,27_03-2013_10_04-10_00-K3-1X.jpeg,C:\Users\ASUS\Desktop\Ders\blg521\data\27.03\2013\K3\1X\27_03-2013_10_04-10_00-K3-1X.jpeg,TRUNCATED,JPEG missing standard EOI marker \xFF\xD9,0,0,0.00,0.00,0.00
27.03\2013\K3\1X,27_03-2013_10_05-09_55-K3-1X.jpeg,C:\Users\ASUS\Desktop\Ders\blg521\data\27.03\2013\K3\1X\27_03-2013_10_05-09_55-K3-1X.jpeg,TRUNCATED,JPEG missing standard EOI marker \xFF\xD9,0,0,0.00,0.00,0.00
27.03\2013\K3\1X,27_03-2013_10_06-10_12-K3-1X.jpeg,C:\Users\ASUS\Desktop\Ders\blg521\data\27.03\2013\K3\1X\27_03-2013_10_06-10_12-K3-1X.jpeg,TRUNCATED,JPEG missing standard EOI marker \xFF\xD9,0,0,0.00,0.00,0.00
27.03\2013\K3\1X,27_03-2013_10_07-09_59-K3-1X.jpeg,C:\Users\ASUS\Desktop\Ders\blg521\data\27.03\2013\K3\1X\27_03-2013_10_07-09_59-K3-1X.jpeg,TRUNCATED,JPEG missing standard EOI marker \xFF\xD9,0,0,0.00,0.00,0.00
27.03\2013\K3\1X,27_03-2013_10_08-09_58-K3-1X.jpeg,C:\Users\ASUS\Desktop\Ders\blg521\data\27.03\2013\K3\1X\27_03-2013_10_08-09_58-K3-1X.jpeg,TRUNCATED,JPEG missing standard EOI marker \xFF\xD9,0,0,0.00,0.00,0.00
27.03\2013\K3\1X,27_03-2013_10_13-09_58-K3-1X.jpeg,C:\Users\ASUS\Desktop\Ders\blg521\data\27.03\2013\K3\1X\27_03-2013_10_13-09_58-K3-1X.jpeg,TRUNCATED,JPEG missing standard EOI marker \xFF\xD9,0,0,0.00,0.00,0.00
27.03\2013\K3\1X,27_03-2013_10_22-09_51-K3-1X.jpeg,C:\Users\ASUS\Desktop\Ders\blg521\data\27.03\2013\K3\1X\27_03-2013_10_22-09_51-K3-1X.jpeg,TRUNCATED,JPEG missing standard EOI marker \xFF\xD9,0,0,0.00,0.00,0.00
27.03\2013\K3\1X,27_03-2013_10_23-10_06-K3-1X.jpeg,C:\Users\ASUS\Desktop\Ders\blg521\data\27.03\2013\K3\1X\27_03-2013_10_23-10_06-K3-1X.jpeg,TRUNCATED,JPEG missing standard EOI marker \xFF\xD9,0,0,0.00,0.00,0.00
27.03\2013\K3\1X,27_03-2013_10_24-09_50-K3-1X.jpeg,C:\Users\ASUS\Desktop\Ders\blg521\data\27.03\2013\K3\1X\27_03-2013_10_24-09_50-K3-1X.jpeg,TRUNCATED,JPEG missing standard EOI marker \xFF\xD9,0,0,0.00,0.00,0.00
27.03\2013\K3\1X,27_03-2013_10_25-09_45-K3-1X.jpeg,C:\Users\ASUS\Desktop\Ders\blg521\data\27.03\2013\K3\1X\27_03-2013_10_25-09_45-K3-1X.jpeg,TRUNCATED,JPEG missing standard EOI marker \xFF\xD9,0,0,0.00,0.00,0.00
27.03\2013\K3\1X,27_03-2013_10_27-10_03-K3-1X.jpeg,C:\Users\ASUS\Desktop\Ders\blg521\data\27.03\2013\K3\1X\27_03-2013_10_27-10_03-K3-1X.jpeg,TRUNCATED,JPEG missing standard EOI marker \xFF\xD9,0,0,0.00,0.00,0.00
27.03\2013\K3\1X,27_03-2013_10_29-10_13-K3-1X.jpeg,C:\Users\ASUS\Desktop\Ders\blg521\data\27.03\2013\K3\1X\27_03-2013_10_29-10_13-K3-1X.jpeg,TRUNCATED,JPEG missing standard EOI marker \xFF\xD9,0,0,0.00,0.00,0.00
27.03\2013\K3\1X,27_03-2013_10_30-10_06-K3-1X.jpeg,C:\Users\ASUS\Desktop\Ders\blg521\data\27.03\2013\K3\1X\27_03-2013_10_30-10_06-K3-1X.jpeg,TRUNCATED,JPEG missing standard EOI marker \xFF\xD9,0,0,0.00,0.00,0.00
27.03\2013\K3\1X,27_03-2013_11_01-09_59-K3-1X.jpeg,C:\Users\ASUS\Desktop\Ders\blg521\data\27.03\2013\K3\1X\27_03-2013_11_01-09_59-K3-1X.jpeg,TRUNCATED,JPEG missing standard EOI marker \xFF\xD9,0,0,0.00,0.00,0.00
27.03\2013\K3\1X,27_03-2013_11_03-10_01-K3-1X.jpeg,C:\Users\ASUS\Desktop\Ders\blg521\data\27.03\2013\K3\1X\27_03-2013_11_03-10_01-K3-1X.jpeg,TRUNCATED,JPEG missing standard EOI marker \xFF\xD9,0,0,0.00,0.00,0.00
27.03\2013\K3\1X,27_03-2013_11_04-10_02-K3-1X.jpeg,C:\Users\ASUS\Desktop\Ders\blg521\data\27.03\2013\K3\1X\27_03-2013_11_04-10_02-K3-1X.jpeg,TRUNCATED,JPEG missing standard EOI marker \xFF\xD9,0,0,0.00,0.00,0.00
27.03\2013\K3\1X,27_03-2013_11_10-09_48-K3-1X.jpeg,C:\Users\ASUS\Desktop\Ders\blg521\data\27.03\2013\K3\1X\27_03-2013_11_10-09_48-K3-1X.jpeg,TRUNCATED,JPEG missing standard EOI marker \xFF\xD9,0,0,0.00,0.00,0.00
27.03\2013\K3\1X,27_03-2013_11_16-09_55-K3-1X.jpeg,C:\Users\ASUS\Desktop\Ders\blg521\data\27.03\2013\K3\1X\27_03-2013_11_16-09_55-K3-1X.jpeg,TRUNCATED,JPEG missing standard EOI marker \xFF\xD9,0,0,0.00,0.00,0.00
27.03\2013\K3\1X,27_03-2013_11_20-09_44-K3-1X.jpeg,C:\Users\ASUS\Desktop\Ders\blg521\data\27.03\2013\K3\1X\27_03-2013_11_20-09_44-K3-1X.jpeg,TRUNCATED,JPEG missing standard EOI marker \xFF\xD9,0,0,0.00,0.00,0.00
27.03\2013\K3\1X,27_03-2013_11_23-10_10-K3-1X.jpeg,C:\Users\ASUS\Desktop\Ders\blg521\data\27.03\2013\K3\1X\27_03-2013_11_23-10_10-K3-1X.jpeg,TRUNCATED,JPEG missing standard EOI marker \xFF\xD9,0,0,0.00,0.00,0.00
27.03\2013\K3\1X,27_03-2013_11_29-09_52-K3-1X.jpeg,C:\Users\ASUS\Desktop\Ders\blg521\data\27.03\2013\K3\1X\27_03-2013_11_29-09_52-K3-1X.jpeg,TRUNCATED,JPEG missing standard EOI marker \xFF\xD9,0,0,0.00,0.00,0.00
27.03\2013\K3\1X,27_03-2013_12_01-09_52-K3-1X.jpeg,C:\Users\ASUS\Desktop\Ders\blg521\data\27.03\2013\K3\1X\27_03-2013_12_01-09_52-K3-1X.jpeg,TRUNCATED,JPEG missing standard EOI marker \xFF\xD9,0,0,0.00,0.00,0.00
27.03\2013\K3\1X,27_03-2013_12_02-09_58-K3-1X.jpeg,C:\Users\ASUS\Desktop\Ders\blg521\data\27.03\2013\K3\1X\27_03-2013_12_02-09_58-K3-1X.jpeg,TRUNCATED,JPEG missing standard EOI marker \xFF\xD9,0,0,0.00,0.00,0.00
27.03\2013\K3\1X,27_03-2013_12_22-09_46-K3-1X.jpeg,C:\Users\ASUS\Desktop\Ders\blg521\data\27.03\2013\K3\1X\27_03-2013_12_22-09_46-K3-1X.jpeg,TRUNCATED,JPEG missing standard EOI marker \xFF\xD9,0,0,0.00,0.00,0.00
27.03\2014\K1\10X,27_03-2014_01_27-09_37-K1-10X.jpeg,C:\Users\ASUS\Desktop\Ders\blg521\data\27.03\2014\K1\10X\27_03-2014_01_27-09_37-K1-10X.jpeg,BLURRED,Very blurry (Laplacian variance: 39.95),2288,1712,90.21,10.42,39.95
27.03\2014\K1\1X,27_03-2014_01_27-09_38-K1-1X.jpeg,C:\Users\ASUS\Desktop\Ders\blg521\data\27.03\2014\K1\1X\27_03-2014_01_27-09_38-K1-1X.jpeg,BLURRED,Very blurry (Laplacian variance: 40.44),2288,1712,111.50,19.16,40.44
27.03\2014\K2\10X,27_03-2014_02_05-09_58-K2-10X.jpeg,C:\Users\ASUS\Desktop\Ders\blg521\data\27.03\2014\K2\10X\27_03-2014_02_05-09_58-K2-10X.jpeg,TRUNCATED,JPEG missing standard EOI marker \xFF\xD9,0,0,0.00,0.00,0.00
27.03\2014\K2\10X,27_03-2014_03_27-09_57-K2-10X.jpeg,C:\Users\ASUS\Desktop\Ders\blg521\data\27.03\2014\K2\10X\27_03-2014_03_27-09_57-K2-10X.jpeg,TRUNCATED,JPEG missing standard EOI marker \xFF\xD9,0,0,0.00,0.00,0.00
27.03\2014\K2\10X,27_03-2014_03_28-10_43-K2-10X.jpeg,C:\Users\ASUS\Desktop\Ders\blg521\data\27.03\2014\K2\10X\27_03-2014_03_28-10_43-K2-10X.jpeg,TRUNCATED,JPEG missing standard EOI marker \xFF\xD9,0,0,0.00,0.00,0.00
27.03\2014\K2\10X,27_03-2014_05_19-10_00-K2-10X.jpeg,C:\Users\ASUS\Desktop\Ders\blg521\data\27.03\2014\K2\10X\27_03-2014_05_19-10_00-K2-10X.jpeg,BLURRED,Very blurry (Laplacian variance: 6.59),2288,1712,84.55,19.74,6.59
27.03\2014\K2\10X,27_03-2014_06_05-10_00-K2-10X.jpeg,C:\Users\ASUS\Desktop\Ders\blg521\data\27.03\2014\K2\10X\27_03-2014_06_05-10_00-K2-10X.jpeg,BLURRED,Very blurry (Laplacian variance: 6.93),2288,1712,109.01,15.82,6.93
27.03\2014\K2\10X,27_03-2014_06_07-10_00-K2-10X.jpeg,C:\Users\ASUS\Desktop\Ders\blg521\data\27.03\2014\K2\10X\27_03-2014_06_07-10_00-K2-10X.jpeg,BLURRED,Very blurry (Laplacian variance: 6.69),2288,1712,112.70,10.68,6.69
27.03\2014\K2\10X,27_03-2014_06_08-10_00-K2-10X.jpeg,C:\Users\ASUS\Desktop\Ders\blg521\data\27.03\2014\K2\10X\27_03-2014_06_08-10_00-K2-10X.jpeg,BLURRED,Very blurry (Laplacian variance: 6.44),2288,1712,118.08,17.07,6.44
27.03\2014\K2\10X,27_03-2014_06_19-10_00-K2-10X.jpeg,C:\Users\ASUS\Desktop\Ders\blg521\data\27.03\2014\K2\10X\27_03-2014_06_19-10_00-K2-10X.jpeg,BLURRED,Very blurry (Laplacian variance: 7.32),2288,1712,101.53,29.38,7.32
27.03\2014\K2\10X,27_03-2014_06_20-10_00-K2-10X.jpeg,C:\Users\ASUS\Desktop\Ders\blg521\data\27.03\2014\K2\10X\27_03-2014_06_20-10_00-K2-10X.jpeg,BLURRED,Very blurry (Laplacian variance: 6.46),2288,1712,116.32,15.50,6.46
27.03\2014\K2\10X,27_03-2014_06_27-10_00-K2-10X.jpeg,C:\Users\ASUS\Desktop\Ders\blg521\data\27.03\2014\K2\10X\27_03-2014_06_27-10_00-K2-10X.jpeg,BLURRED,Very blurry (Laplacian variance: 6.32),2288,1712,83.35,17.31,6.32
27.03\2014\K2\10X,27_03-2014_06_28-10_00-K2-10X.jpeg,C:\Users\ASUS\Desktop\Ders\blg521\data\27.03\2014\K2\10X\27_03-2014_06_28-10_00-K2-10X.jpeg,BLURRED,Very blurry (Laplacian variance: 7.32),2288,1712,119.19,18.04,7.32
27.03\2014\K2\10X,27_03-2014_07_28-10_00-K2-10X.jpeg,C:\Users\ASUS\Desktop\Ders\blg521\data\27.03\2014\K2\10X\27_03-2014_07_28-10_00-K2-10X.jpeg,BLURRED,Very blurry (Laplacian variance: 6.12),2288,1712,89.08,5.02,6.12
27.03\2014\K2\10X,27_03-2014_08_09-10_00-K2-10X.jpeg,C:\Users\ASUS\Desktop\Ders\blg521\data\27.03\2014\K2\10X\27_03-2014_08_09-10_00-K2-10X.jpeg,BLURRED,Very blurry (Laplacian variance: 6.71),2288,1712,79.59,10.93,6.71
27.03\2014\K2\10X,27_03-2014_08_10-10_00-K2-10X.jpeg,C:\Users\ASUS\Desktop\Ders\blg521\data\27.03\2014\K2\10X\27_03-2014_08_10-10_00-K2-10X.jpeg,BLURRED,Very blurry (Laplacian variance: 6.46),2288,1712,116.22,12.18,6.46
27.03\2014\K2\10X,27_03-2014_08_26-10_00-K2-10X.jpeg,C:\Users\ASUS\Desktop\Ders\blg521\data\27.03\2014\K2\10X\27_03-2014_08_26-10_00-K2-10X.jpeg,BLURRED,Very blurry (Laplacian variance: 6.33),2288,1712,82.60,6.27,6.33
27.03\2014\K2\10X,27_03-2014_09_14-10_00-K2-10X.jpeg,C:\Users\ASUS\Desktop\Ders\blg521\data\27.03\2014\K2\10X\27_03-2014_09_14-10_00-K2-10X.jpeg,BLURRED,Very blurry (Laplacian variance: 6.81),2288,1712,110.93,10.31,6.81
27.03\2014\K2\10X,27_03-2014_09_15-10_00-K2-10X.jpeg,C:\Users\ASUS\Desktop\Ders\blg521\data\27.03\2014\K2\10X\27_03-2014_09_15-10_00-K2-10X.jpeg,BLURRED,Very blurry (Laplacian variance: 8.10),2288,1712,88.52,10.08,8.10
27.03\2014\K2\10X,27_03-2014_09_22-10_00-K2-10X.jpeg,C:\Users\ASUS\Desktop\Ders\blg521\data\27.03\2014\K2\10X\27_03-2014_09_22-10_00-K2-10X.jpeg,BLURRED,Very blurry (Laplacian variance: 6.34),2288,1712,84.94,8.91,6.34
27.03\2014\K2\10X,27_03-2014_12_23-10_00-K2-10X.jpeg,C:\Users\ASUS\Desktop\Ders\blg521\data\27.03\2014\K2\10X\27_03-2014_12_23-10_00-K2-10X.jpeg,BLURRED,Very blurry (Laplacian variance: 5.95),2288,1712,49.22,7.55,5.95
27.03\2014\K2\10X,27_03-2014_12_25-10_00-K2-10X.jpeg,C:\Users\ASUS\Desktop\Ders\blg521\data\27.03\2014\K2\10X\27_03-2014_12_25-10_00-K2-10X.jpeg,BLURRED,Very blurry (Laplacian variance: 7.84),2288,1712,111.57,22.78,7.84
27.03\2014\K2\10X,27_03-2014_12_26-10_00-K2-10X.jpeg,C:\Users\ASUS\Desktop\Ders\blg521\data\27.03\2014\K2\10X\27_03-2014_12_26-10_00-K2-10X.jpeg,BLURRED,Very blurry (Laplacian variance: 43.00),2288,1712,111.12,14.04,43.00
27.03\2014\K2\1X,27_03-2014_01_27-10_00-K2-1X.jpeg,C:\Users\ASUS\Desktop\Ders\blg521\data\27.03\2014\K2\1X\27_03-2014_01_27-10_00-K2-1X.jpeg,BLURRED,Very blurry (Laplacian variance: 43.41),2288,1712,91.29,18.76,43.41
27.03\2014\K2\1X,27_03-2014_02_05-10_00-K2-1X.jpeg,C:\Users\ASUS\Desktop\Ders\blg521\data\27.03\2014\K2\1X\27_03-2014_02_05-10_00-K2-1X.jpeg,TRUNCATED,JPEG missing standard EOI marker \xFF\xD9,0,0,0.00,0.00,0.00
27.03\2014\K2\1X,27_03-2014_03_27-09_59-K2-1X.jpeg,C:\Users\ASUS\Desktop\Ders\blg521\data\27.03\2014\K2\1X\27_03-2014_03_27-09_59-K2-1X.jpeg,TRUNCATED,JPEG missing standard EOI marker \xFF\xD9,0,0,0.00,0.00,0.00
27.03\2014\K2\1X,27_03-2014_03_28-10_46-K2-1X.jpeg,C:\Users\ASUS\Desktop\Ders\blg521\data\27.03\2014\K2\1X\27_03-2014_03_28-10_46-K2-1X.jpeg,TRUNCATED,JPEG missing standard EOI marker \xFF\xD9,0,0,0.00,0.00,0.00
27.03\2014\K2\1X,27_03-2014_04_02-10_09-K2-1X.jpeg,C:\Users\ASUS\Desktop\Ders\blg521\data\27.03\2014\K2\1X\27_03-2014_04_02-10_09-K2-1X.jpeg,BLURRED,Very blurry (Laplacian variance: 47.69),2288,1712,114.18,21.18,47.69
27.03\2014\K2\1X,27_03-2014_04_04-10_09-K2-1X.jpeg,C:\Users\ASUS\Desktop\Ders\blg521\data\27.03\2014\K2\1X\27_03-2014_04_04-10_09-K2-1X.jpeg,BLURRED,Very blurry (Laplacian variance: 35.75),2288,1712,112.14,21.35,35.75
27.03\2014\K2\1X,27_03-2014_04_05-10_10-K2-1X.jpeg,C:\Users\ASUS\Desktop\Ders\blg521\data\27.03\2014\K2\1X\27_03-2014_04_05-10_10-K2-1X.jpeg,BLURRED,Very blurry (Laplacian variance: 34.37),2288,1712,112.78,22.54,34.37
27.03\2014\K2\1X,27_03-2014_04_11-09_55-K2-1X.jpeg,C:\Users\ASUS\Desktop\Ders\blg521\data\27.03\2014\K2\1X\27_03-2014_04_11-09_55-K2-1X.jpeg,BLURRED,Very blurry (Laplacian variance: 36.73),2288,1712,111.71,22.02,36.73
27.03\2014\K2\1X,27_03-2014_04_15-09_56-K2-1X.jpeg,C:\Users\ASUS\Desktop\Ders\blg521\data\27.03\2014\K2\1X\27_03-2014_04_15-09_56-K2-1X.jpeg,BLURRED,Very blurry (Laplacian variance: 27.44),2288,1712,117.20,31.11,27.44
27.03\2014\K2\1X,27_03-2014_05_19-10_00-K2-1X.jpeg,C:\Users\ASUS\Desktop\Ders\blg521\data\27.03\2014\K2\1X\27_03-2014_05_19-10_00-K2-1X.jpeg,BLURRED,Very blurry (Laplacian variance: 6.67),2288,1712,80.10,10.49,6.67
27.03\2014\K2\1X,27_03-2014_06_05-10_00-K2-1X.jpeg,C:\Users\ASUS\Desktop\Ders\blg521\data\27.03\2014\K2\1X\27_03-2014_06_05-10_00-K2-1X.jpeg,BLURRED,Very blurry (Laplacian variance: 6.92),2288,1712,108.24,15.85,6.92
27.03\2014\K2\1X,27_03-2014_06_07-10_00-K2-1X.jpeg,C:\Users\ASUS\Desktop\Ders\blg521\data\27.03\2014\K2\1X\27_03-2014_06_07-10_00-K2-1X.jpeg,BLURRED,Very blurry (Laplacian variance: 6.72),2288,1712,111.44,10.34,6.72
27.03\2014\K2\1X,27_03-2014_06_08-10_00-K2-1X.jpeg,C:\Users\ASUS\Desktop\Ders\blg521\data\27.03\2014\K2\1X\27_03-2014_06_08-10_00-K2-1X.jpeg,BLURRED,Very blurry (Laplacian variance: 6.51),2288,1712,118.63,24.82,6.51
27.03\2014\K2\1X,27_03-2014_06_19-10_00-K2-1X.jpeg,C:\Users\ASUS\Desktop\Ders\blg521\data\27.03\2014\K2\1X\27_03-2014_06_19-10_00-K2-1X.jpeg,BLURRED,Very blurry (Laplacian variance: 7.22),2288,1712,103.58,30.19,7.22
27.03\2014\K2\1X,27_03-2014_06_20-10_00-K2-1X.jpeg,C:\Users\ASUS\Desktop\Ders\blg521\data\27.03\2014\K2\1X\27_03-2014_06_20-10_00-K2-1X.jpeg,BLURRED,Very blurry (Laplacian variance: 6.42),2288,1712,116.32,15.49,6.42
27.03\2014\K2\1X,27_03-2014_06_27-10_00-K2-1X.jpeg,C:\Users\ASUS\Desktop\Ders\blg521\data\27.03\2014\K2\1X\27_03-2014_06_27-10_00-K2-1X.jpeg,BLURRED,Very blurry (Laplacian variance: 6.31),2288,1712,83.41,17.14,6.31
27.03\2014\K2\1X,27_03-2014_06_28-10_00-K2-1X.jpeg,C:\Users\ASUS\Desktop\Ders\blg521\data\27.03\2014\K2\1X\27_03-2014_06_28-10_00-K2-1X.jpeg,BLURRED,Very blurry (Laplacian variance: 7.27),2288,1712,119.22,18.04,7.27
27.03\2014\K2\1X,27_03-2014_07_28-10_00-K2-1X.jpeg,C:\Users\ASUS\Desktop\Ders\blg521\data\27.03\2014\K2\1X\27_03-2014_07_28-10_00-K2-1X.jpeg,BLURRED,Very blurry (Laplacian variance: 6.12),2288,1712,89.24,5.01,6.12
27.03\2014\K2\1X,27_03-2014_08_09-10_00-K2-1X.jpeg,C:\Users\ASUS\Desktop\Ders\blg521\data\27.03\2014\K2\1X\27_03-2014_08_09-10_00-K2-1X.jpeg,BLURRED,Very blurry (Laplacian variance: 6.71),2288,1712,79.64,10.94,6.71
27.03\2014\K2\1X,27_03-2014_08_10-10_00-K2-1X.jpeg,C:\Users\ASUS\Desktop\Ders\blg521\data\27.03\2014\K2\1X\27_03-2014_08_10-10_00-K2-1X.jpeg,BLURRED,Very blurry (Laplacian variance: 6.49),2288,1712,116.11,12.15,6.49
27.03\2014\K2\1X,27_03-2014_08_26-10_00-K2-1X.jpeg,C:\Users\ASUS\Desktop\Ders\blg521\data\27.03\2014\K2\1X\27_03-2014_08_26-10_00-K2-1X.jpeg,BLURRED,Very blurry (Laplacian variance: 6.31),2288,1712,82.00,6.19,6.31
27.03\2014\K2\1X,27_03-2014_09_14-10_00-K2-1X.jpeg,C:\Users\ASUS\Desktop\Ders\blg521\data\27.03\2014\K2\1X\27_03-2014_09_14-10_00-K2-1X.jpeg,BLURRED,Very blurry (Laplacian variance: 6.77),2288,1712,110.87,10.31,6.77
27.03\2014\K2\1X,27_03-2014_09_15-10_00-K2-1X.jpeg,C:\Users\ASUS\Desktop\Ders\blg521\data\27.03\2014\K2\1X\27_03-2014_09_15-10_00-K2-1X.jpeg,BLURRED,Very blurry (Laplacian variance: 8.04),2288,1712,88.52,10.08,8.04
27.03\2014\K2\1X,27_03-2014_09_22-10_00-K2-1X.jpeg,C:\Users\ASUS\Desktop\Ders\blg521\data\27.03\2014\K2\1X\27_03-2014_09_22-10_00-K2-1X.jpeg,BLURRED,Very blurry (Laplacian variance: 6.33),2288,1712,85.01,8.90,6.33
27.03\2014\K2\1X,27_03-2014_10_16-10_00-K2-1X.jpeg,C:\Users\ASUS\Desktop\Ders\blg521\data\27.03\2014\K2\1X\27_03-2014_10_16-10_00-K2-1X.jpeg,BLURRED,Very blurry (Laplacian variance: 21.02),2288,1712,118.14,8.24,21.02
27.03\2014\K2\1X,27_03-2014_12_18-10_00-K2-1X.jpeg,C:\Users\ASUS\Desktop\Ders\blg521\data\27.03\2014\K2\1X\27_03-2014_12_18-10_00-K2-1X.jpeg,BLURRED,Very blurry (Laplacian variance: 36.18),2288,1712,114.11,8.35,36.18
27.03\2014\K2\1X,27_03-2014_12_22-10_00-K2-1X.jpeg,C:\Users\ASUS\Desktop\Ders\blg521\data\27.03\2014\K2\1X\27_03-2014_12_22-10_00-K2-1X.jpeg,BLURRED,Very blurry (Laplacian variance: 34.91),2288,1712,116.73,8.36,34.91
27.03\2014\K2\1X,27_03-2014_12_23-10_00-K2-1X.jpeg,C:\Users\ASUS\Desktop\Ders\blg521\data\27.03\2014\K2\1X\27_03-2014_12_23-10_00-K2-1X.jpeg,BLURRED,Very blurry (Laplacian variance: 6.62),2288,1712,79.42,10.03,6.62
27.03\2014\K2\1X,27_03-2014_12_25-10_00-K2-1X.jpeg,C:\Users\ASUS\Desktop\Ders\blg521\data\27.03\2014\K2\1X\27_03-2014_12_25-10_00-K2-1X.jpeg,BLURRED,Very blurry (Laplacian variance: 7.86),2288,1712,111.83,22.84,7.86
27.03\2014\K3\10X,27_03-2014_02_05-09_57-K3-10X.jpeg,C:\Users\ASUS\Desktop\Ders\blg521\data\27.03\2014\K3\10X\27_03-2014_02_05-09_57-K3-10X.jpeg,TRUNCATED,JPEG missing standard EOI marker \xFF\xD9,0,0,0.00,0.00,0.00
27.03\2014\K3\10X,27_03-2014_03_27-09_52-K3-10X.jpeg,C:\Users\ASUS\Desktop\Ders\blg521\data\27.03\2014\K3\10X\27_03-2014_03_27-09_52-K3-10X.jpeg,TRUNCATED,JPEG missing standard EOI marker \xFF\xD9,0,0,0.00,0.00,0.00
27.03\2014\K3\10X,27_03-2014_03_28-11_16-K3-10X.jpeg,C:\Users\ASUS\Desktop\Ders\blg521\data\27.03\2014\K3\10X\27_03-2014_03_28-11_16-K3-10X.jpeg,TRUNCATED,JPEG missing standard EOI marker \xFF\xD9,0,0,0.00,0.00,0.00
27.03\2014\K3\10X,27_03-2014_06_19-10_00-K3-10X.jpeg,C:\Users\ASUS\Desktop\Ders\blg521\data\27.03\2014\K3\10X\27_03-2014_06_19-10_00-K3-10X.jpeg,BLURRED,Very blurry (Laplacian variance: 6.55),2288,1712,112.60,16.12,6.55
27.03\2014\K3\10X,27_03-2014_07_16-10_00-K3-10X.jpeg,C:\Users\ASUS\Desktop\Ders\blg521\data\27.03\2014\K3\10X\27_03-2014_07_16-10_00-K3-10X.jpeg,BLURRED,Very blurry (Laplacian variance: 6.18),2288,1712,84.79,6.07,6.18
27.03\2014\K3\10X,27_03-2014_07_20-10_00-K3-10X.jpeg,C:\Users\ASUS\Desktop\Ders\blg521\data\27.03\2014\K3\10X\27_03-2014_07_20-10_00-K3-10X.jpeg,BLURRED,Very blurry (Laplacian variance: 6.41),2288,1712,115.32,8.16,6.41
27.03\2014\K3\10X,27_03-2014_07_27-10_00-K3-10X.jpeg,C:\Users\ASUS\Desktop\Ders\blg521\data\27.03\2014\K3\10X\27_03-2014_07_27-10_00-K3-10X.jpeg,BLURRED,Very blurry (Laplacian variance: 6.31),2288,1712,117.19,8.08,6.31
27.03\2014\K3\10X,27_03-2014_07_30-10_00-K3-10X.jpeg,C:\Users\ASUS\Desktop\Ders\blg521\data\27.03\2014\K3\10X\27_03-2014_07_30-10_00-K3-10X.jpeg,BLURRED,Very blurry (Laplacian variance: 38.03),2288,1712,110.43,9.21,38.03
27.03\2014\K3\10X,27_03-2014_08_30-10_00-K3-10X.jpeg,C:\Users\ASUS\Desktop\Ders\blg521\data\27.03\2014\K3\10X\27_03-2014_08_30-10_00-K3-10X.jpeg,BLURRED,Very blurry (Laplacian variance: 6.51),2288,1712,114.50,10.19,6.51
27.03\2014\K3\10X,27_03-2014_08_31-10_00-K3-10X.jpeg,C:\Users\ASUS\Desktop\Ders\blg521\data\27.03\2014\K3\10X\27_03-2014_08_31-10_00-K3-10X.jpeg,BLURRED,Very blurry (Laplacian variance: 12.17),2288,1712,116.49,9.82,12.17
27.03\2014\K3\10X,27_03-2014_09_22-10_00-K3-10X.jpeg,C:\Users\ASUS\Desktop\Ders\blg521\data\27.03\2014\K3\10X\27_03-2014_09_22-10_00-K3-10X.jpeg,BLURRED,Very blurry (Laplacian variance: 17.80),2288,1712,86.80,8.56,17.80
27.03\2014\K3\10X,27_03-2014_12_20-10_22-K3-10X.jpeg,C:\Users\ASUS\Desktop\Ders\blg521\data\27.03\2014\K3\10X\27_03-2014_12_20-10_22-K3-10X.jpeg,BLURRED,Very blurry (Laplacian variance: 48.22),2288,1712,121.96,13.02,48.22
27.03\2014\K3\10X,27_03-2014_12_23-10_00-K3-10X.jpeg,C:\Users\ASUS\Desktop\Ders\blg521\data\27.03\2014\K3\10X\27_03-2014_12_23-10_00-K3-10X.jpeg,BLURRED,Very blurry (Laplacian variance: 6.70),2288,1712,109.10,7.38,6.70
27.03\2014\K3\1X,27_03-2014_02_05-09_59-K3-1X.jpeg,C:\Users\ASUS\Desktop\Ders\blg521\data\27.03\2014\K3\1X\27_03-2014_02_05-09_59-K3-1X.jpeg,TRUNCATED,JPEG missing standard EOI marker \xFF\xD9,0,0,0.00,0.00,0.00
27.03\2014\K3\1X,27_03-2014_02_13-10_22-K3-1X.jpeg,C:\Users\ASUS\Desktop\Ders\blg521\data\27.03\2014\K3\1X\27_03-2014_02_13-10_22-K3-1X.jpeg,TRUNCATED,JPEG missing standard EOI marker \xFF\xD9,0,0,0.00,0.00,0.00
27.03\2014\K3\1X,27_03-2014_02_26-09_38-K3-1X.jpeg,C:\Users\ASUS\Desktop\Ders\blg521\data\27.03\2014\K3\1X\27_03-2014_02_26-09_38-K3-1X.jpeg,TRUNCATED,JPEG missing standard EOI marker \xFF\xD9,0,0,0.00,0.00,0.00
27.03\2014\K3\1X,27_03-2014_03_27-09_54-K3-1X.jpeg,C:\Users\ASUS\Desktop\Ders\blg521\data\27.03\2014\K3\1X\27_03-2014_03_27-09_54-K3-1X.jpeg,TRUNCATED,JPEG missing standard EOI marker \xFF\xD9,0,0,0.00,0.00,0.00
27.03\2014\K3\1X,27_03-2014_03_28-10_45-K3-1X.jpeg,C:\Users\ASUS\Desktop\Ders\blg521\data\27.03\2014\K3\1X\27_03-2014_03_28-10_45-K3-1X.jpeg,TRUNCATED,JPEG missing standard EOI marker \xFF\xD9,0,0,0.00,0.00,0.00
27.03\2014\K3\1X,27_03-2014_06_19-10_00-K3-1X.jpeg,C:\Users\ASUS\Desktop\Ders\blg521\data\27.03\2014\K3\1X\27_03-2014_06_19-10_00-K3-1X.jpeg,BLURRED,Very blurry (Laplacian variance: 6.55),2288,1712,113.03,16.06,6.55
27.03\2014\K3\1X,27_03-2014_07_16-10_00-K3-1X.jpeg,C:\Users\ASUS\Desktop\Ders\blg521\data\27.03\2014\K3\1X\27_03-2014_07_16-10_00-K3-1X.jpeg,BLURRED,Very blurry (Laplacian variance: 6.14),2288,1712,87.42,6.19,6.14
27.03\2014\K3\1X,27_03-2014_07_20-10_00-K3-1X.jpeg,C:\Users\ASUS\Desktop\Ders\blg521\data\27.03\2014\K3\1X\27_03-2014_07_20-10_00-K3-1X.jpeg,BLURRED,Very blurry (Laplacian variance: 6.42),2288,1712,115.30,8.09,6.42
27.03\2014\K3\1X,27_03-2014_07_27-10_00-K3-1X.jpeg,C:\Users\ASUS\Desktop\Ders\blg521\data\27.03\2014\K3\1X\27_03-2014_07_27-10_00-K3-1X.jpeg,BLURRED,Very blurry (Laplacian variance: 6.35),2288,1712,116.39,8.04,6.35
27.03\2014\K3\1X,27_03-2014_08_30-10_00-K3-1X.jpeg,C:\Users\ASUS\Desktop\Ders\blg521\data\27.03\2014\K3\1X\27_03-2014_08_30-10_00-K3-1X.jpeg,BLURRED,Very blurry (Laplacian variance: 6.47),2288,1712,114.23,10.18,6.47
27.03\2014\K3\1X,27_03-2014_08_31-10_00-K3-1X.jpeg,C:\Users\ASUS\Desktop\Ders\blg521\data\27.03\2014\K3\1X\27_03-2014_08_31-10_00-K3-1X.jpeg,BLURRED,Very blurry (Laplacian variance: 12.02),2288,1712,116.71,9.81,12.02
27.03\2014\K3\1X,27_03-2014_09_22-10_00-K3-1X.jpeg,C:\Users\ASUS\Desktop\Ders\blg521\data\27.03\2014\K3\1X\27_03-2014_09_22-10_00-K3-1X.jpeg,BLURRED,Very blurry (Laplacian variance: 17.83),2288,1712,86.72,8.57,17.83
27.03\2014\K3\1X,27_03-2014_12_23-10_00-K3-1X.jpeg,C:\Users\ASUS\Desktop\Ders\blg521\data\27.03\2014\K3\1X\27_03-2014_12_23-10_00-K3-1X.jpeg,BLURRED,Very blurry (Laplacian variance: 6.80),2288,1712,107.50,7.29,6.80
27.03\2014\K3\1X,27_03-2014_12_31-10_30-K3-1X.jpeg,C:\Users\ASUS\Desktop\Ders\blg521\data\27.03\2014\K3\1X\27_03-2014_12_31-10_30-K3-1X.jpeg,BLURRED,Very blurry (Laplacian variance: 37.66),2288,1712,109.99,19.66,37.66
27.04\2016\K1\10X,27_04-2016_01_05-10_00-K1-10X.jpeg,C:\Users\ASUS\Desktop\Ders\blg521\data\27.04\2016\K1\10X\27_04-2016_01_05-10_00-K1-10X.jpeg,BLURRED,Very blurry (Laplacian variance: 15.35),2288,1712,117.55,11.15,15.35
27.04\2016\K1\10X,27_04-2016_01_11-10_00-K1-10X.jpeg,C:\Users\ASUS\Desktop\Ders\blg521\data\27.04\2016\K1\10X\27_04-2016_01_11-10_00-K1-10X.jpeg,BLURRED,Very blurry (Laplacian variance: 10.63),2288,1712,107.42,15.30,10.63
27.04\2016\K1\10X,27_04-2016_01_12-10_00-K1-10X.jpeg,C:\Users\ASUS\Desktop\Ders\blg521\data\27.04\2016\K1\10X\27_04-2016_01_12-10_00-K1-10X.jpeg,BLURRED,Very blurry (Laplacian variance: 12.41),2288,1712,111.17,17.76,12.41
27.04\2016\K1\10X,27_04-2016_01_13-11_01-K1-10X.jpeg,C:\Users\ASUS\Desktop\Ders\blg521\data\27.04\2016\K1\10X\27_04-2016_01_13-11_01-K1-10X.jpeg,BLURRED,Very blurry (Laplacian variance: 6.72),2288,1712,109.40,12.14,6.72
27.04\2016\K1\10X,27_04-2016_01_14-10_00-K1-10X.jpeg,C:\Users\ASUS\Desktop\Ders\blg521\data\27.04\2016\K1\10X\27_04-2016_01_14-10_00-K1-10X.jpeg,BLURRED,Very blurry (Laplacian variance: 6.67),2288,1712,110.47,12.22,6.67
27.04\2016\K1\10X,27_04-2016_01_15-11_02-K1-10X.jpeg,C:\Users\ASUS\Desktop\Ders\blg521\data\27.04\2016\K1\10X\27_04-2016_01_15-11_02-K1-10X.jpeg,BLURRED,Very blurry (Laplacian variance: 6.68),2288,1712,109.50,15.40,6.68
27.04\2016\K1\10X,27_04-2016_01_16-10_00-K1-10X.jpeg,C:\Users\ASUS\Desktop\Ders\blg521\data\27.04\2016\K1\10X\27_04-2016_01_16-10_00-K1-10X.jpeg,BLURRED,Very blurry (Laplacian variance: 7.46),2288,1712,99.58,13.36,7.46
27.04\2016\K1\10X,27_04-2016_01_17-10_00-K1-10X.jpeg,C:\Users\ASUS\Desktop\Ders\blg521\data\27.04\2016\K1\10X\27_04-2016_01_17-10_00-K1-10X.jpeg,BLURRED,Very blurry (Laplacian variance: 7.49),2288,1712,97.09,12.50,7.49
27.04\2016\K1\10X,27_04-2016_01_18-11_30-K1-10X.jpeg,C:\Users\ASUS\Desktop\Ders\blg521\data\27.04\2016\K1\10X\27_04-2016_01_18-11_30-K1-10X.jpeg,BLURRED,Very blurry (Laplacian variance: 6.75),2288,1712,108.85,11.30,6.75
27.04\2016\K1\10X,27_04-2016_01_19-10_00-K1-10X.jpeg,C:\Users\ASUS\Desktop\Ders\blg521\data\27.04\2016\K1\10X\27_04-2016_01_19-10_00-K1-10X.jpeg,BLURRED,Very blurry (Laplacian variance: 6.97),2288,1712,106.84,11.67,6.97
27.04\2016\K1\10X,27_04-2016_01_20-10_00-K1-10X.jpeg,C:\Users\ASUS\Desktop\Ders\blg521\data\27.04\2016\K1\10X\27_04-2016_01_20-10_00-K1-10X.jpeg,BLURRED,Very blurry (Laplacian variance: 7.61),2288,1712,97.87,11.74,7.61
27.04\2016\K1\10X,27_04-2016_01_21-10_00-K1-10X.jpeg,C:\Users\ASUS\Desktop\Ders\blg521\data\27.04\2016\K1\10X\27_04-2016_01_21-10_00-K1-10X.jpeg,BLURRED,Very blurry (Laplacian variance: 7.51),2288,1712,99.55,12.14,7.51
27.04\2016\K1\10X,27_04-2016_01_22-10_00-K1-10X.jpeg,C:\Users\ASUS\Desktop\Ders\blg521\data\27.04\2016\K1\10X\27_04-2016_01_22-10_00-K1-10X.jpeg,BLURRED,Very blurry (Laplacian variance: 7.40),2288,1712,100.30,12.10,7.40
27.04\2016\K1\10X,27_04-2016_01_24-10_00-K1-10X.jpeg,C:\Users\ASUS\Desktop\Ders\blg521\data\27.04\2016\K1\10X\27_04-2016_01_24-10_00-K1-10X.jpeg,BLURRED,Very blurry (Laplacian variance: 7.46),2288,1712,98.33,11.84,7.46
27.04\2016\K1\10X,27_04-2016_01_25-10_00-K1-10X.jpeg,C:\Users\ASUS\Desktop\Ders\blg521\data\27.04\2016\K1\10X\27_04-2016_01_25-10_00-K1-10X.jpeg,BLURRED,Very blurry (Laplacian variance: 6.72),2288,1712,109.47,13.93,6.72
27.04\2016\K1\10X,27_04-2016_01_26-10_00-K1-10X.jpeg,C:\Users\ASUS\Desktop\Ders\blg521\data\27.04\2016\K1\10X\27_04-2016_01_26-10_00-K1-10X.jpeg,BLURRED,Very blurry (Laplacian variance: 6.94),2288,1712,106.34,13.66,6.94
27.04\2016\K1\10X,27_04-2016_01_28-10_00-K1-10X.jpeg,C:\Users\ASUS\Desktop\Ders\blg521\data\27.04\2016\K1\10X\27_04-2016_01_28-10_00-K1-10X.jpeg,BLURRED,Very blurry (Laplacian variance: 7.55),2288,1712,97.93,12.24,7.55
27.04\2016\K1\10X,27_04-2016_08_25-10_00-K1-10X.jpeg,C:\Users\ASUS\Desktop\Ders\blg521\data\27.04\2016\K1\10X\27_04-2016_08_25-10_00-K1-10X.jpeg,TRUNCATED,JPEG missing standard EOI marker \xFF\xD9,0,0,0.00,0.00,0.00
27.04\2016\K1\10X,27_04-2016_12_21-10_00-K1-10X.jpeg,C:\Users\ASUS\Desktop\Ders\blg521\data\27.04\2016\K1\10X\27_04-2016_12_21-10_00-K1-10X.jpeg,LOW_CONTRAST,Extremely low contrast (std: 3.96),2288,1712,112.20,3.96,0.00
27.04\2016\K1\10X,27_04-2016_12_22-10_00-K1-10X.jpeg,C:\Users\ASUS\Desktop\Ders\blg521\data\27.04\2016\K1\10X\27_04-2016_12_22-10_00-K1-10X.jpeg,BLURRED,Very blurry (Laplacian variance: 10.71),2288,1712,104.51,5.08,10.71
27.04\2016\K1\1X,27_04-2016_01_05-10_00-K1-1X.jpeg,C:\Users\ASUS\Desktop\Ders\blg521\data\27.04\2016\K1\1X\27_04-2016_01_05-10_00-K1-1X.jpeg,BLURRED,Very blurry (Laplacian variance: 15.29),2288,1712,116.99,11.12,15.29
27.04\2016\K1\1X,27_04-2016_01_11-10_00-K1-1X.jpeg,C:\Users\ASUS\Desktop\Ders\blg521\data\27.04\2016\K1\1X\27_04-2016_01_11-10_00-K1-1X.jpeg,BLURRED,Very blurry (Laplacian variance: 10.64),2288,1712,107.88,15.34,10.64
27.04\2016\K1\1X,27_04-2016_01_12-10_00-K1-1X.jpeg,C:\Users\ASUS\Desktop\Ders\blg521\data\27.04\2016\K1\1X\27_04-2016_01_12-10_00-K1-1X.jpeg,BLURRED,Very blurry (Laplacian variance: 12.44),2288,1712,111.40,17.71,12.44
27.04\2016\K1\1X,27_04-2016_01_13-11_01-K1-1X.jpeg,C:\Users\ASUS\Desktop\Ders\blg521\data\27.04\2016\K1\1X\27_04-2016_01_13-11_01-K1-1X.jpeg,BLURRED,Very blurry (Laplacian variance: 6.80),2288,1712,108.31,12.08,6.80
27.04\2016\K1\1X,27_04-2016_01_14-10_00-K1-1X.jpeg,C:\Users\ASUS\Desktop\Ders\blg521\data\27.04\2016\K1\1X\27_04-2016_01_14-10_00-K1-1X.jpeg,BLURRED,Very blurry (Laplacian variance: 6.75),2288,1712,108.22,12.11,6.75
27.04\2016\K1\1X,27_04-2016_01_15-11_02-K1-1X.jpeg,C:\Users\ASUS\Desktop\Ders\blg521\data\27.04\2016\K1\1X\27_04-2016_01_15-11_02-K1-1X.jpeg,BLURRED,Very blurry (Laplacian variance: 6.69),2288,1712,109.39,15.42,6.69
27.04\2016\K1\1X,27_04-2016_01_16-10_00-K1-1X.jpeg,C:\Users\ASUS\Desktop\Ders\blg521\data\27.04\2016\K1\1X\27_04-2016_01_16-10_00-K1-1X.jpeg,BLURRED,Very blurry (Laplacian variance: 7.32),2288,1712,101.47,13.60,7.32
27.04\2016\K1\1X,27_04-2016_01_17-10_00-K1-1X.jpeg,C:\Users\ASUS\Desktop\Ders\blg521\data\27.04\2016\K1\1X\27_04-2016_01_17-10_00-K1-1X.jpeg,BLURRED,Very blurry (Laplacian variance: 7.44),2288,1712,97.41,12.46,7.44
27.04\2016\K1\1X,27_04-2016_01_18-11_30-K1-1X.jpeg,C:\Users\ASUS\Desktop\Ders\blg521\data\27.04\2016\K1\1X\27_04-2016_01_18-11_30-K1-1X.jpeg,BLURRED,Very blurry (Laplacian variance: 6.70),2288,1712,110.04,11.42,6.70
27.04\2016\K1\1X,27_04-2016_01_19-10_00-K1-1X.jpeg,C:\Users\ASUS\Desktop\Ders\blg521\data\27.04\2016\K1\1X\27_04-2016_01_19-10_00-K1-1X.jpeg,BLURRED,Very blurry (Laplacian variance: 6.79),2288,1712,109.45,11.74,6.79
27.04\2016\K1\1X,27_04-2016_01_20-10_00-K1-1X.jpeg,C:\Users\ASUS\Desktop\Ders\blg521\data\27.04\2016\K1\1X\27_04-2016_01_20-10_00-K1-1X.jpeg,BLURRED,Very blurry (Laplacian variance: 7.53),2288,1712,98.45,11.76,7.53
27.04\2016\K1\1X,27_04-2016_01_21-10_00-K1-1X.jpeg,C:\Users\ASUS\Desktop\Ders\blg521\data\27.04\2016\K1\1X\27_04-2016_01_21-10_00-K1-1X.jpeg,BLURRED,Very blurry (Laplacian variance: 7.48),2288,1712,99.74,12.17,7.48
27.04\2016\K1\1X,27_04-2016_01_22-10_00-K1-1X.jpeg,C:\Users\ASUS\Desktop\Ders\blg521\data\27.04\2016\K1\1X\27_04-2016_01_22-10_00-K1-1X.jpeg,BLURRED,Very blurry (Laplacian variance: 7.36),2288,1712,100.55,12.13,7.36
27.04\2016\K1\1X,27_04-2016_01_24-10_00-K1-1X.jpeg,C:\Users\ASUS\Desktop\Ders\blg521\data\27.04\2016\K1\1X\27_04-2016_01_24-10_00-K1-1X.jpeg,BLURRED,Very blurry (Laplacian variance: 7.63),2288,1712,97.67,11.74,7.63
27.04\2016\K1\1X,27_04-2016_01_25-10_00-K1-1X.jpeg,C:\Users\ASUS\Desktop\Ders\blg521\data\27.04\2016\K1\1X\27_04-2016_01_25-10_00-K1-1X.jpeg,BLURRED,Very blurry (Laplacian variance: 6.74),2288,1712,109.44,13.94,6.74
27.04\2016\K1\1X,27_04-2016_01_26-10_00-K1-1X.jpeg,C:\Users\ASUS\Desktop\Ders\blg521\data\27.04\2016\K1\1X\27_04-2016_01_26-10_00-K1-1X.jpeg,BLURRED,Very blurry (Laplacian variance: 6.97),2288,1712,105.94,13.60,6.97
27.04\2016\K1\1X,27_04-2016_01_28-10_00-K1-1X.jpeg,C:\Users\ASUS\Desktop\Ders\blg521\data\27.04\2016\K1\1X\27_04-2016_01_28-10_00-K1-1X.jpeg,BLURRED,Very blurry (Laplacian variance: 7.59),2288,1712,97.85,12.26,7.59
27.04\2016\K1\1X,27_04-2016_02_27-10_00-K1-1X.jpeg,C:\Users\ASUS\Desktop\Ders\blg521\data\27.04\2016\K1\1X\27_04-2016_02_27-10_00-K1-1X.jpeg,BLURRED,Very blurry (Laplacian variance: 31.68),1024,768,115.62,16.97,31.68
27.04\2016\K1\1X,27_04-2016_08_25-10_00-K1-1X.jpeg,C:\Users\ASUS\Desktop\Ders\blg521\data\27.04\2016\K1\1X\27_04-2016_08_25-10_00-K1-1X.jpeg,TRUNCATED,JPEG missing standard EOI marker \xFF\xD9,0,0,0.00,0.00,0.00
27.04\2016\K1\1X,27_04-2016_09_03-10_00-K1-1X.jpeg,C:\Users\ASUS\Desktop\Ders\blg521\data\27.04\2016\K1\1X\27_04-2016_09_03-10_00-K1-1X.jpeg,BLURRED,Very blurry (Laplacian variance: 47.78),2288,1712,109.20,10.58,47.78
27.04\2016\K1\1X,27_04-2016_12_21-10_00-K1-1X.jpeg,C:\Users\ASUS\Desktop\Ders\blg521\data\27.04\2016\K1\1X\27_04-2016_12_21-10_00-K1-1X.jpeg,LOW_CONTRAST,Extremely low contrast (std: 3.90),2288,1712,114.44,3.90,0.00
27.04\2016\K1\1X,27_04-2016_12_22-10_00-K1-1X.jpeg,C:\Users\ASUS\Desktop\Ders\blg521\data\27.04\2016\K1\1X\27_04-2016_12_22-10_00-K1-1X.jpeg,LOW_CONTRAST,Extremely low contrast (std: 4.47),2288,1712,110.81,4.47,0.00
27.04\2016\K1\1X,27_04-2016_12_28-10_00-K1-1X.jpeg,C:\Users\ASUS\Desktop\Ders\blg521\data\27.04\2016\K1\1X\27_04-2016_12_28-10_00-K1-1X.jpeg,BLURRED,Very blurry (Laplacian variance: 47.39),2288,1712,113.33,37.36,47.39
27.04\2016\K1\1X,27_04-2016_12_30-10_00-K1-1X.jpeg,C:\Users\ASUS\Desktop\Ders\blg521\data\27.04\2016\K1\1X\27_04-2016_12_30-10_00-K1-1X.jpeg,BLURRED,Very blurry (Laplacian variance: 26.77),2288,1712,113.62,31.64,26.77
27.04\2016\K1\1X,27_04-2016_12_31-10_00-K1-1X.jpeg,C:\Users\ASUS\Desktop\Ders\blg521\data\27.04\2016\K1\1X\27_04-2016_12_31-10_00-K1-1X.jpeg,BLURRED,Very blurry (Laplacian variance: 15.11),2288,1712,115.87,31.98,15.11
27.04\2016\K2\10X,27_04-2016_01_05-10_00-K2-10X.jpeg,C:\Users\ASUS\Desktop\Ders\blg521\data\27.04\2016\K2\10X\27_04-2016_01_05-10_00-K2-10X.jpeg,BLURRED,Very blurry (Laplacian variance: 8.16),2288,1712,109.76,6.21,8.16
27.04\2016\K2\10X,27_04-2016_02_27-10_00-K2-10X.jpeg,C:\Users\ASUS\Desktop\Ders\blg521\data\27.04\2016\K2\10X\27_04-2016_02_27-10_00-K2-10X.jpeg,BLURRED,Very blurry (Laplacian variance: 44.13),2288,1712,103.54,15.04,44.13
27.04\2016\K2\10X,27_04-2016_12_19-10_00-K2-10X.jpeg,C:\Users\ASUS\Desktop\Ders\blg521\data\27.04\2016\K2\10X\27_04-2016_12_19-10_00-K2-10X.jpeg,BLURRED,Very blurry (Laplacian variance: 6.32),2288,1712,113.80,11.90,6.32
27.04\2016\K2\10X,27_04-2016_12_21-10_00-K2-10X.jpeg,C:\Users\ASUS\Desktop\Ders\blg521\data\27.04\2016\K2\10X\27_04-2016_12_21-10_00-K2-10X.jpeg,BLURRED,Very blurry (Laplacian variance: 12.95),2288,1712,108.64,6.98,12.95
27.04\2016\K2\10X,27_04-2016_12_22-10_00-K2-10X.jpeg,C:\Users\ASUS\Desktop\Ders\blg521\data\27.04\2016\K2\10X\27_04-2016_12_22-10_00-K2-10X.jpeg,BLURRED,Very blurry (Laplacian variance: 11.75),2288,1712,101.32,6.21,11.75
27.04\2016\K2\10X,27_04-2016_12_28-10_00-K2-10X.jpeg,C:\Users\ASUS\Desktop\Ders\blg521\data\27.04\2016\K2\10X\27_04-2016_12_28-10_00-K2-10X.jpeg,BLURRED,Very blurry (Laplacian variance: 6.58),2288,1712,114.46,44.79,6.58
27.04\2016\K2\1X,27_04-2016_01_05-10_00-K2-1X.jpeg,C:\Users\ASUS\Desktop\Ders\blg521\data\27.04\2016\K2\1X\27_04-2016_01_05-10_00-K2-1X.jpeg,BLURRED,Very blurry (Laplacian variance: 9.11),2288,1712,114.58,5.22,9.11
27.04\2016\K2\1X,27_04-2016_12_19-10_00-K2-1X.jpeg,C:\Users\ASUS\Desktop\Ders\blg521\data\27.04\2016\K2\1X\27_04-2016_12_19-10_00-K2-1X.jpeg,BLURRED,Very blurry (Laplacian variance: 6.32),2288,1712,114.27,11.95,6.32
27.04\2016\K2\1X,27_04-2016_12_21-10_00-K2-1X.jpeg,C:\Users\ASUS\Desktop\Ders\blg521\data\27.04\2016\K2\1X\27_04-2016_12_21-10_00-K2-1X.jpeg,BLURRED,Very blurry (Laplacian variance: 8.69),2288,1712,111.79,5.41,8.69
27.04\2016\K2\1X,27_04-2016_12_22-10_00-K2-1X.jpeg,C:\Users\ASUS\Desktop\Ders\blg521\data\27.04\2016\K2\1X\27_04-2016_12_22-10_00-K2-1X.jpeg,BLURRED,Very blurry (Laplacian variance: 10.13),2288,1712,109.36,5.40,10.13
27.04\2016\K2\1X,27_04-2016_12_28-10_00-K2-1X.jpeg,C:\Users\ASUS\Desktop\Ders\blg521\data\27.04\2016\K2\1X\27_04-2016_12_28-10_00-K2-1X.jpeg,BLURRED,Very blurry (Laplacian variance: 6.76),2288,1712,103.12,44.38,6.76
27.04\2016\K2\1X,27_04-2016_12_31-10_00-K2-1X.jpeg,C:\Users\ASUS\Desktop\Ders\blg521\data\27.04\2016\K2\1X\27_04-2016_12_31-10_00-K2-1X.jpeg,BLURRED,Very blurry (Laplacian variance: 32.94),2288,1712,110.68,25.17,32.94
27.04\2016\K3\10X,27_04-2016_01_05-10_00-K3-10X.jpeg,C:\Users\ASUS\Desktop\Ders\blg521\data\27.04\2016\K3\10X\27_04-2016_01_05-10_00-K3-10X.jpeg,LOW_CONTRAST,Extremely low contrast (std: 4.24),2288,1712,113.98,4.24,0.00
27.04\2016\K3\10X,27_04-2016_02_01-10_00-K3-10X.jpeg,C:\Users\ASUS\Desktop\Ders\blg521\data\27.04\2016\K3\10X\27_04-2016_02_01-10_00-K3-10X.jpeg,BLURRED,Very blurry (Laplacian variance: 11.83),1024,768,243.32,5.28,11.83
27.04\2016\K3\10X,27_04-2016_08_25-10_00-K3-10X.jpeg,C:\Users\ASUS\Desktop\Ders\blg521\data\27.04\2016\K3\10X\27_04-2016_08_25-10_00-K3-10X.jpeg,TRUNCATED,JPEG missing standard EOI marker \xFF\xD9,0,0,0.00,0.00,0.00
27.04\2016\K3\10X,27_04-2016_12_21-10_00-K3-10X.jpeg,C:\Users\ASUS\Desktop\Ders\blg521\data\27.04\2016\K3\10X\27_04-2016_12_21-10_00-K3-10X.jpeg,LOW_CONTRAST,Extremely low contrast (std: 4.06),2288,1712,113.54,4.06,0.00
27.04\2016\K3\10X,27_04-2016_12_22-10_00-K3-10X.jpeg,C:\Users\ASUS\Desktop\Ders\blg521\data\27.04\2016\K3\10X\27_04-2016_12_22-10_00-K3-10X.jpeg,BLURRED,Very blurry (Laplacian variance: 10.03),2288,1712,107.01,5.27,10.03
27.04\2016\K3\10X,27_04-2016_12_31-10_00-K3-10X.jpeg,C:\Users\ASUS\Desktop\Ders\blg521\data\27.04\2016\K3\10X\27_04-2016_12_31-10_00-K3-10X.jpeg,BLURRED,Very blurry (Laplacian variance: 44.12),2288,1712,97.62,9.19,44.12
27.04\2016\K3\1X,27_04-2016_01_05-10_00-K3-1X.jpeg,C:\Users\ASUS\Desktop\Ders\blg521\data\27.04\2016\K3\1X\27_04-2016_01_05-10_00-K3-1X.jpeg,BLURRED,Very blurry (Laplacian variance: 39.47),2288,1712,110.96,11.82,39.47
27.04\2016\K3\1X,27_04-2016_08_25-10_00-K3-1X.jpeg,C:\Users\ASUS\Desktop\Ders\blg521\data\27.04\2016\K3\1X\27_04-2016_08_25-10_00-K3-1X.jpeg,TRUNCATED,JPEG missing standard EOI marker \xFF\xD9,0,0,0.00,0.00,0.00
27.04\2016\K3\1X,27_04-2016_12_21-10_00-K3-1X.jpeg,C:\Users\ASUS\Desktop\Ders\blg521\data\27.04\2016\K3\1X\27_04-2016_12_21-10_00-K3-1X.jpeg,BLURRED,Very blurry (Laplacian variance: 12.19),2288,1712,112.98,5.40,12.19
27.04\2016\K3\1X,27_04-2016_12_22-10_00-K3-1X.jpeg,C:\Users\ASUS\Desktop\Ders\blg521\data\27.04\2016\K3\1X\27_04-2016_12_22-10_00-K3-1X.jpeg,BLURRED,Very blurry (Laplacian variance: 21.84),2288,1712,108.47,8.92,21.84
27.04\2016\K3\1X,27_04-2016_12_31-10_00-K3-1X.jpeg,C:\Users\ASUS\Desktop\Ders\blg521\data\27.04\2016\K3\1X\27_04-2016_12_31-10_00-K3-1X.jpeg,BLURRED,Very blurry (Laplacian variance: 16.81),2288,1712,114.25,33.06,16.81
27.04\2016\K4\10X,27_04-2016_01_05-10_00-K4-10X.jpeg,C:\Users\ASUS\Desktop\Ders\blg521\data\27.04\2016\K4\10X\27_04-2016_01_05-10_00-K4-10X.jpeg,BLURRED,Very blurry (Laplacian variance: 6.55),2288,1712,110.59,7.12,6.55
27.04\2016\K4\10X,27_04-2016_01_06-10_08-K4-10X.jpeg,C:\Users\ASUS\Desktop\Ders\blg521\data\27.04\2016\K4\10X\27_04-2016_01_06-10_08-K4-10X.jpeg,BLURRED,Very blurry (Laplacian variance: 8.65),2288,1712,101.14,13.13,8.65
27.04\2016\K4\10X,27_04-2016_01_09-10_00-K4-10X.jpeg,C:\Users\ASUS\Desktop\Ders\blg521\data\27.04\2016\K4\10X\27_04-2016_01_09-10_00-K4-10X.jpeg,BLURRED,Very blurry (Laplacian variance: 31.02),2288,1712,105.08,6.86,31.02
27.04\2016\K4\10X,27_04-2016_08_25-10_00-K4-10X.jpeg,C:\Users\ASUS\Desktop\Ders\blg521\data\27.04\2016\K4\10X\27_04-2016_08_25-10_00-K4-10X.jpeg,TRUNCATED,JPEG missing standard EOI marker \xFF\xD9,0,0,0.00,0.00,0.00
27.04\2016\K4\10X,27_04-2016_12_13-10_00-K4-10X.jpeg,C:\Users\ASUS\Desktop\Ders\blg521\data\27.04\2016\K4\10X\27_04-2016_12_13-10_00-K4-10X.jpeg,BLURRED,Very blurry (Laplacian variance: 28.12),2288,1712,101.30,11.91,28.12
27.04\2016\K4\10X,27_04-2016_12_21-10_00-K4-10X.jpeg,C:\Users\ASUS\Desktop\Ders\blg521\data\27.04\2016\K4\10X\27_04-2016_12_21-10_00-K4-10X.jpeg,BLURRED,Very blurry (Laplacian variance: 6.95),2288,1712,103.99,11.66,6.95
27.04\2016\K4\10X,27_04-2016_12_22-10_00-K4-10X.jpeg,C:\Users\ASUS\Desktop\Ders\blg521\data\27.04\2016\K4\10X\27_04-2016_12_22-10_00-K4-10X.jpeg,BLURRED,Very blurry (Laplacian variance: 6.73),2288,1712,108.42,7.06,6.73
27.04\2016\K4\1X,27_04-2016_01_05-10_00-K4-1X.jpeg,C:\Users\ASUS\Desktop\Ders\blg521\data\27.04\2016\K4\1X\27_04-2016_01_05-10_00-K4-1X.jpeg,BLURRED,Very blurry (Laplacian variance: 7.12),2288,1712,109.46,10.77,7.12
27.04\2016\K4\1X,27_04-2016_01_06-10_09-K4-1X.jpeg,C:\Users\ASUS\Desktop\Ders\blg521\data\27.04\2016\K4\1X\27_04-2016_01_06-10_09-K4-1X.jpeg,BLURRED,Very blurry (Laplacian variance: 45.80),2288,1712,105.09,24.84,45.80
27.04\2016\K4\1X,27_04-2016_01_09-10_00-K4-1X.jpeg,C:\Users\ASUS\Desktop\Ders\blg521\data\27.04\2016\K4\1X\27_04-2016_01_09-10_00-K4-1X.jpeg,BLURRED,Very blurry (Laplacian variance: 16.55),2288,1712,117.51,16.94,16.55
27.04\2016\K4\1X,27_04-2016_01_19-10_00-K4-1X.jpeg,C:\Users\ASUS\Desktop\Ders\blg521\data\27.04\2016\K4\1X\27_04-2016_01_19-10_00-K4-1X.jpeg,BLURRED,Very blurry (Laplacian variance: 29.86),2288,1712,114.66,24.84,29.86
27.04\2016\K4\1X,27_04-2016_08_25-10_00-K4-1X.jpeg,C:\Users\ASUS\Desktop\Ders\blg521\data\27.04\2016\K4\1X\27_04-2016_08_25-10_00-K4-1X.jpeg,TRUNCATED,JPEG missing standard EOI marker \xFF\xD9,0,0,0.00,0.00,0.00
27.04\2016\K4\1X,27_04-2016_12_21-10_00-K4-1X.jpeg,C:\Users\ASUS\Desktop\Ders\blg521\data\27.04\2016\K4\1X\27_04-2016_12_21-10_00-K4-1X.jpeg,BLURRED,Very blurry (Laplacian variance: 6.29),2288,1712,116.82,18.44,6.29
27.04\2016\K4\1X,27_04-2016_12_22-10_00-K4-1X.jpeg,C:\Users\ASUS\Desktop\Ders\blg521\data\27.04\2016\K4\1X\27_04-2016_12_22-10_00-K4-1X.jpeg,BLURRED,Very blurry (Laplacian variance: 7.21),2288,1712,106.30,7.77,7.21
27.04\2016\K4\1X,27_04-2016_12_28-10_00-K4-1X.jpeg,C:\Users\ASUS\Desktop\Ders\blg521\data\27.04\2016\K4\1X\27_04-2016_12_28-10_00-K4-1X.jpeg,BLURRED,Very blurry (Laplacian variance: 12.88),2288,1712,116.04,32.67,12.88
27.04\2017\K1\1X,27_04-2017_01_01-10_00-K1-1X.jpeg,C:\Users\ASUS\Desktop\Ders\blg521\data\27.04\2017\K1\1X\27_04-2017_01_01-10_00-K1-1X.jpeg,BLURRED,Very blurry (Laplacian variance: 31.50),2288,1712,118.33,34.01,31.50
27.04\2017\K1\1X,27_04-2017_01_08-10_00-K1-1X.jpeg,C:\Users\ASUS\Desktop\Ders\blg521\data\27.04\2017\K1\1X\27_04-2017_01_08-10_00-K1-1X.jpeg,BLURRED,Very blurry (Laplacian variance: 39.73),2288,1712,115.32,27.99,39.73
27.04\2017\K1\1X,27_04-2017_01_09-10_00-K1-1X.jpeg,C:\Users\ASUS\Desktop\Ders\blg521\data\27.04\2017\K1\1X\27_04-2017_01_09-10_00-K1-1X.jpeg,BLURRED,Very blurry (Laplacian variance: 25.35),2288,1712,113.88,23.43,25.35
27.04\2017\K1\1X,27_04-2017_01_14-10_00-K1-1X.jpeg,C:\Users\ASUS\Desktop\Ders\blg521\data\27.04\2017\K1\1X\27_04-2017_01_14-10_00-K1-1X.jpeg,BLURRED,Very blurry (Laplacian variance: 45.82),2288,1712,114.24,14.77,45.82
27.04\2017\K1\1X,27_04-2017_01_26-10_00-K1-1X.jpeg,C:\Users\ASUS\Desktop\Ders\blg521\data\27.04\2017\K1\1X\27_04-2017_01_26-10_00-K1-1X.jpeg,BLURRED,Very blurry (Laplacian variance: 47.65),2288,1712,115.02,22.94,47.65
27.04\2017\K1\1X,27_04-2017_03_03-10_00-K1-1X.jpeg,C:\Users\ASUS\Desktop\Ders\blg521\data\27.04\2017\K1\1X\27_04-2017_03_03-10_00-K1-1X.jpeg,BLURRED,Very blurry (Laplacian variance: 27.66),2288,1712,112.93,14.88,27.66
27.04\2017\K1\1X,27_04-2017_03_11-10_00-K1-1X.jpeg,C:\Users\ASUS\Desktop\Ders\blg521\data\27.04\2017\K1\1X\27_04-2017_03_11-10_00-K1-1X.jpeg,BLURRED,Very blurry (Laplacian variance: 7.35),2288,1712,113.74,15.64,7.35
27.04\2017\K1\1X,27_04-2017_03_12-10_00-K1-1X.jpeg,C:\Users\ASUS\Desktop\Ders\blg521\data\27.04\2017\K1\1X\27_04-2017_03_12-10_00-K1-1X.jpeg,BLURRED,Very blurry (Laplacian variance: 19.63),2288,1712,113.84,15.93,19.63
27.04\2017\K1\1X,27_04-2017_03_14-10_00-K1-1X.jpeg,C:\Users\ASUS\Desktop\Ders\blg521\data\27.04\2017\K1\1X\27_04-2017_03_14-10_00-K1-1X.jpeg,BLURRED,Very blurry (Laplacian variance: 39.37),2288,1712,86.12,21.37,39.37
27.04\2017\K1\1X,27_04-2017_03_18-10_00-K1-1X.jpeg,C:\Users\ASUS\Desktop\Ders\blg521\data\27.04\2017\K1\1X\27_04-2017_03_18-10_00-K1-1X.jpeg,BLURRED,Very blurry (Laplacian variance: 26.21),2288,1712,112.34,20.36,26.21
27.04\2017\K1\1X,27_04-2017_05_03-10_00-K1-1X.jpeg,C:\Users\ASUS\Desktop\Ders\blg521\data\27.04\2017\K1\1X\27_04-2017_05_03-10_00-K1-1X.jpeg,BLURRED,Very blurry (Laplacian variance: 44.88),2288,1712,114.50,16.78,44.88
27.04\2017\K1\1X,27_04-2017_05_05-10_00-K1-1X.jpeg,C:\Users\ASUS\Desktop\Ders\blg521\data\27.04\2017\K1\1X\27_04-2017_05_05-10_00-K1-1X.jpeg,BLURRED,Very blurry (Laplacian variance: 40.20),2288,1712,109.92,15.42,40.20
27.04\2017\K1\1X,27_04-2017_06_21-10_00-K1-1X.jpeg,C:\Users\ASUS\Desktop\Ders\blg521\data\27.04\2017\K1\1X\27_04-2017_06_21-10_00-K1-1X.jpeg,BLURRED,Very blurry (Laplacian variance: 34.71),2288,1712,112.23,14.74,34.71
27.04\2017\K1\1X,27_04-2017_06_22-10_16-K1-1X.jpeg,C:\Users\ASUS\Desktop\Ders\blg521\data\27.04\2017\K1\1X\27_04-2017_06_22-10_16-K1-1X.jpeg,BLURRED,Very blurry (Laplacian variance: 42.50),2288,1712,108.40,15.22,42.50
27.04\2017\K1\1X,27_04-2017_06_29-10_00-K1-1X.jpeg,C:\Users\ASUS\Desktop\Ders\blg521\data\27.04\2017\K1\1X\27_04-2017_06_29-10_00-K1-1X.jpeg,BLURRED,Very blurry (Laplacian variance: 29.64),2288,1712,109.60,14.20,29.64
27.04\2017\K1\1X,27_04-2017_07_04-11_16-K1-1X.jpeg,C:\Users\ASUS\Desktop\Ders\blg521\data\27.04\2017\K1\1X\27_04-2017_07_04-11_16-K1-1X.jpeg,BLURRED,Very blurry (Laplacian variance: 34.81),2288,1712,108.75,16.09,34.81
27.04\2017\K2\10X,27_04-2017_02_24-10_00-K2-10X.jpeg,C:\Users\ASUS\Desktop\Ders\blg521\data\27.04\2017\K2\10X\27_04-2017_02_24-10_00-K2-10X.jpeg,BLURRED,Very blurry (Laplacian variance: 7.15),2288,1712,115.51,13.53,7.15
27.04\2017\K2\10X,27_04-2017_03_11-10_00-K2-10X.jpeg,C:\Users\ASUS\Desktop\Ders\blg521\data\27.04\2017\K2\10X\27_04-2017_03_11-10_00-K2-10X.jpeg,BLURRED,Very blurry (Laplacian variance: 41.92),2288,1712,99.36,9.44,41.92
27.04\2017\K2\10X,27_04-2017_03_12-10_00-K2-10X.jpeg,C:\Users\ASUS\Desktop\Ders\blg521\data\27.04\2017\K2\10X\27_04-2017_03_12-10_00-K2-10X.jpeg,BLURRED,Very blurry (Laplacian variance: 45.77),2288,1712,103.70,9.37,45.77
27.04\2017\K2\10X,27_04-2017_03_14-10_00-K2-10X.jpeg,C:\Users\ASUS\Desktop\Ders\blg521\data\27.04\2017\K2\10X\27_04-2017_03_14-10_00-K2-10X.jpeg,LOW_CONTRAST,Extremely low contrast (std: 4.36),2288,1712,73.29,4.36,0.00
27.04\2017\K2\1X,27_04-2017_01_01-10_00-K2-1X.jpeg,C:\Users\ASUS\Desktop\Ders\blg521\data\27.04\2017\K2\1X\27_04-2017_01_01-10_00-K2-1X.jpeg,BLURRED,Very blurry (Laplacian variance: 44.14),2288,1712,116.41,33.99,44.14
27.04\2017\K2\1X,27_04-2017_02_24-10_00-K2-1X.jpeg,C:\Users\ASUS\Desktop\Ders\blg521\data\27.04\2017\K2\1X\27_04-2017_02_24-10_00-K2-1X.jpeg,BLURRED,Very blurry (Laplacian variance: 7.35),2288,1712,111.89,13.28,7.35
27.04\2017\K2\1X,27_04-2017_03_11-10_00-K2-1X.jpeg,C:\Users\ASUS\Desktop\Ders\blg521\data\27.04\2017\K2\1X\27_04-2017_03_11-10_00-K2-1X.jpeg,BLURRED,Very blurry (Laplacian variance: 16.06),2288,1712,112.47,17.95,16.06
27.04\2017\K2\1X,27_04-2017_03_12-10_00-K2-1X.jpeg,C:\Users\ASUS\Desktop\Ders\blg521\data\27.04\2017\K2\1X\27_04-2017_03_12-10_00-K2-1X.jpeg,BLURRED,Very blurry (Laplacian variance: 15.97),2288,1712,113.12,16.60,15.97
27.04\2017\K2\1X,27_04-2017_03_14-10_00-K2-1X.jpeg,C:\Users\ASUS\Desktop\Ders\blg521\data\27.04\2017\K2\1X\27_04-2017_03_14-10_00-K2-1X.jpeg,BLURRED,Very blurry (Laplacian variance: 15.29),2288,1712,87.43,17.09,15.29
27.04\2017\K2\1X,27_04-2017_03_18-10_00-K2-1X.jpeg,C:\Users\ASUS\Desktop\Ders\blg521\data\27.04\2017\K2\1X\27_04-2017_03_18-10_00-K2-1X.jpeg,BLURRED,Very blurry (Laplacian variance: 33.85),2288,1712,112.82,18.19,33.85
27.04\2017\K3\10X,27_04-2017_01_01-10_00-K3-10X.jpeg,C:\Users\ASUS\Desktop\Ders\blg521\data\27.04\2017\K3\10X\27_04-2017_01_01-10_00-K3-10X.jpeg,BLURRED,Very blurry (Laplacian variance: 14.85),2288,1712,111.22,10.29,14.85
27.04\2017\K3\1X,27_04-2017_01_01-10_00-K3-1X.jpeg,C:\Users\ASUS\Desktop\Ders\blg521\data\27.04\2017\K3\1X\27_04-2017_01_01-10_00-K3-1X.jpeg,BLURRED,Very blurry (Laplacian variance: 9.64),2288,1712,115.36,53.77,9.64
27.04\2017\K3\1X,27_04-2017_01_09-10_00-K3-1X.jpeg,C:\Users\ASUS\Desktop\Ders\blg521\data\27.04\2017\K3\1X\27_04-2017_01_09-10_00-K3-1X.jpeg,BLURRED,Very blurry (Laplacian variance: 32.07),2288,1712,106.34,25.17,32.07
27.04\2017\K3\1X,27_04-2017_01_10-10_00-K3-1X.jpeg,C:\Users\ASUS\Desktop\Ders\blg521\data\27.04\2017\K3\1X\27_04-2017_01_10-10_00-K3-1X.jpeg,BLURRED,Very blurry (Laplacian variance: 22.59),2288,1712,118.44,37.55,22.59
27.04\2017\K4\10X,27_04-2017_01_08-10_00-K4-10X.jpeg,C:\Users\ASUS\Desktop\Ders\blg521\data\27.04\2017\K4\10X\27_04-2017_01_08-10_00-K4-10X.jpeg,BLURRED,Very blurry (Laplacian variance: 9.37),2288,1712,104.02,9.86,9.37
27.04\2017\K4\10X,27_04-2017_01_28-10_00-K4-10X.jpeg,C:\Users\ASUS\Desktop\Ders\blg521\data\27.04\2017\K4\10X\27_04-2017_01_28-10_00-K4-10X.jpeg,BLURRED,Very blurry (Laplacian variance: 47.40),2288,1712,113.32,7.29,47.40
27.04\2017\K4\10X,27_04-2017_03_04-10_00-K4-10X.jpeg,C:\Users\ASUS\Desktop\Ders\blg521\data\27.04\2017\K4\10X\27_04-2017_03_04-10_00-K4-10X.jpeg,BLURRED,Very blurry (Laplacian variance: 12.83),2288,1712,112.11,7.06,12.83
27.04\2017\K4\10X,27_04-2017_03_11-10_00-K4-10X.jpeg,C:\Users\ASUS\Desktop\Ders\blg521\data\27.04\2017\K4\10X\27_04-2017_03_11-10_00-K4-10X.jpeg,BLURRED,Very blurry (Laplacian variance: 39.29),2288,1712,99.50,11.66,39.29
27.04\2017\K4\10X,27_04-2017_04_13-11_36-K4-10X.jpeg,C:\Users\ASUS\Desktop\Ders\blg521\data\27.04\2017\K4\10X\27_04-2017_04_13-11_36-K4-10X.jpeg,BLURRED,Very blurry (Laplacian variance: 22.71),2288,1712,101.12,13.21,22.71
27.04\2017\K4\1X,27_04-2017_01_01-10_00-K4-1X.jpeg,C:\Users\ASUS\Desktop\Ders\blg521\data\27.04\2017\K4\1X\27_04-2017_01_01-10_00-K4-1X.jpeg,BLURRED,Very blurry (Laplacian variance: 46.60),2288,1712,117.56,27.91,46.60
27.04\2017\K4\1X,27_04-2017_01_03-11_30-K4-1X.jpeg,C:\Users\ASUS\Desktop\Ders\blg521\data\27.04\2017\K4\1X\27_04-2017_01_03-11_30-K4-1X.jpeg,BLURRED,Very blurry (Laplacian variance: 46.70),2288,1712,114.93,22.64,46.70
27.04\2017\K4\1X,27_04-2017_01_04-10_00-K4-1X.jpeg,C:\Users\ASUS\Desktop\Ders\blg521\data\27.04\2017\K4\1X\27_04-2017_01_04-10_00-K4-1X.jpeg,BLURRED,Very blurry (Laplacian variance: 38.86),2288,1712,115.99,24.35,38.86
27.04\2017\K4\1X,27_04-2017_01_05-10_00-K4-1X.jpeg,C:\Users\ASUS\Desktop\Ders\blg521\data\27.04\2017\K4\1X\27_04-2017_01_05-10_00-K4-1X.jpeg,BLURRED,Very blurry (Laplacian variance: 42.92),2288,1712,106.29,22.03,42.92
27.04\2017\K4\1X,27_04-2017_01_08-10_00-K4-1X.jpeg,C:\Users\ASUS\Desktop\Ders\blg521\data\27.04\2017\K4\1X\27_04-2017_01_08-10_00-K4-1X.jpeg,BLURRED,Very blurry (Laplacian variance: 20.22),2288,1712,113.73,25.32,20.22
27.04\2017\K4\1X,27_04-2017_01_10-10_00-K4-1X.jpeg,C:\Users\ASUS\Desktop\Ders\blg521\data\27.04\2017\K4\1X\27_04-2017_01_10-10_00-K4-1X.jpeg,BLURRED,Very blurry (Laplacian variance: 31.64),2288,1712,115.87,21.27,31.64
27.04\2017\K4\1X,27_04-2017_01_28-10_00-K4-1X.jpeg,C:\Users\ASUS\Desktop\Ders\blg521\data\27.04\2017\K4\1X\27_04-2017_01_28-10_00-K4-1X.jpeg,BLURRED,Very blurry (Laplacian variance: 16.51),2288,1712,113.71,17.95,16.51
27.04\2017\K4\1X,27_04-2017_01_31-10_00-K4-1X.jpeg,C:\Users\ASUS\Desktop\Ders\blg521\data\27.04\2017\K4\1X\27_04-2017_01_31-10_00-K4-1X.jpeg,BLURRED,Very blurry (Laplacian variance: 24.42),2288,1712,114.27,15.57,24.42
27.04\2017\K4\1X,27_04-2017_03_04-10_00-K4-1X.jpeg,C:\Users\ASUS\Desktop\Ders\blg521\data\27.04\2017\K4\1X\27_04-2017_03_04-10_00-K4-1X.jpeg,BLURRED,Very blurry (Laplacian variance: 8.46),2288,1712,111.67,15.41,8.46
27.04\2017\K4\1X,27_04-2017_03_11-10_00-K4-1X.jpeg,C:\Users\ASUS\Desktop\Ders\blg521\data\27.04\2017\K4\1X\27_04-2017_03_11-10_00-K4-1X.jpeg,BLURRED,Very blurry (Laplacian variance: 48.97),2288,1712,110.89,22.84,48.97
27.04\2017\K4\1X,27_04-2017_03_13-10_00-K4-1X.jpeg,C:\Users\ASUS\Desktop\Ders\blg521\data\27.04\2017\K4\1X\27_04-2017_03_13-10_00-K4-1X.jpeg,BLURRED,Very blurry (Laplacian variance: 36.52),2288,1712,107.86,13.84,36.52
27.05\2013\K1\10X,27_05-2013_12_11-10_08-K1-10X.jpeg,C:\Users\ASUS\Desktop\Ders\blg521\data\27.05\2013\K1\10X\27_05-2013_12_11-10_08-K1-10X.jpeg,BLURRED,Very blurry (Laplacian variance: 12.38),2288,1712,112.96,8.54,12.38
27.05\2013\K2\10X,27_05-2013_05_21-10_10-K2-10X.jpeg,C:\Users\ASUS\Desktop\Ders\blg521\data\27.05\2013\K2\10X\27_05-2013_05_21-10_10-K2-10X.jpeg,TRUNCATED,JPEG missing standard EOI marker \xFF\xD9,0,0,0.00,0.00,0.00
27.05\2013\K2\10X,27_05-2013_05_24-09_54-K2-10X.jpeg,C:\Users\ASUS\Desktop\Ders\blg521\data\27.05\2013\K2\10X\27_05-2013_05_24-09_54-K2-10X.jpeg,TRUNCATED,JPEG missing standard EOI marker \xFF\xD9,0,0,0.00,0.00,0.00
27.05\2013\K2\10X,27_05-2013_05_26-10_10-K2-10X.jpeg,C:\Users\ASUS\Desktop\Ders\blg521\data\27.05\2013\K2\10X\27_05-2013_05_26-10_10-K2-10X.jpeg,TRUNCATED,JPEG missing standard EOI marker \xFF\xD9,0,0,0.00,0.00,0.00
27.05\2013\K2\10X,27_05-2013_05_28-10_12-K2-10X.jpeg,C:\Users\ASUS\Desktop\Ders\blg521\data\27.05\2013\K2\10X\27_05-2013_05_28-10_12-K2-10X.jpeg,TRUNCATED,JPEG missing standard EOI marker \xFF\xD9,0,0,0.00,0.00,0.00
27.05\2013\K2\10X,27_05-2013_05_30-10_13-K2-10X.jpeg,C:\Users\ASUS\Desktop\Ders\blg521\data\27.05\2013\K2\10X\27_05-2013_05_30-10_13-K2-10X.jpeg,TRUNCATED,JPEG missing standard EOI marker \xFF\xD9,0,0,0.00,0.00,0.00
27.05\2013\K2\10X,27_05-2013_05_31-11_40-K2-10X.jpeg,C:\Users\ASUS\Desktop\Ders\blg521\data\27.05\2013\K2\10X\27_05-2013_05_31-11_40-K2-10X.jpeg,TRUNCATED,JPEG missing standard EOI marker \xFF\xD9,0,0,0.00,0.00,0.00
27.05\2013\K2\10X,27_05-2013_06_01-09_51-K2-10X.jpeg,C:\Users\ASUS\Desktop\Ders\blg521\data\27.05\2013\K2\10X\27_05-2013_06_01-09_51-K2-10X.jpeg,TRUNCATED,JPEG missing standard EOI marker \xFF\xD9,0,0,0.00,0.00,0.00
27.05\2013\K2\10X,27_05-2013_06_03-09_48-K2-10X.jpeg,C:\Users\ASUS\Desktop\Ders\blg521\data\27.05\2013\K2\10X\27_05-2013_06_03-09_48-K2-10X.jpeg,TRUNCATED,JPEG missing standard EOI marker \xFF\xD9,0,0,0.00,0.00,0.00
27.05\2013\K2\10X,27_05-2013_06_06-10_11-K2-10X.jpeg,C:\Users\ASUS\Desktop\Ders\blg521\data\27.05\2013\K2\10X\27_05-2013_06_06-10_11-K2-10X.jpeg,TRUNCATED,JPEG missing standard EOI marker \xFF\xD9,0,0,0.00,0.00,0.00
27.05\2013\K2\10X,27_05-2013_06_07-10_00-K2-10X.jpeg,C:\Users\ASUS\Desktop\Ders\blg521\data\27.05\2013\K2\10X\27_05-2013_06_07-10_00-K2-10X.jpeg,TRUNCATED,JPEG missing standard EOI marker \xFF\xD9,0,0,0.00,0.00,0.00
27.05\2013\K2\10X,27_05-2013_06_08-10_15-K2-10X.jpeg,C:\Users\ASUS\Desktop\Ders\blg521\data\27.05\2013\K2\10X\27_05-2013_06_08-10_15-K2-10X.jpeg,TRUNCATED,JPEG missing standard EOI marker \xFF\xD9,0,0,0.00,0.00,0.00
27.05\2013\K2\10X,27_05-2013_06_12-10_13-K2-10X.jpeg,C:\Users\ASUS\Desktop\Ders\blg521\data\27.05\2013\K2\10X\27_05-2013_06_12-10_13-K2-10X.jpeg,TRUNCATED,JPEG missing standard EOI marker \xFF\xD9,0,0,0.00,0.00,0.00
27.05\2013\K2\10X,27_05-2013_06_14-09_46-K2-10X.jpeg,C:\Users\ASUS\Desktop\Ders\blg521\data\27.05\2013\K2\10X\27_05-2013_06_14-09_46-K2-10X.jpeg,TRUNCATED,JPEG missing standard EOI marker \xFF\xD9,0,0,0.00,0.00,0.00
27.05\2013\K2\10X,27_05-2013_06_15-10_07-K2-10X.jpeg,C:\Users\ASUS\Desktop\Ders\blg521\data\27.05\2013\K2\10X\27_05-2013_06_15-10_07-K2-10X.jpeg,TRUNCATED,JPEG missing standard EOI marker \xFF\xD9,0,0,0.00,0.00,0.00
27.05\2013\K2\10X,27_05-2013_06_17-10_14-K2-10X.jpeg,C:\Users\ASUS\Desktop\Ders\blg521\data\27.05\2013\K2\10X\27_05-2013_06_17-10_14-K2-10X.jpeg,TRUNCATED,JPEG missing standard EOI marker \xFF\xD9,0,0,0.00,0.00,0.00
27.05\2013\K2\10X,27_05-2013_06_19-09_46-K2-10X.jpeg,C:\Users\ASUS\Desktop\Ders\blg521\data\27.05\2013\K2\10X\27_05-2013_06_19-09_46-K2-10X.jpeg,TRUNCATED,JPEG missing standard EOI marker \xFF\xD9,0,0,0.00,0.00,0.00
27.05\2013\K2\10X,27_05-2013_06_21-09_54-K2-10X.jpeg,C:\Users\ASUS\Desktop\Ders\blg521\data\27.05\2013\K2\10X\27_05-2013_06_21-09_54-K2-10X.jpeg,TRUNCATED,JPEG missing standard EOI marker \xFF\xD9,0,0,0.00,0.00,0.00
27.05\2013\K2\10X,27_05-2013_06_24-10_01-K2-10X.jpeg,C:\Users\ASUS\Desktop\Ders\blg521\data\27.05\2013\K2\10X\27_05-2013_06_24-10_01-K2-10X.jpeg,TRUNCATED,JPEG missing standard EOI marker \xFF\xD9,0,0,0.00,0.00,0.00
27.05\2013\K2\10X,27_05-2013_06_25-09_47-K2-10X.jpeg,C:\Users\ASUS\Desktop\Ders\blg521\data\27.05\2013\K2\10X\27_05-2013_06_25-09_47-K2-10X.jpeg,TRUNCATED,JPEG missing standard EOI marker \xFF\xD9,0,0,0.00,0.00,0.00
27.05\2013\K2\10X,27_05-2013_06_27-09_50-K2-10X.jpeg,C:\Users\ASUS\Desktop\Ders\blg521\data\27.05\2013\K2\10X\27_05-2013_06_27-09_50-K2-10X.jpeg,TRUNCATED,JPEG missing standard EOI marker \xFF\xD9,0,0,0.00,0.00,0.00
27.05\2013\K2\10X,27_05-2013_06_28-10_11-K2-10X.jpeg,C:\Users\ASUS\Desktop\Ders\blg521\data\27.05\2013\K2\10X\27_05-2013_06_28-10_11-K2-10X.jpeg,TRUNCATED,JPEG missing standard EOI marker \xFF\xD9,0,0,0.00,0.00,0.00
27.05\2013\K2\10X,27_05-2013_06_29-10_00-K2-10X.jpeg,C:\Users\ASUS\Desktop\Ders\blg521\data\27.05\2013\K2\10X\27_05-2013_06_29-10_00-K2-10X.jpeg,TRUNCATED,JPEG missing standard EOI marker \xFF\xD9,0,0,0.00,0.00,0.00
27.05\2013\K2\10X,27_05-2013_06_30-10_14-K2-10X.jpeg,C:\Users\ASUS\Desktop\Ders\blg521\data\27.05\2013\K2\10X\27_05-2013_06_30-10_14-K2-10X.jpeg,TRUNCATED,JPEG missing standard EOI marker \xFF\xD9,0,0,0.00,0.00,0.00
27.05\2013\K2\10X,27_05-2013_07_01-09_57-K2-10X.jpeg,C:\Users\ASUS\Desktop\Ders\blg521\data\27.05\2013\K2\10X\27_05-2013_07_01-09_57-K2-10X.jpeg,TRUNCATED,JPEG missing standard EOI marker \xFF\xD9,0,0,0.00,0.00,0.00
27.05\2013\K2\10X,27_05-2013_07_02-10_12-K2-10X.jpeg,C:\Users\ASUS\Desktop\Ders\blg521\data\27.05\2013\K2\10X\27_05-2013_07_02-10_12-K2-10X.jpeg,TRUNCATED,JPEG missing standard EOI marker \xFF\xD9,0,0,0.00,0.00,0.00
27.05\2013\K2\10X,27_05-2013_07_05-09_59-K2-10X.jpeg,C:\Users\ASUS\Desktop\Ders\blg521\data\27.05\2013\K2\10X\27_05-2013_07_05-09_59-K2-10X.jpeg,TRUNCATED,JPEG missing standard EOI marker \xFF\xD9,0,0,0.00,0.00,0.00
27.05\2013\K2\10X,27_05-2013_07_13-09_51-K2-10X.jpeg,C:\Users\ASUS\Desktop\Ders\blg521\data\27.05\2013\K2\10X\27_05-2013_07_13-09_51-K2-10X.jpeg,TRUNCATED,JPEG missing standard EOI marker \xFF\xD9,0,0,0.00,0.00,0.00
27.05\2013\K2\10X,27_05-2013_07_14-09_59-K2-10X.jpeg,C:\Users\ASUS\Desktop\Ders\blg521\data\27.05\2013\K2\10X\27_05-2013_07_14-09_59-K2-10X.jpeg,TRUNCATED,JPEG missing standard EOI marker \xFF\xD9,0,0,0.00,0.00,0.00
27.05\2013\K2\10X,27_05-2013_07_15-09_50-K2-10X.jpeg,C:\Users\ASUS\Desktop\Ders\blg521\data\27.05\2013\K2\10X\27_05-2013_07_15-09_50-K2-10X.jpeg,TRUNCATED,JPEG missing standard EOI marker \xFF\xD9,0,0,0.00,0.00,0.00
27.05\2013\K2\10X,27_05-2013_07_19-10_05-K2-10X.jpeg,C:\Users\ASUS\Desktop\Ders\blg521\data\27.05\2013\K2\10X\27_05-2013_07_19-10_05-K2-10X.jpeg,TRUNCATED,JPEG missing standard EOI marker \xFF\xD9,0,0,0.00,0.00,0.00
27.05\2013\K2\10X,27_05-2013_07_20-10_01-K2-10X.jpeg,C:\Users\ASUS\Desktop\Ders\blg521\data\27.05\2013\K2\10X\27_05-2013_07_20-10_01-K2-10X.jpeg,TRUNCATED,JPEG missing standard EOI marker \xFF\xD9,0,0,0.00,0.00,0.00
27.05\2013\K2\10X,27_05-2013_07_21-09_58-K2-10X.jpeg,C:\Users\ASUS\Desktop\Ders\blg521\data\27.05\2013\K2\10X\27_05-2013_07_21-09_58-K2-10X.jpeg,TRUNCATED,JPEG missing standard EOI marker \xFF\xD9,0,0,0.00,0.00,0.00
27.05\2013\K2\10X,27_05-2013_07_23-10_13-K2-10X.jpeg,C:\Users\ASUS\Desktop\Ders\blg521\data\27.05\2013\K2\10X\27_05-2013_07_23-10_13-K2-10X.jpeg,TRUNCATED,JPEG missing standard EOI marker \xFF\xD9,0,0,0.00,0.00,0.00
27.05\2013\K2\10X,27_05-2013_07_26-10_16-K2-10X.jpeg,C:\Users\ASUS\Desktop\Ders\blg521\data\27.05\2013\K2\10X\27_05-2013_07_26-10_16-K2-10X.jpeg,TRUNCATED,JPEG missing standard EOI marker \xFF\xD9,0,0,0.00,0.00,0.00
27.05\2013\K2\10X,27_05-2013_07_29-09_49-K2-10X.jpeg,C:\Users\ASUS\Desktop\Ders\blg521\data\27.05\2013\K2\10X\27_05-2013_07_29-09_49-K2-10X.jpeg,TRUNCATED,JPEG missing standard EOI marker \xFF\xD9,0,0,0.00,0.00,0.00
27.05\2013\K2\10X,27_05-2013_07_31-09_48-K2-10X.jpeg,C:\Users\ASUS\Desktop\Ders\blg521\data\27.05\2013\K2\10X\27_05-2013_07_31-09_48-K2-10X.jpeg,TRUNCATED,JPEG missing standard EOI marker \xFF\xD9,0,0,0.00,0.00,0.00
27.05\2013\K2\10X,27_05-2013_08_01-09_44-K2-10X.jpeg,C:\Users\ASUS\Desktop\Ders\blg521\data\27.05\2013\K2\10X\27_05-2013_08_01-09_44-K2-10X.jpeg,TRUNCATED,JPEG missing standard EOI marker \xFF\xD9,0,0,0.00,0.00,0.00
27.05\2013\K2\10X,27_05-2013_08_07-10_12-K2-10X.jpeg,C:\Users\ASUS\Desktop\Ders\blg521\data\27.05\2013\K2\10X\27_05-2013_08_07-10_12-K2-10X.jpeg,TRUNCATED,JPEG missing standard EOI marker \xFF\xD9,0,0,0.00,0.00,0.00
27.05\2013\K2\10X,27_05-2013_08_08-09_54-K2-10X.jpeg,C:\Users\ASUS\Desktop\Ders\blg521\data\27.05\2013\K2\10X\27_05-2013_08_08-09_54-K2-10X.jpeg,TRUNCATED,JPEG missing standard EOI marker \xFF\xD9,0,0,0.00,0.00,0.00
27.05\2013\K2\10X,27_05-2013_08_10-10_15-K2-10X.jpeg,C:\Users\ASUS\Desktop\Ders\blg521\data\27.05\2013\K2\10X\27_05-2013_08_10-10_15-K2-10X.jpeg,TRUNCATED,JPEG missing standard EOI marker \xFF\xD9,0,0,0.00,0.00,0.00
27.05\2013\K2\10X,27_05-2013_08_13-10_00-K2-10X.jpeg,C:\Users\ASUS\Desktop\Ders\blg521\data\27.05\2013\K2\10X\27_05-2013_08_13-10_00-K2-10X.jpeg,TRUNCATED,JPEG missing standard EOI marker \xFF\xD9,0,0,0.00,0.00,0.00
27.05\2013\K2\10X,27_05-2013_08_16-10_14-K2-10X.jpeg,C:\Users\ASUS\Desktop\Ders\blg521\data\27.05\2013\K2\10X\27_05-2013_08_16-10_14-K2-10X.jpeg,TRUNCATED,JPEG missing standard EOI marker \xFF\xD9,0,0,0.00,0.00,0.00
27.05\2013\K2\10X,27_05-2013_08_17-10_16-K2-10X.jpeg,C:\Users\ASUS\Desktop\Ders\blg521\data\27.05\2013\K2\10X\27_05-2013_08_17-10_16-K2-10X.jpeg,TRUNCATED,JPEG missing standard EOI marker \xFF\xD9,0,0,0.00,0.00,0.00
27.05\2013\K2\10X,27_05-2013_08_18-09_43-K2-10X.jpeg,C:\Users\ASUS\Desktop\Ders\blg521\data\27.05\2013\K2\10X\27_05-2013_08_18-09_43-K2-10X.jpeg,TRUNCATED,JPEG missing standard EOI marker \xFF\xD9,0,0,0.00,0.00,0.00
27.05\2013\K2\10X,27_05-2013_08_21-09_48-K2-10X.jpeg,C:\Users\ASUS\Desktop\Ders\blg521\data\27.05\2013\K2\10X\27_05-2013_08_21-09_48-K2-10X.jpeg,TRUNCATED,JPEG missing standard EOI marker \xFF\xD9,0,0,0.00,0.00,0.00
27.05\2013\K2\10X,27_05-2013_08_22-09_48-K2-10X.jpeg,C:\Users\ASUS\Desktop\Ders\blg521\data\27.05\2013\K2\10X\27_05-2013_08_22-09_48-K2-10X.jpeg,TRUNCATED,JPEG missing standard EOI marker \xFF\xD9,0,0,0.00,0.00,0.00
27.05\2013\K2\10X,27_05-2013_08_23-09_48-K2-10X.jpeg,C:\Users\ASUS\Desktop\Ders\blg521\data\27.05\2013\K2\10X\27_05-2013_08_23-09_48-K2-10X.jpeg,TRUNCATED,JPEG missing standard EOI marker \xFF\xD9,0,0,0.00,0.00,0.00
27.05\2013\K2\10X,27_05-2013_08_24-09_49-K2-10X.jpeg,C:\Users\ASUS\Desktop\Ders\blg521\data\27.05\2013\K2\10X\27_05-2013_08_24-09_49-K2-10X.jpeg,TRUNCATED,JPEG missing standard EOI marker \xFF\xD9,0,0,0.00,0.00,0.00
27.05\2013\K2\10X,27_05-2013_08_26-10_07-K2-10X.jpeg,C:\Users\ASUS\Desktop\Ders\blg521\data\27.05\2013\K2\10X\27_05-2013_08_26-10_07-K2-10X.jpeg,TRUNCATED,JPEG missing standard EOI marker \xFF\xD9,0,0,0.00,0.00,0.00
27.05\2013\K2\10X,27_05-2013_08_27-09_52-K2-10X.jpeg,C:\Users\ASUS\Desktop\Ders\blg521\data\27.05\2013\K2\10X\27_05-2013_08_27-09_52-K2-10X.jpeg,TRUNCATED,JPEG missing standard EOI marker \xFF\xD9,0,0,0.00,0.00,0.00
27.05\2013\K2\10X,27_05-2013_10_03-09_51-K2-10X.jpeg,C:\Users\ASUS\Desktop\Ders\blg521\data\27.05\2013\K2\10X\27_05-2013_10_03-09_51-K2-10X.jpeg,TRUNCATED,JPEG missing standard EOI marker \xFF\xD9,0,0,0.00,0.00,0.00
27.05\2013\K2\10X,27_05-2013_10_04-10_09-K2-10X.jpeg,C:\Users\ASUS\Desktop\Ders\blg521\data\27.05\2013\K2\10X\27_05-2013_10_04-10_09-K2-10X.jpeg,TRUNCATED,JPEG missing standard EOI marker \xFF\xD9,0,0,0.00,0.00,0.00
27.05\2013\K2\10X,27_05-2013_10_05-09_58-K2-10X.jpeg,C:\Users\ASUS\Desktop\Ders\blg521\data\27.05\2013\K2\10X\27_05-2013_10_05-09_58-K2-10X.jpeg,TRUNCATED,JPEG missing standard EOI marker \xFF\xD9,0,0,0.00,0.00,0.00
27.05\2013\K2\10X,27_05-2013_10_06-10_11-K2-10X.jpeg,C:\Users\ASUS\Desktop\Ders\blg521\data\27.05\2013\K2\10X\27_05-2013_10_06-10_11-K2-10X.jpeg,TRUNCATED,JPEG missing standard EOI marker \xFF\xD9,0,0,0.00,0.00,0.00
27.05\2013\K2\10X,27_05-2013_10_07-09_46-K2-10X.jpeg,C:\Users\ASUS\Desktop\Ders\blg521\data\27.05\2013\K2\10X\27_05-2013_10_07-09_46-K2-10X.jpeg,TRUNCATED,JPEG missing standard EOI marker \xFF\xD9,0,0,0.00,0.00,0.00
27.05\2013\K2\10X,27_05-2013_10_08-09_47-K2-10X.jpeg,C:\Users\ASUS\Desktop\Ders\blg521\data\27.05\2013\K2\10X\27_05-2013_10_08-09_47-K2-10X.jpeg,TRUNCATED,JPEG missing standard EOI marker \xFF\xD9,0,0,0.00,0.00,0.00
27.05\2013\K2\10X,27_05-2013_10_12-10_13-K2-10X.jpeg,C:\Users\ASUS\Desktop\Ders\blg521\data\27.05\2013\K2\10X\27_05-2013_10_12-10_13-K2-10X.jpeg,TRUNCATED,JPEG missing standard EOI marker \xFF\xD9,0,0,0.00,0.00,0.00
27.05\2013\K2\10X,27_05-2013_10_13-09_48-K2-10X.jpeg,C:\Users\ASUS\Desktop\Ders\blg521\data\27.05\2013\K2\10X\27_05-2013_10_13-09_48-K2-10X.jpeg,TRUNCATED,JPEG missing standard EOI marker \xFF\xD9,0,0,0.00,0.00,0.00
27.05\2013\K2\10X,27_05-2013_10_22-10_15-K2-10X.jpeg,C:\Users\ASUS\Desktop\Ders\blg521\data\27.05\2013\K2\10X\27_05-2013_10_22-10_15-K2-10X.jpeg,TRUNCATED,JPEG missing standard EOI marker \xFF\xD9,0,0,0.00,0.00,0.00
27.05\2013\K2\10X,27_05-2013_10_23-09_55-K2-10X.jpeg,C:\Users\ASUS\Desktop\Ders\blg521\data\27.05\2013\K2\10X\27_05-2013_10_23-09_55-K2-10X.jpeg,TRUNCATED,JPEG missing standard EOI marker \xFF\xD9,0,0,0.00,0.00,0.00
27.05\2013\K2\10X,27_05-2013_10_24-10_06-K2-10X.jpeg,C:\Users\ASUS\Desktop\Ders\blg521\data\27.05\2013\K2\10X\27_05-2013_10_24-10_06-K2-10X.jpeg,TRUNCATED,JPEG missing standard EOI marker \xFF\xD9,0,0,0.00,0.00,0.00
27.05\2013\K2\10X,27_05-2013_10_26-09_57-K2-10X.jpeg,C:\Users\ASUS\Desktop\Ders\blg521\data\27.05\2013\K2\10X\27_05-2013_10_26-09_57-K2-10X.jpeg,TRUNCATED,JPEG missing standard EOI marker \xFF\xD9,0,0,0.00,0.00,0.00
27.05\2013\K2\10X,27_05-2013_10_27-10_11-K2-10X.jpeg,C:\Users\ASUS\Desktop\Ders\blg521\data\27.05\2013\K2\10X\27_05-2013_10_27-10_11-K2-10X.jpeg,TRUNCATED,JPEG missing standard EOI marker \xFF\xD9,0,0,0.00,0.00,0.00
27.05\2013\K2\10X,27_05-2013_10_29-10_01-K2-10X.jpeg,C:\Users\ASUS\Desktop\Ders\blg521\data\27.05\2013\K2\10X\27_05-2013_10_29-10_01-K2-10X.jpeg,TRUNCATED,JPEG missing standard EOI marker \xFF\xD9,0,0,0.00,0.00,0.00
27.05\2013\K2\10X,27_05-2013_10_30-10_14-K2-10X.jpeg,C:\Users\ASUS\Desktop\Ders\blg521\data\27.05\2013\K2\10X\27_05-2013_10_30-10_14-K2-10X.jpeg,TRUNCATED,JPEG missing standard EOI marker \xFF\xD9,0,0,0.00,0.00,0.00
27.05\2013\K2\10X,27_05-2013_10_31-09_48-K2-10X.jpeg,C:\Users\ASUS\Desktop\Ders\blg521\data\27.05\2013\K2\10X\27_05-2013_10_31-09_48-K2-10X.jpeg,TRUNCATED,JPEG missing standard EOI marker \xFF\xD9,0,0,0.00,0.00,0.00
27.05\2013\K2\10X,27_05-2013_11_01-09_52-K2-10X.jpeg,C:\Users\ASUS\Desktop\Ders\blg521\data\27.05\2013\K2\10X\27_05-2013_11_01-09_52-K2-10X.jpeg,TRUNCATED,JPEG missing standard EOI marker \xFF\xD9,0,0,0.00,0.00,0.00
27.05\2013\K2\10X,27_05-2013_11_03-09_50-K2-10X.jpeg,C:\Users\ASUS\Desktop\Ders\blg521\data\27.05\2013\K2\10X\27_05-2013_11_03-09_50-K2-10X.jpeg,TRUNCATED,JPEG missing standard EOI marker \xFF\xD9,0,0,0.00,0.00,0.00
27.05\2013\K2\10X,27_05-2013_11_04-10_00-K2-10X.jpeg,C:\Users\ASUS\Desktop\Ders\blg521\data\27.05\2013\K2\10X\27_05-2013_11_04-10_00-K2-10X.jpeg,TRUNCATED,JPEG missing standard EOI marker \xFF\xD9,0,0,0.00,0.00,0.00
27.05\2013\K2\10X,27_05-2013_11_10-09_53-K2-10X.jpeg,C:\Users\ASUS\Desktop\Ders\blg521\data\27.05\2013\K2\10X\27_05-2013_11_10-09_53-K2-10X.jpeg,TRUNCATED,JPEG missing standard EOI marker \xFF\xD9,0,0,0.00,0.00,0.00
27.05\2013\K2\10X,27_05-2013_11_16-10_12-K2-10X.jpeg,C:\Users\ASUS\Desktop\Ders\blg521\data\27.05\2013\K2\10X\27_05-2013_11_16-10_12-K2-10X.jpeg,TRUNCATED,JPEG missing standard EOI marker \xFF\xD9,0,0,0.00,0.00,0.00
27.05\2013\K2\10X,27_05-2013_11_19-09_51-K2-10X.jpeg,C:\Users\ASUS\Desktop\Ders\blg521\data\27.05\2013\K2\10X\27_05-2013_11_19-09_51-K2-10X.jpeg,TRUNCATED,JPEG missing standard EOI marker \xFF\xD9,0,0,0.00,0.00,0.00
27.05\2013\K2\10X,27_05-2013_11_20-09_55-K2-10X.jpeg,C:\Users\ASUS\Desktop\Ders\blg521\data\27.05\2013\K2\10X\27_05-2013_11_20-09_55-K2-10X.jpeg,TRUNCATED,JPEG missing standard EOI marker \xFF\xD9,0,0,0.00,0.00,0.00
27.05\2013\K2\10X,27_05-2013_11_22-10_05-K2-10X.jpeg,C:\Users\ASUS\Desktop\Ders\blg521\data\27.05\2013\K2\10X\27_05-2013_11_22-10_05-K2-10X.jpeg,TRUNCATED,JPEG missing standard EOI marker \xFF\xD9,0,0,0.00,0.00,0.00
27.05\2013\K2\10X,27_05-2013_11_23-10_01-K2-10X.jpeg,C:\Users\ASUS\Desktop\Ders\blg521\data\27.05\2013\K2\10X\27_05-2013_11_23-10_01-K2-10X.jpeg,TRUNCATED,JPEG missing standard EOI marker \xFF\xD9,0,0,0.00,0.00,0.00
27.05\2013\K2\10X,27_05-2013_11_29-10_08-K2-10X.jpeg,C:\Users\ASUS\Desktop\Ders\blg521\data\27.05\2013\K2\10X\27_05-2013_11_29-10_08-K2-10X.jpeg,TRUNCATED,JPEG missing standard EOI marker \xFF\xD9,0,0,0.00,0.00,0.00
27.05\2013\K2\10X,27_05-2013_12_01-10_05-K2-10X.jpeg,C:\Users\ASUS\Desktop\Ders\blg521\data\27.05\2013\K2\10X\27_05-2013_12_01-10_05-K2-10X.jpeg,TRUNCATED,JPEG missing standard EOI marker \xFF\xD9,0,0,0.00,0.00,0.00
27.05\2013\K2\10X,27_05-2013_12_10-09_45-K2-10X.jpeg,C:\Users\ASUS\Desktop\Ders\blg521\data\27.05\2013\K2\10X\27_05-2013_12_10-09_45-K2-10X.jpeg,TRUNCATED,JPEG missing standard EOI marker \xFF\xD9,0,0,0.00,0.00,0.00
27.05\2013\K2\10X,27_05-2013_12_11-10_09-K2-10X.jpeg,C:\Users\ASUS\Desktop\Ders\blg521\data\27.05\2013\K2\10X\27_05-2013_12_11-10_09-K2-10X.jpeg,BLURRED,Very blurry (Laplacian variance: 9.50),2288,1712,112.13,7.13,9.50
27.05\2013\K2\10X,27_05-2013_12_22-09_59-K2-10X.jpeg,C:\Users\ASUS\Desktop\Ders\blg521\data\27.05\2013\K2\10X\27_05-2013_12_22-09_59-K2-10X.jpeg,TRUNCATED,JPEG missing standard EOI marker \xFF\xD9,0,0,0.00,0.00,0.00
27.05\2013\K2\1X,27_05-2013_05_21-10_11-K2-1X.jpeg,C:\Users\ASUS\Desktop\Ders\blg521\data\27.05\2013\K2\1X\27_05-2013_05_21-10_11-K2-1X.jpeg,TRUNCATED,JPEG missing standard EOI marker \xFF\xD9,0,0,0.00,0.00,0.00
27.05\2013\K2\1X,27_05-2013_05_22-09_53-K2-1X.jpeg,C:\Users\ASUS\Desktop\Ders\blg521\data\27.05\2013\K2\1X\27_05-2013_05_22-09_53-K2-1X.jpeg,TRUNCATED,JPEG missing standard EOI marker \xFF\xD9,0,0,0.00,0.00,0.00
27.05\2013\K2\1X,27_05-2013_05_25-09_52-K2-1X.jpeg,C:\Users\ASUS\Desktop\Ders\blg521\data\27.05\2013\K2\1X\27_05-2013_05_25-09_52-K2-1X.jpeg,TRUNCATED,JPEG missing standard EOI marker \xFF\xD9,0,0,0.00,0.00,0.00
27.05\2013\K2\1X,27_05-2013_05_28-10_13-K2-1X.jpeg,C:\Users\ASUS\Desktop\Ders\blg521\data\27.05\2013\K2\1X\27_05-2013_05_28-10_13-K2-1X.jpeg,TRUNCATED,JPEG missing standard EOI marker \xFF\xD9,0,0,0.00,0.00,0.00
27.05\2013\K2\1X,27_05-2013_05_29-10_01-K2-1X.jpeg,C:\Users\ASUS\Desktop\Ders\blg521\data\27.05\2013\K2\1X\27_05-2013_05_29-10_01-K2-1X.jpeg,TRUNCATED,JPEG missing standard EOI marker \xFF\xD9,0,0,0.00,0.00,0.00
27.05\2013\K2\1X,27_05-2013_06_01-09_52-K2-1X.jpeg,C:\Users\ASUS\Desktop\Ders\blg521\data\27.05\2013\K2\1X\27_05-2013_06_01-09_52-K2-1X.jpeg,TRUNCATED,JPEG missing standard EOI marker \xFF\xD9,0,0,0.00,0.00,0.00
27.05\2013\K2\1X,27_05-2013_06_02-10_06-K2-1X.jpeg,C:\Users\ASUS\Desktop\Ders\blg521\data\27.05\2013\K2\1X\27_05-2013_06_02-10_06-K2-1X.jpeg,TRUNCATED,JPEG missing standard EOI marker \xFF\xD9,0,0,0.00,0.00,0.00
27.05\2013\K2\1X,27_05-2013_06_03-09_49-K2-1X.jpeg,C:\Users\ASUS\Desktop\Ders\blg521\data\27.05\2013\K2\1X\27_05-2013_06_03-09_49-K2-1X.jpeg,TRUNCATED,JPEG missing standard EOI marker \xFF\xD9,0,0,0.00,0.00,0.00
27.05\2013\K2\1X,27_05-2013_06_05-09_53-K2-1X.jpeg,C:\Users\ASUS\Desktop\Ders\blg521\data\27.05\2013\K2\1X\27_05-2013_06_05-09_53-K2-1X.jpeg,TRUNCATED,JPEG missing standard EOI marker \xFF\xD9,0,0,0.00,0.00,0.00
27.05\2013\K2\1X,27_05-2013_06_07-10_01-K2-1X.jpeg,C:\Users\ASUS\Desktop\Ders\blg521\data\27.05\2013\K2\1X\27_05-2013_06_07-10_01-K2-1X.jpeg,TRUNCATED,JPEG missing standard EOI marker \xFF\xD9,0,0,0.00,0.00,0.00
27.05\2013\K2\1X,27_05-2013_06_08-10_15-K2-1X.jpeg,C:\Users\ASUS\Desktop\Ders\blg521\data\27.05\2013\K2\1X\27_05-2013_06_08-10_15-K2-1X.jpeg,TRUNCATED,JPEG missing standard EOI marker \xFF\xD9,0,0,0.00,0.00,0.00
27.05\2013\K2\1X,27_05-2013_06_09-09_57-K2-1X.jpeg,C:\Users\ASUS\Desktop\Ders\blg521\data\27.05\2013\K2\1X\27_05-2013_06_09-09_57-K2-1X.jpeg,TRUNCATED,JPEG missing standard EOI marker \xFF\xD9,0,0,0.00,0.00,0.00
27.05\2013\K2\1X,27_05-2013_06_12-10_14-K2-1X.jpeg,C:\Users\ASUS\Desktop\Ders\blg521\data\27.05\2013\K2\1X\27_05-2013_06_12-10_14-K2-1X.jpeg,TRUNCATED,JPEG missing standard EOI marker \xFF\xD9,0,0,0.00,0.00,0.00
27.05\2013\K2\1X,27_05-2013_06_13-10_03-K2-1X.jpeg,C:\Users\ASUS\Desktop\Ders\blg521\data\27.05\2013\K2\1X\27_05-2013_06_13-10_03-K2-1X.jpeg,TRUNCATED,JPEG missing standard EOI marker \xFF\xD9,0,0,0.00,0.00,0.00
27.05\2013\K2\1X,27_05-2013_06_14-09_47-K2-1X.jpeg,C:\Users\ASUS\Desktop\Ders\blg521\data\27.05\2013\K2\1X\27_05-2013_06_14-09_47-K2-1X.jpeg,TRUNCATED,JPEG missing standard EOI marker \xFF\xD9,0,0,0.00,0.00,0.00
27.05\2013\K2\1X,27_05-2013_06_15-10_07-K2-1X.jpeg,C:\Users\ASUS\Desktop\Ders\blg521\data\27.05\2013\K2\1X\27_05-2013_06_15-10_07-K2-1X.jpeg,TRUNCATED,JPEG missing standard EOI marker \xFF\xD9,0,0,0.00,0.00,0.00
27.05\2013\K2\1X,27_05-2013_06_16-10_00-K2-1X.jpeg,C:\Users\ASUS\Desktop\Ders\blg521\data\27.05\2013\K2\1X\27_05-2013_06_16-10_00-K2-1X.jpeg,TRUNCATED,JPEG missing standard EOI marker \xFF\xD9,0,0,0.00,0.00,0.00
27.05\2013\K2\1X,27_05-2013_06_18-10_04-K2-1X.jpeg,C:\Users\ASUS\Desktop\Ders\blg521\data\27.05\2013\K2\1X\27_05-2013_06_18-10_04-K2-1X.jpeg,TRUNCATED,JPEG missing standard EOI marker \xFF\xD9,0,0,0.00,0.00,0.00
27.05\2013\K2\1X,27_05-2013_06_19-09_47-K2-1X.jpeg,C:\Users\ASUS\Desktop\Ders\blg521\data\27.05\2013\K2\1X\27_05-2013_06_19-09_47-K2-1X.jpeg,TRUNCATED,JPEG missing standard EOI marker \xFF\xD9,0,0,0.00,0.00,0.00
27.05\2013\K2\1X,27_05-2013_06_21-09_55-K2-1X.jpeg,C:\Users\ASUS\Desktop\Ders\blg521\data\27.05\2013\K2\1X\27_05-2013_06_21-09_55-K2-1X.jpeg,TRUNCATED,JPEG missing standard EOI marker \xFF\xD9,0,0,0.00,0.00,0.00
27.05\2013\K2\1X,27_05-2013_06_22-10_08-K2-1X.jpeg,C:\Users\ASUS\Desktop\Ders\blg521\data\27.05\2013\K2\1X\27_05-2013_06_22-10_08-K2-1X.jpeg,TRUNCATED,JPEG missing standard EOI marker \xFF\xD9,0,0,0.00,0.00,0.00
27.05\2013\K2\1X,27_05-2013_06_26-10_08-K2-1X.jpeg,C:\Users\ASUS\Desktop\Ders\blg521\data\27.05\2013\K2\1X\27_05-2013_06_26-10_08-K2-1X.jpeg,TRUNCATED,JPEG missing standard EOI marker \xFF\xD9,0,0,0.00,0.00,0.00
27.05\2013\K2\1X,27_05-2013_06_27-09_51-K2-1X.jpeg,C:\Users\ASUS\Desktop\Ders\blg521\data\27.05\2013\K2\1X\27_05-2013_06_27-09_51-K2-1X.jpeg,TRUNCATED,JPEG missing standard EOI marker \xFF\xD9,0,0,0.00,0.00,0.00
27.05\2013\K2\1X,27_05-2013_06_28-10_11-K2-1X.jpeg,C:\Users\ASUS\Desktop\Ders\blg521\data\27.05\2013\K2\1X\27_05-2013_06_28-10_11-K2-1X.jpeg,TRUNCATED,JPEG missing standard EOI marker \xFF\xD9,0,0,0.00,0.00,0.00
27.05\2013\K2\1X,27_05-2013_06_29-10_01-K2-1X.jpeg,C:\Users\ASUS\Desktop\Ders\blg521\data\27.05\2013\K2\1X\27_05-2013_06_29-10_01-K2-1X.jpeg,TRUNCATED,JPEG missing standard EOI marker \xFF\xD9,0,0,0.00,0.00,0.00
27.05\2013\K2\1X,27_05-2013_07_01-09_58-K2-1X.jpeg,C:\Users\ASUS\Desktop\Ders\blg521\data\27.05\2013\K2\1X\27_05-2013_07_01-09_58-K2-1X.jpeg,TRUNCATED,JPEG missing standard EOI marker \xFF\xD9,0,0,0.00,0.00,0.00
27.05\2013\K2\1X,27_05-2013_07_02-10_13-K2-1X.jpeg,C:\Users\ASUS\Desktop\Ders\blg521\data\27.05\2013\K2\1X\27_05-2013_07_02-10_13-K2-1X.jpeg,TRUNCATED,JPEG missing standard EOI marker \xFF\xD9,0,0,0.00,0.00,0.00
27.05\2013\K2\1X,27_05-2013_07_05-09_59-K2-1X.jpeg,C:\Users\ASUS\Desktop\Ders\blg521\data\27.05\2013\K2\1X\27_05-2013_07_05-09_59-K2-1X.jpeg,TRUNCATED,JPEG missing standard EOI marker \xFF\xD9,0,0,0.00,0.00,0.00
27.05\2013\K2\1X,27_05-2013_07_14-09_59-K2-1X.jpeg,C:\Users\ASUS\Desktop\Ders\blg521\data\27.05\2013\K2\1X\27_05-2013_07_14-09_59-K2-1X.jpeg,TRUNCATED,JPEG missing standard EOI marker \xFF\xD9,0,0,0.00,0.00,0.00
27.05\2013\K2\1X,27_05-2013_07_18-10_24-K2-1X.jpeg,C:\Users\ASUS\Desktop\Ders\blg521\data\27.05\2013\K2\1X\27_05-2013_07_18-10_24-K2-1X.jpeg,TRUNCATED,JPEG missing standard EOI marker \xFF\xD9,0,0,0.00,0.00,0.00
27.05\2013\K2\1X,27_05-2013_07_19-10_07-K2-1X.jpeg,C:\Users\ASUS\Desktop\Ders\blg521\data\27.05\2013\K2\1X\27_05-2013_07_19-10_07-K2-1X.jpeg,TRUNCATED,JPEG missing standard EOI marker \xFF\xD9,0,0,0.00,0.00,0.00
27.05\2013\K2\1X,27_05-2013_07_21-09_59-K2-1X.jpeg,C:\Users\ASUS\Desktop\Ders\blg521\data\27.05\2013\K2\1X\27_05-2013_07_21-09_59-K2-1X.jpeg,TRUNCATED,JPEG missing standard EOI marker \xFF\xD9,0,0,0.00,0.00,0.00
27.05\2013\K2\1X,27_05-2013_07_22-09_54-K2-1X.jpeg,C:\Users\ASUS\Desktop\Ders\blg521\data\27.05\2013\K2\1X\27_05-2013_07_22-09_54-K2-1X.jpeg,TRUNCATED,JPEG missing standard EOI marker \xFF\xD9,0,0,0.00,0.00,0.00
27.05\2013\K2\1X,27_05-2013_07_23-10_15-K2-1X.jpeg,C:\Users\ASUS\Desktop\Ders\blg521\data\27.05\2013\K2\1X\27_05-2013_07_23-10_15-K2-1X.jpeg,TRUNCATED,JPEG missing standard EOI marker \xFF\xD9,0,0,0.00,0.00,0.00
27.05\2013\K2\1X,27_05-2013_07_26-09_44-K2-1X.jpeg,C:\Users\ASUS\Desktop\Ders\blg521\data\27.05\2013\K2\1X\27_05-2013_07_26-09_44-K2-1X.jpeg,TRUNCATED,JPEG missing standard EOI marker \xFF\xD9,0,0,0.00,0.00,0.00
27.05\2013\K2\1X,27_05-2013_07_29-09_51-K2-1X.jpeg,C:\Users\ASUS\Desktop\Ders\blg521\data\27.05\2013\K2\1X\27_05-2013_07_29-09_51-K2-1X.jpeg,TRUNCATED,JPEG missing standard EOI marker \xFF\xD9,0,0,0.00,0.00,0.00
27.05\2013\K2\1X,27_05-2013_07_30-10_01-K2-1X.jpeg,C:\Users\ASUS\Desktop\Ders\blg521\data\27.05\2013\K2\1X\27_05-2013_07_30-10_01-K2-1X.jpeg,TRUNCATED,JPEG missing standard EOI marker \xFF\xD9,0,0,0.00,0.00,0.00
27.05\2013\K2\1X,27_05-2013_08_01-09_46-K2-1X.jpeg,C:\Users\ASUS\Desktop\Ders\blg521\data\27.05\2013\K2\1X\27_05-2013_08_01-09_46-K2-1X.jpeg,TRUNCATED,JPEG missing standard EOI marker \xFF\xD9,0,0,0.00,0.00,0.00
27.05\2013\K2\1X,27_05-2013_08_04-09_45-K2-1X.jpeg,C:\Users\ASUS\Desktop\Ders\blg521\data\27.05\2013\K2\1X\27_05-2013_08_04-09_45-K2-1X.jpeg,TRUNCATED,JPEG missing standard EOI marker \xFF\xD9,0,0,0.00,0.00,0.00
27.05\2013\K2\1X,27_05-2013_08_08-09_55-K2-1X.jpeg,C:\Users\ASUS\Desktop\Ders\blg521\data\27.05\2013\K2\1X\27_05-2013_08_08-09_55-K2-1X.jpeg,TRUNCATED,JPEG missing standard EOI marker \xFF\xD9,0,0,0.00,0.00,0.00
27.05\2013\K2\1X,27_05-2013_08_09-09_50-K2-1X.jpeg,C:\Users\ASUS\Desktop\Ders\blg521\data\27.05\2013\K2\1X\27_05-2013_08_09-09_50-K2-1X.jpeg,TRUNCATED,JPEG missing standard EOI marker \xFF\xD9,0,0,0.00,0.00,0.00
27.05\2013\K2\1X,27_05-2013_08_10-10_16-K2-1X.jpeg,C:\Users\ASUS\Desktop\Ders\blg521\data\27.05\2013\K2\1X\27_05-2013_08_10-10_16-K2-1X.jpeg,TRUNCATED,JPEG missing standard EOI marker \xFF\xD9,0,0,0.00,0.00,0.00
27.05\2013\K2\1X,27_05-2013_08_13-10_03-K2-1X.jpeg,C:\Users\ASUS\Desktop\Ders\blg521\data\27.05\2013\K2\1X\27_05-2013_08_13-10_03-K2-1X.jpeg,TRUNCATED,JPEG missing standard EOI marker \xFF\xD9,0,0,0.00,0.00,0.00
27.05\2013\K2\1X,27_05-2013_08_15-09_55-K2-1X.jpeg,C:\Users\ASUS\Desktop\Ders\blg521\data\27.05\2013\K2\1X\27_05-2013_08_15-09_55-K2-1X.jpeg,TRUNCATED,JPEG missing standard EOI marker \xFF\xD9,0,0,0.00,0.00,0.00
27.05\2013\K2\1X,27_05-2013_08_16-10_18-K2-1X.jpeg,C:\Users\ASUS\Desktop\Ders\blg521\data\27.05\2013\K2\1X\27_05-2013_08_16-10_18-K2-1X.jpeg,TRUNCATED,JPEG missing standard EOI marker \xFF\xD9,0,0,0.00,0.00,0.00
27.05\2013\K2\1X,27_05-2013_08_18-09_45-K2-1X.jpeg,C:\Users\ASUS\Desktop\Ders\blg521\data\27.05\2013\K2\1X\27_05-2013_08_18-09_45-K2-1X.jpeg,TRUNCATED,JPEG missing standard EOI marker \xFF\xD9,0,0,0.00,0.00,0.00
27.05\2013\K2\1X,27_05-2013_08_19-09_57-K2-1X.jpeg,C:\Users\ASUS\Desktop\Ders\blg521\data\27.05\2013\K2\1X\27_05-2013_08_19-09_57-K2-1X.jpeg,TRUNCATED,JPEG missing standard EOI marker \xFF\xD9,0,0,0.00,0.00,0.00
27.05\2013\K2\1X,27_05-2013_08_22-09_49-K2-1X.jpeg,C:\Users\ASUS\Desktop\Ders\blg521\data\27.05\2013\K2\1X\27_05-2013_08_22-09_49-K2-1X.jpeg,TRUNCATED,JPEG missing standard EOI marker \xFF\xD9,0,0,0.00,0.00,0.00
27.05\2013\K2\1X,27_05-2013_08_23-09_49-K2-1X.jpeg,C:\Users\ASUS\Desktop\Ders\blg521\data\27.05\2013\K2\1X\27_05-2013_08_23-09_49-K2-1X.jpeg,TRUNCATED,JPEG missing standard EOI marker \xFF\xD9,0,0,0.00,0.00,0.00
27.05\2013\K2\1X,27_05-2013_08_25-09_59-K2-1X.jpeg,C:\Users\ASUS\Desktop\Ders\blg521\data\27.05\2013\K2\1X\27_05-2013_08_25-09_59-K2-1X.jpeg,TRUNCATED,JPEG missing standard EOI marker \xFF\xD9,0,0,0.00,0.00,0.00
27.05\2013\K2\1X,27_05-2013_08_26-10_08-K2-1X.jpeg,C:\Users\ASUS\Desktop\Ders\blg521\data\27.05\2013\K2\1X\27_05-2013_08_26-10_08-K2-1X.jpeg,TRUNCATED,JPEG missing standard EOI marker \xFF\xD9,0,0,0.00,0.00,0.00
27.05\2013\K2\1X,27_05-2013_10_03-09_53-K2-1X.jpeg,C:\Users\ASUS\Desktop\Ders\blg521\data\27.05\2013\K2\1X\27_05-2013_10_03-09_53-K2-1X.jpeg,TRUNCATED,JPEG missing standard EOI marker \xFF\xD9,0,0,0.00,0.00,0.00
27.05\2013\K2\1X,27_05-2013_10_04-10_11-K2-1X.jpeg,C:\Users\ASUS\Desktop\Ders\blg521\data\27.05\2013\K2\1X\27_05-2013_10_04-10_11-K2-1X.jpeg,TRUNCATED,JPEG missing standard EOI marker \xFF\xD9,0,0,0.00,0.00,0.00
27.05\2013\K2\1X,27_05-2013_10_05-10_00-K2-1X.jpeg,C:\Users\ASUS\Desktop\Ders\blg521\data\27.05\2013\K2\1X\27_05-2013_10_05-10_00-K2-1X.jpeg,TRUNCATED,JPEG missing standard EOI marker \xFF\xD9,0,0,0.00,0.00,0.00
27.05\2013\K2\1X,27_05-2013_10_06-10_12-K2-1X.jpeg,C:\Users\ASUS\Desktop\Ders\blg521\data\27.05\2013\K2\1X\27_05-2013_10_06-10_12-K2-1X.jpeg,TRUNCATED,JPEG missing standard EOI marker \xFF\xD9,0,0,0.00,0.00,0.00
27.05\2013\K2\1X,27_05-2013_10_07-09_47-K2-1X.jpeg,C:\Users\ASUS\Desktop\Ders\blg521\data\27.05\2013\K2\1X\27_05-2013_10_07-09_47-K2-1X.jpeg,TRUNCATED,JPEG missing standard EOI marker \xFF\xD9,0,0,0.00,0.00,0.00
27.05\2013\K2\1X,27_05-2013_10_08-09_48-K2-1X.jpeg,C:\Users\ASUS\Desktop\Ders\blg521\data\27.05\2013\K2\1X\27_05-2013_10_08-09_48-K2-1X.jpeg,TRUNCATED,JPEG missing standard EOI marker \xFF\xD9,0,0,0.00,0.00,0.00
27.05\2013\K2\1X,27_05-2013_10_12-10_13-K2-1X.jpeg,C:\Users\ASUS\Desktop\Ders\blg521\data\27.05\2013\K2\1X\27_05-2013_10_12-10_13-K2-1X.jpeg,TRUNCATED,JPEG missing standard EOI marker \xFF\xD9,0,0,0.00,0.00,0.00
27.05\2013\K2\1X,27_05-2013_10_13-09_48-K2-1X.jpeg,C:\Users\ASUS\Desktop\Ders\blg521\data\27.05\2013\K2\1X\27_05-2013_10_13-09_48-K2-1X.jpeg,TRUNCATED,JPEG missing standard EOI marker \xFF\xD9,0,0,0.00,0.00,0.00
27.05\2013\K2\1X,27_05-2013_10_22-10_15-K2-1X.jpeg,C:\Users\ASUS\Desktop\Ders\blg521\data\27.05\2013\K2\1X\27_05-2013_10_22-10_15-K2-1X.jpeg,TRUNCATED,JPEG missing standard EOI marker \xFF\xD9,0,0,0.00,0.00,0.00
27.05\2013\K2\1X,27_05-2013_10_23-09_55-K2-1X.jpeg,C:\Users\ASUS\Desktop\Ders\blg521\data\27.05\2013\K2\1X\27_05-2013_10_23-09_55-K2-1X.jpeg,TRUNCATED,JPEG missing standard EOI marker \xFF\xD9,0,0,0.00,0.00,0.00
27.05\2013\K2\1X,27_05-2013_10_24-10_07-K2-1X.jpeg,C:\Users\ASUS\Desktop\Ders\blg521\data\27.05\2013\K2\1X\27_05-2013_10_24-10_07-K2-1X.jpeg,TRUNCATED,JPEG missing standard EOI marker \xFF\xD9,0,0,0.00,0.00,0.00
27.05\2013\K2\1X,27_05-2013_10_26-09_58-K2-1X.jpeg,C:\Users\ASUS\Desktop\Ders\blg521\data\27.05\2013\K2\1X\27_05-2013_10_26-09_58-K2-1X.jpeg,TRUNCATED,JPEG missing standard EOI marker \xFF\xD9,0,0,0.00,0.00,0.00
27.05\2013\K2\1X,27_05-2013_10_27-10_12-K2-1X.jpeg,C:\Users\ASUS\Desktop\Ders\blg521\data\27.05\2013\K2\1X\27_05-2013_10_27-10_12-K2-1X.jpeg,TRUNCATED,JPEG missing standard EOI marker \xFF\xD9,0,0,0.00,0.00,0.00
27.05\2013\K2\1X,27_05-2013_10_29-10_02-K2-1X.jpeg,C:\Users\ASUS\Desktop\Ders\blg521\data\27.05\2013\K2\1X\27_05-2013_10_29-10_02-K2-1X.jpeg,TRUNCATED,JPEG missing standard EOI marker \xFF\xD9,0,0,0.00,0.00,0.00
27.05\2013\K2\1X,27_05-2013_10_30-10_15-K2-1X.jpeg,C:\Users\ASUS\Desktop\Ders\blg521\data\27.05\2013\K2\1X\27_05-2013_10_30-10_15-K2-1X.jpeg,TRUNCATED,JPEG missing standard EOI marker \xFF\xD9,0,0,0.00,0.00,0.00
27.05\2013\K2\1X,27_05-2013_10_31-09_49-K2-1X.jpeg,C:\Users\ASUS\Desktop\Ders\blg521\data\27.05\2013\K2\1X\27_05-2013_10_31-09_49-K2-1X.jpeg,TRUNCATED,JPEG missing standard EOI marker \xFF\xD9,0,0,0.00,0.00,0.00
27.05\2013\K2\1X,27_05-2013_11_01-09_53-K2-1X.jpeg,C:\Users\ASUS\Desktop\Ders\blg521\data\27.05\2013\K2\1X\27_05-2013_11_01-09_53-K2-1X.jpeg,TRUNCATED,JPEG missing standard EOI marker \xFF\xD9,0,0,0.00,0.00,0.00
27.05\2013\K2\1X,27_05-2013_11_03-09_51-K2-1X.jpeg,C:\Users\ASUS\Desktop\Ders\blg521\data\27.05\2013\K2\1X\27_05-2013_11_03-09_51-K2-1X.jpeg,TRUNCATED,JPEG missing standard EOI marker \xFF\xD9,0,0,0.00,0.00,0.00
27.05\2013\K2\1X,27_05-2013_11_04-10_00-K2-1X.jpeg,C:\Users\ASUS\Desktop\Ders\blg521\data\27.05\2013\K2\1X\27_05-2013_11_04-10_00-K2-1X.jpeg,TRUNCATED,JPEG missing standard EOI marker \xFF\xD9,0,0,0.00,0.00,0.00
27.05\2013\K2\1X,27_05-2013_11_10-09_54-K2-1X.jpeg,C:\Users\ASUS\Desktop\Ders\blg521\data\27.05\2013\K2\1X\27_05-2013_11_10-09_54-K2-1X.jpeg,TRUNCATED,JPEG missing standard EOI marker \xFF\xD9,0,0,0.00,0.00,0.00
27.05\2013\K2\1X,27_05-2013_11_16-10_13-K2-1X.jpeg,C:\Users\ASUS\Desktop\Ders\blg521\data\27.05\2013\K2\1X\27_05-2013_11_16-10_13-K2-1X.jpeg,TRUNCATED,JPEG missing standard EOI marker \xFF\xD9,0,0,0.00,0.00,0.00
27.05\2013\K2\1X,27_05-2013_11_19-09_52-K2-1X.jpeg,C:\Users\ASUS\Desktop\Ders\blg521\data\27.05\2013\K2\1X\27_05-2013_11_19-09_52-K2-1X.jpeg,TRUNCATED,JPEG missing standard EOI marker \xFF\xD9,0,0,0.00,0.00,0.00
27.05\2013\K2\1X,27_05-2013_11_20-09_55-K2-1X.jpeg,C:\Users\ASUS\Desktop\Ders\blg521\data\27.05\2013\K2\1X\27_05-2013_11_20-09_55-K2-1X.jpeg,TRUNCATED,JPEG missing standard EOI marker \xFF\xD9,0,0,0.00,0.00,0.00
27.05\2013\K2\1X,27_05-2013_11_23-10_02-K2-1X.jpeg,C:\Users\ASUS\Desktop\Ders\blg521\data\27.05\2013\K2\1X\27_05-2013_11_23-10_02-K2-1X.jpeg,TRUNCATED,JPEG missing standard EOI marker \xFF\xD9,0,0,0.00,0.00,0.00
27.05\2013\K2\1X,27_05-2013_11_29-10_09-K2-1X.jpeg,C:\Users\ASUS\Desktop\Ders\blg521\data\27.05\2013\K2\1X\27_05-2013_11_29-10_09-K2-1X.jpeg,TRUNCATED,JPEG missing standard EOI marker \xFF\xD9,0,0,0.00,0.00,0.00
27.05\2013\K2\1X,27_05-2013_12_01-10_06-K2-1X.jpeg,C:\Users\ASUS\Desktop\Ders\blg521\data\27.05\2013\K2\1X\27_05-2013_12_01-10_06-K2-1X.jpeg,TRUNCATED,JPEG missing standard EOI marker \xFF\xD9,0,0,0.00,0.00,0.00
27.05\2013\K2\1X,27_05-2013_12_10-09_46-K2-1X.jpeg,C:\Users\ASUS\Desktop\Ders\blg521\data\27.05\2013\K2\1X\27_05-2013_12_10-09_46-K2-1X.jpeg,TRUNCATED,JPEG missing standard EOI marker \xFF\xD9,0,0,0.00,0.00,0.00
27.05\2013\K2\1X,27_05-2013_12_11-10_10-K2-1X.jpeg,C:\Users\ASUS\Desktop\Ders\blg521\data\27.05\2013\K2\1X\27_05-2013_12_11-10_10-K2-1X.jpeg,BLURRED,Very blurry (Laplacian variance: 43.17),2288,1712,116.94,5.98,43.17
27.05\2013\K2\1X,27_05-2013_12_22-10_00-K2-1X.jpeg,C:\Users\ASUS\Desktop\Ders\blg521\data\27.05\2013\K2\1X\27_05-2013_12_22-10_00-K2-1X.jpeg,TRUNCATED,JPEG missing standard EOI marker \xFF\xD9,0,0,0.00,0.00,0.00
27.05\2013\K3\10X,27_05-2013_05_20-09_50-K3-10X.jpeg,C:\Users\ASUS\Desktop\Ders\blg521\data\27.05\2013\K3\10X\27_05-2013_05_20-09_50-K3-10X.jpeg,TRUNCATED,JPEG missing standard EOI marker \xFF\xD9,0,0,0.00,0.00,0.00
27.05\2013\K3\10X,27_05-2013_05_24-10_10-K3-10X.jpeg,C:\Users\ASUS\Desktop\Ders\blg521\data\27.05\2013\K3\10X\27_05-2013_05_24-10_10-K3-10X.jpeg,TRUNCATED,JPEG missing standard EOI marker \xFF\xD9,0,0,0.00,0.00,0.00
27.05\2013\K3\10X,27_05-2013_05_25-09_51-K3-10X.jpeg,C:\Users\ASUS\Desktop\Ders\blg521\data\27.05\2013\K3\10X\27_05-2013_05_25-09_51-K3-10X.jpeg,TRUNCATED,JPEG missing standard EOI marker \xFF\xD9,0,0,0.00,0.00,0.00
27.05\2013\K3\10X,27_05-2013_05_26-10_11-K3-10X.jpeg,C:\Users\ASUS\Desktop\Ders\blg521\data\27.05\2013\K3\10X\27_05-2013_05_26-10_11-K3-10X.jpeg,TRUNCATED,JPEG missing standard EOI marker \xFF\xD9,0,0,0.00,0.00,0.00
27.05\2013\K3\10X,27_05-2013_05_27-09_53-K3-10X.jpeg,C:\Users\ASUS\Desktop\Ders\blg521\data\27.05\2013\K3\10X\27_05-2013_05_27-09_53-K3-10X.jpeg,TRUNCATED,JPEG missing standard EOI marker \xFF\xD9,0,0,0.00,0.00,0.00
27.05\2013\K3\10X,27_05-2013_05_29-10_03-K3-10X.jpeg,C:\Users\ASUS\Desktop\Ders\blg521\data\27.05\2013\K3\10X\27_05-2013_05_29-10_03-K3-10X.jpeg,TRUNCATED,JPEG missing standard EOI marker \xFF\xD9,0,0,0.00,0.00,0.00
27.05\2013\K3\10X,27_05-2013_05_30-09_46-K3-10X.jpeg,C:\Users\ASUS\Desktop\Ders\blg521\data\27.05\2013\K3\10X\27_05-2013_05_30-09_46-K3-10X.jpeg,TRUNCATED,JPEG missing standard EOI marker \xFF\xD9,0,0,0.00,0.00,0.00
27.05\2013\K3\10X,27_05-2013_05_31-11_07-K3-10X.jpeg,C:\Users\ASUS\Desktop\Ders\blg521\data\27.05\2013\K3\10X\27_05-2013_05_31-11_07-K3-10X.jpeg,TRUNCATED,JPEG missing standard EOI marker \xFF\xD9,0,0,0.00,0.00,0.00
27.05\2013\K3\10X,27_05-2013_06_02-10_05-K3-10X.jpeg,C:\Users\ASUS\Desktop\Ders\blg521\data\27.05\2013\K3\10X\27_05-2013_06_02-10_05-K3-10X.jpeg,TRUNCATED,JPEG missing standard EOI marker \xFF\xD9,0,0,0.00,0.00,0.00
27.05\2013\K3\10X,27_05-2013_06_04-10_08-K3-10X.jpeg,C:\Users\ASUS\Desktop\Ders\blg521\data\27.05\2013\K3\10X\27_05-2013_06_04-10_08-K3-10X.jpeg,TRUNCATED,JPEG missing standard EOI marker \xFF\xD9,0,0,0.00,0.00,0.00
27.05\2013\K3\10X,27_05-2013_06_05-09_52-K3-10X.jpeg,C:\Users\ASUS\Desktop\Ders\blg521\data\27.05\2013\K3\10X\27_05-2013_06_05-09_52-K3-10X.jpeg,TRUNCATED,JPEG missing standard EOI marker \xFF\xD9,0,0,0.00,0.00,0.00
27.05\2013\K3\10X,27_05-2013_06_06-10_11-K3-10X.jpeg,C:\Users\ASUS\Desktop\Ders\blg521\data\27.05\2013\K3\10X\27_05-2013_06_06-10_11-K3-10X.jpeg,TRUNCATED,JPEG missing standard EOI marker \xFF\xD9,0,0,0.00,0.00,0.00
27.05\2013\K3\10X,27_05-2013_06_07-09_58-K3-10X.jpeg,C:\Users\ASUS\Desktop\Ders\blg521\data\27.05\2013\K3\10X\27_05-2013_06_07-09_58-K3-10X.jpeg,TRUNCATED,JPEG missing standard EOI marker \xFF\xD9,0,0,0.00,0.00,0.00
27.05\2013\K3\10X,27_05-2013_06_09-09_52-K3-10X.jpeg,C:\Users\ASUS\Desktop\Ders\blg521\data\27.05\2013\K3\10X\27_05-2013_06_09-09_52-K3-10X.jpeg,TRUNCATED,JPEG missing standard EOI marker \xFF\xD9,0,0,0.00,0.00,0.00
27.05\2013\K3\10X,27_05-2013_06_12-09_54-K3-10X.jpeg,C:\Users\ASUS\Desktop\Ders\blg521\data\27.05\2013\K3\10X\27_05-2013_06_12-09_54-K3-10X.jpeg,TRUNCATED,JPEG missing standard EOI marker \xFF\xD9,0,0,0.00,0.00,0.00
27.05\2013\K3\10X,27_05-2013_06_14-10_15-K3-10X.jpeg,C:\Users\ASUS\Desktop\Ders\blg521\data\27.05\2013\K3\10X\27_05-2013_06_14-10_15-K3-10X.jpeg,TRUNCATED,JPEG missing standard EOI marker \xFF\xD9,0,0,0.00,0.00,0.00
27.05\2013\K3\10X,27_05-2013_06_15-09_51-K3-10X.jpeg,C:\Users\ASUS\Desktop\Ders\blg521\data\27.05\2013\K3\10X\27_05-2013_06_15-09_51-K3-10X.jpeg,TRUNCATED,JPEG missing standard EOI marker \xFF\xD9,0,0,0.00,0.00,0.00
27.05\2013\K3\10X,27_05-2013_06_17-10_14-K3-10X.jpeg,C:\Users\ASUS\Desktop\Ders\blg521\data\27.05\2013\K3\10X\27_05-2013_06_17-10_14-K3-10X.jpeg,TRUNCATED,JPEG missing standard EOI marker \xFF\xD9,0,0,0.00,0.00,0.00
27.05\2013\K3\10X,27_05-2013_06_22-10_12-K3-10X.jpeg,C:\Users\ASUS\Desktop\Ders\blg521\data\27.05\2013\K3\10X\27_05-2013_06_22-10_12-K3-10X.jpeg,TRUNCATED,JPEG missing standard EOI marker \xFF\xD9,0,0,0.00,0.00,0.00
27.05\2013\K3\10X,27_05-2013_06_24-10_00-K3-10X.jpeg,C:\Users\ASUS\Desktop\Ders\blg521\data\27.05\2013\K3\10X\27_05-2013_06_24-10_00-K3-10X.jpeg,TRUNCATED,JPEG missing standard EOI marker \xFF\xD9,0,0,0.00,0.00,0.00
27.05\2013\K3\10X,27_05-2013_06_26-09_52-K3-10X.jpeg,C:\Users\ASUS\Desktop\Ders\blg521\data\27.05\2013\K3\10X\27_05-2013_06_26-09_52-K3-10X.jpeg,TRUNCATED,JPEG missing standard EOI marker \xFF\xD9,0,0,0.00,0.00,0.00
27.05\2013\K3\10X,27_05-2013_06_27-10_05-K3-10X.jpeg,C:\Users\ASUS\Desktop\Ders\blg521\data\27.05\2013\K3\10X\27_05-2013_06_27-10_05-K3-10X.jpeg,TRUNCATED,JPEG missing standard EOI marker \xFF\xD9,0,0,0.00,0.00,0.00
27.05\2013\K3\10X,27_05-2013_06_28-10_13-K3-10X.jpeg,C:\Users\ASUS\Desktop\Ders\blg521\data\27.05\2013\K3\10X\27_05-2013_06_28-10_13-K3-10X.jpeg,TRUNCATED,JPEG missing standard EOI marker \xFF\xD9,0,0,0.00,0.00,0.00
27.05\2013\K3\10X,27_05-2013_06_29-10_00-K3-10X.jpeg,C:\Users\ASUS\Desktop\Ders\blg521\data\27.05\2013\K3\10X\27_05-2013_06_29-10_00-K3-10X.jpeg,TRUNCATED,JPEG missing standard EOI marker \xFF\xD9,0,0,0.00,0.00,0.00
27.05\2013\K3\10X,27_05-2013_07_01-09_58-K3-10X.jpeg,C:\Users\ASUS\Desktop\Ders\blg521\data\27.05\2013\K3\10X\27_05-2013_07_01-09_58-K3-10X.jpeg,TRUNCATED,JPEG missing standard EOI marker \xFF\xD9,0,0,0.00,0.00,0.00
27.05\2013\K3\10X,27_05-2013_07_03-09_55-K3-10X.jpeg,C:\Users\ASUS\Desktop\Ders\blg521\data\27.05\2013\K3\10X\27_05-2013_07_03-09_55-K3-10X.jpeg,TRUNCATED,JPEG missing standard EOI marker \xFF\xD9,0,0,0.00,0.00,0.00
27.05\2013\K3\10X,27_05-2013_07_04-09_45-K3-10X.jpeg,C:\Users\ASUS\Desktop\Ders\blg521\data\27.05\2013\K3\10X\27_05-2013_07_04-09_45-K3-10X.jpeg,TRUNCATED,JPEG missing standard EOI marker \xFF\xD9,0,0,0.00,0.00,0.00
27.05\2013\K3\10X,27_05-2013_07_14-10_07-K3-10X.jpeg,C:\Users\ASUS\Desktop\Ders\blg521\data\27.05\2013\K3\10X\27_05-2013_07_14-10_07-K3-10X.jpeg,TRUNCATED,JPEG missing standard EOI marker \xFF\xD9,0,0,0.00,0.00,0.00
27.05\2013\K3\10X,27_05-2013_07_18-10_16-K3-10X.jpeg,C:\Users\ASUS\Desktop\Ders\blg521\data\27.05\2013\K3\10X\27_05-2013_07_18-10_16-K3-10X.jpeg,TRUNCATED,JPEG missing standard EOI marker \xFF\xD9,0,0,0.00,0.00,0.00
27.05\2013\K3\10X,27_05-2013_07_20-10_07-K3-10X.jpeg,C:\Users\ASUS\Desktop\Ders\blg521\data\27.05\2013\K3\10X\27_05-2013_07_20-10_07-K3-10X.jpeg,TRUNCATED,JPEG missing standard EOI marker \xFF\xD9,0,0,0.00,0.00,0.00
27.05\2013\K3\10X,27_05-2013_07_21-10_04-K3-10X.jpeg,C:\Users\ASUS\Desktop\Ders\blg521\data\27.05\2013\K3\10X\27_05-2013_07_21-10_04-K3-10X.jpeg,TRUNCATED,JPEG missing standard EOI marker \xFF\xD9,0,0,0.00,0.00,0.00
27.05\2013\K3\10X,27_05-2013_07_23-09_49-K3-10X.jpeg,C:\Users\ASUS\Desktop\Ders\blg521\data\27.05\2013\K3\10X\27_05-2013_07_23-09_49-K3-10X.jpeg,TRUNCATED,JPEG missing standard EOI marker \xFF\xD9,0,0,0.00,0.00,0.00
27.05\2013\K3\10X,27_05-2013_07_24-09_52-K3-10X.jpeg,C:\Users\ASUS\Desktop\Ders\blg521\data\27.05\2013\K3\10X\27_05-2013_07_24-09_52-K3-10X.jpeg,TRUNCATED,JPEG missing standard EOI marker \xFF\xD9,0,0,0.00,0.00,0.00
27.05\2013\K3\10X,27_05-2013_07_25-09_49-K3-10X.jpeg,C:\Users\ASUS\Desktop\Ders\blg521\data\27.05\2013\K3\10X\27_05-2013_07_25-09_49-K3-10X.jpeg,TRUNCATED,JPEG missing standard EOI marker \xFF\xD9,0,0,0.00,0.00,0.00
27.05\2013\K3\10X,27_05-2013_07_27-10_01-K3-10X.jpeg,C:\Users\ASUS\Desktop\Ders\blg521\data\27.05\2013\K3\10X\27_05-2013_07_27-10_01-K3-10X.jpeg,TRUNCATED,JPEG missing standard EOI marker \xFF\xD9,0,0,0.00,0.00,0.00
27.05\2013\K3\10X,27_05-2013_07_28-09_49-K3-10X.jpeg,C:\Users\ASUS\Desktop\Ders\blg521\data\27.05\2013\K3\10X\27_05-2013_07_28-09_49-K3-10X.jpeg,TRUNCATED,JPEG missing standard EOI marker \xFF\xD9,0,0,0.00,0.00,0.00
27.05\2013\K3\10X,27_05-2013_07_31-09_51-K3-10X.jpeg,C:\Users\ASUS\Desktop\Ders\blg521\data\27.05\2013\K3\10X\27_05-2013_07_31-09_51-K3-10X.jpeg,TRUNCATED,JPEG missing standard EOI marker \xFF\xD9,0,0,0.00,0.00,0.00
27.05\2013\K3\10X,27_05-2013_08_01-10_10-K3-10X.jpeg,C:\Users\ASUS\Desktop\Ders\blg521\data\27.05\2013\K3\10X\27_05-2013_08_01-10_10-K3-10X.jpeg,TRUNCATED,JPEG missing standard EOI marker \xFF\xD9,0,0,0.00,0.00,0.00
27.05\2013\K3\10X,27_05-2013_08_02-10_01-K3-10X.jpeg,C:\Users\ASUS\Desktop\Ders\blg521\data\27.05\2013\K3\10X\27_05-2013_08_02-10_01-K3-10X.jpeg,TRUNCATED,JPEG missing standard EOI marker \xFF\xD9,0,0,0.00,0.00,0.00
27.05\2013\K3\10X,27_05-2013_08_03-09_45-K3-10X.jpeg,C:\Users\ASUS\Desktop\Ders\blg521\data\27.05\2013\K3\10X\27_05-2013_08_03-09_45-K3-10X.jpeg,TRUNCATED,JPEG missing standard EOI marker \xFF\xD9,0,0,0.00,0.00,0.00
27.05\2013\K3\10X,27_05-2013_08_05-09_57-K3-10X.jpeg,C:\Users\ASUS\Desktop\Ders\blg521\data\27.05\2013\K3\10X\27_05-2013_08_05-09_57-K3-10X.jpeg,TRUNCATED,JPEG missing standard EOI marker \xFF\xD9,0,0,0.00,0.00,0.00
27.05\2013\K3\10X,27_05-2013_08_06-09_54-K3-10X.jpeg,C:\Users\ASUS\Desktop\Ders\blg521\data\27.05\2013\K3\10X\27_05-2013_08_06-09_54-K3-10X.jpeg,TRUNCATED,JPEG missing standard EOI marker \xFF\xD9,0,0,0.00,0.00,0.00
27.05\2013\K3\10X,27_05-2013_08_07-10_10-K3-10X.jpeg,C:\Users\ASUS\Desktop\Ders\blg521\data\27.05\2013\K3\10X\27_05-2013_08_07-10_10-K3-10X.jpeg,TRUNCATED,JPEG missing standard EOI marker \xFF\xD9,0,0,0.00,0.00,0.00
27.05\2013\K3\10X,27_05-2013_08_08-09_51-K3-10X.jpeg,C:\Users\ASUS\Desktop\Ders\blg521\data\27.05\2013\K3\10X\27_05-2013_08_08-09_51-K3-10X.jpeg,TRUNCATED,JPEG missing standard EOI marker \xFF\xD9,0,0,0.00,0.00,0.00
27.05\2013\K3\10X,27_05-2013_08_13-10_01-K3-10X.jpeg,C:\Users\ASUS\Desktop\Ders\blg521\data\27.05\2013\K3\10X\27_05-2013_08_13-10_01-K3-10X.jpeg,TRUNCATED,JPEG missing standard EOI marker \xFF\xD9,0,0,0.00,0.00,0.00
27.05\2013\K3\10X,27_05-2013_08_14-09_46-K3-10X.jpeg,C:\Users\ASUS\Desktop\Ders\blg521\data\27.05\2013\K3\10X\27_05-2013_08_14-09_46-K3-10X.jpeg,TRUNCATED,JPEG missing standard EOI marker \xFF\xD9,0,0,0.00,0.00,0.00
27.05\2013\K3\10X,27_05-2013_08_15-09_57-K3-10X.jpeg,C:\Users\ASUS\Desktop\Ders\blg521\data\27.05\2013\K3\10X\27_05-2013_08_15-09_57-K3-10X.jpeg,TRUNCATED,JPEG missing standard EOI marker \xFF\xD9,0,0,0.00,0.00,0.00
27.05\2013\K3\10X,27_05-2013_08_16-10_16-K3-10X.jpeg,C:\Users\ASUS\Desktop\Ders\blg521\data\27.05\2013\K3\10X\27_05-2013_08_16-10_16-K3-10X.jpeg,TRUNCATED,JPEG missing standard EOI marker \xFF\xD9,0,0,0.00,0.00,0.00
27.05\2013\K3\10X,27_05-2013_08_19-09_59-K3-10X.jpeg,C:\Users\ASUS\Desktop\Ders\blg521\data\27.05\2013\K3\10X\27_05-2013_08_19-09_59-K3-10X.jpeg,TRUNCATED,JPEG missing standard EOI marker \xFF\xD9,0,0,0.00,0.00,0.00
27.05\2013\K3\10X,27_05-2013_08_23-09_51-K3-10X.jpeg,C:\Users\ASUS\Desktop\Ders\blg521\data\27.05\2013\K3\10X\27_05-2013_08_23-09_51-K3-10X.jpeg,TRUNCATED,JPEG missing standard EOI marker \xFF\xD9,0,0,0.00,0.00,0.00
27.05\2013\K3\10X,27_05-2013_08_25-10_08-K3-10X.jpeg,C:\Users\ASUS\Desktop\Ders\blg521\data\27.05\2013\K3\10X\27_05-2013_08_25-10_08-K3-10X.jpeg,TRUNCATED,JPEG missing standard EOI marker \xFF\xD9,0,0,0.00,0.00,0.00
27.05\2013\K3\10X,27_05-2013_08_26-09_52-K3-10X.jpeg,C:\Users\ASUS\Desktop\Ders\blg521\data\27.05\2013\K3\10X\27_05-2013_08_26-09_52-K3-10X.jpeg,TRUNCATED,JPEG missing standard EOI marker \xFF\xD9,0,0,0.00,0.00,0.00
27.05\2013\K3\10X,27_05-2013_08_28-09_50-K3-10X.jpeg,C:\Users\ASUS\Desktop\Ders\blg521\data\27.05\2013\K3\10X\27_05-2013_08_28-09_50-K3-10X.jpeg,TRUNCATED,JPEG missing standard EOI marker \xFF\xD9,0,0,0.00,0.00,0.00
27.05\2013\K3\10X,27_05-2013_10_03-09_46-K3-10X.jpeg,C:\Users\ASUS\Desktop\Ders\blg521\data\27.05\2013\K3\10X\27_05-2013_10_03-09_46-K3-10X.jpeg,TRUNCATED,JPEG missing standard EOI marker \xFF\xD9,0,0,0.00,0.00,0.00
27.05\2013\K3\10X,27_05-2013_10_04-10_14-K3-10X.jpeg,C:\Users\ASUS\Desktop\Ders\blg521\data\27.05\2013\K3\10X\27_05-2013_10_04-10_14-K3-10X.jpeg,TRUNCATED,JPEG missing standard EOI marker \xFF\xD9,0,0,0.00,0.00,0.00
27.05\2013\K3\10X,27_05-2013_10_05-09_59-K3-10X.jpeg,C:\Users\ASUS\Desktop\Ders\blg521\data\27.05\2013\K3\10X\27_05-2013_10_05-09_59-K3-10X.jpeg,TRUNCATED,JPEG missing standard EOI marker \xFF\xD9,0,0,0.00,0.00,0.00
27.05\2013\K3\10X,27_05-2013_10_06-10_12-K3-10X.jpeg,C:\Users\ASUS\Desktop\Ders\blg521\data\27.05\2013\K3\10X\27_05-2013_10_06-10_12-K3-10X.jpeg,TRUNCATED,JPEG missing standard EOI marker \xFF\xD9,0,0,0.00,0.00,0.00
27.05\2013\K3\10X,27_05-2013_10_07-09_59-K3-10X.jpeg,C:\Users\ASUS\Desktop\Ders\blg521\data\27.05\2013\K3\10X\27_05-2013_10_07-09_59-K3-10X.jpeg,TRUNCATED,JPEG missing standard EOI marker \xFF\xD9,0,0,0.00,0.00,0.00
27.05\2013\K3\10X,27_05-2013_10_08-10_16-K3-10X.jpeg,C:\Users\ASUS\Desktop\Ders\blg521\data\27.05\2013\K3\10X\27_05-2013_10_08-10_16-K3-10X.jpeg,TRUNCATED,JPEG missing standard EOI marker \xFF\xD9,0,0,0.00,0.00,0.00
27.05\2013\K3\10X,27_05-2013_10_12-09_48-K3-10X.jpeg,C:\Users\ASUS\Desktop\Ders\blg521\data\27.05\2013\K3\10X\27_05-2013_10_12-09_48-K3-10X.jpeg,TRUNCATED,JPEG missing standard EOI marker \xFF\xD9,0,0,0.00,0.00,0.00
27.05\2013\K3\10X,27_05-2013_10_13-10_01-K3-10X.jpeg,C:\Users\ASUS\Desktop\Ders\blg521\data\27.05\2013\K3\10X\27_05-2013_10_13-10_01-K3-10X.jpeg,TRUNCATED,JPEG missing standard EOI marker \xFF\xD9,0,0,0.00,0.00,0.00
27.05\2013\K3\10X,27_05-2013_10_22-10_13-K3-10X.jpeg,C:\Users\ASUS\Desktop\Ders\blg521\data\27.05\2013\K3\10X\27_05-2013_10_22-10_13-K3-10X.jpeg,TRUNCATED,JPEG missing standard EOI marker \xFF\xD9,0,0,0.00,0.00,0.00
27.05\2013\K3\10X,27_05-2013_10_23-09_53-K3-10X.jpeg,C:\Users\ASUS\Desktop\Ders\blg521\data\27.05\2013\K3\10X\27_05-2013_10_23-09_53-K3-10X.jpeg,TRUNCATED,JPEG missing standard EOI marker \xFF\xD9,0,0,0.00,0.00,0.00
27.05\2013\K3\10X,27_05-2013_10_24-10_05-K3-10X.jpeg,C:\Users\ASUS\Desktop\Ders\blg521\data\27.05\2013\K3\10X\27_05-2013_10_24-10_05-K3-10X.jpeg,TRUNCATED,JPEG missing standard EOI marker \xFF\xD9,0,0,0.00,0.00,0.00
27.05\2013\K3\10X,27_05-2013_10_26-09_56-K3-10X.jpeg,C:\Users\ASUS\Desktop\Ders\blg521\data\27.05\2013\K3\10X\27_05-2013_10_26-09_56-K3-10X.jpeg,TRUNCATED,JPEG missing standard EOI marker \xFF\xD9,0,0,0.00,0.00,0.00
27.05\2013\K3\10X,27_05-2013_10_27-10_10-K3-10X.jpeg,C:\Users\ASUS\Desktop\Ders\blg521\data\27.05\2013\K3\10X\27_05-2013_10_27-10_10-K3-10X.jpeg,TRUNCATED,JPEG missing standard EOI marker \xFF\xD9,0,0,0.00,0.00,0.00
27.05\2013\K3\10X,27_05-2013_10_29-10_00-K3-10X.jpeg,C:\Users\ASUS\Desktop\Ders\blg521\data\27.05\2013\K3\10X\27_05-2013_10_29-10_00-K3-10X.jpeg,TRUNCATED,JPEG missing standard EOI marker \xFF\xD9,0,0,0.00,0.00,0.00
27.05\2013\K3\10X,27_05-2013_10_30-10_13-K3-10X.jpeg,C:\Users\ASUS\Desktop\Ders\blg521\data\27.05\2013\K3\10X\27_05-2013_10_30-10_13-K3-10X.jpeg,TRUNCATED,JPEG missing standard EOI marker \xFF\xD9,0,0,0.00,0.00,0.00
27.05\2013\K3\10X,27_05-2013_10_31-09_47-K3-10X.jpeg,C:\Users\ASUS\Desktop\Ders\blg521\data\27.05\2013\K3\10X\27_05-2013_10_31-09_47-K3-10X.jpeg,TRUNCATED,JPEG missing standard EOI marker \xFF\xD9,0,0,0.00,0.00,0.00
27.05\2013\K3\10X,27_05-2013_11_01-09_51-K3-10X.jpeg,C:\Users\ASUS\Desktop\Ders\blg521\data\27.05\2013\K3\10X\27_05-2013_11_01-09_51-K3-10X.jpeg,TRUNCATED,JPEG missing standard EOI marker \xFF\xD9,0,0,0.00,0.00,0.00
27.05\2013\K3\10X,27_05-2013_11_02-09_27-K3-10X.jpeg,C:\Users\ASUS\Desktop\Ders\blg521\data\27.05\2013\K3\10X\27_05-2013_11_02-09_27-K3-10X.jpeg,TRUNCATED,JPEG missing standard EOI marker \xFF\xD9,0,0,0.00,0.00,0.00
27.05\2013\K3\10X,27_05-2013_11_03-09_49-K3-10X.jpeg,C:\Users\ASUS\Desktop\Ders\blg521\data\27.05\2013\K3\10X\27_05-2013_11_03-09_49-K3-10X.jpeg,TRUNCATED,JPEG missing standard EOI marker \xFF\xD9,0,0,0.00,0.00,0.00
27.05\2013\K3\10X,27_05-2013_11_04-09_59-K3-10X.jpeg,C:\Users\ASUS\Desktop\Ders\blg521\data\27.05\2013\K3\10X\27_05-2013_11_04-09_59-K3-10X.jpeg,TRUNCATED,JPEG missing standard EOI marker \xFF\xD9,0,0,0.00,0.00,0.00
27.05\2013\K3\10X,27_05-2013_11_06-09_52-K3-10X.jpeg,C:\Users\ASUS\Desktop\Ders\blg521\data\27.05\2013\K3\10X\27_05-2013_11_06-09_52-K3-10X.jpeg,TRUNCATED,JPEG missing standard EOI marker \xFF\xD9,0,0,0.00,0.00,0.00
27.05\2013\K3\10X,27_05-2013_11_10-09_54-K3-10X.jpeg,C:\Users\ASUS\Desktop\Ders\blg521\data\27.05\2013\K3\10X\27_05-2013_11_10-09_54-K3-10X.jpeg,TRUNCATED,JPEG missing standard EOI marker \xFF\xD9,0,0,0.00,0.00,0.00
27.05\2013\K3\10X,27_05-2013_11_16-09_49-K3-10X.jpeg,C:\Users\ASUS\Desktop\Ders\blg521\data\27.05\2013\K3\10X\27_05-2013_11_16-09_49-K3-10X.jpeg,TRUNCATED,JPEG missing standard EOI marker \xFF\xD9,0,0,0.00,0.00,0.00
27.05\2013\K3\10X,27_05-2013_11_20-10_08-K3-10X.jpeg,C:\Users\ASUS\Desktop\Ders\blg521\data\27.05\2013\K3\10X\27_05-2013_11_20-10_08-K3-10X.jpeg,TRUNCATED,JPEG missing standard EOI marker \xFF\xD9,0,0,0.00,0.00,0.00
27.05\2013\K3\10X,27_05-2013_11_22-10_04-K3-10X.jpeg,C:\Users\ASUS\Desktop\Ders\blg521\data\27.05\2013\K3\10X\27_05-2013_11_22-10_04-K3-10X.jpeg,TRUNCATED,JPEG missing standard EOI marker \xFF\xD9,0,0,0.00,0.00,0.00
27.05\2013\K3\10X,27_05-2013_11_23-09_59-K3-10X.jpeg,C:\Users\ASUS\Desktop\Ders\blg521\data\27.05\2013\K3\10X\27_05-2013_11_23-09_59-K3-10X.jpeg,TRUNCATED,JPEG missing standard EOI marker \xFF\xD9,0,0,0.00,0.00,0.00
27.05\2013\K3\10X,27_05-2013_11_29-10_16-K3-10X.jpeg,C:\Users\ASUS\Desktop\Ders\blg521\data\27.05\2013\K3\10X\27_05-2013_11_29-10_16-K3-10X.jpeg,TRUNCATED,JPEG missing standard EOI marker \xFF\xD9,0,0,0.00,0.00,0.00
27.05\2013\K3\10X,27_05-2013_12_01-10_02-K3-10X.jpeg,C:\Users\ASUS\Desktop\Ders\blg521\data\27.05\2013\K3\10X\27_05-2013_12_01-10_02-K3-10X.jpeg,TRUNCATED,JPEG missing standard EOI marker \xFF\xD9,0,0,0.00,0.00,0.00
27.05\2013\K3\10X,27_05-2013_12_10-09_47-K3-10X.jpeg,C:\Users\ASUS\Desktop\Ders\blg521\data\27.05\2013\K3\10X\27_05-2013_12_10-09_47-K3-10X.jpeg,TRUNCATED,JPEG missing standard EOI marker \xFF\xD9,0,0,0.00,0.00,0.00
27.05\2013\K3\10X,27_05-2013_12_11-10_11-K3-10X.jpeg,C:\Users\ASUS\Desktop\Ders\blg521\data\27.05\2013\K3\10X\27_05-2013_12_11-10_11-K3-10X.jpeg,BLURRED,Very blurry (Laplacian variance: 6.37),2288,1712,110.77,14.91,6.37
27.05\2013\K3\10X,27_05-2013_12_12-10_04-K3-10X.jpeg,C:\Users\ASUS\Desktop\Ders\blg521\data\27.05\2013\K3\10X\27_05-2013_12_12-10_04-K3-10X.jpeg,BLURRED,Very blurry (Laplacian variance: 40.79),2288,1712,103.37,8.52,40.79
27.05\2013\K3\10X,27_05-2013_12_22-10_02-K3-10X.jpeg,C:\Users\ASUS\Desktop\Ders\blg521\data\27.05\2013\K3\10X\27_05-2013_12_22-10_02-K3-10X.jpeg,TRUNCATED,JPEG missing standard EOI marker \xFF\xD9,0,0,0.00,0.00,0.00
27.05\2013\K3\10X,27_05-2013_12_30-09_53-K3-10X.jpeg,C:\Users\ASUS\Desktop\Ders\blg521\data\27.05\2013\K3\10X\27_05-2013_12_30-09_53-K3-10X.jpeg,BLURRED,Very blurry (Laplacian variance: 16.04),2288,1712,102.70,10.69,16.04
27.05\2013\K3\1X,27_05-2013_05_21-10_08-K3-1X.jpeg,C:\Users\ASUS\Desktop\Ders\blg521\data\27.05\2013\K3\1X\27_05-2013_05_21-10_08-K3-1X.jpeg,TRUNCATED,JPEG missing standard EOI marker \xFF\xD9,0,0,0.00,0.00,0.00
27.05\2013\K3\1X,27_05-2013_05_23-09_57-K3-1X.jpeg,C:\Users\ASUS\Desktop\Ders\blg521\data\27.05\2013\K3\1X\27_05-2013_05_23-09_57-K3-1X.jpeg,TRUNCATED,JPEG missing standard EOI marker \xFF\xD9,0,0,0.00,0.00,0.00
27.05\2013\K3\1X,27_05-2013_05_24-10_10-K3-1X.jpeg,C:\Users\ASUS\Desktop\Ders\blg521\data\27.05\2013\K3\1X\27_05-2013_05_24-10_10-K3-1X.jpeg,TRUNCATED,JPEG missing standard EOI marker \xFF\xD9,0,0,0.00,0.00,0.00
27.05\2013\K3\1X,27_05-2013_05_25-09_52-K3-1X.jpeg,C:\Users\ASUS\Desktop\Ders\blg521\data\27.05\2013\K3\1X\27_05-2013_05_25-09_52-K3-1X.jpeg,TRUNCATED,JPEG missing standard EOI marker \xFF\xD9,0,0,0.00,0.00,0.00
27.05\2013\K3\1X,27_05-2013_05_27-09_54-K3-1X.jpeg,C:\Users\ASUS\Desktop\Ders\blg521\data\27.05\2013\K3\1X\27_05-2013_05_27-09_54-K3-1X.jpeg,TRUNCATED,JPEG missing standard EOI marker \xFF\xD9,0,0,0.00,0.00,0.00
27.05\2013\K3\1X,27_05-2013_05_30-09_47-K3-1X.jpeg,C:\Users\ASUS\Desktop\Ders\blg521\data\27.05\2013\K3\1X\27_05-2013_05_30-09_47-K3-1X.jpeg,TRUNCATED,JPEG missing standard EOI marker \xFF\xD9,0,0,0.00,0.00,0.00
27.05\2013\K3\1X,27_05-2013_05_31-11_09-K3-1X.jpeg,C:\Users\ASUS\Desktop\Ders\blg521\data\27.05\2013\K3\1X\27_05-2013_05_31-11_09-K3-1X.jpeg,TRUNCATED,JPEG missing standard EOI marker \xFF\xD9,0,0,0.00,0.00,0.00
27.05\2013\K3\1X,27_05-2013_06_02-10_06-K3-1X.jpeg,C:\Users\ASUS\Desktop\Ders\blg521\data\27.05\2013\K3\1X\27_05-2013_06_02-10_06-K3-1X.jpeg,TRUNCATED,JPEG missing standard EOI marker \xFF\xD9,0,0,0.00,0.00,0.00
27.05\2013\K3\1X,27_05-2013_06_03-09_49-K3-1X.jpeg,C:\Users\ASUS\Desktop\Ders\blg521\data\27.05\2013\K3\1X\27_05-2013_06_03-09_49-K3-1X.jpeg,TRUNCATED,JPEG missing standard EOI marker \xFF\xD9,0,0,0.00,0.00,0.00
27.05\2013\K3\1X,27_05-2013_06_04-10_09-K3-1X.jpeg,C:\Users\ASUS\Desktop\Ders\blg521\data\27.05\2013\K3\1X\27_05-2013_06_04-10_09-K3-1X.jpeg,TRUNCATED,JPEG missing standard EOI marker \xFF\xD9,0,0,0.00,0.00,0.00
27.05\2013\K3\1X,27_05-2013_06_07-09_58-K3-1X.jpeg,C:\Users\ASUS\Desktop\Ders\blg521\data\27.05\2013\K3\1X\27_05-2013_06_07-09_58-K3-1X.jpeg,TRUNCATED,JPEG missing standard EOI marker \xFF\xD9,0,0,0.00,0.00,0.00
27.05\2013\K3\1X,27_05-2013_06_09-09_52-K3-1X.jpeg,C:\Users\ASUS\Desktop\Ders\blg521\data\27.05\2013\K3\1X\27_05-2013_06_09-09_52-K3-1X.jpeg,TRUNCATED,JPEG missing standard EOI marker \xFF\xD9,0,0,0.00,0.00,0.00
27.05\2013\K3\1X,27_05-2013_06_13-10_05-K3-1X.jpeg,C:\Users\ASUS\Desktop\Ders\blg521\data\27.05\2013\K3\1X\27_05-2013_06_13-10_05-K3-1X.jpeg,TRUNCATED,JPEG missing standard EOI marker \xFF\xD9,0,0,0.00,0.00,0.00
27.05\2013\K3\1X,27_05-2013_06_14-10_15-K3-1X.jpeg,C:\Users\ASUS\Desktop\Ders\blg521\data\27.05\2013\K3\1X\27_05-2013_06_14-10_15-K3-1X.jpeg,TRUNCATED,JPEG missing standard EOI marker \xFF\xD9,0,0,0.00,0.00,0.00
27.05\2013\K3\1X,27_05-2013_06_15-09_52-K3-1X.jpeg,C:\Users\ASUS\Desktop\Ders\blg521\data\27.05\2013\K3\1X\27_05-2013_06_15-09_52-K3-1X.jpeg,TRUNCATED,JPEG missing standard EOI marker \xFF\xD9,0,0,0.00,0.00,0.00
27.05\2013\K3\1X,27_05-2013_06_16-10_01-K3-1X.jpeg,C:\Users\ASUS\Desktop\Ders\blg521\data\27.05\2013\K3\1X\27_05-2013_06_16-10_01-K3-1X.jpeg,TRUNCATED,JPEG missing standard EOI marker \xFF\xD9,0,0,0.00,0.00,0.00
27.05\2013\K3\1X,27_05-2013_06_19-09_47-K3-1X.jpeg,C:\Users\ASUS\Desktop\Ders\blg521\data\27.05\2013\K3\1X\27_05-2013_06_19-09_47-K3-1X.jpeg,TRUNCATED,JPEG missing standard EOI marker \xFF\xD9,0,0,0.00,0.00,0.00
27.05\2013\K3\1X,27_05-2013_06_20-10_08-K3-1X.jpeg,C:\Users\ASUS\Desktop\Ders\blg521\data\27.05\2013\K3\1X\27_05-2013_06_20-10_08-K3-1X.jpeg,TRUNCATED,JPEG missing standard EOI marker \xFF\xD9,0,0,0.00,0.00,0.00
27.05\2013\K3\1X,27_05-2013_06_21-09_57-K3-1X.jpeg,C:\Users\ASUS\Desktop\Ders\blg521\data\27.05\2013\K3\1X\27_05-2013_06_21-09_57-K3-1X.jpeg,TRUNCATED,JPEG missing standard EOI marker \xFF\xD9,0,0,0.00,0.00,0.00
27.05\2013\K3\1X,27_05-2013_06_23-09_56-K3-1X.jpeg,C:\Users\ASUS\Desktop\Ders\blg521\data\27.05\2013\K3\1X\27_05-2013_06_23-09_56-K3-1X.jpeg,TRUNCATED,JPEG missing standard EOI marker \xFF\xD9,0,0,0.00,0.00,0.00
27.05\2013\K3\1X,27_05-2013_06_24-10_01-K3-1X.jpeg,C:\Users\ASUS\Desktop\Ders\blg521\data\27.05\2013\K3\1X\27_05-2013_06_24-10_01-K3-1X.jpeg,TRUNCATED,JPEG missing standard EOI marker \xFF\xD9,0,0,0.00,0.00,0.00
27.05\2013\K3\1X,27_05-2013_06_25-10_16-K3-1X.jpeg,C:\Users\ASUS\Desktop\Ders\blg521\data\27.05\2013\K3\1X\27_05-2013_06_25-10_16-K3-1X.jpeg,TRUNCATED,JPEG missing standard EOI marker \xFF\xD9,0,0,0.00,0.00,0.00
27.05\2013\K3\1X,27_05-2013_06_26-09_52-K3-1X.jpeg,C:\Users\ASUS\Desktop\Ders\blg521\data\27.05\2013\K3\1X\27_05-2013_06_26-09_52-K3-1X.jpeg,TRUNCATED,JPEG missing standard EOI marker \xFF\xD9,0,0,0.00,0.00,0.00
27.05\2013\K3\1X,27_05-2013_06_27-10_06-K3-1X.jpeg,C:\Users\ASUS\Desktop\Ders\blg521\data\27.05\2013\K3\1X\27_05-2013_06_27-10_06-K3-1X.jpeg,TRUNCATED,JPEG missing standard EOI marker \xFF\xD9,0,0,0.00,0.00,0.00
27.05\2013\K3\1X,27_05-2013_06_28-10_14-K3-1X.jpeg,C:\Users\ASUS\Desktop\Ders\blg521\data\27.05\2013\K3\1X\27_05-2013_06_28-10_14-K3-1X.jpeg,TRUNCATED,JPEG missing standard EOI marker \xFF\xD9,0,0,0.00,0.00,0.00
27.05\2013\K3\1X,27_05-2013_06_29-10_01-K3-1X.jpeg,C:\Users\ASUS\Desktop\Ders\blg521\data\27.05\2013\K3\1X\27_05-2013_06_29-10_01-K3-1X.jpeg,TRUNCATED,JPEG missing standard EOI marker \xFF\xD9,0,0,0.00,0.00,0.00
27.05\2013\K3\1X,27_05-2013_06_30-10_15-K3-1X.jpeg,C:\Users\ASUS\Desktop\Ders\blg521\data\27.05\2013\K3\1X\27_05-2013_06_30-10_15-K3-1X.jpeg,TRUNCATED,JPEG missing standard EOI marker \xFF\xD9,0,0,0.00,0.00,0.00
27.05\2013\K3\1X,27_05-2013_07_01-09_59-K3-1X.jpeg,C:\Users\ASUS\Desktop\Ders\blg521\data\27.05\2013\K3\1X\27_05-2013_07_01-09_59-K3-1X.jpeg,TRUNCATED,JPEG missing standard EOI marker \xFF\xD9,0,0,0.00,0.00,0.00
27.05\2013\K3\1X,27_05-2013_07_02-10_13-K3-1X.jpeg,C:\Users\ASUS\Desktop\Ders\blg521\data\27.05\2013\K3\1X\27_05-2013_07_02-10_13-K3-1X.jpeg,TRUNCATED,JPEG missing standard EOI marker \xFF\xD9,0,0,0.00,0.00,0.00
27.05\2013\K3\1X,27_05-2013_07_03-09_56-K3-1X.jpeg,C:\Users\ASUS\Desktop\Ders\blg521\data\27.05\2013\K3\1X\27_05-2013_07_03-09_56-K3-1X.jpeg,TRUNCATED,JPEG missing standard EOI marker \xFF\xD9,0,0,0.00,0.00,0.00
27.05\2013\K3\1X,27_05-2013_07_05-10_00-K3-1X.jpeg,C:\Users\ASUS\Desktop\Ders\blg521\data\27.05\2013\K3\1X\27_05-2013_07_05-10_00-K3-1X.jpeg,TRUNCATED,JPEG missing standard EOI marker \xFF\xD9,0,0,0.00,0.00,0.00
27.05\2013\K3\1X,27_05-2013_07_14-10_08-K3-1X.jpeg,C:\Users\ASUS\Desktop\Ders\blg521\data\27.05\2013\K3\1X\27_05-2013_07_14-10_08-K3-1X.jpeg,TRUNCATED,JPEG missing standard EOI marker \xFF\xD9,0,0,0.00,0.00,0.00
27.05\2013\K3\1X,27_05-2013_07_19-10_11-K3-1X.jpeg,C:\Users\ASUS\Desktop\Ders\blg521\data\27.05\2013\K3\1X\27_05-2013_07_19-10_11-K3-1X.jpeg,TRUNCATED,JPEG missing standard EOI marker \xFF\xD9,0,0,0.00,0.00,0.00
27.05\2013\K3\1X,27_05-2013_07_20-10_08-K3-1X.jpeg,C:\Users\ASUS\Desktop\Ders\blg521\data\27.05\2013\K3\1X\27_05-2013_07_20-10_08-K3-1X.jpeg,TRUNCATED,JPEG missing standard EOI marker \xFF\xD9,0,0,0.00,0.00,0.00
27.05\2013\K3\1X,27_05-2013_07_21-10_06-K3-1X.jpeg,C:\Users\ASUS\Desktop\Ders\blg521\data\27.05\2013\K3\1X\27_05-2013_07_21-10_06-K3-1X.jpeg,TRUNCATED,JPEG missing standard EOI marker \xFF\xD9,0,0,0.00,0.00,0.00
27.05\2013\K3\1X,27_05-2013_07_22-10_02-K3-1X.jpeg,C:\Users\ASUS\Desktop\Ders\blg521\data\27.05\2013\K3\1X\27_05-2013_07_22-10_02-K3-1X.jpeg,TRUNCATED,JPEG missing standard EOI marker \xFF\xD9,0,0,0.00,0.00,0.00
27.05\2013\K3\1X,27_05-2013_07_24-09_54-K3-1X.jpeg,C:\Users\ASUS\Desktop\Ders\blg521\data\27.05\2013\K3\1X\27_05-2013_07_24-09_54-K3-1X.jpeg,TRUNCATED,JPEG missing standard EOI marker \xFF\xD9,0,0,0.00,0.00,0.00
27.05\2013\K3\1X,27_05-2013_07_25-09_50-K3-1X.jpeg,C:\Users\ASUS\Desktop\Ders\blg521\data\27.05\2013\K3\1X\27_05-2013_07_25-09_50-K3-1X.jpeg,TRUNCATED,JPEG missing standard EOI marker \xFF\xD9,0,0,0.00,0.00,0.00
27.05\2013\K3\1X,27_05-2013_07_26-10_08-K3-1X.jpeg,C:\Users\ASUS\Desktop\Ders\blg521\data\27.05\2013\K3\1X\27_05-2013_07_26-10_08-K3-1X.jpeg,TRUNCATED,JPEG missing standard EOI marker \xFF\xD9,0,0,0.00,0.00,0.00
27.05\2013\K3\1X,27_05-2013_07_28-09_51-K3-1X.jpeg,C:\Users\ASUS\Desktop\Ders\blg521\data\27.05\2013\K3\1X\27_05-2013_07_28-09_51-K3-1X.jpeg,TRUNCATED,JPEG missing standard EOI marker \xFF\xD9,0,0,0.00,0.00,0.00
27.05\2013\K3\1X,27_05-2013_07_31-09_53-K3-1X.jpeg,C:\Users\ASUS\Desktop\Ders\blg521\data\27.05\2013\K3\1X\27_05-2013_07_31-09_53-K3-1X.jpeg,TRUNCATED,JPEG missing standard EOI marker \xFF\xD9,0,0,0.00,0.00,0.00
27.05\2013\K3\1X,27_05-2013_08_01-10_11-K3-1X.jpeg,C:\Users\ASUS\Desktop\Ders\blg521\data\27.05\2013\K3\1X\27_05-2013_08_01-10_11-K3-1X.jpeg,TRUNCATED,JPEG missing standard EOI marker \xFF\xD9,0,0,0.00,0.00,0.00
27.05\2013\K3\1X,27_05-2013_08_03-09_48-K3-1X.jpeg,C:\Users\ASUS\Desktop\Ders\blg521\data\27.05\2013\K3\1X\27_05-2013_08_03-09_48-K3-1X.jpeg,TRUNCATED,JPEG missing standard EOI marker \xFF\xD9,0,0,0.00,0.00,0.00
27.05\2013\K3\1X,27_05-2013_08_06-09_55-K3-1X.jpeg,C:\Users\ASUS\Desktop\Ders\blg521\data\27.05\2013\K3\1X\27_05-2013_08_06-09_55-K3-1X.jpeg,TRUNCATED,JPEG missing standard EOI marker \xFF\xD9,0,0,0.00,0.00,0.00
27.05\2013\K3\1X,27_05-2013_08_09-09_46-K3-1X.jpeg,C:\Users\ASUS\Desktop\Ders\blg521\data\27.05\2013\K3\1X\27_05-2013_08_09-09_46-K3-1X.jpeg,TRUNCATED,JPEG missing standard EOI marker \xFF\xD9,0,0,0.00,0.00,0.00
27.05\2013\K3\1X,27_05-2013_08_10-10_10-K3-1X.jpeg,C:\Users\ASUS\Desktop\Ders\blg521\data\27.05\2013\K3\1X\27_05-2013_08_10-10_10-K3-1X.jpeg,TRUNCATED,JPEG missing standard EOI marker \xFF\xD9,0,0,0.00,0.00,0.00
27.05\2013\K3\1X,27_05-2013_08_11-10_01-K3-1X.jpeg,C:\Users\ASUS\Desktop\Ders\blg521\data\27.05\2013\K3\1X\27_05-2013_08_11-10_01-K3-1X.jpeg,TRUNCATED,JPEG missing standard EOI marker \xFF\xD9,0,0,0.00,0.00,0.00
27.05\2013\K3\1X,27_05-2013_08_14-09_49-K3-1X.jpeg,C:\Users\ASUS\Desktop\Ders\blg521\data\27.05\2013\K3\1X\27_05-2013_08_14-09_49-K3-1X.jpeg,TRUNCATED,JPEG missing standard EOI marker \xFF\xD9,0,0,0.00,0.00,0.00
27.05\2013\K3\1X,27_05-2013_08_15-09_58-K3-1X.jpeg,C:\Users\ASUS\Desktop\Ders\blg521\data\27.05\2013\K3\1X\27_05-2013_08_15-09_58-K3-1X.jpeg,TRUNCATED,JPEG missing standard EOI marker \xFF\xD9,0,0,0.00,0.00,0.00
27.05\2013\K3\1X,27_05-2013_08_18-10_11-K3-1X.jpeg,C:\Users\ASUS\Desktop\Ders\blg521\data\27.05\2013\K3\1X\27_05-2013_08_18-10_11-K3-1X.jpeg,TRUNCATED,JPEG missing standard EOI marker \xFF\xD9,0,0,0.00,0.00,0.00
27.05\2013\K3\1X,27_05-2013_08_21-09_49-K3-1X.jpeg,C:\Users\ASUS\Desktop\Ders\blg521\data\27.05\2013\K3\1X\27_05-2013_08_21-09_49-K3-1X.jpeg,TRUNCATED,JPEG missing standard EOI marker \xFF\xD9,0,0,0.00,0.00,0.00
27.05\2013\K3\1X,27_05-2013_08_23-09_52-K3-1X.jpeg,C:\Users\ASUS\Desktop\Ders\blg521\data\27.05\2013\K3\1X\27_05-2013_08_23-09_52-K3-1X.jpeg,TRUNCATED,JPEG missing standard EOI marker \xFF\xD9,0,0,0.00,0.00,0.00
27.05\2013\K3\1X,27_05-2013_08_24-09_53-K3-1X.jpeg,C:\Users\ASUS\Desktop\Ders\blg521\data\27.05\2013\K3\1X\27_05-2013_08_24-09_53-K3-1X.jpeg,TRUNCATED,JPEG missing standard EOI marker \xFF\xD9,0,0,0.00,0.00,0.00
27.05\2013\K3\1X,27_05-2013_08_25-10_09-K3-1X.jpeg,C:\Users\ASUS\Desktop\Ders\blg521\data\27.05\2013\K3\1X\27_05-2013_08_25-10_09-K3-1X.jpeg,TRUNCATED,JPEG missing standard EOI marker \xFF\xD9,0,0,0.00,0.00,0.00
27.05\2013\K3\1X,27_05-2013_08_26-09_52-K3-1X.jpeg,C:\Users\ASUS\Desktop\Ders\blg521\data\27.05\2013\K3\1X\27_05-2013_08_26-09_52-K3-1X.jpeg,TRUNCATED,JPEG missing standard EOI marker \xFF\xD9,0,0,0.00,0.00,0.00
27.05\2013\K3\1X,27_05-2013_10_03-09_47-K3-1X.jpeg,C:\Users\ASUS\Desktop\Ders\blg521\data\27.05\2013\K3\1X\27_05-2013_10_03-09_47-K3-1X.jpeg,TRUNCATED,JPEG missing standard EOI marker \xFF\xD9,0,0,0.00,0.00,0.00
27.05\2013\K3\1X,27_05-2013_10_04-10_15-K3-1X.jpeg,C:\Users\ASUS\Desktop\Ders\blg521\data\27.05\2013\K3\1X\27_05-2013_10_04-10_15-K3-1X.jpeg,TRUNCATED,JPEG missing standard EOI marker \xFF\xD9,0,0,0.00,0.00,0.00
27.05\2013\K3\1X,27_05-2013_10_05-10_01-K3-1X.jpeg,C:\Users\ASUS\Desktop\Ders\blg521\data\27.05\2013\K3\1X\27_05-2013_10_05-10_01-K3-1X.jpeg,TRUNCATED,JPEG missing standard EOI marker \xFF\xD9,0,0,0.00,0.00,0.00
27.05\2013\K3\1X,27_05-2013_10_06-10_13-K3-1X.jpeg,C:\Users\ASUS\Desktop\Ders\blg521\data\27.05\2013\K3\1X\27_05-2013_10_06-10_13-K3-1X.jpeg,TRUNCATED,JPEG missing standard EOI marker \xFF\xD9,0,0,0.00,0.00,0.00
27.05\2013\K3\1X,27_05-2013_10_07-10_01-K3-1X.jpeg,C:\Users\ASUS\Desktop\Ders\blg521\data\27.05\2013\K3\1X\27_05-2013_10_07-10_01-K3-1X.jpeg,TRUNCATED,JPEG missing standard EOI marker \xFF\xD9,0,0,0.00,0.00,0.00
27.05\2013\K3\1X,27_05-2013_10_08-09_45-K3-1X.jpeg,C:\Users\ASUS\Desktop\Ders\blg521\data\27.05\2013\K3\1X\27_05-2013_10_08-09_45-K3-1X.jpeg,TRUNCATED,JPEG missing standard EOI marker \xFF\xD9,0,0,0.00,0.00,0.00
27.05\2013\K3\1X,27_05-2013_10_12-09_49-K3-1X.jpeg,C:\Users\ASUS\Desktop\Ders\blg521\data\27.05\2013\K3\1X\27_05-2013_10_12-09_49-K3-1X.jpeg,TRUNCATED,JPEG missing standard EOI marker \xFF\xD9,0,0,0.00,0.00,0.00
27.05\2013\K3\1X,27_05-2013_10_13-10_02-K3-1X.jpeg,C:\Users\ASUS\Desktop\Ders\blg521\data\27.05\2013\K3\1X\27_05-2013_10_13-10_02-K3-1X.jpeg,TRUNCATED,JPEG missing standard EOI marker \xFF\xD9,0,0,0.00,0.00,0.00
27.05\2013\K3\1X,27_05-2013_10_22-10_14-K3-1X.jpeg,C:\Users\ASUS\Desktop\Ders\blg521\data\27.05\2013\K3\1X\27_05-2013_10_22-10_14-K3-1X.jpeg,TRUNCATED,JPEG missing standard EOI marker \xFF\xD9,0,0,0.00,0.00,0.00
27.05\2013\K3\1X,27_05-2013_10_23-09_54-K3-1X.jpeg,C:\Users\ASUS\Desktop\Ders\blg521\data\27.05\2013\K3\1X\27_05-2013_10_23-09_54-K3-1X.jpeg,TRUNCATED,JPEG missing standard EOI marker \xFF\xD9,0,0,0.00,0.00,0.00
27.05\2013\K3\1X,27_05-2013_10_24-10_06-K3-1X.jpeg,C:\Users\ASUS\Desktop\Ders\blg521\data\27.05\2013\K3\1X\27_05-2013_10_24-10_06-K3-1X.jpeg,TRUNCATED,JPEG missing standard EOI marker \xFF\xD9,0,0,0.00,0.00,0.00
27.05\2013\K3\1X,27_05-2013_10_26-09_56-K3-1X.jpeg,C:\Users\ASUS\Desktop\Ders\blg521\data\27.05\2013\K3\1X\27_05-2013_10_26-09_56-K3-1X.jpeg,TRUNCATED,JPEG missing standard EOI marker \xFF\xD9,0,0,0.00,0.00,0.00
27.05\2013\K3\1X,27_05-2013_10_27-10_11-K3-1X.jpeg,C:\Users\ASUS\Desktop\Ders\blg521\data\27.05\2013\K3\1X\27_05-2013_10_27-10_11-K3-1X.jpeg,TRUNCATED,JPEG missing standard EOI marker \xFF\xD9,0,0,0.00,0.00,0.00
27.05\2013\K3\1X,27_05-2013_10_29-10_01-K3-1X.jpeg,C:\Users\ASUS\Desktop\Ders\blg521\data\27.05\2013\K3\1X\27_05-2013_10_29-10_01-K3-1X.jpeg,TRUNCATED,JPEG missing standard EOI marker \xFF\xD9,0,0,0.00,0.00,0.00
27.05\2013\K3\1X,27_05-2013_10_30-10_14-K3-1X.jpeg,C:\Users\ASUS\Desktop\Ders\blg521\data\27.05\2013\K3\1X\27_05-2013_10_30-10_14-K3-1X.jpeg,TRUNCATED,JPEG missing standard EOI marker \xFF\xD9,0,0,0.00,0.00,0.00
27.05\2013\K3\1X,27_05-2013_10_31-09_48-K3-1X.jpeg,C:\Users\ASUS\Desktop\Ders\blg521\data\27.05\2013\K3\1X\27_05-2013_10_31-09_48-K3-1X.jpeg,TRUNCATED,JPEG missing standard EOI marker \xFF\xD9,0,0,0.00,0.00,0.00
27.05\2013\K3\1X,27_05-2013_11_01-09_52-K3-1X.jpeg,C:\Users\ASUS\Desktop\Ders\blg521\data\27.05\2013\K3\1X\27_05-2013_11_01-09_52-K3-1X.jpeg,TRUNCATED,JPEG missing standard EOI marker \xFF\xD9,0,0,0.00,0.00,0.00
27.05\2013\K3\1X,27_05-2013_11_03-09_50-K3-1X.jpeg,C:\Users\ASUS\Desktop\Ders\blg521\data\27.05\2013\K3\1X\27_05-2013_11_03-09_50-K3-1X.jpeg,TRUNCATED,JPEG missing standard EOI marker \xFF\xD9,0,0,0.00,0.00,0.00
27.05\2013\K3\1X,27_05-2013_11_04-10_00-K3-1X.jpeg,C:\Users\ASUS\Desktop\Ders\blg521\data\27.05\2013\K3\1X\27_05-2013_11_04-10_00-K3-1X.jpeg,TRUNCATED,JPEG missing standard EOI marker \xFF\xD9,0,0,0.00,0.00,0.00
27.05\2013\K3\1X,27_05-2013_11_06-09_53-K3-1X.jpeg,C:\Users\ASUS\Desktop\Ders\blg521\data\27.05\2013\K3\1X\27_05-2013_11_06-09_53-K3-1X.jpeg,TRUNCATED,JPEG missing standard EOI marker \xFF\xD9,0,0,0.00,0.00,0.00
27.05\2013\K3\1X,27_05-2013_11_10-09_55-K3-1X.jpeg,C:\Users\ASUS\Desktop\Ders\blg521\data\27.05\2013\K3\1X\27_05-2013_11_10-09_55-K3-1X.jpeg,TRUNCATED,JPEG missing standard EOI marker \xFF\xD9,0,0,0.00,0.00,0.00
27.05\2013\K3\1X,27_05-2013_11_16-09_50-K3-1X.jpeg,C:\Users\ASUS\Desktop\Ders\blg521\data\27.05\2013\K3\1X\27_05-2013_11_16-09_50-K3-1X.jpeg,TRUNCATED,JPEG missing standard EOI marker \xFF\xD9,0,0,0.00,0.00,0.00
27.05\2013\K3\1X,27_05-2013_11_20-10_08-K3-1X.jpeg,C:\Users\ASUS\Desktop\Ders\blg521\data\27.05\2013\K3\1X\27_05-2013_11_20-10_08-K3-1X.jpeg,TRUNCATED,JPEG missing standard EOI marker \xFF\xD9,0,0,0.00,0.00,0.00
27.05\2013\K3\1X,27_05-2013_11_23-10_00-K3-1X.jpeg,C:\Users\ASUS\Desktop\Ders\blg521\data\27.05\2013\K3\1X\27_05-2013_11_23-10_00-K3-1X.jpeg,TRUNCATED,JPEG missing standard EOI marker \xFF\xD9,0,0,0.00,0.00,0.00
27.05\2013\K3\1X,27_05-2013_11_29-09_45-K3-1X.jpeg,C:\Users\ASUS\Desktop\Ders\blg521\data\27.05\2013\K3\1X\27_05-2013_11_29-09_45-K3-1X.jpeg,TRUNCATED,JPEG missing standard EOI marker \xFF\xD9,0,0,0.00,0.00,0.00
27.05\2013\K3\1X,27_05-2013_12_01-10_04-K3-1X.jpeg,C:\Users\ASUS\Desktop\Ders\blg521\data\27.05\2013\K3\1X\27_05-2013_12_01-10_04-K3-1X.jpeg,TRUNCATED,JPEG missing standard EOI marker \xFF\xD9,0,0,0.00,0.00,0.00
27.05\2013\K3\1X,27_05-2013_12_10-09_48-K3-1X.jpeg,C:\Users\ASUS\Desktop\Ders\blg521\data\27.05\2013\K3\1X\27_05-2013_12_10-09_48-K3-1X.jpeg,TRUNCATED,JPEG missing standard EOI marker \xFF\xD9,0,0,0.00,0.00,0.00
27.05\2013\K3\1X,27_05-2013_12_11-10_12-K3-1X.jpeg,C:\Users\ASUS\Desktop\Ders\blg521\data\27.05\2013\K3\1X\27_05-2013_12_11-10_12-K3-1X.jpeg,BLURRED,Very blurry (Laplacian variance: 6.21),2288,1712,114.80,23.41,6.21
27.05\2013\K3\1X,27_05-2013_12_22-10_03-K3-1X.jpeg,C:\Users\ASUS\Desktop\Ders\blg521\data\27.05\2013\K3\1X\27_05-2013_12_22-10_03-K3-1X.jpeg,TRUNCATED,JPEG missing standard EOI marker \xFF\xD9,0,0,0.00,0.00,0.00
27.05\2014\K1\10X,27_05-2014_09_16-09_00-K1-10X.jpeg,C:\Users\ASUS\Desktop\Ders\blg521\data\27.05\2014\K1\10X\27_05-2014_09_16-09_00-K1-10X.jpeg,BLURRED,Very blurry (Laplacian variance: 6.43),2288,1712,115.94,10.81,6.43
27.05\2014\K1\10X,27_05-2014_12_31-10_15-K1-10X.jpeg,C:\Users\ASUS\Desktop\Ders\blg521\data\27.05\2014\K1\10X\27_05-2014_12_31-10_15-K1-10X.jpeg,BLURRED,Very blurry (Laplacian variance: 39.83),2288,1712,102.28,9.54,39.83
27.05\2014\K1\1X,27_05-2014_12_23-10_00-K1-1X.jpeg,C:\Users\ASUS\Desktop\Ders\blg521\data\27.05\2014\K1\1X\27_05-2014_12_23-10_00-K1-1X.jpeg,BLURRED,Very blurry (Laplacian variance: 6.61),2288,1712,114.21,18.96,6.61
27.05\2014\K2\10X,27_05-2014_02_05-10_11-K2-10X.jpeg,C:\Users\ASUS\Desktop\Ders\blg521\data\27.05\2014\K2\10X\27_05-2014_02_05-10_11-K2-10X.jpeg,TRUNCATED,JPEG missing standard EOI marker \xFF\xD9,0,0,0.00,0.00,0.00
27.05\2014\K2\10X,27_05-2014_02_13-10_58-K2-10X.jpeg,C:\Users\ASUS\Desktop\Ders\blg521\data\27.05\2014\K2\10X\27_05-2014_02_13-10_58-K2-10X.jpeg,TRUNCATED,JPEG missing standard EOI marker \xFF\xD9,0,0,0.00,0.00,0.00
27.05\2014\K2\10X,27_05-2014_03_27-09_22-K2-10X.jpeg,C:\Users\ASUS\Desktop\Ders\blg521\data\27.05\2014\K2\10X\27_05-2014_03_27-09_22-K2-10X.jpeg,TRUNCATED,JPEG missing standard EOI marker \xFF\xD9,0,0,0.00,0.00,0.00
27.05\2014\K2\10X,27_05-2014_03_28-09_50-K2-10X.jpeg,C:\Users\ASUS\Desktop\Ders\blg521\data\27.05\2014\K2\10X\27_05-2014_03_28-09_50-K2-10X.jpeg,TRUNCATED,JPEG missing standard EOI marker \xFF\xD9,0,0,0.00,0.00,0.00
27.05\2014\K2\10X,27_05-2014_05_20-10_00-K2-10X.jpeg,C:\Users\ASUS\Desktop\Ders\blg521\data\27.05\2014\K2\10X\27_05-2014_05_20-10_00-K2-10X.jpeg,BLURRED,Very blurry (Laplacian variance: 7.12),2288,1712,109.28,13.05,7.12
27.05\2014\K2\10X,27_05-2014_07_28-10_00-K2-10X.jpeg,C:\Users\ASUS\Desktop\Ders\blg521\data\27.05\2014\K2\10X\27_05-2014_07_28-10_00-K2-10X.jpeg,BLURRED,Very blurry (Laplacian variance: 7.10),2288,1712,107.36,22.08,7.10
27.05\2014\K2\10X,27_05-2014_07_29-10_00-K2-10X.jpeg,C:\Users\ASUS\Desktop\Ders\blg521\data\27.05\2014\K2\10X\27_05-2014_07_29-10_00-K2-10X.jpeg,BLURRED,Very blurry (Laplacian variance: 9.71),2288,1712,111.52,21.35,9.71
27.05\2014\K2\10X,27_05-2014_07_30-08_00-K2-10X.jpeg,C:\Users\ASUS\Desktop\Ders\blg521\data\27.05\2014\K2\10X\27_05-2014_07_30-08_00-K2-10X.jpeg,BLURRED,Very blurry (Laplacian variance: 6.99),2288,1712,108.09,16.03,6.99
27.05\2014\K2\10X,27_05-2014_09_01-10_00-K2-10X.jpeg,C:\Users\ASUS\Desktop\Ders\blg521\data\27.05\2014\K2\10X\27_05-2014_09_01-10_00-K2-10X.jpeg,BLURRED,Very blurry (Laplacian variance: 6.57),2288,1712,83.25,9.75,6.57
27.05\2014\K2\10X,27_05-2014_09_07-10_00-K2-10X.jpeg,C:\Users\ASUS\Desktop\Ders\blg521\data\27.05\2014\K2\10X\27_05-2014_09_07-10_00-K2-10X.jpeg,BLURRED,Very blurry (Laplacian variance: 6.64),2288,1712,111.65,13.46,6.64
27.05\2014\K2\10X,27_05-2014_09_14-10_00-K2-10X.jpeg,C:\Users\ASUS\Desktop\Ders\blg521\data\27.05\2014\K2\10X\27_05-2014_09_14-10_00-K2-10X.jpeg,BLURRED,Very blurry (Laplacian variance: 7.21),2288,1712,77.34,16.49,7.21
27.05\2014\K2\10X,27_05-2014_09_16-09_00-K2-10X.jpeg,C:\Users\ASUS\Desktop\Ders\blg521\data\27.05\2014\K2\10X\27_05-2014_09_16-09_00-K2-10X.jpeg,BLURRED,Very blurry (Laplacian variance: 7.59),2288,1712,101.28,15.90,7.59
27.05\2014\K2\10X,27_05-2014_11_12-10_00-K2-10X.jpeg,C:\Users\ASUS\Desktop\Ders\blg521\data\27.05\2014\K2\10X\27_05-2014_11_12-10_00-K2-10X.jpeg,BLURRED,Very blurry (Laplacian variance: 7.15),2288,1712,101.93,9.27,7.15
27.05\2014\K2\10X,27_05-2014_11_25-12_00-K2-10X.jpeg,C:\Users\ASUS\Desktop\Ders\blg521\data\27.05\2014\K2\10X\27_05-2014_11_25-12_00-K2-10X.jpeg,BLURRED,Very blurry (Laplacian variance: 6.96),2288,1712,108.34,9.75,6.96
27.05\2014\K2\10X,27_05-2014_12_02-10_00-K2-10X.jpeg,C:\Users\ASUS\Desktop\Ders\blg521\data\27.05\2014\K2\10X\27_05-2014_12_02-10_00-K2-10X.jpeg,TRUNCATED,JPEG missing standard EOI marker \xFF\xD9,0,0,0.00,0.00,0.00
27.05\2014\K2\10X,27_05-2014_12_15-10_00-K2-10X.jpeg,C:\Users\ASUS\Desktop\Ders\blg521\data\27.05\2014\K2\10X\27_05-2014_12_15-10_00-K2-10X.jpeg,BLURRED,Very blurry (Laplacian variance: 7.08),2288,1712,107.02,11.98,7.08
27.05\2014\K2\1X,27_05-2014_02_05-10_14-K2-1X.jpeg,C:\Users\ASUS\Desktop\Ders\blg521\data\27.05\2014\K2\1X\27_05-2014_02_05-10_14-K2-1X.jpeg,TRUNCATED,JPEG missing standard EOI marker \xFF\xD9,0,0,0.00,0.00,0.00
27.05\2014\K2\1X,27_05-2014_02_13-10_59-K2-1X.jpeg,C:\Users\ASUS\Desktop\Ders\blg521\data\27.05\2014\K2\1X\27_05-2014_02_13-10_59-K2-1X.jpeg,TRUNCATED,JPEG missing standard EOI marker \xFF\xD9,0,0,0.00,0.00,0.00
27.05\2014\K2\1X,27_05-2014_03_27-09_23-K2-1X.jpeg,C:\Users\ASUS\Desktop\Ders\blg521\data\27.05\2014\K2\1X\27_05-2014_03_27-09_23-K2-1X.jpeg,TRUNCATED,JPEG missing standard EOI marker \xFF\xD9,0,0,0.00,0.00,0.00
27.05\2014\K2\1X,27_05-2014_03_28-09_51-K2-1X.jpeg,C:\Users\ASUS\Desktop\Ders\blg521\data\27.05\2014\K2\1X\27_05-2014_03_28-09_51-K2-1X.jpeg,TRUNCATED,JPEG missing standard EOI marker \xFF\xD9,0,0,0.00,0.00,0.00
27.05\2014\K2\1X,27_05-2014_05_20-10_00-K2-1X.jpeg,C:\Users\ASUS\Desktop\Ders\blg521\data\27.05\2014\K2\1X\27_05-2014_05_20-10_00-K2-1X.jpeg,BLURRED,Very blurry (Laplacian variance: 7.06),2288,1712,110.55,13.05,7.06
27.05\2014\K2\1X,27_05-2014_07_28-10_00-K2-1X.jpeg,C:\Users\ASUS\Desktop\Ders\blg521\data\27.05\2014\K2\1X\27_05-2014_07_28-10_00-K2-1X.jpeg,BLURRED,Very blurry (Laplacian variance: 7.20),2288,1712,104.91,21.55,7.20
27.05\2014\K2\1X,27_05-2014_07_29-10_00-K2-1X.jpeg,C:\Users\ASUS\Desktop\Ders\blg521\data\27.05\2014\K2\1X\27_05-2014_07_29-10_00-K2-1X.jpeg,BLURRED,Very blurry (Laplacian variance: 9.80),2288,1712,112.33,21.65,9.80
27.05\2014\K2\1X,27_05-2014_07_30-08_00-K2-1X.jpeg,C:\Users\ASUS\Desktop\Ders\blg521\data\27.05\2014\K2\1X\27_05-2014_07_30-08_00-K2-1X.jpeg,BLURRED,Very blurry (Laplacian variance: 6.99),2288,1712,108.46,16.07,6.99
27.05\2014\K2\1X,27_05-2014_09_01-10_00-K2-1X.jpeg,C:\Users\ASUS\Desktop\Ders\blg521\data\27.05\2014\K2\1X\27_05-2014_09_01-10_00-K2-1X.jpeg,BLURRED,Very blurry (Laplacian variance: 6.57),2288,1712,86.12,9.80,6.57
27.05\2014\K2\1X,27_05-2014_09_07-10_00-K2-1X.jpeg,C:\Users\ASUS\Desktop\Ders\blg521\data\27.05\2014\K2\1X\27_05-2014_09_07-10_00-K2-1X.jpeg,BLURRED,Very blurry (Laplacian variance: 6.64),2288,1712,111.39,13.42,6.64
27.05\2014\K2\1X,27_05-2014_09_14-10_00-K2-1X.jpeg,C:\Users\ASUS\Desktop\Ders\blg521\data\27.05\2014\K2\1X\27_05-2014_09_14-10_00-K2-1X.jpeg,BLURRED,Very blurry (Laplacian variance: 7.20),2288,1712,77.08,16.65,7.20
27.05\2014\K2\1X,27_05-2014_09_16-09_00-K2-1X.jpeg,C:\Users\ASUS\Desktop\Ders\blg521\data\27.05\2014\K2\1X\27_05-2014_09_16-09_00-K2-1X.jpeg,BLURRED,Very blurry (Laplacian variance: 7.64),2288,1712,101.43,15.91,7.64
27.05\2014\K2\1X,27_05-2014_11_12-10_00-K2-1X.jpeg,C:\Users\ASUS\Desktop\Ders\blg521\data\27.05\2014\K2\1X\27_05-2014_11_12-10_00-K2-1X.jpeg,BLURRED,Very blurry (Laplacian variance: 7.15),2288,1712,101.53,9.24,7.15
27.05\2014\K2\1X,27_05-2014_11_25-12_00-K2-1X.jpeg,C:\Users\ASUS\Desktop\Ders\blg521\data\27.05\2014\K2\1X\27_05-2014_11_25-12_00-K2-1X.jpeg,BLURRED,Very blurry (Laplacian variance: 7.52),2288,1712,100.62,9.00,7.52
27.05\2014\K2\1X,27_05-2014_12_02-10_00-K2-1X.jpeg,C:\Users\ASUS\Desktop\Ders\blg521\data\27.05\2014\K2\1X\27_05-2014_12_02-10_00-K2-1X.jpeg,TRUNCATED,JPEG missing standard EOI marker \xFF\xD9,0,0,0.00,0.00,0.00
27.05\2014\K2\1X,27_05-2014_12_15-10_00-K2-1X.jpeg,C:\Users\ASUS\Desktop\Ders\blg521\data\27.05\2014\K2\1X\27_05-2014_12_15-10_00-K2-1X.jpeg,BLURRED,Very blurry (Laplacian variance: 7.04),2288,1712,107.44,12.00,7.04
27.05\2014\K3\10X,27_05-2014_02_05-10_10-K3-10X.jpeg,C:\Users\ASUS\Desktop\Ders\blg521\data\27.05\2014\K3\10X\27_05-2014_02_05-10_10-K3-10X.jpeg,TRUNCATED,JPEG missing standard EOI marker \xFF\xD9,0,0,0.00,0.00,0.00
27.05\2014\K3\10X,27_05-2014_02_13-09_55-K3-10X.jpeg,C:\Users\ASUS\Desktop\Ders\blg521\data\27.05\2014\K3\10X\27_05-2014_02_13-09_55-K3-10X.jpeg,TRUNCATED,JPEG missing standard EOI marker \xFF\xD9,0,0,0.00,0.00,0.00
27.05\2014\K3\10X,27_05-2014_02_17-10_10-K3-10X.jpeg,C:\Users\ASUS\Desktop\Ders\blg521\data\27.05\2014\K3\10X\27_05-2014_02_17-10_10-K3-10X.jpeg,BLURRED,Very blurry (Laplacian variance: 15.59),2288,1712,105.95,9.00,15.59
27.05\2014\K3\10X,27_05-2014_03_27-10_14-K3-10X.jpeg,C:\Users\ASUS\Desktop\Ders\blg521\data\27.05\2014\K3\10X\27_05-2014_03_27-10_14-K3-10X.jpeg,TRUNCATED,JPEG missing standard EOI marker \xFF\xD9,0,0,0.00,0.00,0.00
27.05\2014\K3\10X,27_05-2014_03_28-09_29-K3-10X.jpeg,C:\Users\ASUS\Desktop\Ders\blg521\data\27.05\2014\K3\10X\27_05-2014_03_28-09_29-K3-10X.jpeg,TRUNCATED,JPEG missing standard EOI marker \xFF\xD9,0,0,0.00,0.00,0.00
27.05\2014\K3\10X,27_05-2014_06_03-10_00-K3-10X.jpeg,C:\Users\ASUS\Desktop\Ders\blg521\data\27.05\2014\K3\10X\27_05-2014_06_03-10_00-K3-10X.jpeg,LOW_CONTRAST,Extremely low contrast (std: 4.89),2288,1712,75.19,4.89,0.00
27.05\2014\K3\10X,27_05-2014_06_12-10_00-K3-10X.jpeg,C:\Users\ASUS\Desktop\Ders\blg521\data\27.05\2014\K3\10X\27_05-2014_06_12-10_00-K3-10X.jpeg,BLURRED,Very blurry (Laplacian variance: 6.99),2288,1712,110.77,14.02,6.99
27.05\2014\K3\10X,27_05-2014_06_22-10_01-K3-10X.jpeg,C:\Users\ASUS\Desktop\Ders\blg521\data\27.05\2014\K3\10X\27_05-2014_06_22-10_01-K3-10X.jpeg,BLURRED,Very blurry (Laplacian variance: 6.18),2288,1712,86.80,5.58,6.18
27.05\2014\K3\10X,27_05-2014_12_02-10_00-K3-10X.jpeg,C:\Users\ASUS\Desktop\Ders\blg521\data\27.05\2014\K3\10X\27_05-2014_12_02-10_00-K3-10X.jpeg,TRUNCATED,JPEG missing standard EOI marker \xFF\xD9,0,0,0.00,0.00,0.00
27.05\2014\K3\1X,27_05-2014_02_05-10_12-K3-1X.jpeg,C:\Users\ASUS\Desktop\Ders\blg521\data\27.05\2014\K3\1X\27_05-2014_02_05-10_12-K3-1X.jpeg,TRUNCATED,JPEG missing standard EOI marker \xFF\xD9,0,0,0.00,0.00,0.00
27.05\2014\K3\1X,27_05-2014_02_13-09_56-K3-1X.jpeg,C:\Users\ASUS\Desktop\Ders\blg521\data\27.05\2014\K3\1X\27_05-2014_02_13-09_56-K3-1X.jpeg,TRUNCATED,JPEG missing standard EOI marker \xFF\xD9,0,0,0.00,0.00,0.00
27.05\2014\K3\1X,27_05-2014_03_27-10_16-K3-1X.jpeg,C:\Users\ASUS\Desktop\Ders\blg521\data\27.05\2014\K3\1X\27_05-2014_03_27-10_16-K3-1X.jpeg,TRUNCATED,JPEG missing standard EOI marker \xFF\xD9,0,0,0.00,0.00,0.00
27.05\2014\K3\1X,27_05-2014_06_03-10_00-K3-1X.jpeg,C:\Users\ASUS\Desktop\Ders\blg521\data\27.05\2014\K3\1X\27_05-2014_06_03-10_00-K3-1X.jpeg,BLURRED,Very blurry (Laplacian variance: 6.11),2288,1712,84.71,5.55,6.11
27.05\2014\K3\1X,27_05-2014_06_12-10_00-K3-1X.jpeg,C:\Users\ASUS\Desktop\Ders\blg521\data\27.05\2014\K3\1X\27_05-2014_06_12-10_00-K3-1X.jpeg,BLURRED,Very blurry (Laplacian variance: 6.99),2288,1712,111.06,14.18,6.99
27.05\2014\K3\1X,27_05-2014_06_22-10_02-K3-1X.jpeg,C:\Users\ASUS\Desktop\Ders\blg521\data\27.05\2014\K3\1X\27_05-2014_06_22-10_02-K3-1X.jpeg,BLURRED,Very blurry (Laplacian variance: 6.17),2288,1712,87.04,5.60,6.17
27.05\2014\K3\1X,27_05-2014_12_02-09_47-K3-1X.jpeg,C:\Users\ASUS\Desktop\Ders\blg521\data\27.05\2014\K3\1X\27_05-2014_12_02-09_47-K3-1X.jpeg,TRUNCATED,JPEG missing standard EOI marker \xFF\xD9,0,0,0.00,0.00,0.00
27.05\2014\K3\1X,27_05-2014_12_31-10_15-K3-1X.jpeg,C:\Users\ASUS\Desktop\Ders\blg521\data\27.05\2014\K3\1X\27_05-2014_12_31-10_15-K3-1X.jpeg,BLURRED,Very blurry (Laplacian variance: 31.74),2288,1712,112.40,30.46,31.74
