path,relative_path,station,year,camera,timestamp,folder_label,filename_label,visual_label,visual_confidence,score_1x,score_10x,reference_1x,reference_10x,scale_to_1x,scale_to_10x,inliers_1x,inliers_10x,status,reason
C:\Users\ASUS\Desktop\Ders\blg521\data\02.03\2015\K1\10X\02_03-2015_01_02-10_51-K1-10X.jpeg,02.03\2015\K1\10X\02_03-2015_01_02-10_51-K1-10X.jpeg,02.03,2015,K1,2015-01-02 10:51:00,10X,10X,,0.0,0.0,0.0,C:\Users\ASUS\Desktop\Ders\blg521\data\02.03\2015\K1\1X\02_03-2015_01_02-10_51-K1-1X.jpeg,C:\Users\ASUS\Desktop\Ders\blg521\data\02.03\2015\K1\10X\02_03-2015_01_11-10_00-K1-10X.jpeg,nan,nan,0,0,VISUAL_INCONCLUSIVE,insufficient or conflicting registration evidence
C:\Users\ASUS\Desktop\Ders\blg521\data\02.03\2015\K1\10X\02_03-2015_01_11-10_00-K1-10X.jpeg,02.03\2015\K1\10X\02_03-2015_01_11-10_00-K1-10X.jpeg,02.03,2015,K1,2015-01-11 10:00:00,10X,10X,,0.0,0.0,0.0,C:\Users\ASUS\Desktop\Ders\blg521\data\02.03\2015\K1\1X\02_03-2015_01_11-10_00-K1-1X.jpeg,C:\Users\ASUS\Desktop\Ders\blg521\data\02.03\2015\K1\10X\02_03-2015_01_15-10_52-K1-10X.jpeg,nan,nan,0,0,VISUAL_INCONCLUSIVE,insufficient or conflicting registration evidence
C:\Users\ASUS\Desktop\Ders\blg521\data\02.03\2015\K1\10X\02_03-2015_01_15-10_52-K1-10X.jpeg,02.03\2015\K1\10X\02_03-2015_01_15-10_52-K1-10X.jpeg,02.03,2015,K1,2015-01-15 10:52:00,10X,10X,,0.0,0.0,0.0,C:\Users\ASUS\Desktop\Ders\blg521\data\02.03\2015\K1\1X\02_03-2015_01_15-10_52-K1-1X.jpeg,C:\Users\ASUS\Desktop\Ders\blg521\data\02.03\2015\K1\10X\02_03-2015_01_16-10_00-K1-10X.jpeg,nan,nan,0,0,VISUAL_INCONCLUSIVE,insufficient or conflicting registration evidence
C:\Users\ASUS\Desktop\Ders\blg521\data\02.03\2015\K1\10X\02_03-2015_01_16-10_00-K1-10X.jpeg,02.03\2015\K1\10X\02_03-2015_01_16-10_00-K1-10X.jpeg,02.03,2015,K1,2015-01-16 10:00:00,10X,10X,,0.0,0.0,0.0,C:\Users\ASUS\Desktop\Ders\blg521\data\02.03\2015\K1\1X\02_03-2015_01_16-10_00-K1-1X.jpeg,C:\Users\ASUS\Desktop\Ders\blg521\data\02.03\2015\K1\10X\02_03-2015_01_15-10_52-K1-10X.jpeg,nan,nan,0,0,VISUAL_INCONCLUSIVE,insufficient or conflicting registration evidence
C:\Users\ASUS\Desktop\Ders\blg521\data\02.03\2015\K1\10X\02_03-2015_01_17-10_00-K1-10X.jpeg,02.03\2015\K1\10X\02_03-2015_01_17-10_00-K1-10X.jpeg,02.03,2015,K1,2015-01-17 10:00:00,10X,10X,10X,1.0,0.0,0.166842,C:\Users\ASUS\Desktop\Ders\blg521\data\02.03\2015\K1\1X\02_03-2015_01_17-10_00-K1-1X.jpeg,C:\Users\ASUS\Desktop\Ders\blg521\data\02.03\2015\K1\10X\02_03-2015_01_16-10_00-K1-10X.jpeg,nan,1.0523570847290629,0,9,CONSISTENT,"folder, filename, and visual evidence agree"
C:\Users\ASUS\Desktop\Ders\blg521\data\02.03\2015\K1\10X\02_03-2015_01_19-10_00-K1-10X.jpeg,02.03\2015\K1\10X\02_03-2015_01_19-10_00-K1-10X.jpeg,02.03,2015,K1,2015-01-19 10:00:00,10X,10X,,0.0,0.0,0.0,C:\Users\ASUS\Desktop\Ders\blg521\data\02.03\2015\K1\1X\02_03-2015_01_19-10_00-K1-1X.jpeg,C:\Users\ASUS\Desktop\Ders\blg521\data\02.03\2015\K1\10X\02_03-2015_01_21-09_30-K1-10X.jpeg,nan,nan,0,0,VISUAL_INCONCLUSIVE,insufficient or conflicting registration evidence
C:\Users\ASUS\Desktop\Ders\blg521\data\02.03\2015\K1\10X\02_03-2015_01_21-09_30-K1-10X.jpeg,02.03\2015\K1\10X\02_03-2015_01_21-09_30-K1-10X.jpeg,02.03,2015,K1,2015-01-21 09:30:00,10X,10X,,0.0,0.0,0.0,C:\Users\ASUS\Desktop\Ders\blg521\data\02.03\2015\K1\1X\02_03-2015_01_21-09_30-K1-1X.jpeg,C:\Users\ASUS\Desktop\Ders\blg521\data\02.03\2015\K1\10X\02_03-2015_01_19-10_00-K1-10X.jpeg,nan,nan,0,0,VISUAL_INCONCLUSIVE,insufficient or conflicting registration evidence
C:\Users\ASUS\Desktop\Ders\blg521\data\02.03\2015\K1\10X\02_03-2015_02_05-10_00-K1-10X.jpeg,02.03\2015\K1\10X\02_03-2015_02_05-10_00-K1-10X.jpeg,02.03,2015,K1,2015-02-05 10:00:00,10X,10X,10X,1.0,0.0,0.828821,C:\Users\ASUS\Desktop\Ders\blg521\data\02.03\2015\K1\1X\02_03-2015_02_05-10_00-K1-1X.jpeg,C:\Users\ASUS\Desktop\Ders\blg521\data\02.03\2015\K1\10X\02_03-2015_02_06-09_30-K1-10X.jpeg,nan,1.0504920216310147,0,42,CONSISTENT,"folder, filename, and visual evidence agree"
C:\Users\ASUS\Desktop\Ders\blg521\data\02.03\2015\K1\10X\02_03-2015_02_06-09_30-K1-10X.jpeg,02.03\2015\K1\10X\02_03-2015_02_06-09_30-K1-10X.jpeg,02.03,2015,K1,2015-02-06 09:30:00,10X,10X,10X,0.999057,0.000757,0.802317,C:\Users\ASUS\Desktop\Ders\blg521\data\02.03\2015\K1\1X\02_03-2015_02_06-09_30-K1-1X.jpeg,C:\Users\ASUS\Desktop\Ders\blg521\data\02.03\2015\K1\10X\02_03-2015_02_05-10_00-K1-10X.jpeg,0.09978292950655324,0.9522296822366535,9,52,CONSISTENT,"folder, filename, and visual evidence agree"
C:\Users\ASUS\Desktop\Ders\blg521\data\02.03\2015\K1\10X\02_03-2015_02_08-10_00-K1-10X.jpeg,02.03\2015\K1\10X\02_03-2015_02_08-10_00-K1-10X.jpeg,02.03,2015,K1,2015-02-08 10:00:00,10X,10X,,0.0,0.0,0.0,C:\Users\ASUS\Desktop\Ders\blg521\data\02.03\2015\K1\1X\02_03-2015_02_08-10_00-K1-1X.jpeg,C:\Users\ASUS\Desktop\Ders\blg521\data\02.03\2015\K1\10X\02_03-2015_02_10-10_00-K1-10X.jpeg,nan,nan,0,0,VISUAL_INCONCLUSIVE,insufficient or conflicting registration evidence
C:\Users\ASUS\Desktop\Ders\blg521\data\02.03\2015\K1\10X\02_03-2015_02_10-10_00-K1-10X.jpeg,02.03\2015\K1\10X\02_03-2015_02_10-10_00-K1-10X.jpeg,02.03,2015,K1,2015-02-10 10:00:00,10X,10X,10X,1.0,0.0,0.790323,C:\Users\ASUS\Desktop\Ders\blg521\data\02.03\2015\K1\1X\02_03-2015_02_10-10_00-K1-1X.jpeg,C:\Users\ASUS\Desktop\Ders\blg521\data\02.03\2015\K1\10X\02_03-2015_02_11-10_25-K1-10X.jpeg,nan,0.9997341156201448,0,49,CONSISTENT,"folder, filename, and visual evidence agree"
C:\Users\ASUS\Desktop\Ders\blg521\data\02.03\2015\K1\10X\02_03-2015_02_11-10_25-K1-10X.jpeg,02.03\2015\K1\10X\02_03-2015_02_11-10_25-K1-10X.jpeg,02.03,2015,K1,2015-02-11 10:25:00,10X,10X,10X,1.0,0.0,0.910124,C:\Users\ASUS\Desktop\Ders\blg521\data\02.03\2015\K1\1X\02_03-2015_02_12-10_00-K1-1X.jpeg,C:\Users\ASUS\Desktop\Ders\blg521\data\02.03\2015\K1\10X\02_03-2015_02_11-10_30-K1-10X.jpeg,nan,0.9729654276079449,0,672,CONSISTENT,"folder, filename, and visual evidence agree"
C:\Users\ASUS\Desktop\Ders\blg521\data\02.03\2015\K1\10X\02_03-2015_02_11-10_30-K1-10X.jpeg,02.03\2015\K1\10X\02_03-2015_02_11-10_30-K1-10X.jpeg,02.03,2015,K1,2015-02-11 10:30:00,10X,10X,10X,1.0,0.0,0.910863,C:\Users\ASUS\Desktop\Ders\blg521\data\02.03\2015\K1\1X\02_03-2015_02_12-10_00-K1-1X.jpeg,C:\Users\ASUS\Desktop\Ders\blg521\data\02.03\2015\K1\10X\02_03-2015_02_11-10_25-K1-10X.jpeg,nan,1.0278521187878253,0,683,CONSISTENT,"folder, filename, and visual evidence agree"
C:\Users\ASUS\Desktop\Ders\blg521\data\02.03\2015\K1\10X\02_03-2015_02_13-09_30-K1-10X.jpeg,02.03\2015\K1\10X\02_03-2015_02_13-09_30-K1-10X.jpeg,02.03,2015,K1,2015-02-13 09:30:00,10X,10X,10X,1.0,0.0,0.830336,C:\Users\ASUS\Desktop\Ders\blg521\data\02.03\2015\K1\1X\02_03-2015_02_13-09_30-K1-1X.jpeg,C:\Users\ASUS\Desktop\Ders\blg521\data\02.03\2015\K1\10X\02_03-2015_02_14-11_00-K1-10X.jpeg,nan,0.9988070076273851,0,101,CONSISTENT,"folder, filename, and visual evidence agree"
C:\Users\ASUS\Desktop\Ders\blg521\data\02.03\2015\K1\10X\02_03-2015_02_14-11_00-K1-10X.jpeg,02.03\2015\K1\10X\02_03-2015_02_14-11_00-K1-10X.jpeg,02.03,2015,K1,2015-02-14 11:00:00,10X,10X,10X,1.0,0.0,0.950811,C:\Users\ASUS\Desktop\Ders\blg521\data\02.03\2015\K1\1X\02_03-2015_02_14-11_00-K1-1X.jpeg,C:\Users\ASUS\Desktop\Ders\blg521\data\02.03\2015\K1\10X\02_03-2015_02_15-11_00-K1-10X.jpeg,nan,1.0001908921781206,0,193,CONSISTENT,"folder, filename, and visual evidence agree"
C:\Users\ASUS\Desktop\Ders\blg521\data\02.03\2015\K1\10X\02_03-2015_02_15-11_00-K1-10X.jpeg,02.03\2015\K1\10X\02_03-2015_02_15-11_00-K1-10X.jpeg,02.03,2015,K1,2015-02-15 11:00:00,10X,10X,10X,1.0,0.0,0.910804,C:\Users\ASUS\Desktop\Ders\blg521\data\02.03\2015\K1\1X\02_03-2015_02_15-11_00-K1-1X.jpeg,C:\Users\ASUS\Desktop\Ders\blg521\data\02.03\2015\K1\10X\02_03-2015_02_14-11_00-K1-10X.jpeg,nan,0.9998024193632506,0,191,CONSISTENT,"folder, filename, and visual evidence agree"
C:\Users\ASUS\Desktop\Ders\blg521\data\02.03\2015\K1\10X\02_03-2015_02_17-10_00-K1-10X.jpeg,02.03\2015\K1\10X\02_03-2015_02_17-10_00-K1-10X.jpeg,02.03,2015,K1,2015-02-17 10:00:00,10X,10X,10X,1.0,0.0,0.832226,C:\Users\ASUS\Desktop\Ders\blg521\data\02.03\2015\K1\1X\02_03-2015_02_17-10_00-K1-1X.jpeg,C:\Users\ASUS\Desktop\Ders\blg521\data\02.03\2015\K1\10X\02_03-2015_02_15-11_00-K1-10X.jpeg,nan,0.9989108193642404,0,59,CONSISTENT,"folder, filename, and visual evidence agree"
C:\Users\ASUS\Desktop\Ders\blg521\data\02.03\2015\K1\10X\02_03-2015_02_19-10_00-K1-10X.jpeg,02.03\2015\K1\10X\02_03-2015_02_19-10_00-K1-10X.jpeg,02.03,2015,K1,2015-02-19 10:00:00,10X,10X,,0.0,0.0,0.0,C:\Users\ASUS\Desktop\Ders\blg521\data\02.03\2015\K1\1X\02_03-2015_02_19-10_00-K1-1X.jpeg,C:\Users\ASUS\Desktop\Ders\blg521\data\02.03\2015\K1\10X\02_03-2015_02_20-10_00-K1-10X.jpeg,nan,nan,0,0,VISUAL_INCONCLUSIVE,insufficient or conflicting registration evidence
C:\Users\ASUS\Desktop\Ders\blg521\data\02.03\2015\K1\10X\02_03-2015_02_20-10_00-K1-10X.jpeg,02.03\2015\K1\10X\02_03-2015_02_20-10_00-K1-10X.jpeg,02.03,2015,K1,2015-02-20 10:00:00,10X,10X,,0.0,0.0,0.0,C:\Users\ASUS\Desktop\Ders\blg521\data\02.03\2015\K1\1X\02_03-2015_02_20-10_00-K1-1X.jpeg,C:\Users\ASUS\Desktop\Ders\blg521\data\02.03\2015\K1\10X\02_03-2015_02_19-10_00-K1-10X.jpeg,nan,nan,0,0,VISUAL_INCONCLUSIVE,insufficient or conflicting registration evidence
C:\Users\ASUS\Desktop\Ders\blg521\data\02.03\2015\K1\10X\02_03-2015_02_22-10_06-K1-10X.jpeg,02.03\2015\K1\10X\02_03-2015_02_22-10_06-K1-10X.jpeg,02.03,2015,K1,2015-02-22 10:06:00,10X,10X,,0.0,0.0,0.0,C:\Users\ASUS\Desktop\Ders\blg521\data\02.03\2015\K1\1X\02_03-2015_02_22-10_06-K1-1X.jpeg,C:\Users\ASUS\Desktop\Ders\blg521\data\02.03\2015\K1\10X\02_03-2015_02_24-10_07-K1-10X.jpeg,nan,nan,0,0,VISUAL_INCONCLUSIVE,insufficient or conflicting registration evidence
C:\Users\ASUS\Desktop\Ders\blg521\data\02.03\2015\K1\10X\02_03-2015_02_24-10_07-K1-10X.jpeg,02.03\2015\K1\10X\02_03-2015_02_24-10_07-K1-10X.jpeg,02.03,2015,K1,2015-02-24 10:07:00,10X,10X,10X,1.0,0.0,0.508391,C:\Users\ASUS\Desktop\Ders\blg521\data\02.03\2015\K1\1X\02_03-2015_02_24-10_07-K1-1X.jpeg,C:\Users\ASUS\Desktop\Ders\blg521\data\02.03\2015\K1\10X\02_03-2015_02_25-09_00-K1-10X.jpeg,nan,1.000289502157405,0,28,CONSISTENT,"folder, filename, and visual evidence agree"
C:\Users\ASUS\Desktop\Ders\blg521\data\02.03\2015\K1\10X\02_03-2015_02_25-09_00-K1-10X.jpeg,02.03\2015\K1\10X\02_03-2015_02_25-09_00-K1-10X.jpeg,02.03,2015,K1,2015-02-25 09:00:00,10X,10X,10X,1.0,0.0,0.606055,C:\Users\ASUS\Desktop\Ders\blg521\data\02.03\2015\K1\1X\02_03-2015_02_25-09_00-K1-1X.jpeg,C:\Users\ASUS\Desktop\Ders\blg521\data\02.03\2015\K1\10X\02_03-2015_02_24-10_07-K1-10X.jpeg,nan,0.9991348847910017,0,30,CONSISTENT,"folder, filename, and visual evidence agree"
C:\Users\ASUS\Desktop\Ders\blg521\data\02.03\2015\K1\10X\02_03-2015_02_26-10_00-K1-10X.jpeg,02.03\2015\K1\10X\02_03-2015_02_26-10_00-K1-10X.jpeg,02.03,2015,K1,2015-02-26 10:00:00,10X,10X,,0.0,0.0,0.0,C:\Users\ASUS\Desktop\Ders\blg521\data\02.03\2015\K1\1X\02_03-2015_02_26-10_00-K1-1X.jpeg,C:\Users\ASUS\Desktop\Ders\blg521\data\02.03\2015\K1\10X\02_03-2015_02_27-09_30-K1-10X.jpeg,nan,nan,0,0,VISUAL_INCONCLUSIVE,insufficient or conflicting registration evidence
C:\Users\ASUS\Desktop\Ders\blg521\data\02.03\2015\K1\10X\02_03-2015_02_27-09_30-K1-10X.jpeg,02.03\2015\K1\10X\02_03-2015_02_27-09_30-K1-10X.jpeg,02.03,2015,K1,2015-02-27 09:30:00,10X,10X,,0.0,0.0,0.0,C:\Users\ASUS\Desktop\Ders\blg521\data\02.03\2015\K1\1X\02_03-2015_02_27-09_30-K1-1X.jpeg,C:\Users\ASUS\Desktop\Ders\blg521\data\02.03\2015\K1\10X\02_03-2015_02_26-10_00-K1-10X.jpeg,nan,nan,0,0,VISUAL_INCONCLUSIVE,insufficient or conflicting registration evidence
C:\Users\ASUS\Desktop\Ders\blg521\data\02.03\2015\K1\10X\02_03-2015_02_28-10_00-K1-10X.jpeg,02.03\2015\K1\10X\02_03-2015_02_28-10_00-K1-10X.jpeg,02.03,2015,K1,2015-02-28 10:00:00,10X,10X,,0.0,0.0,0.0,C:\Users\ASUS\Desktop\Ders\blg521\data\02.03\2015\K1\1X\02_03-2015_02_28-10_00-K1-1X.jpeg,C:\Users\ASUS\Desktop\Ders\blg521\data\02.03\2015\K1\10X\02_03-2015_03_01-10_00-K1-10X.jpeg,nan,nan,0,0,VISUAL_INCONCLUSIVE,insufficient or conflicting registration evidence
C:\Users\ASUS\Desktop\Ders\blg521\data\02.03\2015\K1\10X\02_03-2015_03_01-10_00-K1-10X.jpeg,02.03\2015\K1\10X\02_03-2015_03_01-10_00-K1-10X.jpeg,02.03,2015,K1,2015-03-01 10:00:00,10X,10X,10X,1.0,0.0,0.192586,C:\Users\ASUS\Desktop\Ders\blg521\data\02.03\2015\K1\1X\02_03-2015_03_01-10_00-K1-1X.jpeg,C:\Users\ASUS\Desktop\Ders\blg521\data\02.03\2015\K1\10X\02_03-2015_02_28-10_00-K1-10X.jpeg,nan,1.0011696438591506,0,9,CONSISTENT,"folder, filename, and visual evidence agree"
C:\Users\ASUS\Desktop\Ders\blg521\data\02.03\2015\K1\10X\02_03-2015_03_03-10_00-K1-10X.jpeg,02.03\2015\K1\10X\02_03-2015_03_03-10_00-K1-10X.jpeg,02.03,2015,K1,2015-03-03 10:00:00,10X,10X,,0.0,0.0,0.0,C:\Users\ASUS\Desktop\Ders\blg521\data\02.03\2015\K1\1X\02_03-2015_03_03-10_00-K1-1X.jpeg,C:\Users\ASUS\Desktop\Ders\blg521\data\02.03\2015\K1\10X\02_03-2015_03_04-10_00-K1-10X.jpeg,nan,nan,0,0,VISUAL_INCONCLUSIVE,insufficient or conflicting registration evidence
C:\Users\ASUS\Desktop\Ders\blg521\data\02.03\2015\K1\10X\02_03-2015_03_04-10_00-K1-10X.jpeg,02.03\2015\K1\10X\02_03-2015_03_04-10_00-K1-10X.jpeg,02.03,2015,K1,2015-03-04 10:00:00,10X,10X,,0.0,0.0,0.0,C:\Users\ASUS\Desktop\Ders\blg521\data\02.03\2015\K1\1X\02_03-2015_03_04-10_00-K1-1X.jpeg,C:\Users\ASUS\Desktop\Ders\blg521\data\02.03\2015\K1\10X\02_03-2015_03_05-09_30-K1-10X.jpeg,nan,nan,0,0,VISUAL_INCONCLUSIVE,insufficient or conflicting registration evidence
C:\Users\ASUS\Desktop\Ders\blg521\data\02.03\2015\K1\10X\02_03-2015_03_05-09_30-K1-10X.jpeg,02.03\2015\K1\10X\02_03-2015_03_05-09_30-K1-10X.jpeg,02.03,2015,K1,2015-03-05 09:30:00,10X,10X,,0.0,0.0,0.0,C:\Users\ASUS\Desktop\Ders\blg521\data\02.03\2015\K1\1X\02_03-2015_03_05-09_30-K1-1X.jpeg,C:\Users\ASUS\Desktop\Ders\blg521\data\02.03\2015\K1\10X\02_03-2015_03_04-10_00-K1-10X.jpeg,nan,nan,0,0,VISUAL_INCONCLUSIVE,insufficient or conflicting registration evidence
C:\Users\ASUS\Desktop\Ders\blg521\data\02.03\2015\K1\10X\02_03-2015_03_06-10_00-K1-10X.jpeg,02.03\2015\K1\10X\02_03-2015_03_06-10_00-K1-10X.jpeg,02.03,2015,K1,2015-03-06 10:00:00,10X,10X,,0.0,0.0,0.0,C:\Users\ASUS\Desktop\Ders\blg521\data\02.03\2015\K1\1X\02_03-2015_03_06-10_00-K1-1X.jpeg,C:\Users\ASUS\Desktop\Ders\blg521\data\02.03\2015\K1\10X\02_03-2015_03_05-09_30-K1-10X.jpeg,nan,nan,0,0,VISUAL_INCONCLUSIVE,insufficient or conflicting registration evidence
C:\Users\ASUS\Desktop\Ders\blg521\data\02.03\2015\K1\10X\02_03-2015_03_09-10_00-K1-10X.jpeg,02.03\2015\K1\10X\02_03-2015_03_09-10_00-K1-10X.jpeg,02.03,2015,K1,2015-03-09 10:00:00,10X,10X,10X,1.0,0.0,0.270958,C:\Users\ASUS\Desktop\Ders\blg521\data\02.03\2015\K1\1X\02_03-2015_03_09-10_00-K1-1X.jpeg,C:\Users\ASUS\Desktop\Ders\blg521\data\02.03\2015\K1\10X\02_03-2015_03_10-10_00-K1-10X.jpeg,nan,0.9601680674944754,0,13,CONSISTENT,"folder, filename, and visual evidence agree"
C:\Users\ASUS\Desktop\Ders\blg521\data\02.03\2015\K1\10X\02_03-2015_03_10-10_00-K1-10X.jpeg,02.03\2015\K1\10X\02_03-2015_03_10-10_00-K1-10X.jpeg,02.03,2015,K1,2015-03-10 10:00:00,10X,10X,,0.0,0.0,0.0,C:\Users\ASUS\Desktop\Ders\blg521\data\02.03\2015\K1\1X\02_03-2015_03_10-10_00-K1-1X.jpeg,C:\Users\ASUS\Desktop\Ders\blg521\data\02.03\2015\K1\10X\02_03-2015_03_11-09_00-K1-10X.jpeg,nan,nan,0,0,VISUAL_INCONCLUSIVE,insufficient or conflicting registration evidence
C:\Users\ASUS\Desktop\Ders\blg521\data\02.03\2015\K1\10X\02_03-2015_03_11-09_00-K1-10X.jpeg,02.03\2015\K1\10X\02_03-2015_03_11-09_00-K1-10X.jpeg,02.03,2015,K1,2015-03-11 09:00:00,10X,10X,,0.0,0.0,0.0,C:\Users\ASUS\Desktop\Ders\blg521\data\02.03\2015\K1\1X\02_03-2015_03_11-09_00-K1-1X.jpeg,C:\Users\ASUS\Desktop\Ders\blg521\data\02.03\2015\K1\10X\02_03-2015_03_10-10_00-K1-10X.jpeg,nan,nan,0,0,VISUAL_INCONCLUSIVE,insufficient or conflicting registration evidence
C:\Users\ASUS\Desktop\Ders\blg521\data\02.03\2015\K1\10X\02_03-2015_03_13-10_55-K1-10X.jpeg,02.03\2015\K1\10X\02_03-2015_03_13-10_55-K1-10X.jpeg,02.03,2015,K1,2015-03-13 10:55:00,10X,10X,10X,1.0,0.0,0.374247,C:\Users\ASUS\Desktop\Ders\blg521\data\02.03\2015\K1\1X\02_03-2015_03_13-10_56-K1-1X.jpeg,C:\Users\ASUS\Desktop\Ders\blg521\data\02.03\2015\K1\10X\02_03-2015_03_14-10_00-K1-10X.jpeg,nan,1.0018365444414445,0,26,CONSISTENT,"folder, filename, and visual evidence agree"
C:\Users\ASUS\Desktop\Ders\blg521\data\02.03\2015\K1\10X\02_03-2015_03_14-10_00-K1-10X.jpeg,02.03\2015\K1\10X\02_03-2015_03_14-10_00-K1-10X.jpeg,02.03,2015,K1,2015-03-14 10:00:00,10X,10X,10X,1.0,0.0,0.308974,C:\Users\ASUS\Desktop\Ders\blg521\data\02.03\2015\K1\1X\02_03-2015_03_14-10_00-K1-1X.jpeg,C:\Users\ASUS\Desktop\Ders\blg521\data\02.03\2015\K1\10X\02_03-2015_03_13-10_55-K1-10X.jpeg,nan,0.9967676469817452,0,20,CONSISTENT,"folder, filename, and visual evidence agree"
C:\Users\ASUS\Desktop\Ders\blg521\data\02.03\2015\K1\10X\02_03-2015_03_16-11_00-K1-10X.jpeg,02.03\2015\K1\10X\02_03-2015_03_16-11_00-K1-10X.jpeg,02.03,2015,K1,2015-03-16 11:00:00,10X,10X,,0.0,0.0,0.0,C:\Users\ASUS\Desktop\Ders\blg521\data\02.03\2015\K1\1X\02_03-2015_03_16-11_00-K1-1X.jpeg,C:\Users\ASUS\Desktop\Ders\blg521\data\02.03\2015\K1\10X\02_03-2015_03_14-10_00-K1-10X.jpeg,0.1660820969057073,1.6889662862900847,4,6,VISUAL_INCONCLUSIVE,insufficient or conflicting registration evidence
C:\Users\ASUS\Desktop\Ders\blg521\data\02.03\2015\K1\10X\02_03-2015_03_19-10_00-K1-10X.jpeg,02.03\2015\K1\10X\02_03-2015_03_19-10_00-K1-10X.jpeg,02.03,2015,K1,2015-03-19 10:00:00,10X,10X,10X,1.0,0.0,0.154182,C:\Users\ASUS\Desktop\Ders\blg521\data\02.03\2015\K1\1X\02_03-2015_03_19-10_00-K1-1X.jpeg,C:\Users\ASUS\Desktop\Ders\blg521\data\02.03\2015\K1\10X\02_03-2015_03_20-10_06-K1-10X.jpeg,nan,1.0020509328995602,0,14,CONSISTENT,"folder, filename, and visual evidence agree"
C:\Users\ASUS\Desktop\Ders\blg521\data\02.03\2015\K1\10X\02_03-2015_03_20-10_06-K1-10X.jpeg,02.03\2015\K1\10X\02_03-2015_03_20-10_06-K1-10X.jpeg,02.03,2015,K1,2015-03-20 10:06:00,10X,10X,10X,1.0,0.0,0.134069,C:\Users\ASUS\Desktop\Ders\blg521\data\02.03\2015\K1\1X\02_03-2015_03_20-10_07-K1-1X.jpeg,C:\Users\ASUS\Desktop\Ders\blg521\data\02.03\2015\K1\10X\02_03-2015_03_19-10_00-K1-10X.jpeg,nan,1.0001889331182363,0,11,CONSISTENT,"folder, filename, and visual evidence agree"
C:\Users\ASUS\Desktop\Ders\blg521\data\02.03\2015\K1\10X\02_03-2015_03_22-10_00-K1-10X.jpeg,02.03\2015\K1\10X\02_03-2015_03_22-10_00-K1-10X.jpeg,02.03,2015,K1,2015-03-22 10:00:00,10X,10X,,0.0,0.0,0.0,C:\Users\ASUS\Desktop\Ders\blg521\data\02.03\2015\K1\1X\02_03-2015_03_22-10_00-K1-1X.jpeg,C:\Users\ASUS\Desktop\Ders\blg521\data\02.03\2015\K1\10X\02_03-2015_03_23-10_00-K1-10X.jpeg,nan,nan,0,0,VISUAL_INCONCLUSIVE,insufficient or conflicting registration evidence
C:\Users\ASUS\Desktop\Ders\blg521\data\02.03\2015\K1\10X\02_03-2015_03_23-10_00-K1-10X.jpeg,02.03\2015\K1\10X\02_03-2015_03_23-10_00-K1-10X.jpeg,02.03,2015,K1,2015-03-23 10:00:00,10X,10X,,0.0,0.0,0.0,C:\Users\ASUS\Desktop\Ders\blg521\data\02.03\2015\K1\1X\02_03-2015_03_23-10_00-K1-1X.jpeg,C:\Users\ASUS\Desktop\Ders\blg521\data\02.03\2015\K1\10X\02_03-2015_03_22-10_00-K1-10X.jpeg,nan,nan,0,0,VISUAL_INCONCLUSIVE,insufficient or conflicting registration evidence
C:\Users\ASUS\Desktop\Ders\blg521\data\02.03\2015\K1\10X\02_03-2015_03_25-10_51-K1-10X.jpeg,02.03\2015\K1\10X\02_03-2015_03_25-10_51-K1-10X.jpeg,02.03,2015,K1,2015-03-25 10:51:00,10X,10X,,0.0,0.0,0.0,C:\Users\ASUS\Desktop\Ders\blg521\data\02.03\2015\K1\1X\02_03-2015_03_25-10_52-K1-1X.jpeg,C:\Users\ASUS\Desktop\Ders\blg521\data\02.03\2015\K1\10X\02_03-2015_03_26-10_26-K1-10X.jpeg,nan,nan,0,0,VISUAL_INCONCLUSIVE,insufficient or conflicting registration evidence
C:\Users\ASUS\Desktop\Ders\blg521\data\02.03\2015\K1\10X\02_03-2015_03_26-10_26-K1-10X.jpeg,02.03\2015\K1\10X\02_03-2015_03_26-10_26-K1-10X.jpeg,02.03,2015,K1,2015-03-26 10:26:00,10X,10X,,0.0,0.0,0.0,C:\Users\ASUS\Desktop\Ders\blg521\data\02.03\2015\K1\1X\02_03-2015_03_26-10_26-K1-1X.jpeg,C:\Users\ASUS\Desktop\Ders\blg521\data\02.03\2015\K1\10X\02_03-2015_03_27-10_00-K1-10X.jpeg,nan,nan,0,0,VISUAL_INCONCLUSIVE,insufficient or conflicting registration evidence
C:\Users\ASUS\Desktop\Ders\blg521\data\02.03\2015\K1\10X\02_03-2015_03_27-10_00-K1-10X.jpeg,02.03\2015\K1\10X\02_03-2015_03_27-10_00-K1-10X.jpeg,02.03,2015,K1,2015-03-27 10:00:00,10X,10X,,0.0,0.0,0.0,C:\Users\ASUS\Desktop\Ders\blg521\data\02.03\2015\K1\1X\02_03-2015_03_27-10_00-K1-1X.jpeg,C:\Users\ASUS\Desktop\Ders\blg521\data\02.03\2015\K1\10X\02_03-2015_03_28-09_00-K1-10X.jpeg,nan,nan,0,0,VISUAL_INCONCLUSIVE,insufficient or conflicting registration evidence
C:\Users\ASUS\Desktop\Ders\blg521\data\02.03\2015\K1\10X\02_03-2015_03_28-09_00-K1-10X.jpeg,02.03\2015\K1\10X\02_03-2015_03_28-09_00-K1-10X.jpeg,02.03,2015,K1,2015-03-28 09:00:00,10X,10X,,0.0,0.0,0.0,C:\Users\ASUS\Desktop\Ders\blg521\data\02.03\2015\K1\1X\02_03-2015_03_28-09_00-K1-1X.jpeg,C:\Users\ASUS\Desktop\Ders\blg521\data\02.03\2015\K1\10X\02_03-2015_03_27-10_00-K1-10X.jpeg,nan,nan,0,0,VISUAL_INCONCLUSIVE,insufficient or conflicting registration evidence
C:\Users\ASUS\Desktop\Ders\blg521\data\02.03\2015\K1\10X\02_03-2015_03_29-10_00-K1-10X.jpeg,02.03\2015\K1\10X\02_03-2015_03_29-10_00-K1-10X.jpeg,02.03,2015,K1,2015-03-29 10:00:00,10X,10X,,0.0,0.0,0.0,C:\Users\ASUS\Desktop\Ders\blg521\data\02.03\2015\K1\1X\02_03-2015_03_29-10_00-K1-1X.jpeg,C:\Users\ASUS\Desktop\Ders\blg521\data\02.03\2015\K1\10X\02_03-2015_03_30-08_30-K1-10X.jpeg,nan,nan,0,0,VISUAL_INCONCLUSIVE,insufficient or conflicting registration evidence
C:\Users\ASUS\Desktop\Ders\blg521\data\02.03\2015\K1\10X\02_03-2015_03_30-08_30-K1-10X.jpeg,02.03\2015\K1\10X\02_03-2015_03_30-08_30-K1-10X.jpeg,02.03,2015,K1,2015-03-30 08:30:00,10X,10X,,0.0,0.0,0.0,C:\Users\ASUS\Desktop\Ders\blg521\data\02.03\2015\K1\1X\02_03-2015_03_30-08_30-K1-1X.jpeg,C:\Users\ASUS\Desktop\Ders\blg521\data\02.03\2015\K1\10X\02_03-2015_03_29-10_00-K1-10X.jpeg,nan,nan,0,0,VISUAL_INCONCLUSIVE,insufficient or conflicting registration evidence
C:\Users\ASUS\Desktop\Ders\blg521\data\02.03\2015\K1\10X\02_03-2015_04_01-12_00-K1-10X.jpeg,02.03\2015\K1\10X\02_03-2015_04_01-12_00-K1-10X.jpeg,02.03,2015,K1,2015-04-01 12:00:00,10X,10X,,0.0,0.0,0.0,C:\Users\ASUS\Desktop\Ders\blg521\data\02.03\2015\K1\1X\02_03-2015_04_01-12_00-K1-1X.jpeg,C:\Users\ASUS\Desktop\Ders\blg521\data\02.03\2015\K1\10X\02_03-2015_04_02-10_00-K1-10X.jpeg,nan,nan,0,0,VISUAL_INCONCLUSIVE,insufficient or conflicting registration evidence
C:\Users\ASUS\Desktop\Ders\blg521\data\02.03\2015\K1\10X\02_03-2015_04_02-10_00-K1-10X.jpeg,02.03\2015\K1\10X\02_03-2015_04_02-10_00-K1-10X.jpeg,02.03,2015,K1,2015-04-02 10:00:00,10X,10X,,0.0,0.0,0.0,C:\Users\ASUS\Desktop\Ders\blg521\data\02.03\2015\K1\1X\02_03-2015_04_02-10_00-K1-1X.jpeg,C:\Users\ASUS\Desktop\Ders\blg521\data\02.03\2015\K1\10X\02_03-2015_04_01-12_00-K1-10X.jpeg,nan,nan,0,0,VISUAL_INCONCLUSIVE,insufficient or conflicting registration evidence
C:\Users\ASUS\Desktop\Ders\blg521\data\02.03\2015\K1\10X\02_03-2015_04_04-10_00-K1-10X.jpeg,02.03\2015\K1\10X\02_03-2015_04_04-10_00-K1-10X.jpeg,02.03,2015,K1,2015-04-04 10:00:00,10X,10X,,0.0,0.0,0.0,C:\Users\ASUS\Desktop\Ders\blg521\data\02.03\2015\K1\1X\02_03-2015_04_04-10_00-K1-1X.jpeg,C:\Users\ASUS\Desktop\Ders\blg521\data\02.03\2015\K1\10X\02_03-2015_04_05-09_00-K1-10X.jpeg,nan,nan,0,0,VISUAL_INCONCLUSIVE,insufficient or conflicting registration evidence
C:\Users\ASUS\Desktop\Ders\blg521\data\02.03\2015\K1\10X\02_03-2015_04_05-09_00-K1-10X.jpeg,02.03\2015\K1\10X\02_03-2015_04_05-09_00-K1-10X.jpeg,02.03,2015,K1,2015-04-05 09:00:00,10X,10X,,0.0,0.0,0.0,C:\Users\ASUS\Desktop\Ders\blg521\data\02.03\2015\K1\1X\02_03-2015_04_05-09_00-K1-1X.jpeg,C:\Users\ASUS\Desktop\Ders\blg521\data\02.03\2015\K1\10X\02_03-2015_04_04-10_00-K1-10X.jpeg,nan,nan,0,0,VISUAL_INCONCLUSIVE,insufficient or conflicting registration evidence
C:\Users\ASUS\Desktop\Ders\blg521\data\02.03\2015\K1\10X\02_03-2015_04_06-10_00-K1-10X.jpeg,02.03\2015\K1\10X\02_03-2015_04_06-10_00-K1-10X.jpeg,02.03,2015,K1,2015-04-06 10:00:00,10X,10X,,0.0,0.0,0.0,C:\Users\ASUS\Desktop\Ders\blg521\data\02.03\2015\K1\1X\02_03-2015_04_06-10_00-K1-1X.jpeg,C:\Users\ASUS\Desktop\Ders\blg521\data\02.03\2015\K1\10X\02_03-2015_04_07-10_00-K1-10X.jpeg,nan,nan,0,0,VISUAL_INCONCLUSIVE,insufficient or conflicting registration evidence
C:\Users\ASUS\Desktop\Ders\blg521\data\02.03\2015\K1\10X\02_03-2015_04_07-10_00-K1-10X.jpeg,02.03\2015\K1\10X\02_03-2015_04_07-10_00-K1-10X.jpeg,02.03,2015,K1,2015-04-07 10:00:00,10X,10X,,0.0,0.0,0.0,C:\Users\ASUS\Desktop\Ders\blg521\data\02.03\2015\K1\1X\02_03-2015_04_07-10_00-K1-1X.jpeg,C:\Users\ASUS\Desktop\Ders\blg521\data\02.03\2015\K1\10X\02_03-2015_04_06-10_00-K1-10X.jpeg,nan,nan,0,0,VISUAL_INCONCLUSIVE,insufficient or conflicting registration evidence
C:\Users\ASUS\Desktop\Ders\blg521\data\02.03\2015\K1\10X\02_03-2015_04_08-10_00-K1-10X.jpeg,02.03\2015\K1\10X\02_03-2015_04_08-10_00-K1-10X.jpeg,02.03,2015,K1,2015-04-08 10:00:00,10X,10X,,0.0,0.0,0.0,C:\Users\ASUS\Desktop\Ders\blg521\data\02.03\2015\K1\1X\02_03-2015_04_08-10_00-K1-1X.jpeg,C:\Users\ASUS\Desktop\Ders\blg521\data\02.03\2015\K1\10X\02_03-2015_04_07-10_00-K1-10X.jpeg,nan,nan,0,0,VISUAL_INCONCLUSIVE,insufficient or conflicting registration evidence
C:\Users\ASUS\Desktop\Ders\blg521\data\02.03\2015\K1\10X\02_03-2015_04_09-10_00-K1-10X.jpeg,02.03\2015\K1\10X\02_03-2015_04_09-10_00-K1-10X.jpeg,02.03,2015,K1,2015-04-09 10:00:00,10X,10X,,0.0,0.0,0.0,C:\Users\ASUS\Desktop\Ders\blg521\data\02.03\2015\K1\1X\02_03-2015_04_09-10_00-K1-1X.jpeg,C:\Users\ASUS\Desktop\Ders\blg521\data\02.03\2015\K1\10X\02_03-2015_04_08-10_00-K1-10X.jpeg,nan,nan,0,0,VISUAL_INCONCLUSIVE,insufficient or conflicting registration evidence
C:\Users\ASUS\Desktop\Ders\blg521\data\02.03\2015\K1\10X\02_03-2015_04_10-10_00-K1-10X.jpeg,02.03\2015\K1\10X\02_03-2015_04_10-10_00-K1-10X.jpeg,02.03,2015,K1,2015-04-10 10:00:00,10X,10X,,0.0,0.0,0.0,C:\Users\ASUS\Desktop\Ders\blg521\data\02.03\2015\K1\1X\02_03-2015_04_10-10_00-K1-1X.jpeg,C:\Users\ASUS\Desktop\Ders\blg521\data\02.03\2015\K1\10X\02_03-2015_04_09-10_00-K1-10X.jpeg,nan,nan,0,0,VISUAL_INCONCLUSIVE,insufficient or conflicting registration evidence
C:\Users\ASUS\Desktop\Ders\blg521\data\02.03\2015\K1\10X\02_03-2015_04_12-10_00-K1-10X.jpeg,02.03\2015\K1\10X\02_03-2015_04_12-10_00-K1-10X.jpeg,02.03,2015,K1,2015-04-12 10:00:00,10X,10X,,0.0,0.0,0.0,C:\Users\ASUS\Desktop\Ders\blg521\data\02.03\2015\K1\1X\02_03-2015_04_12-10_00-K1-1X.jpeg,C:\Users\ASUS\Desktop\Ders\blg521\data\02.03\2015\K1\10X\02_03-2015_04_13-10_00-K1-10X.jpeg,nan,nan,0,0,VISUAL_INCONCLUSIVE,insufficient or conflicting registration evidence
C:\Users\ASUS\Desktop\Ders\blg521\data\02.03\2015\K1\10X\02_03-2015_04_13-10_00-K1-10X.jpeg,02.03\2015\K1\10X\02_03-2015_04_13-10_00-K1-10X.jpeg,02.03,2015,K1,2015-04-13 10:00:00,10X,10X,,0.0,0.0,0.0,C:\Users\ASUS\Desktop\Ders\blg521\data\02.03\2015\K1\1X\02_03-2015_04_13-10_00-K1-1X.jpeg,C:\Users\ASUS\Desktop\Ders\blg521\data\02.03\2015\K1\10X\02_03-2015_04_12-10_00-K1-10X.jpeg,nan,nan,0,0,VISUAL_INCONCLUSIVE,insufficient or conflicting registration evidence
C:\Users\ASUS\Desktop\Ders\blg521\data\02.03\2015\K1\10X\02_03-2015_04_16-10_00-K1-10X.jpeg,02.03\2015\K1\10X\02_03-2015_04_16-10_00-K1-10X.jpeg,02.03,2015,K1,2015-04-16 10:00:00,10X,10X,,0.0,0.0,0.0,C:\Users\ASUS\Desktop\Ders\blg521\data\02.03\2015\K1\1X\02_03-2015_04_16-10_00-K1-1X.jpeg,C:\Users\ASUS\Desktop\Ders\blg521\data\02.03\2015\K1\10X\02_03-2015_04_17-10_00-K1-10X.jpeg,nan,nan,0,0,VISUAL_INCONCLUSIVE,insufficient or conflicting registration evidence
C:\Users\ASUS\Desktop\Ders\blg521\data\02.03\2015\K1\10X\02_03-2015_04_17-10_00-K1-10X.jpeg,02.03\2015\K1\10X\02_03-2015_04_17-10_00-K1-10X.jpeg,02.03,2015,K1,2015-04-17 10:00:00,10X,10X,,0.0,0.0,0.0,C:\Users\ASUS\Desktop\Ders\blg521\data\02.03\2015\K1\1X\02_03-2015_04_17-10_00-K1-1X.jpeg,C:\Users\ASUS\Desktop\Ders\blg521\data\02.03\2015\K1\10X\02_03-2015_04_16-10_00-K1-10X.jpeg,nan,nan,0,0,VISUAL_INCONCLUSIVE,insufficient or conflicting registration evidence
C:\Users\ASUS\Desktop\Ders\blg521\data\02.03\2015\K1\10X\02_03-2015_04_18-10_00-K1-10X.jpeg,02.03\2015\K1\10X\02_03-2015_04_18-10_00-K1-10X.jpeg,02.03,2015,K1,2015-04-18 10:00:00,10X,10X,,0.0,0.0,0.0,C:\Users\ASUS\Desktop\Ders\blg521\data\02.03\2015\K1\1X\02_03-2015_04_18-10_00-K1-1X.jpeg,C:\Users\ASUS\Desktop\Ders\blg521\data\02.03\2015\K1\10X\02_03-2015_04_17-10_00-K1-10X.jpeg,nan,nan,0,0,VISUAL_INCONCLUSIVE,insufficient or conflicting registration evidence
C:\Users\ASUS\Desktop\Ders\blg521\data\02.03\2015\K1\10X\02_03-2015_04_22-10_00-K1-10X.jpeg,02.03\2015\K1\10X\02_03-2015_04_22-10_00-K1-10X.jpeg,02.03,2015,K1,2015-04-22 10:00:00,10X,10X,,0.0,0.0,0.0,C:\Users\ASUS\Desktop\Ders\blg521\data\02.03\2015\K1\1X\02_03-2015_04_22-10_00-K1-1X.jpeg,C:\Users\ASUS\Desktop\Ders\blg521\data\02.03\2015\K1\10X\02_03-2015_04_24-10_00-K1-10X.jpeg,nan,nan,0,0,VISUAL_INCONCLUSIVE,insufficient or conflicting registration evidence
C:\Users\ASUS\Desktop\Ders\blg521\data\02.03\2015\K1\10X\02_03-2015_04_24-10_00-K1-10X.jpeg,02.03\2015\K1\10X\02_03-2015_04_24-10_00-K1-10X.jpeg,02.03,2015,K1,2015-04-24 10:00:00,10X,10X,,0.0,0.0,0.0,C:\Users\ASUS\Desktop\Ders\blg521\data\02.03\2015\K1\1X\02_03-2015_04_24-10_00-K1-1X.jpeg,C:\Users\ASUS\Desktop\Ders\blg521\data\02.03\2015\K1\10X\02_03-2015_04_25-11_32-K1-10X.jpeg,nan,nan,0,0,VISUAL_INCONCLUSIVE,insufficient or conflicting registration evidence
C:\Users\ASUS\Desktop\Ders\blg521\data\02.03\2015\K1\10X\02_03-2015_04_25-11_32-K1-10X.jpeg,02.03\2015\K1\10X\02_03-2015_04_25-11_32-K1-10X.jpeg,02.03,2015,K1,2015-04-25 11:32:00,10X,10X,,0.0,0.0,0.0,C:\Users\ASUS\Desktop\Ders\blg521\data\02.03\2015\K1\1X\02_03-2015_04_25-11_32-K1-1X.jpeg,C:\Users\ASUS\Desktop\Ders\blg521\data\02.03\2015\K1\10X\02_03-2015_04_26-11_30-K1-10X.jpeg,nan,nan,0,0,VISUAL_INCONCLUSIVE,insufficient or conflicting registration evidence
C:\Users\ASUS\Desktop\Ders\blg521\data\02.03\2015\K1\10X\02_03-2015_04_26-11_30-K1-10X.jpeg,02.03\2015\K1\10X\02_03-2015_04_26-11_30-K1-10X.jpeg,02.03,2015,K1,2015-04-26 11:30:00,10X,10X,,0.0,0.0,0.0,C:\Users\ASUS\Desktop\Ders\blg521\data\02.03\2015\K1\1X\02_03-2015_04_26-11_30-K1-1X.jpeg,C:\Users\ASUS\Desktop\Ders\blg521\data\02.03\2015\K1\10X\02_03-2015_04_27-11_07-K1-10X.jpeg,nan,nan,0,0,VISUAL_INCONCLUSIVE,insufficient or conflicting registration evidence
C:\Users\ASUS\Desktop\Ders\blg521\data\02.03\2015\K1\10X\02_03-2015_04_27-11_07-K1-10X.jpeg,02.03\2015\K1\10X\02_03-2015_04_27-11_07-K1-10X.jpeg,02.03,2015,K1,2015-04-27 11:07:00,10X,10X,,0.0,0.0,0.0,C:\Users\ASUS\Desktop\Ders\blg521\data\02.03\2015\K1\1X\02_03-2015_04_27-11_07-K1-1X.jpeg,C:\Users\ASUS\Desktop\Ders\blg521\data\02.03\2015\K1\10X\02_03-2015_04_28-10_00-K1-10X.jpeg,nan,nan,0,0,VISUAL_INCONCLUSIVE,insufficient or conflicting registration evidence
C:\Users\ASUS\Desktop\Ders\blg521\data\02.03\2015\K1\10X\02_03-2015_04_28-10_00-K1-10X.jpeg,02.03\2015\K1\10X\02_03-2015_04_28-10_00-K1-10X.jpeg,02.03,2015,K1,2015-04-28 10:00:00,10X,10X,,0.0,0.0,0.0,C:\Users\ASUS\Desktop\Ders\blg521\data\02.03\2015\K1\1X\02_03-2015_04_28-10_00-K1-1X.jpeg,C:\Users\ASUS\Desktop\Ders\blg521\data\02.03\2015\K1\10X\02_03-2015_04_27-11_07-K1-10X.jpeg,nan,nan,0,0,VISUAL_INCONCLUSIVE,insufficient or conflicting registration evidence
C:\Users\ASUS\Desktop\Ders\blg521\data\02.03\2015\K1\10X\02_03-2015_04_29-10_12-K1-10X.jpeg,02.03\2015\K1\10X\02_03-2015_04_29-10_12-K1-10X.jpeg,02.03,2015,K1,2015-04-29 10:12:00,10X,10X,,0.0,0.0,0.0,C:\Users\ASUS\Desktop\Ders\blg521\data\02.03\2015\K1\1X\02_03-2015_04_29-10_13-K1-1X.jpeg,C:\Users\ASUS\Desktop\Ders\blg521\data\02.03\2015\K1\10X\02_03-2015_04_30-08_30-K1-10X.jpeg,nan,nan,0,0,VISUAL_INCONCLUSIVE,insufficient or conflicting registration evidence
C:\Users\ASUS\Desktop\Ders\blg521\data\02.03\2015\K1\10X\02_03-2015_04_30-08_30-K1-10X.jpeg,02.03\2015\K1\10X\02_03-2015_04_30-08_30-K1-10X.jpeg,02.03,2015,K1,2015-04-30 08:30:00,10X,10X,,0.0,0.0,0.0,C:\Users\ASUS\Desktop\Ders\blg521\data\02.03\2015\K1\1X\02_03-2015_04_30-08_30-K1-1X.jpeg,C:\Users\ASUS\Desktop\Ders\blg521\data\02.03\2015\K1\10X\02_03-2015_04_29-10_12-K1-10X.jpeg,nan,nan,0,0,VISUAL_INCONCLUSIVE,insufficient or conflicting registration evidence
C:\Users\ASUS\Desktop\Ders\blg521\data\02.03\2015\K1\10X\02_03-2015_05_02-10_00-K1-10X.jpeg,02.03\2015\K1\10X\02_03-2015_05_02-10_00-K1-10X.jpeg,02.03,2015,K1,2015-05-02 10:00:00,10X,10X,,0.0,0.0,0.0,C:\Users\ASUS\Desktop\Ders\blg521\data\02.03\2015\K1\1X\02_03-2015_05_02-10_00-K1-1X.jpeg,C:\Users\ASUS\Desktop\Ders\blg521\data\02.03\2015\K1\10X\02_03-2015_04_30-08_30-K1-10X.jpeg,nan,nan,0,0,VISUAL_INCONCLUSIVE,insufficient or conflicting registration evidence
C:\Users\ASUS\Desktop\Ders\blg521\data\02.03\2015\K1\10X\02_03-2015_05_05-10_55-K1-10X.jpeg,02.03\2015\K1\10X\02_03-2015_05_05-10_55-K1-10X.jpeg,02.03,2015,K1,2015-05-05 10:55:00,10X,10X,,0.0,0.0,0.0,C:\Users\ASUS\Desktop\Ders\blg521\data\02.03\2015\K1\1X\02_03-2015_05_05-10_55-K1-1X.jpeg,C:\Users\ASUS\Desktop\Ders\blg521\data\02.03\2015\K1\10X\02_03-2015_05_06-10_00-K1-10X.jpeg,nan,1.006606269998977,0,6,VISUAL_INCONCLUSIVE,insufficient or conflicting registration evidence
C:\Users\ASUS\Desktop\Ders\blg521\data\02.03\2015\K1\10X\02_03-2015_05_06-10_00-K1-10X.jpeg,02.03\2015\K1\10X\02_03-2015_05_06-10_00-K1-10X.jpeg,02.03,2015,K1,2015-05-06 10:00:00,10X,10X,,0.0,0.0,0.0,C:\Users\ASUS\Desktop\Ders\blg521\data\02.03\2015\K1\1X\02_03-2015_05_06-10_00-K1-1X.jpeg,C:\Users\ASUS\Desktop\Ders\blg521\data\02.03\2015\K1\10X\02_03-2015_05_05-10_55-K1-10X.jpeg,nan,0.14854408515865722,0,6,VISUAL_INCONCLUSIVE,insufficient or conflicting registration evidence
C:\Users\ASUS\Desktop\Ders\blg521\data\02.03\2015\K1\10X\02_03-2015_05_09-10_00-K1-10X.jpeg,02.03\2015\K1\10X\02_03-2015_05_09-10_00-K1-10X.jpeg,02.03,2015,K1,2015-05-09 10:00:00,10X,10X,,0.0,0.0,0.0,C:\Users\ASUS\Desktop\Ders\blg521\data\02.03\2015\K1\1X\02_03-2015_05_09-10_00-K1-1X.jpeg,C:\Users\ASUS\Desktop\Ders\blg521\data\02.03\2015\K1\10X\02_03-2015_05_11-10_00-K1-10X.jpeg,nan,0.16433240366776153,0,7,VISUAL_INCONCLUSIVE,insufficient or conflicting registration evidence
C:\Users\ASUS\Desktop\Ders\blg521\data\02.03\2015\K1\10X\02_03-2015_05_11-10_00-K1-10X.jpeg,02.03\2015\K1\10X\02_03-2015_05_11-10_00-K1-10X.jpeg,02.03,2015,K1,2015-05-11 10:00:00,10X,10X,10X,1.0,0.0,0.166271,C:\Users\ASUS\Desktop\Ders\blg521\data\02.03\2015\K1\1X\02_03-2015_05_11-10_00-K1-1X.jpeg,C:\Users\ASUS\Desktop\Ders\blg521\data\02.03\2015\K1\10X\02_03-2015_05_12-10_21-K1-10X.jpeg,nan,1.0060935286233292,0,12,CONSISTENT,"folder, filename, and visual evidence agree"
C:\Users\ASUS\Desktop\Ders\blg521\data\02.03\2015\K1\10X\02_03-2015_05_12-10_21-K1-10X.jpeg,02.03\2015\K1\10X\02_03-2015_05_12-10_21-K1-10X.jpeg,02.03,2015,K1,2015-05-12 10:21:00,10X,10X,10X,1.0,0.0,0.51295,C:\Users\ASUS\Desktop\Ders\blg521\data\02.03\2015\K1\1X\02_03-2015_05_12-10_21-K1-1X.jpeg,C:\Users\ASUS\Desktop\Ders\blg521\data\02.03\2015\K1\10X\02_03-2015_05_13-10_00-K1-10X.jpeg,nan,1.0003904667509274,0,23,CONSISTENT,"folder, filename, and visual evidence agree"
C:\Users\ASUS\Desktop\Ders\blg521\data\02.03\2015\K1\10X\02_03-2015_05_13-10_00-K1-10X.jpeg,02.03\2015\K1\10X\02_03-2015_05_13-10_00-K1-10X.jpeg,02.03,2015,K1,2015-05-13 10:00:00,10X,10X,10X,1.0,0.0,0.505724,C:\Users\ASUS\Desktop\Ders\blg521\data\02.03\2015\K1\1X\02_03-2015_05_13-10_00-K1-1X.jpeg,C:\Users\ASUS\Desktop\Ders\blg521\data\02.03\2015\K1\10X\02_03-2015_05_12-10_21-K1-10X.jpeg,nan,1.0002659587658225,0,22,CONSISTENT,"folder, filename, and visual evidence agree"
C:\Users\ASUS\Desktop\Ders\blg521\data\02.03\2015\K1\10X\02_03-2015_05_15-08_30-K1-10X.jpeg,02.03\2015\K1\10X\02_03-2015_05_15-08_30-K1-10X.jpeg,02.03,2015,K1,2015-05-15 08:30:00,10X,10X,10X,1.0,0.0,0.25513,C:\Users\ASUS\Desktop\Ders\blg521\data\02.03\2015\K1\1X\02_03-2015_05_15-08_30-K1-1X.jpeg,C:\Users\ASUS\Desktop\Ders\blg521\data\02.03\2015\K1\10X\02_03-2015_05_16-10_00-K1-10X.jpeg,nan,0.9886427227030484,0,14,CONSISTENT,"folder, filename, and visual evidence agree"
C:\Users\ASUS\Desktop\Ders\blg521\data\02.03\2015\K1\10X\02_03-2015_05_16-10_00-K1-10X.jpeg,02.03\2015\K1\10X\02_03-2015_05_16-10_00-K1-10X.jpeg,02.03,2015,K1,2015-05-16 10:00:00,10X,10X,10X,1.0,0.0,0.832988,C:\Users\ASUS\Desktop\Ders\blg521\data\02.03\2015\K1\1X\02_03-2015_05_16-10_00-K1-1X.jpeg,C:\Users\ASUS\Desktop\Ders\blg521\data\02.03\2015\K1\10X\02_03-2015_05_17-08_30-K1-10X.jpeg,nan,0.999526457473682,0,47,CONSISTENT,"folder, filename, and visual evidence agree"
C:\Users\ASUS\Desktop\Ders\blg521\data\02.03\2015\K1\10X\02_03-2015_05_17-08_30-K1-10X.jpeg,02.03\2015\K1\10X\02_03-2015_05_17-08_30-K1-10X.jpeg,02.03,2015,K1,2015-05-17 08:30:00,10X,10X,10X,1.0,0.0,0.779553,C:\Users\ASUS\Desktop\Ders\blg521\data\02.03\2015\K1\1X\02_03-2015_05_17-08_29-K1-1X.jpeg,C:\Users\ASUS\Desktop\Ders\blg521\data\02.03\2015\K1\10X\02_03-2015_05_16-10_00-K1-10X.jpeg,nan,0.9982501666196169,0,45,CONSISTENT,"folder, filename, and visual evidence agree"
C:\Users\ASUS\Desktop\Ders\blg521\data\02.03\2015\K1\10X\02_03-2015_05_20-08_30-K1-10X.jpeg,02.03\2015\K1\10X\02_03-2015_05_20-08_30-K1-10X.jpeg,02.03,2015,K1,2015-05-20 08:30:00,10X,10X,10X,1.0,0.0,0.835449,C:\Users\ASUS\Desktop\Ders\blg521\data\02.03\2015\K1\1X\02_03-2015_05_20-08_30-K1-1X.jpeg,C:\Users\ASUS\Desktop\Ders\blg521\data\02.03\2015\K1\10X\02_03-2015_05_21-09_00-K1-10X.jpeg,nan,1.0043594470000174,0,136,CONSISTENT,"folder, filename, and visual evidence agree"
C:\Users\ASUS\Desktop\Ders\blg521\data\02.03\2015\K1\10X\02_03-2015_05_21-09_00-K1-10X.jpeg,02.03\2015\K1\10X\02_03-2015_05_21-09_00-K1-10X.jpeg,02.03,2015,K1,2015-05-21 09:00:00,10X,10X,10X,1.0,0.0,0.832007,C:\Users\ASUS\Desktop\Ders\blg521\data\02.03\2015\K1\1X\02_03-2015_05_21-09_00-K1-1X.jpeg,C:\Users\ASUS\Desktop\Ders\blg521\data\02.03\2015\K1\10X\02_03-2015_05_20-08_30-K1-10X.jpeg,0.12394198192791529,0.9932260049216448,7,133,CONSISTENT,"folder, filename, and visual evidence agree"
C:\Users\ASUS\Desktop\Ders\blg521\data\02.03\2015\K1\10X\02_03-2015_05_22-10_00-K1-10X.jpeg,02.03\2015\K1\10X\02_03-2015_05_22-10_00-K1-10X.jpeg,02.03,2015,K1,2015-05-22 10:00:00,10X,10X,,0.0,0.0,0.0,C:\Users\ASUS\Desktop\Ders\blg521\data\02.03\2015\K1\1X\02_03-2015_05_22-10_00-K1-1X.jpeg,C:\Users\ASUS\Desktop\Ders\blg521\data\02.03\2015\K1\10X\02_03-2015_05_23-10_28-K1-10X.jpeg,nan,0.9501026346118793,0,6,VISUAL_INCONCLUSIVE,insufficient or conflicting registration evidence
C:\Users\ASUS\Desktop\Ders\blg521\data\02.03\2015\K1\10X\02_03-2015_05_23-10_28-K1-10X.jpeg,02.03\2015\K1\10X\02_03-2015_05_23-10_28-K1-10X.jpeg,02.03,2015,K1,2015-05-23 10:28:00,10X,10X,,0.0,0.001051,0.0,C:\Users\ASUS\Desktop\Ders\blg521\data\02.03\2015\K1\1X\02_03-2015_05_23-10_28-K1-1X.jpeg,C:\Users\ASUS\Desktop\Ders\blg521\data\02.03\2015\K1\10X\02_03-2015_05_22-10_00-K1-10X.jpeg,0.10611990444234064,31.606374463507706,9,5,VISUAL_INCONCLUSIVE,insufficient or conflicting registration evidence
C:\Users\ASUS\Desktop\Ders\blg521\data\02.03\2015\K1\10X\02_03-2015_05_26-09_00-K1-10X.jpeg,02.03\2015\K1\10X\02_03-2015_05_26-09_00-K1-10X.jpeg,02.03,2015,K1,2015-05-26 09:00:00,10X,10X,10X,1.0,0.0,0.744474,C:\Users\ASUS\Desktop\Ders\blg521\data\02.03\2015\K1\1X\02_03-2015_05_26-09_00-K1-1X.jpeg,C:\Users\ASUS\Desktop\Ders\blg521\data\02.03\2015\K1\10X\02_03-2015_05_27-10_00-K1-10X.jpeg,0.10465063052817168,1.0022713852368315,7,43,CONSISTENT,"folder, filename, and visual evidence agree"
C:\Users\ASUS\Desktop\Ders\blg521\data\02.03\2015\K1\10X\02_03-2015_05_27-10_00-K1-10X.jpeg,02.03\2015\K1\10X\02_03-2015_05_27-10_00-K1-10X.jpeg,02.03,2015,K1,2015-05-27 10:00:00,10X,10X,10X,1.0,0.0,0.179188,C:\Users\ASUS\Desktop\Ders\blg521\data\02.03\2015\K1\1X\02_03-2015_05_27-10_00-K1-1X.jpeg,C:\Users\ASUS\Desktop\Ders\blg521\data\02.03\2015\K1\10X\02_03-2015_05_28-09_00-K1-10X.jpeg,nan,0.9978670590601726,0,13,CONSISTENT,"folder, filename, and visual evidence agree"
C:\Users\ASUS\Desktop\Ders\blg521\data\02.03\2015\K1\10X\02_03-2015_05_28-09_00-K1-10X.jpeg,02.03\2015\K1\10X\02_03-2015_05_28-09_00-K1-10X.jpeg,02.03,2015,K1,2015-05-28 09:00:00,10X,10X,10X,0.992493,0.001092,0.144414,C:\Users\ASUS\Desktop\Ders\blg521\data\02.03\2015\K1\1X\02_03-2015_05_28-09_00-K1-1X.jpeg,C:\Users\ASUS\Desktop\Ders\blg521\data\02.03\2015\K1\10X\02_03-2015_05_27-10_00-K1-10X.jpeg,0.10366935545333161,0.9955870054589879,9,10,CONSISTENT,"folder, filename, and visual evidence agree"
C:\Users\ASUS\Desktop\Ders\blg521\data\02.03\2015\K1\10X\02_03-2015_05_29-10_42-K1-1X.jpeg,02.03\2015\K1\10X\02_03-2015_05_29-10_42-K1-1X.jpeg,02.03,2015,K1,2015-05-29 10:42:00,10X,1X,10X,1.0,0.0,0.853347,C:\Users\ASUS\Desktop\Ders\blg521\data\02.03\2015\K1\1X\02_03-2015_05_28-09_00-K1-1X.jpeg,C:\Users\ASUS\Desktop\Ders\blg521\data\02.03\2015\K1\10X\02_03-2015_05_29-11_00-K1-10X.jpeg,nan,1.0029709896042822,0,120,LIKELY_FILENAME_ERROR,visual evidence agrees with folder against filename
C:\Users\ASUS\Desktop\Ders\blg521\data\02.03\2015\K1\10X\02_03-2015_05_29-11_00-K1-10X.jpeg,02.03\2015\K1\10X\02_03-2015_05_29-11_00-K1-10X.jpeg,02.03,2015,K1,2015-05-29 11:00:00,10X,10X,,0.0,0.0,0.0,C:\Users\ASUS\Desktop\Ders\blg521\data\02.03\2015\K1\1X\02_03-2015_05_28-09_00-K1-1X.jpeg,C:\Users\ASUS\Desktop\Ders\blg521\data\02.03\2015\K1\10X\02_03-2015_05_28-09_00-K1-10X.jpeg,nan,nan,0,0,VISUAL_INCONCLUSIVE,insufficient or conflicting registration evidence
C:\Users\ASUS\Desktop\Ders\blg521\data\02.03\2015\K1\10X\02_03-2015_06_01-11_10-K1-1X.jpeg,02.03\2015\K1\10X\02_03-2015_06_01-11_10-K1-1X.jpeg,02.03,2015,K1,2015-06-01 11:10:00,10X,1X,10X,1.0,0.0,0.841503,C:\Users\ASUS\Desktop\Ders\blg521\data\02.03\2015\K1\1X\02_03-2015_06_02-10_00-K1-1X.jpeg,C:\Users\ASUS\Desktop\Ders\blg521\data\02.03\2015\K1\10X\02_03-2015_06_01-11_30-K1-10X.jpeg,nan,1.0040801772876458,0,191,LIKELY_FILENAME_ERROR,visual evidence agrees with folder against filename
C:\Users\ASUS\Desktop\Ders\blg521\data\02.03\2015\K1\10X\02_03-2015_06_01-11_30-K1-10X.jpeg,02.03\2015\K1\10X\02_03-2015_06_01-11_30-K1-10X.jpeg,02.03,2015,K1,2015-06-01 11:30:00,10X,10X,,0.0,0.0,0.0,C:\Users\ASUS\Desktop\Ders\blg521\data\02.03\2015\K1\1X\02_03-2015_06_02-10_00-K1-1X.jpeg,C:\Users\ASUS\Desktop\Ders\blg521\data\02.03\2015\K1\10X\02_03-2015_06_02-10_00-K1-10X.jpeg,nan,nan,0,0,VISUAL_INCONCLUSIVE,insufficient or conflicting registration evidence
C:\Users\ASUS\Desktop\Ders\blg521\data\02.03\2015\K1\10X\02_03-2015_06_02-10_00-K1-10X.jpeg,02.03\2015\K1\10X\02_03-2015_06_02-10_00-K1-10X.jpeg,02.03,2015,K1,2015-06-02 10:00:00,10X,10X,,0.0,0.0,0.0,C:\Users\ASUS\Desktop\Ders\blg521\data\02.03\2015\K1\1X\02_03-2015_06_02-10_00-K1-1X.jpeg,C:\Users\ASUS\Desktop\Ders\blg521\data\02.03\2015\K1\10X\02_03-2015_06_01-11_30-K1-10X.jpeg,0.0105503199115618,nan,6,0,VISUAL_INCONCLUSIVE,insufficient or conflicting registration evidence
C:\Users\ASUS\Desktop\Ders\blg521\data\02.03\2015\K1\10X\02_03-2015_06_03-10_30-K1-10X.jpeg,02.03\2015\K1\10X\02_03-2015_06_03-10_30-K1-10X.jpeg,02.03,2015,K1,2015-06-03 10:30:00,10X,10X,10X,1.0,0.0,0.439263,C:\Users\ASUS\Desktop\Ders\blg521\data\02.03\2015\K1\1X\02_03-2015_06_03-10_29-K1-1X.jpeg,C:\Users\ASUS\Desktop\Ders\blg521\data\02.03\2015\K1\10X\02_03-2015_06_04-10_00-K1-10X.jpeg,nan,1.0367830962047757,0,24,CONSISTENT,"folder, filename, and visual evidence agree"
C:\Users\ASUS\Desktop\Ders\blg521\data\02.03\2015\K1\10X\02_03-2015_06_04-10_00-K1-10X.jpeg,02.03\2015\K1\10X\02_03-2015_06_04-10_00-K1-10X.jpeg,02.03,2015,K1,2015-06-04 10:00:00,10X,10X,10X,1.0,0.0,0.468182,C:\Users\ASUS\Desktop\Ders\blg521\data\02.03\2015\K1\1X\02_03-2015_06_04-10_00-K1-1X.jpeg,C:\Users\ASUS\Desktop\Ders\blg521\data\02.03\2015\K1\10X\02_03-2015_06_03-10_30-K1-10X.jpeg,nan,0.9731165971840449,0,29,CONSISTENT,"folder, filename, and visual evidence agree"
C:\Users\ASUS\Desktop\Ders\blg521\data\02.03\2015\K1\10X\02_03-2015_06_05-10_30-K1-10X.jpeg,02.03\2015\K1\10X\02_03-2015_06_05-10_30-K1-10X.jpeg,02.03,2015,K1,2015-06-05 10:30:00,10X,10X,10X,1.0,0.0,0.44707,C:\Users\ASUS\Desktop\Ders\blg521\data\02.03\2015\K1\1X\02_03-2015_06_05-10_30-K1-1X.jpeg,C:\Users\ASUS\Desktop\Ders\blg521\data\02.03\2015\K1\10X\02_03-2015_06_06-09_00-K1-10X.jpeg,nan,0.9982160042070021,0,23,CONSISTENT,"folder, filename, and visual evidence agree"
C:\Users\ASUS\Desktop\Ders\blg521\data\02.03\2015\K1\10X\02_03-2015_06_06-09_00-K1-10X.jpeg,02.03\2015\K1\10X\02_03-2015_06_06-09_00-K1-10X.jpeg,02.03,2015,K1,2015-06-06 09:00:00,10X,10X,10X,1.0,0.0,0.270304,C:\Users\ASUS\Desktop\Ders\blg521\data\02.03\2015\K1\1X\02_03-2015_06_06-09_00-K1-1X.jpeg,C:\Users\ASUS\Desktop\Ders\blg521\data\02.03\2015\K1\10X\02_03-2015_06_05-10_30-K1-10X.jpeg,nan,0.9462620622053619,0,19,CONSISTENT,"folder, filename, and visual evidence agree"
C:\Users\ASUS\Desktop\Ders\blg521\data\02.03\2015\K1\10X\02_03-2015_06_08-10_00-K1-10X.jpeg,02.03\2015\K1\10X\02_03-2015_06_08-10_00-K1-10X.jpeg,02.03,2015,K1,2015-06-08 10:00:00,10X,10X,10X,1.0,0.0,0.840679,C:\Users\ASUS\Desktop\Ders\blg521\data\02.03\2015\K1\1X\02_03-2015_06_08-10_00-K1-1X.jpeg,C:\Users\ASUS\Desktop\Ders\blg521\data\02.03\2015\K1\10X\02_03-2015_06_09-10_00-K1-10X.jpeg,0.02648368847300487,1.0012863604802473,5,123,CONSISTENT,"folder, filename, and visual evidence agree"
C:\Users\ASUS\Desktop\Ders\blg521\data\02.03\2015\K1\10X\02_03-2015_06_09-10_00-K1-10X.jpeg,02.03\2015\K1\10X\02_03-2015_06_09-10_00-K1-10X.jpeg,02.03,2015,K1,2015-06-09 10:00:00,10X,10X,10X,1.0,0.0,0.844656,C:\Users\ASUS\Desktop\Ders\blg521\data\02.03\2015\K1\1X\02_03-2015_06_09-10_00-K1-1X.jpeg,C:\Users\ASUS\Desktop\Ders\blg521\data\02.03\2015\K1\10X\02_03-2015_06_08-10_00-K1-10X.jpeg,nan,0.9984036055858673,0,119,CONSISTENT,"folder, filename, and visual evidence agree"
C:\Users\ASUS\Desktop\Ders\blg521\data\02.03\2015\K1\10X\02_03-2015_06_10-10_00-K1-10X.jpeg,02.03\2015\K1\10X\02_03-2015_06_10-10_00-K1-10X.jpeg,02.03,2015,K1,2015-06-10 10:00:00,10X,10X,10X,1.0,0.0,0.833611,C:\Users\ASUS\Desktop\Ders\blg521\data\02.03\2015\K1\1X\02_03-2015_06_10-10_00-K1-1X.jpeg,C:\Users\ASUS\Desktop\Ders\blg521\data\02.03\2015\K1\10X\02_03-2015_06_09-10_00-K1-10X.jpeg,nan,0.998424494367541,0,129,CONSISTENT,"folder, filename, and visual evidence agree"
C:\Users\ASUS\Desktop\Ders\blg521\data\02.03\2015\K1\10X\02_03-2015_06_20-10_00-K1-10X.jpeg,02.03\2015\K1\10X\02_03-2015_06_20-10_00-K1-10X.jpeg,02.03,2015,K1,2015-06-20 10:00:00,10X,10X,,0.0,0.0,0.0,C:\Users\ASUS\Desktop\Ders\blg521\data\02.03\2015\K1\1X\02_03-2015_06_20-10_00-K1-1X.jpeg,C:\Users\ASUS\Desktop\Ders\blg521\data\02.03\2015\K1\10X\02_03-2015_06_10-10_00-K1-10X.jpeg,nan,nan,0,0,VISUAL_INCONCLUSIVE,insufficient or conflicting registration evidence
C:\Users\ASUS\Desktop\Ders\blg521\data\02.03\2015\K1\10X\02_03-2015_07_02-11_52-K1-10X.jpeg,02.03\2015\K1\10X\02_03-2015_07_02-11_52-K1-10X.jpeg,02.03,2015,K1,2015-07-02 11:52:00,10X,10X,10X,1.0,0.0,0.856462,C:\Users\ASUS\Desktop\Ders\blg521\data\02.03\2015\K1\1X\02_03-2015_07_02-11_53-K1-1X.jpeg,C:\Users\ASUS\Desktop\Ders\blg521\data\02.03\2015\K1\10X\02_03-2015_07_03-10_00-K1-10X.jpeg,nan,0.9672387201834362,0,57,CONSISTENT,"folder, filename, and visual evidence agree"
C:\Users\ASUS\Desktop\Ders\blg521\data\02.03\2015\K1\10X\02_03-2015_07_03-10_00-K1-10X.jpeg,02.03\2015\K1\10X\02_03-2015_07_03-10_00-K1-10X.jpeg,02.03,2015,K1,2015-07-03 10:00:00,10X,10X,10X,1.0,0.0,0.917736,C:\Users\ASUS\Desktop\Ders\blg521\data\02.03\2015\K1\1X\02_03-2015_07_03-10_00-K1-1X.jpeg,C:\Users\ASUS\Desktop\Ders\blg521\data\02.03\2015\K1\10X\02_03-2015_07_04-08_01-K1-10X.jpeg,nan,1.003602578281389,0,45,CONSISTENT,"folder, filename, and visual evidence agree"
C:\Users\ASUS\Desktop\Ders\blg521\data\02.03\2015\K1\10X\02_03-2015_07_04-08_01-K1-10X.jpeg,02.03\2015\K1\10X\02_03-2015_07_04-08_01-K1-10X.jpeg,02.03,2015,K1,2015-07-04 08:01:00,10X,10X,10X,1.0,0.0,0.919532,C:\Users\ASUS\Desktop\Ders\blg521\data\02.03\2015\K1\1X\02_03-2015_07_04-08_02-K1-1X.jpeg,C:\Users\ASUS\Desktop\Ders\blg521\data\02.03\2015\K1\10X\02_03-2015_07_03-10_00-K1-10X.jpeg,nan,0.9961790680556138,0,46,CONSISTENT,"folder, filename, and visual evidence agree"
C:\Users\ASUS\Desktop\Ders\blg521\data\02.03\2015\K1\10X\02_03-2015_07_05-08_30-K1-10X.jpeg,02.03\2015\K1\10X\02_03-2015_07_05-08_30-K1-10X.jpeg,02.03,2015,K1,2015-07-05 08:30:00,10X,10X,10X,1.0,0.0,0.967447,C:\Users\ASUS\Desktop\Ders\blg521\data\02.03\2015\K1\1X\02_03-2015_07_05-08_30-K1-1X.jpeg,C:\Users\ASUS\Desktop\Ders\blg521\data\02.03\2015\K1\10X\02_03-2015_07_04-08_01-K1-10X.jpeg,nan,0.9999734065588219,0,550,CONSISTENT,"folder, filename, and visual evidence agree"
C:\Users\ASUS\Desktop\Ders\blg521\data\02.03\2015\K1\10X\02_03-2015_07_08-11_28-K1-10X.jpeg,02.03\2015\K1\10X\02_03-2015_07_08-11_28-K1-10X.jpeg,02.03,2015,K1,2015-07-08 11:28:00,10X,10X,10X,1.0,0.0,0.939715,C:\Users\ASUS\Desktop\Ders\blg521\data\02.03\2015\K1\1X\02_03-2015_07_08-11_29-K1-1X.jpeg,C:\Users\ASUS\Desktop\Ders\blg521\data\02.03\2015\K1\10X\02_03-2015_07_10-10_00-K1-10X.jpeg,nan,1.000066091297243,0,74,CONSISTENT,"folder, filename, and visual evidence agree"
C:\Users\ASUS\Desktop\Ders\blg521\data\02.03\2015\K1\10X\02_03-2015_07_10-10_00-K1-10X.jpeg,02.03\2015\K1\10X\02_03-2015_07_10-10_00-K1-10X.jpeg,02.03,2015,K1,2015-07-10 10:00:00,10X,10X,10X,1.0,0.0,0.912697,C:\Users\ASUS\Desktop\Ders\blg521\data\02.03\2015\K1\1X\02_03-2015_07_10-10_00-K1-1X.jpeg,C:\Users\ASUS\Desktop\Ders\blg521\data\02.03\2015\K1\10X\02_03-2015_07_08-11_28-K1-10X.jpeg,nan,0.9999350955690406,0,63,CONSISTENT,"folder, filename, and visual evidence agree"
C:\Users\ASUS\Desktop\Ders\blg521\data\02.03\2015\K1\10X\02_03-2015_07_12-10_00-K1-10X.jpeg,02.03\2015\K1\10X\02_03-2015_07_12-10_00-K1-10X.jpeg,02.03,2015,K1,2015-07-12 10:00:00,10X,10X,10X,1.0,0.0,0.953164,C:\Users\ASUS\Desktop\Ders\blg521\data\02.03\2015\K1\1X\02_03-2015_07_12-10_00-K1-1X.jpeg,C:\Users\ASUS\Desktop\Ders\blg521\data\02.03\2015\K1\10X\02_03-2015_07_14-09_30-K1-10X.jpeg,nan,1.0011671632892007,0,318,CONSISTENT,"folder, filename, and visual evidence agree"
C:\Users\ASUS\Desktop\Ders\blg521\data\02.03\2015\K1\10X\02_03-2015_07_14-09_30-K1-10X.jpeg,02.03\2015\K1\10X\02_03-2015_07_14-09_30-K1-10X.jpeg,02.03,2015,K1,2015-07-14 09:30:00,10X,10X,10X,1.0,0.0,0.947282,C:\Users\ASUS\Desktop\Ders\blg521\data\02.03\2015\K1\1X\02_03-2015_07_14-09_29-K1-1X.jpeg,C:\Users\ASUS\Desktop\Ders\blg521\data\02.03\2015\K1\10X\02_03-2015_07_12-10_00-K1-10X.jpeg,nan,0.9988518784054105,0,306,CONSISTENT,"folder, filename, and visual evidence agree"
C:\Users\ASUS\Desktop\Ders\blg521\data\02.03\2015\K1\10X\02_03-2015_07_18-11_38-K1-10X.jpeg,02.03\2015\K1\10X\02_03-2015_07_18-11_38-K1-10X.jpeg,02.03,2015,K1,2015-07-18 11:38:00,10X,10X,10X,1.0,0.0,0.922368,C:\Users\ASUS\Desktop\Ders\blg521\data\02.03\2015\K1\1X\02_03-2015_07_18-11_40-K1-1X.jpeg,C:\Users\ASUS\Desktop\Ders\blg521\data\02.03\2015\K1\10X\02_03-2015_07_19-10_00-K1-10X.jpeg,nan,1.003011598134511,0,73,CONSISTENT,"folder, filename, and visual evidence agree"
C:\Users\ASUS\Desktop\Ders\blg521\data\02.03\2015\K1\10X\02_03-2015_07_19-10_00-K1-10X.jpeg,02.03\2015\K1\10X\02_03-2015_07_19-10_00-K1-10X.jpeg,02.03,2015,K1,2015-07-19 10:00:00,10X,10X,10X,1.0,0.0,0.922104,C:\Users\ASUS\Desktop\Ders\blg521\data\02.03\2015\K1\1X\02_03-2015_07_19-10_00-K1-1X.jpeg,C:\Users\ASUS\Desktop\Ders\blg521\data\02.03\2015\K1\10X\02_03-2015_07_18-11_38-K1-10X.jpeg,nan,0.997115990144334,0,70,CONSISTENT,"folder, filename, and visual evidence agree"
C:\Users\ASUS\Desktop\Ders\blg521\data\02.03\2015\K1\10X\02_03-2015_07_20-11_39-K1-10X.jpeg,02.03\2015\K1\10X\02_03-2015_07_20-11_39-K1-10X.jpeg,02.03,2015,K1,2015-07-20 11:39:00,10X,10X,10X,1.0,0.0,0.924863,C:\Users\ASUS\Desktop\Ders\blg521\data\02.03\2015\K1\1X\02_03-2015_07_20-11_40-K1-1X.jpeg,C:\Users\ASUS\Desktop\Ders\blg521\data\02.03\2015\K1\10X\02_03-2015_07_19-10_00-K1-10X.jpeg,nan,1.004961343958744,0,44,CONSISTENT,"folder, filename, and visual evidence agree"
C:\Users\ASUS\Desktop\Ders\blg521\data\02.03\2015\K1\10X\02_03-2015_07_23-11_54-K1-10X.jpeg,02.03\2015\K1\10X\02_03-2015_07_23-11_54-K1-10X.jpeg,02.03,2015,K1,2015-07-23 11:54:00,10X,10X,10X,1.0,0.0,0.77393,C:\Users\ASUS\Desktop\Ders\blg521\data\02.03\2015\K1\1X\02_03-2015_07_23-11_55-K1-1X.jpeg,C:\Users\ASUS\Desktop\Ders\blg521\data\02.03\2015\K1\10X\02_03-2015_07_25-11_13-K1-10X.jpeg,nan,1.070962757517329,0,81,CONSISTENT,"folder, filename, and visual evidence agree"
C:\Users\ASUS\Desktop\Ders\blg521\data\02.03\2015\K1\10X\02_03-2015_07_25-11_13-K1-10X.jpeg,02.03\2015\K1\10X\02_03-2015_07_25-11_13-K1-10X.jpeg,02.03,2015,K1,2015-07-25 11:13:00,10X,10X,,0.0,0.0,0.0,C:\Users\ASUS\Desktop\Ders\blg521\data\02.03\2015\K1\1X\02_03-2015_07_25-11_14-K1-1X.jpeg,C:\Users\ASUS\Desktop\Ders\blg521\data\02.03\2015\K1\10X\02_03-2015_07_26-09_00-K1-10X.jpeg,0.10032525843548641,nan,7,0,VISUAL_INCONCLUSIVE,insufficient or conflicting registration evidence
C:\Users\ASUS\Desktop\Ders\blg521\data\02.03\2015\K1\10X\02_03-2015_07_26-09_00-K1-10X.jpeg,02.03\2015\K1\10X\02_03-2015_07_26-09_00-K1-10X.jpeg,02.03,2015,K1,2015-07-26 09:00:00,10X,10X,,0.0,0.0,0.0,C:\Users\ASUS\Desktop\Ders\blg521\data\02.03\2015\K1\1X\02_03-2015_07_26-09_00-K1-1X.jpeg,C:\Users\ASUS\Desktop\Ders\blg521\data\02.03\2015\K1\10X\02_03-2015_07_25-11_13-K1-10X.jpeg,nan,nan,0,0,VISUAL_INCONCLUSIVE,insufficient or conflicting registration evidence
C:\Users\ASUS\Desktop\Ders\blg521\data\02.03\2015\K1\10X\02_03-2015_07_27-09_00-K1-10X.jpeg,02.03\2015\K1\10X\02_03-2015_07_27-09_00-K1-10X.jpeg,02.03,2015,K1,2015-07-27 09:00:00,10X,10X,10X,1.0,0.0,0.858572,C:\Users\ASUS\Desktop\Ders\blg521\data\02.03\2015\K1\1X\02_03-2015_07_27-09_00-K1-1X.jpeg,C:\Users\ASUS\Desktop\Ders\blg521\data\02.03\2015\K1\10X\02_03-2015_07_26-09_00-K1-10X.jpeg,nan,0.9520411337543154,0,526,CONSISTENT,"folder, filename, and visual evidence agree"
C:\Users\ASUS\Desktop\Ders\blg521\data\02.03\2015\K1\10X\02_03-2015_07_28-10_00-K1-10X.jpeg,02.03\2015\K1\10X\02_03-2015_07_28-10_00-K1-10X.jpeg,02.03,2015,K1,2015-07-28 10:00:00,10X,10X,10X,1.0,0.0,0.95188,C:\Users\ASUS\Desktop\Ders\blg521\data\02.03\2015\K1\1X\02_03-2015_07_28-10_00-K1-1X.jpeg,C:\Users\ASUS\Desktop\Ders\blg521\data\02.03\2015\K1\10X\02_03-2015_07_29-10_41-K1-10X.jpeg,nan,0.9960969070881311,0,373,CONSISTENT,"folder, filename, and visual evidence agree"
C:\Users\ASUS\Desktop\Ders\blg521\data\02.03\2015\K1\10X\02_03-2015_07_29-10_41-K1-10X.jpeg,02.03\2015\K1\10X\02_03-2015_07_29-10_41-K1-10X.jpeg,02.03,2015,K1,2015-07-29 10:41:00,10X,10X,10X,1.0,0.0,0.968246,C:\Users\ASUS\Desktop\Ders\blg521\data\02.03\2015\K1\1X\02_03-2015_07_29-10_42-K1-1X.jpeg,C:\Users\ASUS\Desktop\Ders\blg521\data\02.03\2015\K1\10X\02_03-2015_07_30-10_42-K1-10X.jpeg,nan,0.9984973305302305,0,741,CONSISTENT,"folder, filename, and visual evidence agree"
C:\Users\ASUS\Desktop\Ders\blg521\data\02.03\2015\K1\10X\02_03-2015_07_30-10_42-K1-10X.jpeg,02.03\2015\K1\10X\02_03-2015_07_30-10_42-K1-10X.jpeg,02.03,2015,K1,2015-07-30 10:42:00,10X,10X,10X,1.0,0.0,0.966072,C:\Users\ASUS\Desktop\Ders\blg521\data\02.03\2015\K1\1X\02_03-2015_07_30-10_43-K1-1X.jpeg,C:\Users\ASUS\Desktop\Ders\blg521\data\02.03\2015\K1\10X\02_03-2015_07_29-10_41-K1-10X.jpeg,nan,1.0014980019335038,0,732,CONSISTENT,"folder, filename, and visual evidence agree"
C:\Users\ASUS\Desktop\Ders\blg521\data\02.03\2015\K1\10X\02_03-2015_07_31-10_44-K1-10X.jpeg,02.03\2015\K1\10X\02_03-2015_07_31-10_44-K1-10X.jpeg,02.03,2015,K1,2015-07-31 10:44:00,10X,10X,,0.0,0.0,0.0,C:\Users\ASUS\Desktop\Ders\blg521\data\02.03\2015\K1\1X\02_03-2015_07_31-10_45-K1-1X.jpeg,C:\Users\ASUS\Desktop\Ders\blg521\data\02.03\2015\K1\10X\02_03-2015_08_01-10_44-K1-10X.jpeg,nan,nan,0,0,VISUAL_INCONCLUSIVE,insufficient or conflicting registration evidence
C:\Users\ASUS\Desktop\Ders\blg521\data\02.03\2015\K1\10X\02_03-2015_08_01-10_44-K1-10X.jpeg,02.03\2015\K1\10X\02_03-2015_08_01-10_44-K1-10X.jpeg,02.03,2015,K1,2015-08-01 10:44:00,10X,10X,10X,1.0,0.0,0.160805,C:\Users\ASUS\Desktop\Ders\blg521\data\02.03\2015\K1\1X\02_03-2015_08_01-10_45-K1-1X.jpeg,C:\Users\ASUS\Desktop\Ders\blg521\data\02.03\2015\K1\10X\02_03-2015_08_02-10_00-K1-10X.jpeg,0.10837404204810336,1.0345429625802647,7,9,CONSISTENT,"folder, filename, and visual evidence agree"
C:\Users\ASUS\Desktop\Ders\blg521\data\02.03\2015\K1\10X\02_03-2015_08_02-10_00-K1-10X.jpeg,02.03\2015\K1\10X\02_03-2015_08_02-10_00-K1-10X.jpeg,02.03,2015,K1,2015-08-02 10:00:00,10X,10X,10X,1.0,0.0,0.301756,C:\Users\ASUS\Desktop\Ders\blg521\data\02.03\2015\K1\1X\02_03-2015_08_02-10_00-K1-1X.jpeg,C:\Users\ASUS\Desktop\Ders\blg521\data\02.03\2015\K1\10X\02_03-2015_08_01-10_44-K1-10X.jpeg,0.10276509086504503,0.9697783343555121,7,15,CONSISTENT,"folder, filename, and visual evidence agree"
C:\Users\ASUS\Desktop\Ders\blg521\data\02.03\2015\K1\10X\02_03-2015_08_03-10_00-K1-10X.jpeg,02.03\2015\K1\10X\02_03-2015_08_03-10_00-K1-10X.jpeg,02.03,2015,K1,2015-08-03 10:00:00,10X,10X,10X,1.0,0.0,0.883397,C:\Users\ASUS\Desktop\Ders\blg521\data\02.03\2015\K1\1X\02_03-2015_08_03-10_00-K1-1X.jpeg,C:\Users\ASUS\Desktop\Ders\blg521\data\02.03\2015\K1\10X\02_03-2015_08_02-10_00-K1-10X.jpeg,nan,1.0365576294472398,0,270,CONSISTENT,"folder, filename, and visual evidence agree"
C:\Users\ASUS\Desktop\Ders\blg521\data\02.03\2015\K1\10X\02_03-2015_08_04-10_00-K1-10X.jpeg,02.03\2015\K1\10X\02_03-2015_08_04-10_00-K1-10X.jpeg,02.03,2015,K1,2015-08-04 10:00:00,10X,10X,,0.0,0.0,0.0,C:\Users\ASUS\Desktop\Ders\blg521\data\02.03\2015\K1\1X\02_03-2015_08_04-10_00-K1-1X.jpeg,C:\Users\ASUS\Desktop\Ders\blg521\data\02.03\2015\K1\10X\02_03-2015_08_03-10_00-K1-10X.jpeg,0.11234158138427507,nan,7,0,VISUAL_INCONCLUSIVE,insufficient or conflicting registration evidence
C:\Users\ASUS\Desktop\Ders\blg521\data\02.03\2015\K1\10X\02_03-2015_08_05-10_00-K1-10X.jpeg,02.03\2015\K1\10X\02_03-2015_08_05-10_00-K1-10X.jpeg,02.03,2015,K1,2015-08-05 10:00:00,10X,10X,10X,0.999625,0.000359,0.957343,C:\Users\ASUS\Desktop\Ders\blg521\data\02.03\2015\K1\1X\02_03-2015_08_05-10_00-K1-1X.jpeg,C:\Users\ASUS\Desktop\Ders\blg521\data\02.03\2015\K1\10X\02_03-2015_08_04-10_00-K1-10X.jpeg,0.07088287665088637,0.9944042356736933,8,688,CONSISTENT,"folder, filename, and visual evidence agree"
C:\Users\ASUS\Desktop\Ders\blg521\data\02.03\2015\K1\10X\02_03-2015_08_06-10_00-K1-10X.jpeg,02.03\2015\K1\10X\02_03-2015_08_06-10_00-K1-10X.jpeg,02.03,2015,K1,2015-08-06 10:00:00,10X,10X,10X,1.0,0.0,0.973742,C:\Users\ASUS\Desktop\Ders\blg521\data\02.03\2015\K1\1X\02_03-2015_08_06-10_00-K1-1X.jpeg,C:\Users\ASUS\Desktop\Ders\blg521\data\02.03\2015\K1\10X\02_03-2015_08_07-09_30-K1-10X.jpeg,nan,1.0005416824853073,0,772,CONSISTENT,"folder, filename, and visual evidence agree"
C:\Users\ASUS\Desktop\Ders\blg521\data\02.03\2015\K1\10X\02_03-2015_08_07-09_30-K1-10X.jpeg,02.03\2015\K1\10X\02_03-2015_08_07-09_30-K1-10X.jpeg,02.03,2015,K1,2015-08-07 09:30:00,10X,10X,10X,1.0,0.0,0.973459,C:\Users\ASUS\Desktop\Ders\blg521\data\02.03\2015\K1\1X\02_03-2015_08_07-09_30-K1-1X.jpeg,C:\Users\ASUS\Desktop\Ders\blg521\data\02.03\2015\K1\10X\02_03-2015_08_06-10_00-K1-10X.jpeg,nan,0.9994507534873304,0,765,CONSISTENT,"folder, filename, and visual evidence agree"
C:\Users\ASUS\Desktop\Ders\blg521\data\02.03\2015\K1\10X\02_03-2015_08_08-10_00-K1-10X.jpeg,02.03\2015\K1\10X\02_03-2015_08_08-10_00-K1-10X.jpeg,02.03,2015,K1,2015-08-08 10:00:00,10X,10X,10X,1.0,0.0,0.96881,C:\Users\ASUS\Desktop\Ders\blg521\data\02.03\2015\K1\1X\02_03-2015_08_08-10_00-K1-1X.jpeg,C:\Users\ASUS\Desktop\Ders\blg521\data\02.03\2015\K1\10X\02_03-2015_08_07-09_30-K1-10X.jpeg,1.8202000860485132,0.997897505286149,7,717,CONSISTENT,"folder, filename, and visual evidence agree"
C:\Users\ASUS\Desktop\Ders\blg521\data\02.03\2015\K1\10X\02_03-2015_08_10-10_00-K1-10X.jpeg,02.03\2015\K1\10X\02_03-2015_08_10-10_00-K1-10X.jpeg,02.03,2015,K1,2015-08-10 10:00:00,10X,10X,10X,1.0,0.0,0.980707,C:\Users\ASUS\Desktop\Ders\blg521\data\02.03\2015\K1\1X\02_03-2015_08_10-10_00-K1-1X.jpeg,C:\Users\ASUS\Desktop\Ders\blg521\data\02.03\2015\K1\10X\02_03-2015_08_11-10_00-K1-10X.jpeg,0.14893521585916925,0.997546534220387,7,1121,CONSISTENT,"folder, filename, and visual evidence agree"
C:\Users\ASUS\Desktop\Ders\blg521\data\02.03\2015\K1\10X\02_03-2015_08_11-10_00-K1-10X.jpeg,02.03\2015\K1\10X\02_03-2015_08_11-10_00-K1-10X.jpeg,02.03,2015,K1,2015-08-11 10:00:00,10X,10X,10X,1.0,0.0,0.979839,C:\Users\ASUS\Desktop\Ders\blg521\data\02.03\2015\K1\1X\02_03-2015_08_11-10_00-K1-1X.jpeg,C:\Users\ASUS\Desktop\Ders\blg521\data\02.03\2015\K1\10X\02_03-2015_08_10-10_00-K1-10X.jpeg,nan,1.0024509268507034,0,1108,CONSISTENT,"folder, filename, and visual evidence agree"
C:\Users\ASUS\Desktop\Ders\blg521\data\02.03\2015\K1\10X\02_03-2015_08_12-10_05-K1-10X.jpeg,02.03\2015\K1\10X\02_03-2015_08_12-10_05-K1-10X.jpeg,02.03,2015,K1,2015-08-12 10:05:00,10X,10X,10X,1.0,0.0,0.984429,C:\Users\ASUS\Desktop\Ders\blg521\data\02.03\2015\K1\1X\02_03-2015_08_12-10_06-K1-1X.jpeg,C:\Users\ASUS\Desktop\Ders\blg521\data\02.03\2015\K1\10X\02_03-2015_08_13-10_05-K1-10X.jpeg,nan,0.99940367811653,0,1124,CONSISTENT,"folder, filename, and visual evidence agree"
C:\Users\ASUS\Desktop\Ders\blg521\data\02.03\2015\K1\10X\02_03-2015_08_13-10_05-K1-10X.jpeg,02.03\2015\K1\10X\02_03-2015_08_13-10_05-K1-10X.jpeg,02.03,2015,K1,2015-08-13 10:05:00,10X,10X,10X,1.0,0.0,0.98435,C:\Users\ASUS\Desktop\Ders\blg521\data\02.03\2015\K1\1X\02_03-2015_08_13-10_06-K1-1X.jpeg,C:\Users\ASUS\Desktop\Ders\blg521\data\02.03\2015\K1\10X\02_03-2015_08_12-10_05-K1-10X.jpeg,nan,1.0005969018836705,0,1124,CONSISTENT,"folder, filename, and visual evidence agree"
C:\Users\ASUS\Desktop\Ders\blg521\data\02.03\2015\K1\10X\02_03-2015_08_14-10_06-K1-10X.jpeg,02.03\2015\K1\10X\02_03-2015_08_14-10_06-K1-10X.jpeg,02.03,2015,K1,2015-08-14 10:06:00,10X,10X,10X,1.0,0.0,0.985657,C:\Users\ASUS\Desktop\Ders\blg521\data\02.03\2015\K1\1X\02_03-2015_08_14-10_07-K1-1X.jpeg,C:\Users\ASUS\Desktop\Ders\blg521\data\02.03\2015\K1\10X\02_03-2015_08_13-10_05-K1-10X.jpeg,nan,0.9996624219878688,0,1128,CONSISTENT,"folder, filename, and visual evidence agree"
C:\Users\ASUS\Desktop\Ders\blg521\data\02.03\2015\K1\10X\02_03-2015_08_15-10_07-K1-10X.jpeg,02.03\2015\K1\10X\02_03-2015_08_15-10_07-K1-10X.jpeg,02.03,2015,K1,2015-08-15 10:07:00,10X,10X,10X,1.0,0.0,0.913992,C:\Users\ASUS\Desktop\Ders\blg521\data\02.03\2015\K1\1X\02_03-2015_08_15-10_08-K1-1X.jpeg,C:\Users\ASUS\Desktop\Ders\blg521\data\02.03\2015\K1\10X\02_03-2015_08_14-10_06-K1-10X.jpeg,nan,1.0317759954499333,0,1024,CONSISTENT,"folder, filename, and visual evidence agree"
C:\Users\ASUS\Desktop\Ders\blg521\data\02.03\2015\K1\10X\02_03-2015_08_16-10_13-K1-10X.jpeg,02.03\2015\K1\10X\02_03-2015_08_16-10_13-K1-10X.jpeg,02.03,2015,K1,2015-08-16 10:13:00,10X,10X,10X,1.0,0.0,0.823641,C:\Users\ASUS\Desktop\Ders\blg521\data\02.03\2015\K1\1X\02_03-2015_08_16-10_14-K1-1X.jpeg,C:\Users\ASUS\Desktop\Ders\blg521\data\02.03\2015\K1\10X\02_03-2015_08_17-10_14-K1-10X.jpeg,nan,0.9283431035784545,0,929,CONSISTENT,"folder, filename, and visual evidence agree"
C:\Users\ASUS\Desktop\Ders\blg521\data\02.03\2015\K1\10X\02_03-2015_08_17-10_14-K1-10X.jpeg,02.03\2015\K1\10X\02_03-2015_08_17-10_14-K1-10X.jpeg,02.03,2015,K1,2015-08-17 10:14:00,10X,10X,10X,1.0,0.0,0.820743,C:\Users\ASUS\Desktop\Ders\blg521\data\02.03\2015\K1\1X\02_03-2015_08_17-10_15-K1-1X.jpeg,C:\Users\ASUS\Desktop\Ders\blg521\data\02.03\2015\K1\10X\02_03-2015_08_16-10_13-K1-10X.jpeg,0.017632608263266104,1.0771869904766809,6,938,CONSISTENT,"folder, filename, and visual evidence agree"
C:\Users\ASUS\Desktop\Ders\blg521\data\02.03\2015\K1\10X\02_03-2015_08_18-10_15-K1-10X.jpeg,02.03\2015\K1\10X\02_03-2015_08_18-10_15-K1-10X.jpeg,02.03,2015,K1,2015-08-18 10:15:00,10X,10X,10X,1.0,0.0,0.92468,C:\Users\ASUS\Desktop\Ders\blg521\data\02.03\2015\K1\1X\02_03-2015_08_18-10_16-K1-1X.jpeg,C:\Users\ASUS\Desktop\Ders\blg521\data\02.03\2015\K1\10X\02_03-2015_08_17-10_14-K1-10X.jpeg,nan,0.974201144649862,0,1032,CONSISTENT,"folder, filename, and visual evidence agree"
C:\Users\ASUS\Desktop\Ders\blg521\data\02.03\2015\K1\10X\02_03-2015_08_19-10_16-K1-10X.jpeg,02.03\2015\K1\10X\02_03-2015_08_19-10_16-K1-10X.jpeg,02.03,2015,K1,2015-08-19 10:16:00,10X,10X,10X,1.0,0.0,0.931986,C:\Users\ASUS\Desktop\Ders\blg521\data\02.03\2015\K1\1X\02_03-2015_08_19-10_17-K1-1X.jpeg,C:\Users\ASUS\Desktop\Ders\blg521\data\02.03\2015\K1\10X\02_03-2015_08_18-10_15-K1-10X.jpeg,nan,0.9760819522109688,0,1129,CONSISTENT,"folder, filename, and visual evidence agree"
C:\Users\ASUS\Desktop\Ders\blg521\data\02.03\2015\K1\10X\02_03-2015_08_20-10_17-K1-10X.jpeg,02.03\2015\K1\10X\02_03-2015_08_20-10_17-K1-10X.jpeg,02.03,2015,K1,2015-08-20 10:17:00,10X,10X,10X,1.0,0.0,0.922698,C:\Users\ASUS\Desktop\Ders\blg521\data\02.03\2015\K1\1X\02_03-2015_08_20-10_18-K1-1X.jpeg,C:\Users\ASUS\Desktop\Ders\blg521\data\02.03\2015\K1\10X\02_03-2015_08_19-10_16-K1-10X.jpeg,nan,0.9722464724715705,0,1110,CONSISTENT,"folder, filename, and visual evidence agree"
C:\Users\ASUS\Desktop\Ders\blg521\data\02.03\2015\K1\10X\02_03-2015_08_22-10_00-K1-10X.jpeg,02.03\2015\K1\10X\02_03-2015_08_22-10_00-K1-10X.jpeg,02.03,2015,K1,2015-08-22 10:00:00,10X,10X,10X,1.0,0.0,0.953114,C:\Users\ASUS\Desktop\Ders\blg521\data\02.03\2015\K1\1X\02_03-2015_08_22-10_00-K1-1X.jpeg,C:\Users\ASUS\Desktop\Ders\blg521\data\02.03\2015\K1\10X\02_03-2015_08_24-09_00-K1-10X.jpeg,nan,1.0081509586191322,0,515,CONSISTENT,"folder, filename, and visual evidence agree"
C:\Users\ASUS\Desktop\Ders\blg521\data\02.03\2015\K1\10X\02_03-2015_08_24-09_00-K1-10X.jpeg,02.03\2015\K1\10X\02_03-2015_08_24-09_00-K1-10X.jpeg,02.03,2015,K1,2015-08-24 09:00:00,10X,10X,10X,0.998842,0.001104,0.951941,C:\Users\ASUS\Desktop\Ders\blg521\data\02.03\2015\K1\1X\02_03-2015_08_24-09_00-K1-1X.jpeg,C:\Users\ASUS\Desktop\Ders\blg521\data\02.03\2015\K1\10X\02_03-2015_08_22-10_00-K1-10X.jpeg,0.10014811861014242,0.9918943073730289,9,497,CONSISTENT,"folder, filename, and visual evidence agree"
C:\Users\ASUS\Desktop\Ders\blg521\data\02.03\2015\K1\10X\02_03-2015_08_30-10_00-K1-10X.jpeg,02.03\2015\K1\10X\02_03-2015_08_30-10_00-K1-10X.jpeg,02.03,2015,K1,2015-08-30 10:00:00,10X,10X,10X,1.0,0.0,0.838136,C:\Users\ASUS\Desktop\Ders\blg521\data\02.03\2015\K1\1X\02_03-2015_08_30-10_00-K1-1X.jpeg,C:\Users\ASUS\Desktop\Ders\blg521\data\02.03\2015\K1\10X\02_03-2015_09_01-08_30-K1-10X.jpeg,nan,1.0604188169509514,0,135,CONSISTENT,"folder, filename, and visual evidence agree"
C:\Users\ASUS\Desktop\Ders\blg521\data\02.03\2015\K1\10X\02_03-2015_09_01-08_30-K1-10X.jpeg,02.03\2015\K1\10X\02_03-2015_09_01-08_30-K1-10X.jpeg,02.03,2015,K1,2015-09-01 08:30:00,10X,10X,10X,1.0,0.0,0.865669,C:\Users\ASUS\Desktop\Ders\blg521\data\02.03\2015\K1\1X\02_03-2015_09_01-08_30-K1-1X.jpeg,C:\Users\ASUS\Desktop\Ders\blg521\data\02.03\2015\K1\10X\02_03-2015_09_02-10_00-K1-10X.jpeg,nan,0.9695727616727989,0,151,CONSISTENT,"folder, filename, and visual evidence agree"
C:\Users\ASUS\Desktop\Ders\blg521\data\02.03\2015\K1\10X\02_03-2015_09_02-10_00-K1-10X.jpeg,02.03\2015\K1\10X\02_03-2015_09_02-10_00-K1-10X.jpeg,02.03,2015,K1,2015-09-02 10:00:00,10X,10X,10X,1.0,0.0,0.856194,C:\Users\ASUS\Desktop\Ders\blg521\data\02.03\2015\K1\1X\02_03-2015_09_02-10_00-K1-1X.jpeg,C:\Users\ASUS\Desktop\Ders\blg521\data\02.03\2015\K1\10X\02_03-2015_09_03-10_15-K1-10X.jpeg,nan,1.0580425568959855,0,941,CONSISTENT,"folder, filename, and visual evidence agree"
C:\Users\ASUS\Desktop\Ders\blg521\data\02.03\2015\K1\10X\02_03-2015_09_03-10_15-K1-10X.jpeg,02.03\2015\K1\10X\02_03-2015_09_03-10_15-K1-10X.jpeg,02.03,2015,K1,2015-09-03 10:15:00,10X,10X,10X,1.0,0.0,0.858443,C:\Users\ASUS\Desktop\Ders\blg521\data\02.03\2015\K1\1X\02_03-2015_09_03-10_16-K1-1X.jpeg,C:\Users\ASUS\Desktop\Ders\blg521\data\02.03\2015\K1\10X\02_03-2015_09_02-10_00-K1-10X.jpeg,nan,0.9451567102147755,0,943,CONSISTENT,"folder, filename, and visual evidence agree"
C:\Users\ASUS\Desktop\Ders\blg521\data\02.03\2015\K1\10X\02_03-2015_09_06-10_00-K1-10X.jpeg,02.03\2015\K1\10X\02_03-2015_09_06-10_00-K1-10X.jpeg,02.03,2015,K1,2015-09-06 10:00:00,10X,10X,10X,1.0,0.0,0.955291,C:\Users\ASUS\Desktop\Ders\blg521\data\02.03\2015\K1\1X\02_03-2015_09_06-10_00-K1-1X.jpeg,C:\Users\ASUS\Desktop\Ders\blg521\data\02.03\2015\K1\10X\02_03-2015_09_07-11_21-K1-10X.jpeg,nan,0.997348891775787,0,408,CONSISTENT,"folder, filename, and visual evidence agree"
C:\Users\ASUS\Desktop\Ders\blg521\data\02.03\2015\K1\10X\02_03-2015_09_07-11_21-K1-10X.jpeg,02.03\2015\K1\10X\02_03-2015_09_07-11_21-K1-10X.jpeg,02.03,2015,K1,2015-09-07 11:21:00,10X,10X,10X,1.0,0.0,0.982504,C:\Users\ASUS\Desktop\Ders\blg521\data\02.03\2015\K1\1X\02_03-2015_09_07-11_22-K1-1X.jpeg,C:\Users\ASUS\Desktop\Ders\blg521\data\02.03\2015\K1\10X\02_03-2015_09_08-11_03-K1-10X.jpeg,nan,0.999089490651638,0,1115,CONSISTENT,"folder, filename, and visual evidence agree"
C:\Users\ASUS\Desktop\Ders\blg521\data\02.03\2015\K1\10X\02_03-2015_09_08-11_03-K1-10X.jpeg,02.03\2015\K1\10X\02_03-2015_09_08-11_03-K1-10X.jpeg,02.03,2015,K1,2015-09-08 11:03:00,10X,10X,10X,1.0,0.0,0.982519,C:\Users\ASUS\Desktop\Ders\blg521\data\02.03\2015\K1\1X\02_03-2015_09_08-11_04-K1-1X.jpeg,C:\Users\ASUS\Desktop\Ders\blg521\data\02.03\2015\K1\10X\02_03-2015_09_07-11_21-K1-10X.jpeg,nan,1.000911524560138,0,1117,CONSISTENT,"folder, filename, and visual evidence agree"
C:\Users\ASUS\Desktop\Ders\blg521\data\02.03\2015\K1\10X\02_03-2015_09_10-10_00-K1-10X.jpeg,02.03\2015\K1\10X\02_03-2015_09_10-10_00-K1-10X.jpeg,02.03,2015,K1,2015-09-10 10:00:00,10X,10X,10X,1.0,0.0,0.919514,C:\Users\ASUS\Desktop\Ders\blg521\data\02.03\2015\K1\1X\02_03-2015_09_10-10_00-K1-1X.jpeg,C:\Users\ASUS\Desktop\Ders\blg521\data\02.03\2015\K1\10X\02_03-2015_09_08-11_03-K1-10X.jpeg,nan,1.0243656382574415,0,767,CONSISTENT,"folder, filename, and visual evidence agree"
C:\Users\ASUS\Desktop\Ders\blg521\data\02.03\2015\K1\10X\02_03-2015_09_13-09_00-K1-10X.jpeg,02.03\2015\K1\10X\02_03-2015_09_13-09_00-K1-10X.jpeg,02.03,2015,K1,2015-09-13 09:00:00,10X,10X,10X,1.0,0.0,0.929601,C:\Users\ASUS\Desktop\Ders\blg521\data\02.03\2015\K1\1X\02_03-2015_09_13-09_00-K1-1X.jpeg,C:\Users\ASUS\Desktop\Ders\blg521\data\02.03\2015\K1\10X\02_03-2015_09_14-09_00-K1-10X.jpeg,0.3346497330936413,0.9771156288009392,7,1026,CONSISTENT,"folder, filename, and visual evidence agree"
C:\Users\ASUS\Desktop\Ders\blg521\data\02.03\2015\K1\10X\02_03-2015_09_14-09_00-K1-10X.jpeg,02.03\2015\K1\10X\02_03-2015_09_14-09_00-K1-10X.jpeg,02.03,2015,K1,2015-09-14 09:00:00,10X,10X,10X,1.0,0.0,0.929306,C:\Users\ASUS\Desktop\Ders\blg521\data\02.03\2015\K1\1X\02_03-2015_09_14-09_00-K1-1X.jpeg,C:\Users\ASUS\Desktop\Ders\blg521\data\02.03\2015\K1\10X\02_03-2015_09_13-09_00-K1-10X.jpeg,0.009063774989703061,1.023453598536232,7,1021,CONSISTENT,"folder, filename, and visual evidence agree"
C:\Users\ASUS\Desktop\Ders\blg521\data\02.03\2015\K1\10X\02_03-2015_09_15-09_30-K1-10X.jpeg,02.03\2015\K1\10X\02_03-2015_09_15-09_30-K1-10X.jpeg,02.03,2015,K1,2015-09-15 09:30:00,10X,10X,10X,0.99831,0.00143,0.84509,C:\Users\ASUS\Desktop\Ders\blg521\data\02.03\2015\K1\1X\02_03-2015_09_15-09_30-K1-1X.jpeg,C:\Users\ASUS\Desktop\Ders\blg521\data\02.03\2015\K1\10X\02_03-2015_09_14-09_00-K1-10X.jpeg,0.0998416980974287,0.9583692969148706,12,283,CONSISTENT,"folder, filename, and visual evidence agree"
C:\Users\ASUS\Desktop\Ders\blg521\data\02.03\2015\K1\10X\02_03-2015_09_16-10_00-K1-10X.jpeg,02.03\2015\K1\10X\02_03-2015_09_16-10_00-K1-10X.jpeg,02.03,2015,K1,2015-09-16 10:00:00,10X,10X,10X,1.0,0.0,0.84945,C:\Users\ASUS\Desktop\Ders\blg521\data\02.03\2015\K1\1X\02_03-2015_09_16-10_00-K1-1X.jpeg,C:\Users\ASUS\Desktop\Ders\blg521\data\02.03\2015\K1\10X\02_03-2015_09_15-09_30-K1-10X.jpeg,nan,1.0470335031200324,0,290,CONSISTENT,"folder, filename, and visual evidence agree"
C:\Users\ASUS\Desktop\Ders\blg521\data\02.03\2015\K1\10X\02_03-2015_10_15-09_07-K1-10X.jpeg,02.03\2015\K1\10X\02_03-2015_10_15-09_07-K1-10X.jpeg,02.03,2015,K1,2015-10-15 09:07:00,10X,10X,10X,1.0,0.0,0.876414,C:\Users\ASUS\Desktop\Ders\blg521\data\02.03\2015\K1\1X\02_03-2015_10_15-09_08-K1-1X.jpeg,C:\Users\ASUS\Desktop\Ders\blg521\data\02.03\2015\K1\10X\02_03-2015_10_25-10_00-K1-10X.jpeg,nan,1.0040171697211397,0,67,CONSISTENT,"folder, filename, and visual evidence agree"
C:\Users\ASUS\Desktop\Ders\blg521\data\02.03\2015\K1\10X\02_03-2015_10_25-10_00-K1-10X.jpeg,02.03\2015\K1\10X\02_03-2015_10_25-10_00-K1-10X.jpeg,02.03,2015,K1,2015-10-25 10:00:00,10X,10X,10X,1.0,0.0,0.903443,C:\Users\ASUS\Desktop\Ders\blg521\data\02.03\2015\K1\1X\02_03-2015_10_25-10_00-K1-1X.jpeg,C:\Users\ASUS\Desktop\Ders\blg521\data\02.03\2015\K1\10X\02_03-2015_10_26-10_00-K1-10X.jpeg,nan,0.9696486362543613,0,752,CONSISTENT,"folder, filename, and visual evidence agree"
C:\Users\ASUS\Desktop\Ders\blg521\data\02.03\2015\K1\10X\02_03-2015_10_26-10_00-K1-10X.jpeg,02.03\2015\K1\10X\02_03-2015_10_26-10_00-K1-10X.jpeg,02.03,2015,K1,2015-10-26 10:00:00,10X,10X,10X,0.998948,0.000945,0.89723,C:\Users\ASUS\Desktop\Ders\blg521\data\02.03\2015\K1\1X\02_03-2015_10_26-10_00-K1-1X.jpeg,C:\Users\ASUS\Desktop\Ders\blg521\data\02.03\2015\K1\10X\02_03-2015_10_25-10_00-K1-10X.jpeg,0.10426566002127718,1.0313279858996596,8,753,CONSISTENT,"folder, filename, and visual evidence agree"
C:\Users\ASUS\Desktop\Ders\blg521\data\02.03\2015\K1\10X\02_03-2015_10_28-11_13-K1-10X.jpeg,02.03\2015\K1\10X\02_03-2015_10_28-11_13-K1-10X.jpeg,02.03,2015,K1,2015-10-28 11:13:00,10X,10X,10X,0.996966,0.002264,0.743795,C:\Users\ASUS\Desktop\Ders\blg521\data\02.03\2015\K1\1X\02_03-2015_10_29-11_16-K1-1X.jpeg,C:\Users\ASUS\Desktop\Ders\blg521\data\02.03\2015\K1\10X\02_03-2015_10_26-10_00-K1-10X.jpeg,0.11899981767215001,1.0683623003711709,12,110,CONSISTENT,"folder, filename, and visual evidence agree"
C:\Users\ASUS\Desktop\Ders\blg521\data\02.03\2015\K1\10X\02_03-2015_11_02-10_00-K1-10X.jpeg,02.03\2015\K1\10X\02_03-2015_11_02-10_00-K1-10X.jpeg,02.03,2015,K1,2015-11-02 10:00:00,10X,10X,10X,1.0,0.0,0.777483,C:\Users\ASUS\Desktop\Ders\blg521\data\02.03\2015\K1\1X\02_03-2015_11_02-10_00-K1-1X.jpeg,C:\Users\ASUS\Desktop\Ders\blg521\data\02.03\2015\K1\10X\02_03-2015_11_03-10_00-K1-10X.jpeg,0.10579056042267113,0.924002018510098,7,347,CONSISTENT,"folder, filename, and visual evidence agree"
C:\Users\ASUS\Desktop\Ders\blg521\data\02.03\2015\K1\10X\02_03-2015_11_03-10_00-K1-10X.jpeg,02.03\2015\K1\10X\02_03-2015_11_03-10_00-K1-10X.jpeg,02.03,2015,K1,2015-11-03 10:00:00,10X,10X,10X,1.0,0.0,0.787219,C:\Users\ASUS\Desktop\Ders\blg521\data\02.03\2015\K1\1X\02_03-2015_11_03-10_00-K1-1X.jpeg,C:\Users\ASUS\Desktop\Ders\blg521\data\02.03\2015\K1\10X\02_03-2015_11_02-10_00-K1-10X.jpeg,nan,1.0822645238591608,0,335,CONSISTENT,"folder, filename, and visual evidence agree"
C:\Users\ASUS\Desktop\Ders\blg521\data\02.03\2015\K1\10X\02_03-2015_11_04-10_06-K1-10X.jpeg,02.03\2015\K1\10X\02_03-2015_11_04-10_06-K1-10X.jpeg,02.03,2015,K1,2015-11-04 10:06:00,10X,10X,10X,1.0,0.0,0.77357,C:\Users\ASUS\Desktop\Ders\blg521\data\02.03\2015\K1\1X\02_03-2015_11_04-09_56-K1-1X.jpeg,C:\Users\ASUS\Desktop\Ders\blg521\data\02.03\2015\K1\10X\02_03-2015_11_03-10_00-K1-10X.jpeg,nan,0.9056736844740487,0,809,CONSISTENT,"folder, filename, and visual evidence agree"
C:\Users\ASUS\Desktop\Ders\blg521\data\02.03\2015\K1\10X\02_03-2015_11_09-10_38-K1-10X.jpeg,02.03\2015\K1\10X\02_03-2015_11_09-10_38-K1-10X.jpeg,02.03,2015,K1,2015-11-09 10:38:00,10X,10X,10X,1.0,0.0,0.938119,C:\Users\ASUS\Desktop\Ders\blg521\data\02.03\2015\K1\1X\02_03-2015_11_09-10_39-K1-1X.jpeg,C:\Users\ASUS\Desktop\Ders\blg521\data\02.03\2015\K1\10X\02_03-2015_11_10-10_00-K1-10X.jpeg,nan,1.000476624733463,0,303,CONSISTENT,"folder, filename, and visual evidence agree"
C:\Users\ASUS\Desktop\Ders\blg521\data\02.03\2015\K1\10X\02_03-2015_11_10-10_00-K1-10X.jpeg,02.03\2015\K1\10X\02_03-2015_11_10-10_00-K1-10X.jpeg,02.03,2015,K1,2015-11-10 10:00:00,10X,10X,10X,0.998933,0.001008,0.944197,C:\Users\ASUS\Desktop\Ders\blg521\data\02.03\2015\K1\1X\02_03-2015_11_10-10_00-K1-1X.jpeg,C:\Users\ASUS\Desktop\Ders\blg521\data\02.03\2015\K1\10X\02_03-2015_11_09-10_38-K1-10X.jpeg,0.10361057362024001,0.9995755452338635,10,310,CONSISTENT,"folder, filename, and visual evidence agree"
C:\Users\ASUS\Desktop\Ders\blg521\data\02.03\2015\K1\10X\02_03-2015_11_13-10_54-K1-10X.jpeg,02.03\2015\K1\10X\02_03-2015_11_13-10_54-K1-10X.jpeg,02.03,2015,K1,2015-11-13 10:54:00,10X,10X,10X,1.0,0.0,0.645797,C:\Users\ASUS\Desktop\Ders\blg521\data\02.03\2015\K1\1X\02_03-2015_11_14-10_55-K1-1X.jpeg,C:\Users\ASUS\Desktop\Ders\blg521\data\02.03\2015\K1\10X\02_03-2015_11_14-10_54-K1-10X.jpeg,nan,1.190568024786832,0,566,CONSISTENT,"folder, filename, and visual evidence agree"
C:\Users\ASUS\Desktop\Ders\blg521\data\02.03\2015\K1\10X\02_03-2015_11_14-10_54-K1-10X.jpeg,02.03\2015\K1\10X\02_03-2015_11_14-10_54-K1-10X.jpeg,02.03,2015,K1,2015-11-14 10:54:00,10X,10X,10X,1.0,0.0,0.649487,C:\Users\ASUS\Desktop\Ders\blg521\data\02.03\2015\K1\1X\02_03-2015_11_14-10_55-K1-1X.jpeg,C:\Users\ASUS\Desktop\Ders\blg521\data\02.03\2015\K1\10X\02_03-2015_11_13-10_54-K1-10X.jpeg,nan,0.839864791658245,0,565,CONSISTENT,"folder, filename, and visual evidence agree"
C:\Users\ASUS\Desktop\Ders\blg521\data\02.03\2015\K1\10X\02_03-2015_11_15-10_55-K1-10X.jpeg,02.03\2015\K1\10X\02_03-2015_11_15-10_55-K1-10X.jpeg,02.03,2015,K1,2015-11-15 10:55:00,10X,10X,10X,1.0,0.0,0.735592,C:\Users\ASUS\Desktop\Ders\blg521\data\02.03\2015\K1\1X\02_03-2015_11_16-10_00-K1-1X.jpeg,C:\Users\ASUS\Desktop\Ders\blg521\data\02.03\2015\K1\10X\02_03-2015_11_16-10_00-K1-10X.jpeg,nan,0.8888377386723418,0,410,CONSISTENT,"folder, filename, and visual evidence agree"
C:\Users\ASUS\Desktop\Ders\blg521\data\02.03\2015\K1\10X\02_03-2015_11_16-10_00-K1-10X.jpeg,02.03\2015\K1\10X\02_03-2015_11_16-10_00-K1-10X.jpeg,02.03,2015,K1,2015-11-16 10:00:00,10X,10X,10X,1.0,0.0,0.732971,C:\Users\ASUS\Desktop\Ders\blg521\data\02.03\2015\K1\1X\02_03-2015_11_16-10_00-K1-1X.jpeg,C:\Users\ASUS\Desktop\Ders\blg521\data\02.03\2015\K1\10X\02_03-2015_11_15-10_55-K1-10X.jpeg,nan,1.1251236635967747,0,399,CONSISTENT,"folder, filename, and visual evidence agree"
C:\Users\ASUS\Desktop\Ders\blg521\data\02.03\2015\K1\10X\02_03-2015_11_19-10_00-K1-10X.jpeg,02.03\2015\K1\10X\02_03-2015_11_19-10_00-K1-10X.jpeg,02.03,2015,K1,2015-11-19 10:00:00,10X,10X,10X,1.0,0.0,0.917869,C:\Users\ASUS\Desktop\Ders\blg521\data\02.03\2015\K1\1X\02_03-2015_11_19-10_00-K1-1X.jpeg,C:\Users\ASUS\Desktop\Ders\blg521\data\02.03\2015\K1\10X\02_03-2015_11_20-10_53-K1-10X.jpeg,nan,1.0239933725893826,0,526,CONSISTENT,"folder, filename, and visual evidence agree"
C:\Users\ASUS\Desktop\Ders\blg521\data\02.03\2015\K1\10X\02_03-2015_11_20-10_53-K1-10X.jpeg,02.03\2015\K1\10X\02_03-2015_11_20-10_53-K1-10X.jpeg,02.03,2015,K1,2015-11-20 10:53:00,10X,10X,10X,1.0,0.0,0.915241,C:\Users\ASUS\Desktop\Ders\blg521\data\02.03\2015\K1\1X\02_03-2015_11_20-10_54-K1-1X.jpeg,C:\Users\ASUS\Desktop\Ders\blg521\data\02.03\2015\K1\10X\02_03-2015_11_21-10_00-K1-10X.jpeg,nan,1.0253811546965033,0,600,CONSISTENT,"folder, filename, and visual evidence agree"
C:\Users\ASUS\Desktop\Ders\blg521\data\02.03\2015\K1\10X\02_03-2015_11_21-10_00-K1-10X.jpeg,02.03\2015\K1\10X\02_03-2015_11_21-10_00-K1-10X.jpeg,02.03,2015,K1,2015-11-21 10:00:00,10X,10X,10X,1.0,0.0,0.910573,C:\Users\ASUS\Desktop\Ders\blg521\data\02.03\2015\K1\1X\02_03-2015_11_21-10_00-K1-1X.jpeg,C:\Users\ASUS\Desktop\Ders\blg521\data\02.03\2015\K1\10X\02_03-2015_11_20-10_53-K1-10X.jpeg,nan,0.9752412018218158,0,591,CONSISTENT,"folder, filename, and visual evidence agree"
C:\Users\ASUS\Desktop\Ders\blg521\data\02.03\2015\K1\10X\02_03-2015_11_23-10_00-K1-10X.jpeg,02.03\2015\K1\10X\02_03-2015_11_23-10_00-K1-10X.jpeg,02.03,2015,K1,2015-11-23 10:00:00,10X,10X,10X,1.0,0.0,0.921602,C:\Users\ASUS\Desktop\Ders\blg521\data\02.03\2015\K1\1X\02_03-2015_11_23-10_00-K1-1X.jpeg,C:\Users\ASUS\Desktop\Ders\blg521\data\02.03\2015\K1\10X\02_03-2015_11_24-10_00-K1-10X.jpeg,nan,1.029393840420634,0,1062,CONSISTENT,"folder, filename, and visual evidence agree"
C:\Users\ASUS\Desktop\Ders\blg521\data\02.03\2015\K1\10X\02_03-2015_11_24-10_00-K1-10X.jpeg,02.03\2015\K1\10X\02_03-2015_11_24-10_00-K1-10X.jpeg,02.03,2015,K1,2015-11-24 10:00:00,10X,10X,10X,1.0,0.0,0.920412,C:\Users\ASUS\Desktop\Ders\blg521\data\02.03\2015\K1\1X\02_03-2015_11_23-10_00-K1-1X.jpeg,C:\Users\ASUS\Desktop\Ders\blg521\data\02.03\2015\K1\10X\02_03-2015_11_23-10_00-K1-10X.jpeg,nan,0.9716399856145189,0,1065,CONSISTENT,"folder, filename, and visual evidence agree"
C:\Users\ASUS\Desktop\Ders\blg521\data\02.03\2015\K1\10X\02_03-2015_11_27-10_00-K1-10X.jpeg,02.03\2015\K1\10X\02_03-2015_11_27-10_00-K1-10X.jpeg,02.03,2015,K1,2015-11-27 10:00:00,10X,10X,10X,1.0,0.0,0.182526,C:\Users\ASUS\Desktop\Ders\blg521\data\02.03\2015\K1\1X\02_03-2015_11_27-10_00-K1-1X.jpeg,C:\Users\ASUS\Desktop\Ders\blg521\data\02.03\2015\K1\10X\02_03-2015_11_29-09_00-K1-10X.jpeg,nan,1.022970929297209,0,11,CONSISTENT,"folder, filename, and visual evidence agree"
C:\Users\ASUS\Desktop\Ders\blg521\data\02.03\2015\K1\10X\02_03-2015_11_29-09_00-K1-10X.jpeg,02.03\2015\K1\10X\02_03-2015_11_29-09_00-K1-10X.jpeg,02.03,2015,K1,2015-11-29 09:00:00,10X,10X,10X,1.0,0.0,0.252895,C:\Users\ASUS\Desktop\Ders\blg521\data\02.03\2015\K1\1X\02_03-2015_11_29-09_00-K1-1X.jpeg,C:\Users\ASUS\Desktop\Ders\blg521\data\02.03\2015\K1\10X\02_03-2015_11_27-10_00-K1-10X.jpeg,nan,0.9789428767810463,0,15,CONSISTENT,"folder, filename, and visual evidence agree"
C:\Users\ASUS\Desktop\Ders\blg521\data\02.03\2015\K1\10X\02_03-2015_12_01-10_00-K1-10X.jpeg,02.03\2015\K1\10X\02_03-2015_12_01-10_00-K1-10X.jpeg,02.03,2015,K1,2015-12-01 10:00:00,10X,10X,10X,1.0,0.0,0.720168,C:\Users\ASUS\Desktop\Ders\blg521\data\02.03\2015\K1\1X\02_03-2015_12_01-10_00-K1-1X.jpeg,C:\Users\ASUS\Desktop\Ders\blg521\data\02.03\2015\K1\10X\02_03-2015_12_02-10_00-K1-10X.jpeg,nan,1.1291471799151815,0,520,CONSISTENT,"folder, filename, and visual evidence agree"
C:\Users\ASUS\Desktop\Ders\blg521\data\02.03\2015\K1\10X\02_03-2015_12_02-10_00-K1-10X.jpeg,02.03\2015\K1\10X\02_03-2015_12_02-10_00-K1-10X.jpeg,02.03,2015,K1,2015-12-02 10:00:00,10X,10X,10X,1.0,0.0,0.722581,C:\Users\ASUS\Desktop\Ders\blg521\data\02.03\2015\K1\1X\02_03-2015_12_02-10_00-K1-1X.jpeg,C:\Users\ASUS\Desktop\Ders\blg521\data\02.03\2015\K1\10X\02_03-2015_12_01-10_00-K1-10X.jpeg,nan,0.8855761016666839,0,527,CONSISTENT,"folder, filename, and visual evidence agree"
C:\Users\ASUS\Desktop\Ders\blg521\data\02.03\2015\K1\10X\02_03-2015_12_04-10_00-K1-10X.jpeg,02.03\2015\K1\10X\02_03-2015_12_04-10_00-K1-10X.jpeg,02.03,2015,K1,2015-12-04 10:00:00,10X,10X,10X,1.0,0.0,0.937425,C:\Users\ASUS\Desktop\Ders\blg521\data\02.03\2015\K1\1X\02_03-2015_12_04-10_00-K1-1X.jpeg,C:\Users\ASUS\Desktop\Ders\blg521\data\02.03\2015\K1\10X\02_03-2015_12_05-10_19-K1-10X.jpeg,nan,1.0041189651469606,0,319,CONSISTENT,"folder, filename, and visual evidence agree"
C:\Users\ASUS\Desktop\Ders\blg521\data\02.03\2015\K1\10X\02_03-2015_12_05-10_19-K1-10X.jpeg,02.03\2015\K1\10X\02_03-2015_12_05-10_19-K1-10X.jpeg,02.03,2015,K1,2015-12-05 10:19:00,10X,10X,10X,1.0,0.0,0.750871,C:\Users\ASUS\Desktop\Ders\blg521\data\02.03\2015\K1\1X\02_03-2015_12_05-10_19-K1-1X.jpeg,C:\Users\ASUS\Desktop\Ders\blg521\data\02.03\2015\K1\10X\02_03-2015_12_06-10_21-K1-10X.jpeg,nan,0.9025872324990435,0,317,CONSISTENT,"folder, filename, and visual evidence agree"
C:\Users\ASUS\Desktop\Ders\blg521\data\02.03\2015\K1\10X\02_03-2015_12_06-10_21-K1-10X.jpeg,02.03\2015\K1\10X\02_03-2015_12_06-10_21-K1-10X.jpeg,02.03,2015,K1,2015-12-06 10:21:00,10X,10X,10X,1.0,0.0,0.81588,C:\Users\ASUS\Desktop\Ders\blg521\data\02.03\2015\K1\1X\02_03-2015_12_06-10_21-K1-1X.jpeg,C:\Users\ASUS\Desktop\Ders\blg521\data\02.03\2015\K1\10X\02_03-2015_12_07-10_00-K1-10X.jpeg,nan,0.9245894583246118,0,775,CONSISTENT,"folder, filename, and visual evidence agree"
C:\Users\ASUS\Desktop\Ders\blg521\data\02.03\2015\K1\10X\02_03-2015_12_07-10_00-K1-10X.jpeg,02.03\2015\K1\10X\02_03-2015_12_07-10_00-K1-10X.jpeg,02.03,2015,K1,2015-12-07 10:00:00,10X,10X,10X,1.0,0.0,0.815652,C:\Users\ASUS\Desktop\Ders\blg521\data\02.03\2015\K1\1X\02_03-2015_12_07-10_00-K1-1X.jpeg,C:\Users\ASUS\Desktop\Ders\blg521\data\02.03\2015\K1\10X\02_03-2015_12_06-10_21-K1-10X.jpeg,nan,1.0814719603421445,0,767,CONSISTENT,"folder, filename, and visual evidence agree"
C:\Users\ASUS\Desktop\Ders\blg521\data\02.03\2015\K1\10X\02_03-2015_12_09-10_00-K1-10X.jpeg,02.03\2015\K1\10X\02_03-2015_12_09-10_00-K1-10X.jpeg,02.03,2015,K1,2015-12-09 10:00:00,10X,10X,10X,1.0,0.0,0.68924,C:\Users\ASUS\Desktop\Ders\blg521\data\02.03\2015\K1\1X\02_03-2015_12_09-10_00-K1-1X.jpeg,C:\Users\ASUS\Desktop\Ders\blg521\data\02.03\2015\K1\10X\02_03-2015_12_10-10_00-K1-10X.jpeg,nan,1.13585117493106,0,186,CONSISTENT,"folder, filename, and visual evidence agree"
C:\Users\ASUS\Desktop\Ders\blg521\data\02.03\2015\K1\10X\02_03-2015_12_10-10_00-K1-10X.jpeg,02.03\2015\K1\10X\02_03-2015_12_10-10_00-K1-10X.jpeg,02.03,2015,K1,2015-12-10 10:00:00,10X,10X,10X,1.0,0.0,0.692353,C:\Users\ASUS\Desktop\Ders\blg521\data\02.03\2015\K1\1X\02_03-2015_12_10-10_00-K1-1X.jpeg,C:\Users\ASUS\Desktop\Ders\blg521\data\02.03\2015\K1\10X\02_03-2015_12_09-10_00-K1-10X.jpeg,0.007646526099534606,0.8803235520473105,6,189,CONSISTENT,"folder, filename, and visual evidence agree"
C:\Users\ASUS\Desktop\Ders\blg521\data\02.03\2015\K1\10X\02_03-2015_12_11-10_00-K1-10X.jpeg,02.03\2015\K1\10X\02_03-2015_12_11-10_00-K1-10X.jpeg,02.03,2015,K1,2015-12-11 10:00:00,10X,10X,10X,1.0,0.0,0.418621,C:\Users\ASUS\Desktop\Ders\blg521\data\02.03\2015\K1\1X\02_03-2015_12_11-10_00-K1-1X.jpeg,C:\Users\ASUS\Desktop\Ders\blg521\data\02.03\2015\K1\10X\02_03-2015_12_10-10_00-K1-10X.jpeg,nan,1.4235135512247687,0,191,CONSISTENT,"folder, filename, and visual evidence agree"
C:\Users\ASUS\Desktop\Ders\blg521\data\02.03\2015\K1\10X\02_03-2015_12_17-10_01-K1-10X.jpeg,02.03\2015\K1\10X\02_03-2015_12_17-10_01-K1-10X.jpeg,02.03,2015,K1,2015-12-17 10:01:00,10X,10X,10X,1.0,0.0,0.754194,C:\Users\ASUS\Desktop\Ders\blg521\data\02.03\2015\K1\1X\02_03-2015_12_17-10_02-K1-1X.jpeg,C:\Users\ASUS\Desktop\Ders\blg521\data\02.03\2015\K1\10X\02_03-2015_12_18-10_01-K1-10X.jpeg,nan,0.90556218102699,0,190,CONSISTENT,"folder, filename, and visual evidence agree"
C:\Users\ASUS\Desktop\Ders\blg521\data\02.03\2015\K1\10X\02_03-2015_12_18-10_01-K1-10X.jpeg,02.03\2015\K1\10X\02_03-2015_12_18-10_01-K1-10X.jpeg,02.03,2015,K1,2015-12-18 10:01:00,10X,10X,,0.0,0.0,0.0,C:\Users\ASUS\Desktop\Ders\blg521\data\02.03\2015\K1\1X\02_03-2015_12_18-10_02-K1-1X.jpeg,C:\Users\ASUS\Desktop\Ders\blg521\data\02.03\2015\K1\10X\02_03-2015_12_19-10_00-K1-10X.jpeg,nan,nan,0,0,VISUAL_INCONCLUSIVE,insufficient or conflicting registration evidence
C:\Users\ASUS\Desktop\Ders\blg521\data\02.03\2015\K1\10X\02_03-2015_12_19-10_00-K1-10X.jpeg,02.03\2015\K1\10X\02_03-2015_12_19-10_00-K1-10X.jpeg,02.03,2015,K1,2015-12-19 10:00:00,10X,10X,1X,1.0,0.989144,0.0,C:\Users\ASUS\Desktop\Ders\blg521\data\02.03\2015\K1\1X\02_03-2015_12_19-10_01-K1-1X.jpeg,C:\Users\ASUS\Desktop\Ders\blg521\data\02.03\2015\K1\10X\02_03-2015_12_18-10_01-K1-10X.jpeg,1.000005747189106,nan,653,0,LIKELY_MISFILED,visual evidence disagrees with folder
C:\Users\ASUS\Desktop\Ders\blg521\data\02.03\2015\K1\10X\02_03-2015_12_21-10_00-K1-10X.jpeg,02.03\2015\K1\10X\02_03-2015_12_21-10_00-K1-10X.jpeg,02.03,2015,K1,2015-12-21 10:00:00,10X,10X,,0.0,0.0,0.0,C:\Users\ASUS\Desktop\Ders\blg521\data\02.03\2015\K1\1X\02_03-2015_12_21-10_00-K1-1X.jpeg,C:\Users\ASUS\Desktop\Ders\blg521\data\02.03\2015\K1\10X\02_03-2015_12_19-10_00-K1-10X.jpeg,0.08149210580145892,0.0004200363696643454,5,12,VISUAL_INCONCLUSIVE,insufficient or conflicting registration evidence
C:\Users\ASUS\Desktop\Ders\blg521\data\02.03\2015\K1\10X\02_03-2015_12_23-10_32-K1-10X.jpeg,02.03\2015\K1\10X\02_03-2015_12_23-10_32-K1-10X.jpeg,02.03,2015,K1,2015-12-23 10:32:00,10X,10X,10X,1.0,0.0,0.826836,C:\Users\ASUS\Desktop\Ders\blg521\data\02.03\2015\K1\1X\02_03-2015_12_23-10_33-K1-1X.jpeg,C:\Users\ASUS\Desktop\Ders\blg521\data\02.03\2015\K1\10X\02_03-2015_12_21-10_00-K1-10X.jpeg,nan,1.0519377500458076,0,119,CONSISTENT,"folder, filename, and visual evidence agree"
C:\Users\ASUS\Desktop\Ders\blg521\data\02.03\2015\K1\10X\02_03-2015_12_28-10_00-K1-10X.jpeg,02.03\2015\K1\10X\02_03-2015_12_28-10_00-K1-10X.jpeg,02.03,2015,K1,2015-12-28 10:00:00,10X,10X,10X,1.0,0.0,0.453978,C:\Users\ASUS\Desktop\Ders\blg521\data\02.03\2015\K1\1X\02_03-2015_12_28-10_00-K1-1X.jpeg,C:\Users\ASUS\Desktop\Ders\blg521\data\02.03\2015\K1\10X\02_03-2015_12_31-09_30-K1-10X.jpeg,nan,1.0297391896804757,0,23,CONSISTENT,"folder, filename, and visual evidence agree"
C:\Users\ASUS\Desktop\Ders\blg521\data\02.03\2015\K1\10X\02_03-2015_12_31-09_30-K1-10X.jpeg,02.03\2015\K1\10X\02_03-2015_12_31-09_30-K1-10X.jpeg,02.03,2015,K1,2015-12-31 09:30:00,10X,10X,10X,1.0,0.0,0.422661,C:\Users\ASUS\Desktop\Ders\blg521\data\02.03\2015\K1\1X\02_03-2015_12_31-09_30-K1-1X.jpeg,C:\Users\ASUS\Desktop\Ders\blg521\data\02.03\2015\K1\10X\02_03-2015_12_28-10_00-K1-10X.jpeg,nan,0.9715449234841003,0,23,CONSISTENT,"folder, filename, and visual evidence agree"
C:\Users\ASUS\Desktop\Ders\blg521\data\02.03\2015\K1\1X\02_03-2015_01_01-11_08-K1-1X.jpeg,02.03\2015\K1\1X\02_03-2015_01_01-11_08-K1-1X.jpeg,02.03,2015,K1,2015-01-01 11:08:00,1X,1X,1X,1.0,0.896213,0.0,C:\Users\ASUS\Desktop\Ders\blg521\data\02.03\2015\K1\1X\02_03-2015_01_02-10_51-K1-1X.jpeg,C:\Users\ASUS\Desktop\Ders\blg521\data\02.03\2015\K1\10X\02_03-2015_01_02-10_51-K1-10X.jpeg,0.9700561104275993,nan,74,0,CONSISTENT,"folder, filename, and visual evidence agree"
C:\Users\ASUS\Desktop\Ders\blg521\data\02.03\2015\K1\1X\02_03-2015_01_02-10_51-K1-1X.jpeg,02.03\2015\K1\1X\02_03-2015_01_02-10_51-K1-1X.jpeg,02.03,2015,K1,2015-01-02 10:51:00,1X,1X,1X,1.0,0.886712,0.0,C:\Users\ASUS\Desktop\Ders\blg521\data\02.03\2015\K1\1X\02_03-2015_01_03-10_00-K1-1X.jpeg,C:\Users\ASUS\Desktop\Ders\blg521\data\02.03\2015\K1\10X\02_03-2015_01_02-10_51-K1-10X.jpeg,1.0366803002346174,nan,78,0,CONSISTENT,"folder, filename, and visual evidence agree"
C:\Users\ASUS\Desktop\Ders\blg521\data\02.03\2015\K1\1X\02_03-2015_01_03-10_00-K1-1X.jpeg,02.03\2015\K1\1X\02_03-2015_01_03-10_00-K1-1X.jpeg,02.03,2015,K1,2015-01-03 10:00:00,1X,1X,1X,1.0,0.865141,0.0,C:\Users\ASUS\Desktop\Ders\blg521\data\02.03\2015\K1\1X\02_03-2015_01_02-10_51-K1-1X.jpeg,C:\Users\ASUS\Desktop\Ders\blg521\data\02.03\2015\K1\10X\02_03-2015_01_02-10_51-K1-10X.jpeg,0.9644670092190621,nan,99,0,CONSISTENT,"folder, filename, and visual evidence agree"
C:\Users\ASUS\Desktop\Ders\blg521\data\02.03\2015\K1\1X\02_03-2015_01_04-10_53-K1-1X.jpeg,02.03\2015\K1\1X\02_03-2015_01_04-10_53-K1-1X.jpeg,02.03,2015,K1,2015-01-04 10:53:00,1X,1X,1X,1.0,0.293891,0.0,C:\Users\ASUS\Desktop\Ders\blg521\data\02.03\2015\K1\1X\02_03-2015_01_05-10_00-K1-1X.jpeg,C:\Users\ASUS\Desktop\Ders\blg521\data\02.03\2015\K1\10X\02_03-2015_01_02-10_51-K1-10X.jpeg,0.9972250050991466,nan,19,0,CONSISTENT,"folder, filename, and visual evidence agree"
C:\Users\ASUS\Desktop\Ders\blg521\data\02.03\2015\K1\1X\02_03-2015_01_05-10_00-K1-1X.jpeg,02.03\2015\K1\1X\02_03-2015_01_05-10_00-K1-1X.jpeg,02.03,2015,K1,2015-01-05 10:00:00,1X,1X,1X,1.0,0.242739,0.0,C:\Users\ASUS\Desktop\Ders\blg521\data\02.03\2015\K1\1X\02_03-2015_01_04-10_53-K1-1X.jpeg,C:\Users\ASUS\Desktop\Ders\blg521\data\02.03\2015\K1\10X\02_03-2015_01_02-10_51-K1-10X.jpeg,1.0003076113949803,nan,10,0,CONSISTENT,"folder, filename, and visual evidence agree"
C:\Users\ASUS\Desktop\Ders\blg521\data\02.03\2015\K1\1X\02_03-2015_01_06-10_54-K1-1X.jpeg,02.03\2015\K1\1X\02_03-2015_01_06-10_54-K1-1X.jpeg,02.03,2015,K1,2015-01-06 10:54:00,1X,1X,1X,1.0,0.841029,0.0,C:\Users\ASUS\Desktop\Ders\blg521\data\02.03\2015\K1\1X\02_03-2015_01_07-10_55-K1-1X.jpeg,C:\Users\ASUS\Desktop\Ders\blg521\data\02.03\2015\K1\10X\02_03-2015_01_02-10_51-K1-10X.jpeg,1.0450058257236212,nan,67,0,CONSISTENT,"folder, filename, and visual evidence agree"
C:\Users\ASUS\Desktop\Ders\blg521\data\02.03\2015\K1\1X\02_03-2015_01_07-10_55-K1-1X.jpeg,02.03\2015\K1\1X\02_03-2015_01_07-10_55-K1-1X.jpeg,02.03,2015,K1,2015-01-07 10:55:00,1X,1X,,0.0,0.0,0.0,C:\Users\ASUS\Desktop\Ders\blg521\data\02.03\2015\K1\1X\02_03-2015_01_08-10_55-K1-1X.jpeg,C:\Users\ASUS\Desktop\Ders\blg521\data\02.03\2015\K1\10X\02_03-2015_01_11-10_00-K1-10X.jpeg,nan,nan,0,0,VISUAL_INCONCLUSIVE,insufficient or conflicting registration evidence
C:\Users\ASUS\Desktop\Ders\blg521\data\02.03\2015\K1\1X\02_03-2015_01_08-10_55-K1-1X.jpeg,02.03\2015\K1\1X\02_03-2015_01_08-10_55-K1-1X.jpeg,02.03,2015,K1,2015-01-08 10:55:00,1X,1X,1X,1.0,0.949751,0.0,C:\Users\ASUS\Desktop\Ders\blg521\data\02.03\2015\K1\1X\02_03-2015_01_09-10_00-K1-1X.jpeg,C:\Users\ASUS\Desktop\Ders\blg521\data\02.03\2015\K1\10X\02_03-2015_01_11-10_00-K1-10X.jpeg,0.9996226951127895,nan,230,0,CONSISTENT,"folder, filename, and visual evidence agree"
C:\Users\ASUS\Desktop\Ders\blg521\data\02.03\2015\K1\1X\02_03-2015_01_09-10_00-K1-1X.jpeg,02.03\2015\K1\1X\02_03-2015_01_09-10_00-K1-1X.jpeg,02.03,2015,K1,2015-01-09 10:00:00,1X,1X,1X,1.0,0.95444,0.0,C:\Users\ASUS\Desktop\Ders\blg521\data\02.03\2015\K1\1X\02_03-2015_01_08-10_55-K1-1X.jpeg,C:\Users\ASUS\Desktop\Ders\blg521\data\02.03\2015\K1\10X\02_03-2015_01_11-10_00-K1-10X.jpeg,1.0004746004285638,nan,212,0,CONSISTENT,"folder, filename, and visual evidence agree"
C:\Users\ASUS\Desktop\Ders\blg521\data\02.03\2015\K1\1X\02_03-2015_01_10-10_00-K1-1X.jpeg,02.03\2015\K1\1X\02_03-2015_01_10-10_00-K1-1X.jpeg,02.03,2015,K1,2015-01-10 10:00:00,1X,1X,1X,1.0,0.956086,0.0,C:\Users\ASUS\Desktop\Ders\blg521\data\02.03\2015\K1\1X\02_03-2015_01_09-10_00-K1-1X.jpeg,C:\Users\ASUS\Desktop\Ders\blg521\data\02.03\2015\K1\10X\02_03-2015_01_11-10_00-K1-10X.jpeg,1.0010916556145613,nan,414,0,CONSISTENT,"folder, filename, and visual evidence agree"
C:\Users\ASUS\Desktop\Ders\blg521\data\02.03\2015\K1\1X\02_03-2015_01_11-10_00-K1-1X.jpeg,02.03\2015\K1\1X\02_03-2015_01_11-10_00-K1-1X.jpeg,02.03,2015,K1,2015-01-11 10:00:00,1X,1X,,0.0,0.0,0.0,C:\Users\ASUS\Desktop\Ders\blg521\data\02.03\2015\K1\1X\02_03-2015_01_10-10_00-K1-1X.jpeg,C:\Users\ASUS\Desktop\Ders\blg521\data\02.03\2015\K1\10X\02_03-2015_01_11-10_00-K1-10X.jpeg,nan,nan,0,0,VISUAL_INCONCLUSIVE,insufficient or conflicting registration evidence
C:\Users\ASUS\Desktop\Ders\blg521\data\02.03\2015\K1\1X\02_03-2015_01_12-10_00-K1-1X.jpeg,02.03\2015\K1\1X\02_03-2015_01_12-10_00-K1-1X.jpeg,02.03,2015,K1,2015-01-12 10:00:00,1X,1X,,0.0,0.0,0.0,C:\Users\ASUS\Desktop\Ders\blg521\data\02.03\2015\K1\1X\02_03-2015_01_11-10_00-K1-1X.jpeg,C:\Users\ASUS\Desktop\Ders\blg521\data\02.03\2015\K1\10X\02_03-2015_01_11-10_00-K1-10X.jpeg,nan,nan,0,0,VISUAL_INCONCLUSIVE,insufficient or conflicting registration evidence
C:\Users\ASUS\Desktop\Ders\blg521\data\02.03\2015\K1\1X\02_03-2015_01_13-10_00-K1-1X.jpeg,02.03\2015\K1\1X\02_03-2015_01_13-10_00-K1-1X.jpeg,02.03,2015,K1,2015-01-13 10:00:00,1X,1X,1X,1.0,0.975608,0.0,C:\Users\ASUS\Desktop\Ders\blg521\data\02.03\2015\K1\1X\02_03-2015_01_12-10_00-K1-1X.jpeg,C:\Users\ASUS\Desktop\Ders\blg521\data\02.03\2015\K1\10X\02_03-2015_01_11-10_00-K1-10X.jpeg,0.999301247640493,nan,838,0,CONSISTENT,"folder, filename, and visual evidence agree"
C:\Users\ASUS\Desktop\Ders\blg521\data\02.03\2015\K1\1X\02_03-2015_01_14-10_00-K1-1X.jpeg,02.03\2015\K1\1X\02_03-2015_01_14-10_00-K1-1X.jpeg,02.03,2015,K1,2015-01-14 10:00:00,1X,1X,1X,1.0,0.957062,0.0,C:\Users\ASUS\Desktop\Ders\blg521\data\02.03\2015\K1\1X\02_03-2015_01_13-10_00-K1-1X.jpeg,C:\Users\ASUS\Desktop\Ders\blg521\data\02.03\2015\K1\10X\02_03-2015_01_15-10_52-K1-10X.jpeg,1.0076252512163102,nan,746,0,CONSISTENT,"folder, filename, and visual evidence agree"
C:\Users\ASUS\Desktop\Ders\blg521\data\02.03\2015\K1\1X\02_03-2015_01_15-10_52-K1-1X.jpeg,02.03\2015\K1\1X\02_03-2015_01_15-10_52-K1-1X.jpeg,02.03,2015,K1,2015-01-15 10:52:00,1X,1X,1X,1.0,0.960201,0.0,C:\Users\ASUS\Desktop\Ders\blg521\data\02.03\2015\K1\1X\02_03-2015_01_16-10_00-K1-1X.jpeg,C:\Users\ASUS\Desktop\Ders\blg521\data\02.03\2015\K1\10X\02_03-2015_01_15-10_52-K1-10X.jpeg,1.0019987377349269,nan,264,0,CONSISTENT,"folder, filename, and visual evidence agree"
C:\Users\ASUS\Desktop\Ders\blg521\data\02.03\2015\K1\1X\02_03-2015_01_16-10_00-K1-1X.jpeg,02.03\2015\K1\1X\02_03-2015_01_16-10_00-K1-1X.jpeg,02.03,2015,K1,2015-01-16 10:00:00,1X,1X,1X,1.0,0.956604,0.0,C:\Users\ASUS\Desktop\Ders\blg521\data\02.03\2015\K1\1X\02_03-2015_01_15-10_52-K1-1X.jpeg,C:\Users\ASUS\Desktop\Ders\blg521\data\02.03\2015\K1\10X\02_03-2015_01_16-10_00-K1-10X.jpeg,0.9978632063154008,nan,283,0,CONSISTENT,"folder, filename, and visual evidence agree"
C:\Users\ASUS\Desktop\Ders\blg521\data\02.03\2015\K1\1X\02_03-2015_01_17-10_00-K1-1X.jpeg,02.03\2015\K1\1X\02_03-2015_01_17-10_00-K1-1X.jpeg,02.03,2015,K1,2015-01-17 10:00:00,1X,1X,1X,1.0,0.935547,0.0,C:\Users\ASUS\Desktop\Ders\blg521\data\02.03\2015\K1\1X\02_03-2015_01_16-10_00-K1-1X.jpeg,C:\Users\ASUS\Desktop\Ders\blg521\data\02.03\2015\K1\10X\02_03-2015_01_17-10_00-K1-10X.jpeg,1.0144084852479058,nan,425,0,CONSISTENT,"folder, filename, and visual evidence agree"
C:\Users\ASUS\Desktop\Ders\blg521\data\02.03\2015\K1\1X\02_03-2015_01_19-10_00-K1-1X.jpeg,02.03\2015\K1\1X\02_03-2015_01_19-10_00-K1-1X.jpeg,02.03,2015,K1,2015-01-19 10:00:00,1X,1X,1X,1.0,0.798795,0.0,C:\Users\ASUS\Desktop\Ders\blg521\data\02.03\2015\K1\1X\02_03-2015_01_20-10_00-K1-1X.jpeg,C:\Users\ASUS\Desktop\Ders\blg521\data\02.03\2015\K1\10X\02_03-2015_01_19-10_00-K1-10X.jpeg,1.0823933089517652,nan,544,0,CONSISTENT,"folder, filename, and visual evidence agree"
C:\Users\ASUS\Desktop\Ders\blg521\data\02.03\2015\K1\1X\02_03-2015_01_20-10_00-K1-1X.jpeg,02.03\2015\K1\1X\02_03-2015_01_20-10_00-K1-1X.jpeg,02.03,2015,K1,2015-01-20 10:00:00,1X,1X,1X,1.0,0.795704,0.0,C:\Users\ASUS\Desktop\Ders\blg521\data\02.03\2015\K1\1X\02_03-2015_01_21-09_30-K1-1X.jpeg,C:\Users\ASUS\Desktop\Ders\blg521\data\02.03\2015\K1\10X\02_03-2015_01_21-09_30-K1-10X.jpeg,0.9248220106326431,nan,313,0,CONSISTENT,"folder, filename, and visual evidence agree"
C:\Users\ASUS\Desktop\Ders\blg521\data\02.03\2015\K1\1X\02_03-2015_01_21-09_30-K1-1X.jpeg,02.03\2015\K1\1X\02_03-2015_01_21-09_30-K1-1X.jpeg,02.03,2015,K1,2015-01-21 09:30:00,1X,1X,1X,1.0,0.794841,0.0,C:\Users\ASUS\Desktop\Ders\blg521\data\02.03\2015\K1\1X\02_03-2015_01_20-10_00-K1-1X.jpeg,C:\Users\ASUS\Desktop\Ders\blg521\data\02.03\2015\K1\10X\02_03-2015_01_21-09_30-K1-10X.jpeg,1.0808993987209214,nan,302,0,CONSISTENT,"folder, filename, and visual evidence agree"
C:\Users\ASUS\Desktop\Ders\blg521\data\02.03\2015\K1\1X\02_03-2015_02_05-10_00-K1-1X.jpeg,02.03\2015\K1\1X\02_03-2015_02_05-10_00-K1-1X.jpeg,02.03,2015,K1,2015-02-05 10:00:00,1X,1X,1X,1.0,0.928317,0.0,C:\Users\ASUS\Desktop\Ders\blg521\data\02.03\2015\K1\1X\02_03-2015_02_06-09_30-K1-1X.jpeg,C:\Users\ASUS\Desktop\Ders\blg521\data\02.03\2015\K1\10X\02_03-2015_02_05-10_00-K1-10X.jpeg,1.0141065999150263,nan,722,0,CONSISTENT,"folder, filename, and visual evidence agree"
C:\Users\ASUS\Desktop\Ders\blg521\data\02.03\2015\K1\1X\02_03-2015_02_06-09_30-K1-1X.jpeg,02.03\2015\K1\1X\02_03-2015_02_06-09_30-K1-1X.jpeg,02.03,2015,K1,2015-02-06 09:30:00,1X,1X,1X,0.998723,0.937977,0.001199,C:\Users\ASUS\Desktop\Ders\blg521\data\02.03\2015\K1\1X\02_03-2015_02_05-10_00-K1-1X.jpeg,C:\Users\ASUS\Desktop\Ders\blg521\data\02.03\2015\K1\10X\02_03-2015_02_06-09_30-K1-10X.jpeg,0.9860560470451406,9.913323842197842,714,9,CONSISTENT,"folder, filename, and visual evidence agree"
C:\Users\ASUS\Desktop\Ders\blg521\data\02.03\2015\K1\1X\02_03-2015_02_07-11_58-K1-1X.jpeg,02.03\2015\K1\1X\02_03-2015_02_07-11_58-K1-1X.jpeg,02.03,2015,K1,2015-02-07 11:58:00,1X,1X,1X,1.0,0.867796,0.0,C:\Users\ASUS\Desktop\Ders\blg521\data\02.03\2015\K1\1X\02_03-2015_02_08-10_00-K1-1X.jpeg,C:\Users\ASUS\Desktop\Ders\blg521\data\02.03\2015\K1\10X\02_03-2015_02_08-10_00-K1-10X.jpeg,0.9584158311421115,nan,115,0,CONSISTENT,"folder, filename, and visual evidence agree"
C:\Users\ASUS\Desktop\Ders\blg521\data\02.03\2015\K1\1X\02_03-2015_02_08-10_00-K1-1X.jpeg,02.03\2015\K1\1X\02_03-2015_02_08-10_00-K1-1X.jpeg,02.03,2015,K1,2015-02-08 10:00:00,1X,1X,1X,1.0,0.853546,0.0,C:\Users\ASUS\Desktop\Ders\blg521\data\02.03\2015\K1\1X\02_03-2015_02_07-11_58-K1-1X.jpeg,C:\Users\ASUS\Desktop\Ders\blg521\data\02.03\2015\K1\10X\02_03-2015_02_08-10_00-K1-10X.jpeg,1.0437799842418374,nan,115,0,CONSISTENT,"folder, filename, and visual evidence agree"
C:\Users\ASUS\Desktop\Ders\blg521\data\02.03\2015\K1\1X\02_03-2015_02_09-11_27-K1-1X.jpeg,02.03\2015\K1\1X\02_03-2015_02_09-11_27-K1-1X.jpeg,02.03,2015,K1,2015-02-09 11:27:00,1X,1X,1X,1.0,0.87538,0.0,C:\Users\ASUS\Desktop\Ders\blg521\data\02.03\2015\K1\1X\02_03-2015_02_10-10_00-K1-1X.jpeg,C:\Users\ASUS\Desktop\Ders\blg521\data\02.03\2015\K1\10X\02_03-2015_02_10-10_00-K1-10X.jpeg,0.958475604686027,nan,134,0,CONSISTENT,"folder, filename, and visual evidence agree"
C:\Users\ASUS\Desktop\Ders\blg521\data\02.03\2015\K1\1X\02_03-2015_02_10-10_00-K1-1X.jpeg,02.03\2015\K1\1X\02_03-2015_02_10-10_00-K1-1X.jpeg,02.03,2015,K1,2015-02-10 10:00:00,1X,1X,1X,1.0,0.883684,0.0,C:\Users\ASUS\Desktop\Ders\blg521\data\02.03\2015\K1\1X\02_03-2015_02_09-11_27-K1-1X.jpeg,C:\Users\ASUS\Desktop\Ders\blg521\data\02.03\2015\K1\10X\02_03-2015_02_10-10_00-K1-10X.jpeg,1.0415013355967586,nan,130,0,CONSISTENT,"folder, filename, and visual evidence agree"
C:\Users\ASUS\Desktop\Ders\blg521\data\02.03\2015\K1\1X\02_03-2015_02_12-10_00-K1-1X.jpeg,02.03\2015\K1\1X\02_03-2015_02_12-10_00-K1-1X.jpeg,02.03,2015,K1,2015-02-12 10:00:00,1X,1X,1X,1.0,0.856661,0.0,C:\Users\ASUS\Desktop\Ders\blg521\data\02.03\2015\K1\1X\02_03-2015_02_13-09_30-K1-1X.jpeg,C:\Users\ASUS\Desktop\Ders\blg521\data\02.03\2015\K1\10X\02_03-2015_02_11-10_30-K1-10X.jpeg,0.958265238127494,nan,56,0,CONSISTENT,"folder, filename, and visual evidence agree"
C:\Users\ASUS\Desktop\Ders\blg521\data\02.03\2015\K1\1X\02_03-2015_02_13-09_30-K1-1X.jpeg,02.03\2015\K1\1X\02_03-2015_02_13-09_30-K1-1X.jpeg,02.03,2015,K1,2015-02-13 09:30:00,1X,1X,1X,1.0,0.854682,0.0,C:\Users\ASUS\Desktop\Ders\blg521\data\02.03\2015\K1\1X\02_03-2015_02_12-10_00-K1-1X.jpeg,C:\Users\ASUS\Desktop\Ders\blg521\data\02.03\2015\K1\10X\02_03-2015_02_13-09_30-K1-10X.jpeg,1.0437626407062413,nan,58,0,CONSISTENT,"folder, filename, and visual evidence agree"
C:\Users\ASUS\Desktop\Ders\blg521\data\02.03\2015\K1\1X\02_03-2015_02_14-11_00-K1-1X.jpeg,02.03\2015\K1\1X\02_03-2015_02_14-11_00-K1-1X.jpeg,02.03,2015,K1,2015-02-14 11:00:00,1X,1X,1X,1.0,0.969446,0.0,C:\Users\ASUS\Desktop\Ders\blg521\data\02.03\2015\K1\1X\02_03-2015_02_15-11_00-K1-1X.jpeg,C:\Users\ASUS\Desktop\Ders\blg521\data\02.03\2015\K1\10X\02_03-2015_02_14-11_00-K1-10X.jpeg,0.9996369157282796,nan,95,0,CONSISTENT,"folder, filename, and visual evidence agree"
C:\Users\ASUS\Desktop\Ders\blg521\data\02.03\2015\K1\1X\02_03-2015_02_15-11_00-K1-1X.jpeg,02.03\2015\K1\1X\02_03-2015_02_15-11_00-K1-1X.jpeg,02.03,2015,K1,2015-02-15 11:00:00,1X,1X,1X,1.0,0.855047,0.0,C:\Users\ASUS\Desktop\Ders\blg521\data\02.03\2015\K1\1X\02_03-2015_02_16-10_00-K1-1X.jpeg,C:\Users\ASUS\Desktop\Ders\blg521\data\02.03\2015\K1\10X\02_03-2015_02_15-11_00-K1-10X.jpeg,1.0424807539114973,nan,49,0,CONSISTENT,"folder, filename, and visual evidence agree"
C:\Users\ASUS\Desktop\Ders\blg521\data\02.03\2015\K1\1X\02_03-2015_02_16-10_00-K1-1X.jpeg,02.03\2015\K1\1X\02_03-2015_02_16-10_00-K1-1X.jpeg,02.03,2015,K1,2015-02-16 10:00:00,1X,1X,1X,1.0,0.871871,0.0,C:\Users\ASUS\Desktop\Ders\blg521\data\02.03\2015\K1\1X\02_03-2015_02_15-11_00-K1-1X.jpeg,C:\Users\ASUS\Desktop\Ders\blg521\data\02.03\2015\K1\10X\02_03-2015_02_15-11_00-K1-10X.jpeg,0.9593345049575731,nan,51,0,CONSISTENT,"folder, filename, and visual evidence agree"
C:\Users\ASUS\Desktop\Ders\blg521\data\02.03\2015\K1\1X\02_03-2015_02_17-10_00-K1-1X.jpeg,02.03\2015\K1\1X\02_03-2015_02_17-10_00-K1-1X.jpeg,02.03,2015,K1,2015-02-17 10:00:00,1X,1X,1X,1.0,0.964584,0.0,C:\Users\ASUS\Desktop\Ders\blg521\data\02.03\2015\K1\1X\02_03-2015_02_16-10_00-K1-1X.jpeg,C:\Users\ASUS\Desktop\Ders\blg521\data\02.03\2015\K1\10X\02_03-2015_02_17-10_00-K1-10X.jpeg,1.0063763980119393,nan,75,0,CONSISTENT,"folder, filename, and visual evidence agree"
C:\Users\ASUS\Desktop\Ders\blg521\data\02.03\2015\K1\1X\02_03-2015_02_19-10_00-K1-1X.jpeg,02.03\2015\K1\1X\02_03-2015_02_19-10_00-K1-1X.jpeg,02.03,2015,K1,2015-02-19 10:00:00,1X,1X,1X,1.0,0.663638,0.0,C:\Users\ASUS\Desktop\Ders\blg521\data\02.03\2015\K1\1X\02_03-2015_02_20-10_00-K1-1X.jpeg,C:\Users\ASUS\Desktop\Ders\blg521\data\02.03\2015\K1\10X\02_03-2015_02_19-10_00-K1-10X.jpeg,0.9986248182881834,nan,34,0,CONSISTENT,"folder, filename, and visual evidence agree"
C:\Users\ASUS\Desktop\Ders\blg521\data\02.03\2015\K1\1X\02_03-2015_02_20-10_00-K1-1X.jpeg,02.03\2015\K1\1X\02_03-2015_02_20-10_00-K1-1X.jpeg,02.03,2015,K1,2015-02-20 10:00:00,1X,1X,1X,1.0,0.712689,0.0,C:\Users\ASUS\Desktop\Ders\blg521\data\02.03\2015\K1\1X\02_03-2015_02_19-10_00-K1-1X.jpeg,C:\Users\ASUS\Desktop\Ders\blg521\data\02.03\2015\K1\10X\02_03-2015_02_20-10_00-K1-10X.jpeg,1.0012869618222655,nan,31,0,CONSISTENT,"folder, filename, and visual evidence agree"
C:\Users\ASUS\Desktop\Ders\blg521\data\02.03\2015\K1\1X\02_03-2015_02_21-10_30-K1-1X.jpeg,02.03\2015\K1\1X\02_03-2015_02_21-10_30-K1-1X.jpeg,02.03,2015,K1,2015-02-21 10:30:00,1X,1X,1X,1.0,0.921651,0.0,C:\Users\ASUS\Desktop\Ders\blg521\data\02.03\2015\K1\1X\02_03-2015_02_22-10_06-K1-1X.jpeg,C:\Users\ASUS\Desktop\Ders\blg521\data\02.03\2015\K1\10X\02_03-2015_02_22-10_06-K1-10X.jpeg,0.9858689262280583,nan,146,0,CONSISTENT,"folder, filename, and visual evidence agree"
C:\Users\ASUS\Desktop\Ders\blg521\data\02.03\2015\K1\1X\02_03-2015_02_22-10_06-K1-1X.jpeg,02.03\2015\K1\1X\02_03-2015_02_22-10_06-K1-1X.jpeg,02.03,2015,K1,2015-02-22 10:06:00,1X,1X,1X,1.0,0.898421,0.0,C:\Users\ASUS\Desktop\Ders\blg521\data\02.03\2015\K1\1X\02_03-2015_02_21-10_30-K1-1X.jpeg,C:\Users\ASUS\Desktop\Ders\blg521\data\02.03\2015\K1\10X\02_03-2015_02_22-10_06-K1-10X.jpeg,1.0143544021616127,nan,153,0,CONSISTENT,"folder, filename, and visual evidence agree"
C:\Users\ASUS\Desktop\Ders\blg521\data\02.03\2015\K1\1X\02_03-2015_02_23-10_07-K1-1X.jpeg,02.03\2015\K1\1X\02_03-2015_02_23-10_07-K1-1X.jpeg,02.03,2015,K1,2015-02-23 10:07:00,1X,1X,1X,1.0,0.856768,0.0,C:\Users\ASUS\Desktop\Ders\blg521\data\02.03\2015\K1\1X\02_03-2015_02_24-10_07-K1-1X.jpeg,C:\Users\ASUS\Desktop\Ders\blg521\data\02.03\2015\K1\10X\02_03-2015_02_24-10_07-K1-10X.jpeg,0.9585466761358642,nan,172,0,CONSISTENT,"folder, filename, and visual evidence agree"
C:\Users\ASUS\Desktop\Ders\blg521\data\02.03\2015\K1\1X\02_03-2015_02_24-10_07-K1-1X.jpeg,02.03\2015\K1\1X\02_03-2015_02_24-10_07-K1-1X.jpeg,02.03,2015,K1,2015-02-24 10:07:00,1X,1X,1X,1.0,0.903832,0.0,C:\Users\ASUS\Desktop\Ders\blg521\data\02.03\2015\K1\1X\02_03-2015_02_25-09_00-K1-1X.jpeg,C:\Users\ASUS\Desktop\Ders\blg521\data\02.03\2015\K1\10X\02_03-2015_02_24-10_07-K1-10X.jpeg,0.9966992851850494,nan,85,0,CONSISTENT,"folder, filename, and visual evidence agree"
C:\Users\ASUS\Desktop\Ders\blg521\data\02.03\2015\K1\1X\02_03-2015_02_25-09_00-K1-1X.jpeg,02.03\2015\K1\1X\02_03-2015_02_25-09_00-K1-1X.jpeg,02.03,2015,K1,2015-02-25 09:00:00,1X,1X,1X,1.0,0.961509,0.0,C:\Users\ASUS\Desktop\Ders\blg521\data\02.03\2015\K1\1X\02_03-2015_02_24-10_07-K1-1X.jpeg,C:\Users\ASUS\Desktop\Ders\blg521\data\02.03\2015\K1\10X\02_03-2015_02_25-09_00-K1-10X.jpeg,1.0015482857607552,nan,71,0,CONSISTENT,"folder, filename, and visual evidence agree"
C:\Users\ASUS\Desktop\Ders\blg521\data\02.03\2015\K1\1X\02_03-2015_02_26-10_00-K1-1X.jpeg,02.03\2015\K1\1X\02_03-2015_02_26-10_00-K1-1X.jpeg,02.03,2015,K1,2015-02-26 10:00:00,1X,1X,1X,1.0,0.950578,0.0,C:\Users\ASUS\Desktop\Ders\blg521\data\02.03\2015\K1\1X\02_03-2015_02_27-09_30-K1-1X.jpeg,C:\Users\ASUS\Desktop\Ders\blg521\data\02.03\2015\K1\10X\02_03-2015_02_26-10_00-K1-10X.jpeg,1.0023783579594299,nan,325,0,CONSISTENT,"folder, filename, and visual evidence agree"
C:\Users\ASUS\Desktop\Ders\blg521\data\02.03\2015\K1\1X\02_03-2015_02_27-09_30-K1-1X.jpeg,02.03\2015\K1\1X\02_03-2015_02_27-09_30-K1-1X.jpeg,02.03,2015,K1,2015-02-27 09:30:00,1X,1X,1X,1.0,0.956096,0.0,C:\Users\ASUS\Desktop\Ders\blg521\data\02.03\2015\K1\1X\02_03-2015_02_26-10_00-K1-1X.jpeg,C:\Users\ASUS\Desktop\Ders\blg521\data\02.03\2015\K1\10X\02_03-2015_02_27-09_30-K1-10X.jpeg,0.9983552091463962,nan,317,0,CONSISTENT,"folder, filename, and visual evidence agree"
C:\Users\ASUS\Desktop\Ders\blg521\data\02.03\2015\K1\1X\02_03-2015_02_28-10_00-K1-1X.jpeg,02.03\2015\K1\1X\02_03-2015_02_28-10_00-K1-1X.jpeg,02.03,2015,K1,2015-02-28 10:00:00,1X,1X,1X,1.0,0.877633,0.0,C:\Users\ASUS\Desktop\Ders\blg521\data\02.03\2015\K1\1X\02_03-2015_03_01-10_00-K1-1X.jpeg,C:\Users\ASUS\Desktop\Ders\blg521\data\02.03\2015\K1\10X\02_03-2015_02_28-10_00-K1-10X.jpeg,1.0357851977902433,nan,469,0,CONSISTENT,"folder, filename, and visual evidence agree"
C:\Users\ASUS\Desktop\Ders\blg521\data\02.03\2015\K1\1X\02_03-2015_03_01-10_00-K1-1X.jpeg,02.03\2015\K1\1X\02_03-2015_03_01-10_00-K1-1X.jpeg,02.03,2015,K1,2015-03-01 10:00:00,1X,1X,1X,1.0,0.877414,0.0,C:\Users\ASUS\Desktop\Ders\blg521\data\02.03\2015\K1\1X\02_03-2015_02_28-10_00-K1-1X.jpeg,C:\Users\ASUS\Desktop\Ders\blg521\data\02.03\2015\K1\10X\02_03-2015_03_01-10_00-K1-10X.jpeg,0.9653519075717647,nan,469,0,CONSISTENT,"folder, filename, and visual evidence agree"
C:\Users\ASUS\Desktop\Ders\blg521\data\02.03\2015\K1\1X\02_03-2015_03_03-10_00-K1-1X.jpeg,02.03\2015\K1\1X\02_03-2015_03_03-10_00-K1-1X.jpeg,02.03,2015,K1,2015-03-03 10:00:00,1X,1X,1X,1.0,0.938997,0.0,C:\Users\ASUS\Desktop\Ders\blg521\data\02.03\2015\K1\1X\02_03-2015_03_04-10_00-K1-1X.jpeg,C:\Users\ASUS\Desktop\Ders\blg521\data\02.03\2015\K1\10X\02_03-2015_03_03-10_00-K1-10X.jpeg,1.0071118400796357,nan,428,0,CONSISTENT,"folder, filename, and visual evidence agree"
C:\Users\ASUS\Desktop\Ders\blg521\data\02.03\2015\K1\1X\02_03-2015_03_04-10_00-K1-1X.jpeg,02.03\2015\K1\1X\02_03-2015_03_04-10_00-K1-1X.jpeg,02.03,2015,K1,2015-03-04 10:00:00,1X,1X,1X,1.0,0.88686,0.0,C:\Users\ASUS\Desktop\Ders\blg521\data\02.03\2015\K1\1X\02_03-2015_03_05-09_30-K1-1X.jpeg,C:\Users\ASUS\Desktop\Ders\blg521\data\02.03\2015\K1\10X\02_03-2015_03_04-10_00-K1-10X.jpeg,1.0133107617388206,nan,164,0,CONSISTENT,"folder, filename, and visual evidence agree"
C:\Users\ASUS\Desktop\Ders\blg521\data\02.03\2015\K1\1X\02_03-2015_03_05-09_30-K1-1X.jpeg,02.03\2015\K1\1X\02_03-2015_03_05-09_30-K1-1X.jpeg,02.03,2015,K1,2015-03-05 09:30:00,1X,1X,1X,1.0,0.89148,0.0,C:\Users\ASUS\Desktop\Ders\blg521\data\02.03\2015\K1\1X\02_03-2015_03_04-10_00-K1-1X.jpeg,C:\Users\ASUS\Desktop\Ders\blg521\data\02.03\2015\K1\10X\02_03-2015_03_05-09_30-K1-10X.jpeg,0.9876427178169924,nan,171,0,CONSISTENT,"folder, filename, and visual evidence agree"
C:\Users\ASUS\Desktop\Ders\blg521\data\02.03\2015\K1\1X\02_03-2015_03_06-10_00-K1-1X.jpeg,02.03\2015\K1\1X\02_03-2015_03_06-10_00-K1-1X.jpeg,02.03,2015,K1,2015-03-06 10:00:00,1X,1X,1X,1.0,0.857102,0.0,C:\Users\ASUS\Desktop\Ders\blg521\data\02.03\2015\K1\1X\02_03-2015_03_07-10_00-K1-1X.jpeg,C:\Users\ASUS\Desktop\Ders\blg521\data\02.03\2015\K1\10X\02_03-2015_03_06-10_00-K1-10X.jpeg,1.0441273042584485,nan,298,0,CONSISTENT,"folder, filename, and visual evidence agree"
C:\Users\ASUS\Desktop\Ders\blg521\data\02.03\2015\K1\1X\02_03-2015_03_07-10_00-K1-1X.jpeg,02.03\2015\K1\1X\02_03-2015_03_07-10_00-K1-1X.jpeg,02.03,2015,K1,2015-03-07 10:00:00,1X,1X,1X,1.0,0.908925,0.0,C:\Users\ASUS\Desktop\Ders\blg521\data\02.03\2015\K1\1X\02_03-2015_03_08-08_30-K1-1X.jpeg,C:\Users\ASUS\Desktop\Ders\blg521\data\02.03\2015\K1\10X\02_03-2015_03_06-10_00-K1-10X.jpeg,0.9926692873417512,nan,163,0,CONSISTENT,"folder, filename, and visual evidence agree"
C:\Users\ASUS\Desktop\Ders\blg521\data\02.03\2015\K1\1X\02_03-2015_03_08-08_30-K1-1X.jpeg,02.03\2015\K1\1X\02_03-2015_03_08-08_30-K1-1X.jpeg,02.03,2015,K1,2015-03-08 08:30:00,1X,1X,1X,1.0,0.912854,0.0,C:\Users\ASUS\Desktop\Ders\blg521\data\02.03\2015\K1\1X\02_03-2015_03_07-10_00-K1-1X.jpeg,C:\Users\ASUS\Desktop\Ders\blg521\data\02.03\2015\K1\10X\02_03-2015_03_09-10_00-K1-10X.jpeg,1.0070390368159252,nan,174,0,CONSISTENT,"folder, filename, and visual evidence agree"
C:\Users\ASUS\Desktop\Ders\blg521\data\02.03\2015\K1\1X\02_03-2015_03_09-10_00-K1-1X.jpeg,02.03\2015\K1\1X\02_03-2015_03_09-10_00-K1-1X.jpeg,02.03,2015,K1,2015-03-09 10:00:00,1X,1X,1X,1.0,0.916973,0.0,C:\Users\ASUS\Desktop\Ders\blg521\data\02.03\2015\K1\1X\02_03-2015_03_10-10_00-K1-1X.jpeg,C:\Users\ASUS\Desktop\Ders\blg521\data\02.03\2015\K1\10X\02_03-2015_03_09-10_00-K1-10X.jpeg,0.985275439963585,nan,482,0,CONSISTENT,"folder, filename, and visual evidence agree"
C:\Users\ASUS\Desktop\Ders\blg521\data\02.03\2015\K1\1X\02_03-2015_03_10-10_00-K1-1X.jpeg,02.03\2015\K1\1X\02_03-2015_03_10-10_00-K1-1X.jpeg,02.03,2015,K1,2015-03-10 10:00:00,1X,1X,1X,1.0,0.389806,0.0,C:\Users\ASUS\Desktop\Ders\blg521\data\02.03\2015\K1\1X\02_03-2015_03_11-09_00-K1-1X.jpeg,C:\Users\ASUS\Desktop\Ders\blg521\data\02.03\2015\K1\10X\02_03-2015_03_10-10_00-K1-10X.jpeg,1.0024687905064653,nan,23,0,CONSISTENT,"folder, filename, and visual evidence agree"
C:\Users\ASUS\Desktop\Ders\blg521\data\02.03\2015\K1\1X\02_03-2015_03_11-09_00-K1-1X.jpeg,02.03\2015\K1\1X\02_03-2015_03_11-09_00-K1-1X.jpeg,02.03,2015,K1,2015-03-11 09:00:00,1X,1X,1X,1.0,0.334379,0.0,C:\Users\ASUS\Desktop\Ders\blg521\data\02.03\2015\K1\1X\02_03-2015_03_10-10_00-K1-1X.jpeg,C:\Users\ASUS\Desktop\Ders\blg521\data\02.03\2015\K1\10X\02_03-2015_03_11-09_00-K1-10X.jpeg,0.9983913739816745,nan,15,0,CONSISTENT,"folder, filename, and visual evidence agree"
C:\Users\ASUS\Desktop\Ders\blg521\data\02.03\2015\K1\1X\02_03-2015_03_13-10_56-K1-1X.jpeg,02.03\2015\K1\1X\02_03-2015_03_13-10_56-K1-1X.jpeg,02.03,2015,K1,2015-03-13 10:56:00,1X,1X,1X,1.0,0.923668,0.0,C:\Users\ASUS\Desktop\Ders\blg521\data\02.03\2015\K1\1X\02_03-2015_03_14-10_00-K1-1X.jpeg,C:\Users\ASUS\Desktop\Ders\blg521\data\02.03\2015\K1\10X\02_03-2015_03_13-10_55-K1-10X.jpeg,1.000754537688483,nan,55,0,CONSISTENT,"folder, filename, and visual evidence agree"
C:\Users\ASUS\Desktop\Ders\blg521\data\02.03\2015\K1\1X\02_03-2015_03_14-10_00-K1-1X.jpeg,02.03\2015\K1\1X\02_03-2015_03_14-10_00-K1-1X.jpeg,02.03,2015,K1,2015-03-14 10:00:00,1X,1X,1X,1.0,0.896983,0.0,C:\Users\ASUS\Desktop\Ders\blg521\data\02.03\2015\K1\1X\02_03-2015_03_13-10_56-K1-1X.jpeg,C:\Users\ASUS\Desktop\Ders\blg521\data\02.03\2015\K1\10X\02_03-2015_03_14-10_00-K1-10X.jpeg,0.9992689302039035,nan,59,0,CONSISTENT,"folder, filename, and visual evidence agree"
C:\Users\ASUS\Desktop\Ders\blg521\data\02.03\2015\K1\1X\02_03-2015_03_16-11_00-K1-1X.jpeg,02.03\2015\K1\1X\02_03-2015_03_16-11_00-K1-1X.jpeg,02.03,2015,K1,2015-03-16 11:00:00,1X,1X,,0.0,0.0,0.0,C:\Users\ASUS\Desktop\Ders\blg521\data\02.03\2015\K1\1X\02_03-2015_03_14-10_00-K1-1X.jpeg,C:\Users\ASUS\Desktop\Ders\blg521\data\02.03\2015\K1\10X\02_03-2015_03_16-11_00-K1-10X.jpeg,nan,nan,0,0,VISUAL_INCONCLUSIVE,insufficient or conflicting registration evidence
C:\Users\ASUS\Desktop\Ders\blg521\data\02.03\2015\K1\1X\02_03-2015_03_19-10_00-K1-1X.jpeg,02.03\2015\K1\1X\02_03-2015_03_19-10_00-K1-1X.jpeg,02.03,2015,K1,2015-03-19 10:00:00,1X,1X,1X,1.0,0.9515,0.0,C:\Users\ASUS\Desktop\Ders\blg521\data\02.03\2015\K1\1X\02_03-2015_03_20-10_07-K1-1X.jpeg,C:\Users\ASUS\Desktop\Ders\blg521\data\02.03\2015\K1\10X\02_03-2015_03_19-10_00-K1-10X.jpeg,1.0008622625699557,nan,46,0,CONSISTENT,"folder, filename, and visual evidence agree"
C:\Users\ASUS\Desktop\Ders\blg521\data\02.03\2015\K1\1X\02_03-2015_03_20-10_07-K1-1X.jpeg,02.03\2015\K1\1X\02_03-2015_03_20-10_07-K1-1X.jpeg,02.03,2015,K1,2015-03-20 10:07:00,1X,1X,1X,1.0,0.90316,0.0,C:\Users\ASUS\Desktop\Ders\blg521\data\02.03\2015\K1\1X\02_03-2015_03_19-10_00-K1-1X.jpeg,C:\Users\ASUS\Desktop\Ders\blg521\data\02.03\2015\K1\10X\02_03-2015_03_20-10_06-K1-10X.jpeg,0.9996112563611413,nan,50,0,CONSISTENT,"folder, filename, and visual evidence agree"
C:\Users\ASUS\Desktop\Ders\blg521\data\02.03\2015\K1\1X\02_03-2015_03_22-10_00-K1-1X.jpeg,02.03\2015\K1\1X\02_03-2015_03_22-10_00-K1-1X.jpeg,02.03,2015,K1,2015-03-22 10:00:00,1X,1X,1X,1.0,0.910132,0.0,C:\Users\ASUS\Desktop\Ders\blg521\data\02.03\2015\K1\1X\02_03-2015_03_23-10_00-K1-1X.jpeg,C:\Users\ASUS\Desktop\Ders\blg521\data\02.03\2015\K1\10X\02_03-2015_03_22-10_00-K1-10X.jpeg,0.9858560554298417,nan,303,0,CONSISTENT,"folder, filename, and visual evidence agree"
C:\Users\ASUS\Desktop\Ders\blg521\data\02.03\2015\K1\1X\02_03-2015_03_23-10_00-K1-1X.jpeg,02.03\2015\K1\1X\02_03-2015_03_23-10_00-K1-1X.jpeg,02.03,2015,K1,2015-03-23 10:00:00,1X,1X,1X,1.0,0.897692,0.0,C:\Users\ASUS\Desktop\Ders\blg521\data\02.03\2015\K1\1X\02_03-2015_03_22-10_00-K1-1X.jpeg,C:\Users\ASUS\Desktop\Ders\blg521\data\02.03\2015\K1\10X\02_03-2015_03_23-10_00-K1-10X.jpeg,1.0145282911472935,nan,310,0,CONSISTENT,"folder, filename, and visual evidence agree"
C:\Users\ASUS\Desktop\Ders\blg521\data\02.03\2015\K1\1X\02_03-2015_03_24-10_00-K1-1X.jpeg,02.03\2015\K1\1X\02_03-2015_03_24-10_00-K1-1X.jpeg,02.03,2015,K1,2015-03-24 10:00:00,1X,1X,1X,1.0,0.793781,0.0,C:\Users\ASUS\Desktop\Ders\blg521\data\02.03\2015\K1\1X\02_03-2015_03_23-10_00-K1-1X.jpeg,C:\Users\ASUS\Desktop\Ders\blg521\data\02.03\2015\K1\10X\02_03-2015_03_23-10_00-K1-10X.jpeg,0.9699179567630235,nan,41,0,CONSISTENT,"folder, filename, and visual evidence agree"
C:\Users\ASUS\Desktop\Ders\blg521\data\02.03\2015\K1\1X\02_03-2015_03_25-10_52-K1-1X.jpeg,02.03\2015\K1\1X\02_03-2015_03_25-10_52-K1-1X.jpeg,02.03,2015,K1,2015-03-25 10:52:00,1X,1X,1X,1.0,0.729461,0.0,C:\Users\ASUS\Desktop\Ders\blg521\data\02.03\2015\K1\1X\02_03-2015_03_26-10_26-K1-1X.jpeg,C:\Users\ASUS\Desktop\Ders\blg521\data\02.03\2015\K1\10X\02_03-2015_03_25-10_51-K1-10X.jpeg,0.999777545215191,nan,37,0,CONSISTENT,"folder, filename, and visual evidence agree"
C:\Users\ASUS\Desktop\Ders\blg521\data\02.03\2015\K1\1X\02_03-2015_03_26-10_26-K1-1X.jpeg,02.03\2015\K1\1X\02_03-2015_03_26-10_26-K1-1X.jpeg,02.03,2015,K1,2015-03-26 10:26:00,1X,1X,1X,1.0,0.889314,0.0,C:\Users\ASUS\Desktop\Ders\blg521\data\02.03\2015\K1\1X\02_03-2015_03_25-10_52-K1-1X.jpeg,C:\Users\ASUS\Desktop\Ders\blg521\data\02.03\2015\K1\10X\02_03-2015_03_26-10_26-K1-10X.jpeg,1.0000219731164217,nan,47,0,CONSISTENT,"folder, filename, and visual evidence agree"
C:\Users\ASUS\Desktop\Ders\blg521\data\02.03\2015\K1\1X\02_03-2015_03_27-10_00-K1-1X.jpeg,02.03\2015\K1\1X\02_03-2015_03_27-10_00-K1-1X.jpeg,02.03,2015,K1,2015-03-27 10:00:00,1X,1X,1X,1.0,0.879124,0.0,C:\Users\ASUS\Desktop\Ders\blg521\data\02.03\2015\K1\1X\02_03-2015_03_28-09_00-K1-1X.jpeg,C:\Users\ASUS\Desktop\Ders\blg521\data\02.03\2015\K1\10X\02_03-2015_03_27-10_00-K1-10X.jpeg,0.9989271304348314,nan,116,0,CONSISTENT,"folder, filename, and visual evidence agree"
C:\Users\ASUS\Desktop\Ders\blg521\data\02.03\2015\K1\1X\02_03-2015_03_28-09_00-K1-1X.jpeg,02.03\2015\K1\1X\02_03-2015_03_28-09_00-K1-1X.jpeg,02.03,2015,K1,2015-03-28 09:00:00,1X,1X,1X,1.0,0.906339,0.0,C:\Users\ASUS\Desktop\Ders\blg521\data\02.03\2015\K1\1X\02_03-2015_03_27-10_00-K1-1X.jpeg,C:\Users\ASUS\Desktop\Ders\blg521\data\02.03\2015\K1\10X\02_03-2015_03_28-09_00-K1-10X.jpeg,1.000691118022189,nan,122,0,CONSISTENT,"folder, filename, and visual evidence agree"
C:\Users\ASUS\Desktop\Ders\blg521\data\02.03\2015\K1\1X\02_03-2015_03_29-10_00-K1-1X.jpeg,02.03\2015\K1\1X\02_03-2015_03_29-10_00-K1-1X.jpeg,02.03,2015,K1,2015-03-29 10:00:00,1X,1X,1X,1.0,0.91373,0.0,C:\Users\ASUS\Desktop\Ders\blg521\data\02.03\2015\K1\1X\02_03-2015_03_30-08_30-K1-1X.jpeg,C:\Users\ASUS\Desktop\Ders\blg521\data\02.03\2015\K1\10X\02_03-2015_03_29-10_00-K1-10X.jpeg,1.0012496970527067,nan,68,0,CONSISTENT,"folder, filename, and visual evidence agree"
C:\Users\ASUS\Desktop\Ders\blg521\data\02.03\2015\K1\1X\02_03-2015_03_30-08_30-K1-1X.jpeg,02.03\2015\K1\1X\02_03-2015_03_30-08_30-K1-1X.jpeg,02.03,2015,K1,2015-03-30 08:30:00,1X,1X,1X,1.0,0.883025,0.0,C:\Users\ASUS\Desktop\Ders\blg521\data\02.03\2015\K1\1X\02_03-2015_03_29-10_00-K1-1X.jpeg,C:\Users\ASUS\Desktop\Ders\blg521\data\02.03\2015\K1\10X\02_03-2015_03_30-08_30-K1-10X.jpeg,0.9987300085297178,nan,82,0,CONSISTENT,"folder, filename, and visual evidence agree"
C:\Users\ASUS\Desktop\Ders\blg521\data\02.03\2015\K1\1X\02_03-2015_04_01-12_00-K1-1X.jpeg,02.03\2015\K1\1X\02_03-2015_04_01-12_00-K1-1X.jpeg,02.03,2015,K1,2015-04-01 12:00:00,1X,1X,1X,1.0,0.871027,0.0,C:\Users\ASUS\Desktop\Ders\blg521\data\02.03\2015\K1\1X\02_03-2015_04_02-10_00-K1-1X.jpeg,C:\Users\ASUS\Desktop\Ders\blg521\data\02.03\2015\K1\10X\02_03-2015_04_01-12_00-K1-10X.jpeg,0.99860811202602,nan,68,0,CONSISTENT,"folder, filename, and visual evidence agree"
C:\Users\ASUS\Desktop\Ders\blg521\data\02.03\2015\K1\1X\02_03-2015_04_02-10_00-K1-1X.jpeg,02.03\2015\K1\1X\02_03-2015_04_02-10_00-K1-1X.jpeg,02.03,2015,K1,2015-04-02 10:00:00,1X,1X,1X,1.0,0.862346,0.0,C:\Users\ASUS\Desktop\Ders\blg521\data\02.03\2015\K1\1X\02_03-2015_04_01-12_00-K1-1X.jpeg,C:\Users\ASUS\Desktop\Ders\blg521\data\02.03\2015\K1\10X\02_03-2015_04_02-10_00-K1-10X.jpeg,1.0010210779957938,nan,72,0,CONSISTENT,"folder, filename, and visual evidence agree"
C:\Users\ASUS\Desktop\Ders\blg521\data\02.03\2015\K1\1X\02_03-2015_04_03-10_00-K1-1X.jpeg,02.03\2015\K1\1X\02_03-2015_04_03-10_00-K1-1X.jpeg,02.03,2015,K1,2015-04-03 10:00:00,1X,1X,1X,1.0,0.798405,0.0,C:\Users\ASUS\Desktop\Ders\blg521\data\02.03\2015\K1\1X\02_03-2015_04_02-10_00-K1-1X.jpeg,C:\Users\ASUS\Desktop\Ders\blg521\data\02.03\2015\K1\10X\02_03-2015_04_02-10_00-K1-10X.jpeg,0.9310975067306893,nan,217,0,CONSISTENT,"folder, filename, and visual evidence agree"
C:\Users\ASUS\Desktop\Ders\blg521\data\02.03\2015\K1\1X\02_03-2015_04_04-10_00-K1-1X.jpeg,02.03\2015\K1\1X\02_03-2015_04_04-10_00-K1-1X.jpeg,02.03,2015,K1,2015-04-04 10:00:00,1X,1X,1X,1.0,0.897718,0.0,C:\Users\ASUS\Desktop\Ders\blg521\data\02.03\2015\K1\1X\02_03-2015_04_05-09_00-K1-1X.jpeg,C:\Users\ASUS\Desktop\Ders\blg521\data\02.03\2015\K1\10X\02_03-2015_04_04-10_00-K1-10X.jpeg,1.0053563775957943,nan,116,0,CONSISTENT,"folder, filename, and visual evidence agree"
C:\Users\ASUS\Desktop\Ders\blg521\data\02.03\2015\K1\1X\02_03-2015_04_05-09_00-K1-1X.jpeg,02.03\2015\K1\1X\02_03-2015_04_05-09_00-K1-1X.jpeg,02.03,2015,K1,2015-04-05 09:00:00,1X,1X,1X,1.0,0.90214,0.0,C:\Users\ASUS\Desktop\Ders\blg521\data\02.03\2015\K1\1X\02_03-2015_04_04-10_00-K1-1X.jpeg,C:\Users\ASUS\Desktop\Ders\blg521\data\02.03\2015\K1\10X\02_03-2015_04_05-09_00-K1-10X.jpeg,0.9942400277468236,nan,133,0,CONSISTENT,"folder, filename, and visual evidence agree"
C:\Users\ASUS\Desktop\Ders\blg521\data\02.03\2015\K1\1X\02_03-2015_04_06-10_00-K1-1X.jpeg,02.03\2015\K1\1X\02_03-2015_04_06-10_00-K1-1X.jpeg,02.03,2015,K1,2015-04-06 10:00:00,1X,1X,1X,1.0,0.945071,0.0,C:\Users\ASUS\Desktop\Ders\blg521\data\02.03\2015\K1\1X\02_03-2015_04_07-10_00-K1-1X.jpeg,C:\Users\ASUS\Desktop\Ders\blg521\data\02.03\2015\K1\10X\02_03-2015_04_06-10_00-K1-10X.jpeg,1.0000372086974803,nan,320,0,CONSISTENT,"folder, filename, and visual evidence agree"
C:\Users\ASUS\Desktop\Ders\blg521\data\02.03\2015\K1\1X\02_03-2015_04_07-10_00-K1-1X.jpeg,02.03\2015\K1\1X\02_03-2015_04_07-10_00-K1-1X.jpeg,02.03,2015,K1,2015-04-07 10:00:00,1X,1X,1X,1.0,0.938876,0.0,C:\Users\ASUS\Desktop\Ders\blg521\data\02.03\2015\K1\1X\02_03-2015_04_06-10_00-K1-1X.jpeg,C:\Users\ASUS\Desktop\Ders\blg521\data\02.03\2015\K1\10X\02_03-2015_04_07-10_00-K1-10X.jpeg,0.9999963233022877,nan,325,0,CONSISTENT,"folder, filename, and visual evidence agree"
C:\Users\ASUS\Desktop\Ders\blg521\data\02.03\2015\K1\1X\02_03-2015_04_08-10_00-K1-1X.jpeg,02.03\2015\K1\1X\02_03-2015_04_08-10_00-K1-1X.jpeg,02.03,2015,K1,2015-04-08 10:00:00,1X,1X,1X,1.0,0.935697,0.0,C:\Users\ASUS\Desktop\Ders\blg521\data\02.03\2015\K1\1X\02_03-2015_04_07-10_00-K1-1X.jpeg,C:\Users\ASUS\Desktop\Ders\blg521\data\02.03\2015\K1\10X\02_03-2015_04_08-10_00-K1-10X.jpeg,1.0009997611265748,nan,249,0,CONSISTENT,"folder, filename, and visual evidence agree"
C:\Users\ASUS\Desktop\Ders\blg521\data\02.03\2015\K1\1X\02_03-2015_04_09-10_00-K1-1X.jpeg,02.03\2015\K1\1X\02_03-2015_04_09-10_00-K1-1X.jpeg,02.03,2015,K1,2015-04-09 10:00:00,1X,1X,1X,1.0,0.842144,0.0,C:\Users\ASUS\Desktop\Ders\blg521\data\02.03\2015\K1\1X\02_03-2015_04_08-10_00-K1-1X.jpeg,C:\Users\ASUS\Desktop\Ders\blg521\data\02.03\2015\K1\10X\02_03-2015_04_09-10_00-K1-10X.jpeg,0.9991591855046685,nan,47,0,CONSISTENT,"folder, filename, and visual evidence agree"
C:\Users\ASUS\Desktop\Ders\blg521\data\02.03\2015\K1\1X\02_03-2015_04_10-10_00-K1-1X.jpeg,02.03\2015\K1\1X\02_03-2015_04_10-10_00-K1-1X.jpeg,02.03,2015,K1,2015-04-10 10:00:00,1X,1X,1X,1.0,0.794256,0.0,C:\Users\ASUS\Desktop\Ders\blg521\data\02.03\2015\K1\1X\02_03-2015_04_09-10_00-K1-1X.jpeg,C:\Users\ASUS\Desktop\Ders\blg521\data\02.03\2015\K1\10X\02_03-2015_04_10-10_00-K1-10X.jpeg,1.0006985593721558,nan,36,0,CONSISTENT,"folder, filename, and visual evidence agree"
C:\Users\ASUS\Desktop\Ders\blg521\data\02.03\2015\K1\1X\02_03-2015_04_11-11_49-K1-1X.jpeg,02.03\2015\K1\1X\02_03-2015_04_11-11_49-K1-1X.jpeg,02.03,2015,K1,2015-04-11 11:49:00,1X,1X,1X,1.0,0.855899,0.0,C:\Users\ASUS\Desktop\Ders\blg521\data\02.03\2015\K1\1X\02_03-2015_04_12-10_00-K1-1X.jpeg,C:\Users\ASUS\Desktop\Ders\blg521\data\02.03\2015\K1\10X\02_03-2015_04_12-10_00-K1-10X.jpeg,0.9589711037656864,nan,220,0,CONSISTENT,"folder, filename, and visual evidence agree"
C:\Users\ASUS\Desktop\Ders\blg521\data\02.03\2015\K1\1X\02_03-2015_04_12-10_00-K1-1X.jpeg,02.03\2015\K1\1X\02_03-2015_04_12-10_00-K1-1X.jpeg,02.03,2015,K1,2015-04-12 10:00:00,1X,1X,1X,1.0,0.85057,0.0,C:\Users\ASUS\Desktop\Ders\blg521\data\02.03\2015\K1\1X\02_03-2015_04_11-11_49-K1-1X.jpeg,C:\Users\ASUS\Desktop\Ders\blg521\data\02.03\2015\K1\10X\02_03-2015_04_12-10_00-K1-10X.jpeg,1.0430529640850075,nan,216,0,CONSISTENT,"folder, filename, and visual evidence agree"
C:\Users\ASUS\Desktop\Ders\blg521\data\02.03\2015\K1\1X\02_03-2015_04_13-10_00-K1-1X.jpeg,02.03\2015\K1\1X\02_03-2015_04_13-10_00-K1-1X.jpeg,02.03,2015,K1,2015-04-13 10:00:00,1X,1X,1X,1.0,0.871944,0.0,C:\Users\ASUS\Desktop\Ders\blg521\data\02.03\2015\K1\1X\02_03-2015_04_12-10_00-K1-1X.jpeg,C:\Users\ASUS\Desktop\Ders\blg521\data\02.03\2015\K1\10X\02_03-2015_04_13-10_00-K1-10X.jpeg,0.9802332165861147,nan,49,0,CONSISTENT,"folder, filename, and visual evidence agree"
C:\Users\ASUS\Desktop\Ders\blg521\data\02.03\2015\K1\1X\02_03-2015_04_16-10_00-K1-1X.jpeg,02.03\2015\K1\1X\02_03-2015_04_16-10_00-K1-1X.jpeg,02.03,2015,K1,2015-04-16 10:00:00,1X,1X,1X,1.0,0.950675,0.0,C:\Users\ASUS\Desktop\Ders\blg521\data\02.03\2015\K1\1X\02_03-2015_04_17-10_00-K1-1X.jpeg,C:\Users\ASUS\Desktop\Ders\blg521\data\02.03\2015\K1\10X\02_03-2015_04_16-10_00-K1-10X.jpeg,1.000237819084023,nan,332,0,CONSISTENT,"folder, filename, and visual evidence agree"
C:\Users\ASUS\Desktop\Ders\blg521\data\02.03\2015\K1\1X\02_03-2015_04_17-10_00-K1-1X.jpeg,02.03\2015\K1\1X\02_03-2015_04_17-10_00-K1-1X.jpeg,02.03,2015,K1,2015-04-17 10:00:00,1X,1X,1X,1.0,0.958452,0.0,C:\Users\ASUS\Desktop\Ders\blg521\data\02.03\2015\K1\1X\02_03-2015_04_16-10_00-K1-1X.jpeg,C:\Users\ASUS\Desktop\Ders\blg521\data\02.03\2015\K1\10X\02_03-2015_04_17-10_00-K1-10X.jpeg,0.9999412464091423,nan,327,0,CONSISTENT,"folder, filename, and visual evidence agree"
C:\Users\ASUS\Desktop\Ders\blg521\data\02.03\2015\K1\1X\02_03-2015_04_18-10_00-K1-1X.jpeg,02.03\2015\K1\1X\02_03-2015_04_18-10_00-K1-1X.jpeg,02.03,2015,K1,2015-04-18 10:00:00,1X,1X,1X,1.0,0.909874,0.0,C:\Users\ASUS\Desktop\Ders\blg521\data\02.03\2015\K1\1X\02_03-2015_04_17-10_00-K1-1X.jpeg,C:\Users\ASUS\Desktop\Ders\blg521\data\02.03\2015\K1\10X\02_03-2015_04_18-10_00-K1-10X.jpeg,0.9794970271377476,nan,264,0,CONSISTENT,"folder, filename, and visual evidence agree"
C:\Users\ASUS\Desktop\Ders\blg521\data\02.03\2015\K1\1X\02_03-2015_04_22-10_00-K1-1X.jpeg,02.03\2015\K1\1X\02_03-2015_04_22-10_00-K1-1X.jpeg,02.03,2015,K1,2015-04-22 10:00:00,1X,1X,1X,1.0,0.868038,0.0,C:\Users\ASUS\Desktop\Ders\blg521\data\02.03\2015\K1\1X\02_03-2015_04_23-10_00-K1-1X.jpeg,C:\Users\ASUS\Desktop\Ders\blg521\data\02.03\2015\K1\10X\02_03-2015_04_22-10_00-K1-10X.jpeg,1.0372653790353539,nan,149,0,CONSISTENT,"folder, filename, and visual evidence agree"
C:\Users\ASUS\Desktop\Ders\blg521\data\02.03\2015\K1\1X\02_03-2015_04_23-10_00-K1-1X.jpeg,02.03\2015\K1\1X\02_03-2015_04_23-10_00-K1-1X.jpeg,02.03,2015,K1,2015-04-23 10:00:00,1X,1X,1X,1.0,0.866106,0.0,C:\Users\ASUS\Desktop\Ders\blg521\data\02.03\2015\K1\1X\02_03-2015_04_22-10_00-K1-1X.jpeg,C:\Users\ASUS\Desktop\Ders\blg521\data\02.03\2015\K1\10X\02_03-2015_04_22-10_00-K1-10X.jpeg,0.9640148269125968,nan,135,0,CONSISTENT,"folder, filename, and visual evidence agree"
C:\Users\ASUS\Desktop\Ders\blg521\data\02.03\2015\K1\1X\02_03-2015_04_24-10_00-K1-1X.jpeg,02.03\2015\K1\1X\02_03-2015_04_24-10_00-K1-1X.jpeg,02.03,2015,K1,2015-04-24 10:00:00,1X,1X,1X,1.0,0.798541,0.0,C:\Users\ASUS\Desktop\Ders\blg521\data\02.03\2015\K1\1X\02_03-2015_04_23-10_00-K1-1X.jpeg,C:\Users\ASUS\Desktop\Ders\blg521\data\02.03\2015\K1\10X\02_03-2015_04_24-10_00-K1-10X.jpeg,1.0372684879057594,nan,42,0,CONSISTENT,"folder, filename, and visual evidence agree"
C:\Users\ASUS\Desktop\Ders\blg521\data\02.03\2015\K1\1X\02_03-2015_04_25-11_32-K1-1X.jpeg,02.03\2015\K1\1X\02_03-2015_04_25-11_32-K1-1X.jpeg,02.03,2015,K1,2015-04-25 11:32:00,1X,1X,1X,1.0,0.929342,0.0,C:\Users\ASUS\Desktop\Ders\blg521\data\02.03\2015\K1\1X\02_03-2015_04_26-11_30-K1-1X.jpeg,C:\Users\ASUS\Desktop\Ders\blg521\data\02.03\2015\K1\10X\02_03-2015_04_25-11_32-K1-10X.jpeg,0.9990714934703373,nan,160,0,CONSISTENT,"folder, filename, and visual evidence agree"
C:\Users\ASUS\Desktop\Ders\blg521\data\02.03\2015\K1\1X\02_03-2015_04_26-11_30-K1-1X.jpeg,02.03\2015\K1\1X\02_03-2015_04_26-11_30-K1-1X.jpeg,02.03,2015,K1,2015-04-26 11:30:00,1X,1X,1X,1.0,0.85257,0.0,C:\Users\ASUS\Desktop\Ders\blg521\data\02.03\2015\K1\1X\02_03-2015_04_27-11_07-K1-1X.jpeg,C:\Users\ASUS\Desktop\Ders\blg521\data\02.03\2015\K1\10X\02_03-2015_04_26-11_30-K1-10X.jpeg,1.0020987504127667,nan,60,0,CONSISTENT,"folder, filename, and visual evidence agree"
C:\Users\ASUS\Desktop\Ders\blg521\data\02.03\2015\K1\1X\02_03-2015_04_27-11_07-K1-1X.jpeg,02.03\2015\K1\1X\02_03-2015_04_27-11_07-K1-1X.jpeg,02.03,2015,K1,2015-04-27 11:07:00,1X,1X,1X,1.0,0.836394,0.0,C:\Users\ASUS\Desktop\Ders\blg521\data\02.03\2015\K1\1X\02_03-2015_04_28-10_00-K1-1X.jpeg,C:\Users\ASUS\Desktop\Ders\blg521\data\02.03\2015\K1\10X\02_03-2015_04_27-11_07-K1-10X.jpeg,1.0431475878639183,nan,85,0,CONSISTENT,"folder, filename, and visual evidence agree"
C:\Users\ASUS\Desktop\Ders\blg521\data\02.03\2015\K1\1X\02_03-2015_04_28-10_00-K1-1X.jpeg,02.03\2015\K1\1X\02_03-2015_04_28-10_00-K1-1X.jpeg,02.03,2015,K1,2015-04-28 10:00:00,1X,1X,1X,1.0,0.831356,0.0,C:\Users\ASUS\Desktop\Ders\blg521\data\02.03\2015\K1\1X\02_03-2015_04_27-11_07-K1-1X.jpeg,C:\Users\ASUS\Desktop\Ders\blg521\data\02.03\2015\K1\10X\02_03-2015_04_28-10_00-K1-10X.jpeg,0.9583513299551117,nan,88,0,CONSISTENT,"folder, filename, and visual evidence agree"
C:\Users\ASUS\Desktop\Ders\blg521\data\02.03\2015\K1\1X\02_03-2015_04_29-10_13-K1-1X.jpeg,02.03\2015\K1\1X\02_03-2015_04_29-10_13-K1-1X.jpeg,02.03,2015,K1,2015-04-29 10:13:00,1X,1X,1X,1.0,0.919109,0.0,C:\Users\ASUS\Desktop\Ders\blg521\data\02.03\2015\K1\1X\02_03-2015_04_30-08_30-K1-1X.jpeg,C:\Users\ASUS\Desktop\Ders\blg521\data\02.03\2015\K1\10X\02_03-2015_04_29-10_12-K1-10X.jpeg,0.9981407307448801,nan,54,0,CONSISTENT,"folder, filename, and visual evidence agree"
C:\Users\ASUS\Desktop\Ders\blg521\data\02.03\2015\K1\1X\02_03-2015_04_30-08_30-K1-1X.jpeg,02.03\2015\K1\1X\02_03-2015_04_30-08_30-K1-1X.jpeg,02.03,2015,K1,2015-04-30 08:30:00,1X,1X,1X,1.0,0.900333,0.0,C:\Users\ASUS\Desktop\Ders\blg521\data\02.03\2015\K1\1X\02_03-2015_04_29-10_13-K1-1X.jpeg,C:\Users\ASUS\Desktop\Ders\blg521\data\02.03\2015\K1\10X\02_03-2015_04_30-08_30-K1-10X.jpeg,1.0014996971830312,nan,63,0,CONSISTENT,"folder, filename, and visual evidence agree"
C:\Users\ASUS\Desktop\Ders\blg521\data\02.03\2015\K1\1X\02_03-2015_05_02-10_00-K1-1X.jpeg,02.03\2015\K1\1X\02_03-2015_05_02-10_00-K1-1X.jpeg,02.03,2015,K1,2015-05-02 10:00:00,1X,1X,1X,1.0,0.197261,0.0,C:\Users\ASUS\Desktop\Ders\blg521\data\02.03\2015\K1\1X\02_03-2015_04_30-08_30-K1-1X.jpeg,C:\Users\ASUS\Desktop\Ders\blg521\data\02.03\2015\K1\10X\02_03-2015_05_02-10_00-K1-10X.jpeg,0.9974283957163169,nan,10,0,CONSISTENT,"folder, filename, and visual evidence agree"
C:\Users\ASUS\Desktop\Ders\blg521\data\02.03\2015\K1\1X\02_03-2015_05_05-10_55-K1-1X.jpeg,02.03\2015\K1\1X\02_03-2015_05_05-10_55-K1-1X.jpeg,02.03,2015,K1,2015-05-05 10:55:00,1X,1X,1X,1.0,0.671713,0.0,C:\Users\ASUS\Desktop\Ders\blg521\data\02.03\2015\K1\1X\02_03-2015_05_06-10_00-K1-1X.jpeg,C:\Users\ASUS\Desktop\Ders\blg521\data\02.03\2015\K1\10X\02_03-2015_05_05-10_55-K1-10X.jpeg,0.9996095981465163,nan,28,0,CONSISTENT,"folder, filename, and visual evidence agree"
C:\Users\ASUS\Desktop\Ders\blg521\data\02.03\2015\K1\1X\02_03-2015_05_06-10_00-K1-1X.jpeg,02.03\2015\K1\1X\02_03-2015_05_06-10_00-K1-1X.jpeg,02.03,2015,K1,2015-05-06 10:00:00,1X,1X,1X,1.0,0.669816,0.0,C:\Users\ASUS\Desktop\Ders\blg521\data\02.03\2015\K1\1X\02_03-2015_05_05-10_55-K1-1X.jpeg,C:\Users\ASUS\Desktop\Ders\blg521\data\02.03\2015\K1\10X\02_03-2015_05_06-10_00-K1-10X.jpeg,1.000032210295209,nan,30,0,CONSISTENT,"folder, filename, and visual evidence agree"
C:\Users\ASUS\Desktop\Ders\blg521\data\02.03\2015\K1\1X\02_03-2015_05_07-10_00-K1-1X.jpeg,02.03\2015\K1\1X\02_03-2015_05_07-10_00-K1-1X.jpeg,02.03,2015,K1,2015-05-07 10:00:00,1X,1X,1X,1.0,0.853889,0.0,C:\Users\ASUS\Desktop\Ders\blg521\data\02.03\2015\K1\1X\02_03-2015_05_06-10_00-K1-1X.jpeg,C:\Users\ASUS\Desktop\Ders\blg521\data\02.03\2015\K1\10X\02_03-2015_05_06-10_00-K1-10X.jpeg,0.9659101942915275,nan,53,0,CONSISTENT,"folder, filename, and visual evidence agree"
C:\Users\ASUS\Desktop\Ders\blg521\data\02.03\2015\K1\1X\02_03-2015_05_08-10_00-K1-1X.jpeg,02.03\2015\K1\1X\02_03-2015_05_08-10_00-K1-1X.jpeg,02.03,2015,K1,2015-05-08 10:00:00,1X,1X,1X,1.0,0.943123,0.0,C:\Users\ASUS\Desktop\Ders\blg521\data\02.03\2015\K1\1X\02_03-2015_05_07-10_00-K1-1X.jpeg,C:\Users\ASUS\Desktop\Ders\blg521\data\02.03\2015\K1\10X\02_03-2015_05_09-10_00-K1-10X.jpeg,0.9919817830297987,nan,116,0,CONSISTENT,"folder, filename, and visual evidence agree"
C:\Users\ASUS\Desktop\Ders\blg521\data\02.03\2015\K1\1X\02_03-2015_05_09-10_00-K1-1X.jpeg,02.03\2015\K1\1X\02_03-2015_05_09-10_00-K1-1X.jpeg,02.03,2015,K1,2015-05-09 10:00:00,1X,1X,,0.0,0.0,0.0,C:\Users\ASUS\Desktop\Ders\blg521\data\02.03\2015\K1\1X\02_03-2015_05_08-10_00-K1-1X.jpeg,C:\Users\ASUS\Desktop\Ders\blg521\data\02.03\2015\K1\10X\02_03-2015_05_09-10_00-K1-10X.jpeg,nan,nan,0,0,VISUAL_INCONCLUSIVE,insufficient or conflicting registration evidence
C:\Users\ASUS\Desktop\Ders\blg521\data\02.03\2015\K1\1X\02_03-2015_05_11-10_00-K1-1X.jpeg,02.03\2015\K1\1X\02_03-2015_05_11-10_00-K1-1X.jpeg,02.03,2015,K1,2015-05-11 10:00:00,1X,1X,1X,1.0,0.914124,0.0,C:\Users\ASUS\Desktop\Ders\blg521\data\02.03\2015\K1\1X\02_03-2015_05_12-10_21-K1-1X.jpeg,C:\Users\ASUS\Desktop\Ders\blg521\data\02.03\2015\K1\10X\02_03-2015_05_11-10_00-K1-10X.jpeg,1.0007841124034156,nan,54,0,CONSISTENT,"folder, filename, and visual evidence agree"
C:\Users\ASUS\Desktop\Ders\blg521\data\02.03\2015\K1\1X\02_03-2015_05_12-10_21-K1-1X.jpeg,02.03\2015\K1\1X\02_03-2015_05_12-10_21-K1-1X.jpeg,02.03,2015,K1,2015-05-12 10:21:00,1X,1X,1X,1.0,0.953784,0.0,C:\Users\ASUS\Desktop\Ders\blg521\data\02.03\2015\K1\1X\02_03-2015_05_13-10_00-K1-1X.jpeg,C:\Users\ASUS\Desktop\Ders\blg521\data\02.03\2015\K1\10X\02_03-2015_05_12-10_21-K1-10X.jpeg,0.9993893008938449,nan,149,0,CONSISTENT,"folder, filename, and visual evidence agree"
C:\Users\ASUS\Desktop\Ders\blg521\data\02.03\2015\K1\1X\02_03-2015_05_13-10_00-K1-1X.jpeg,02.03\2015\K1\1X\02_03-2015_05_13-10_00-K1-1X.jpeg,02.03,2015,K1,2015-05-13 10:00:00,1X,1X,1X,1.0,0.758717,0.0,C:\Users\ASUS\Desktop\Ders\blg521\data\02.03\2015\K1\1X\02_03-2015_05_14-08_00-K1-1X.jpeg,C:\Users\ASUS\Desktop\Ders\blg521\data\02.03\2015\K1\10X\02_03-2015_05_13-10_00-K1-10X.jpeg,1.0006787926292622,nan,32,0,CONSISTENT,"folder, filename, and visual evidence agree"
C:\Users\ASUS\Desktop\Ders\blg521\data\02.03\2015\K1\1X\02_03-2015_05_14-08_00-K1-1X.jpeg,02.03\2015\K1\1X\02_03-2015_05_14-08_00-K1-1X.jpeg,02.03,2015,K1,2015-05-14 08:00:00,1X,1X,1X,1.0,0.878407,0.0,C:\Users\ASUS\Desktop\Ders\blg521\data\02.03\2015\K1\1X\02_03-2015_05_13-10_00-K1-1X.jpeg,C:\Users\ASUS\Desktop\Ders\blg521\data\02.03\2015\K1\10X\02_03-2015_05_13-10_00-K1-10X.jpeg,0.9997909125717572,nan,40,0,CONSISTENT,"folder, filename, and visual evidence agree"
C:\Users\ASUS\Desktop\Ders\blg521\data\02.03\2015\K1\1X\02_03-2015_05_15-08_30-K1-1X.jpeg,02.03\2015\K1\1X\02_03-2015_05_15-08_30-K1-1X.jpeg,02.03,2015,K1,2015-05-15 08:30:00,1X,1X,1X,1.0,0.94696,0.0,C:\Users\ASUS\Desktop\Ders\blg521\data\02.03\2015\K1\1X\02_03-2015_05_14-08_00-K1-1X.jpeg,C:\Users\ASUS\Desktop\Ders\blg521\data\02.03\2015\K1\10X\02_03-2015_05_15-08_30-K1-10X.jpeg,1.000554620065803,nan,424,0,CONSISTENT,"folder, filename, and visual evidence agree"
C:\Users\ASUS\Desktop\Ders\blg521\data\02.03\2015\K1\1X\02_03-2015_05_16-10_00-K1-1X.jpeg,02.03\2015\K1\1X\02_03-2015_05_16-10_00-K1-1X.jpeg,02.03,2015,K1,2015-05-16 10:00:00,1X,1X,1X,1.0,0.94355,0.0,C:\Users\ASUS\Desktop\Ders\blg521\data\02.03\2015\K1\1X\02_03-2015_05_17-08_29-K1-1X.jpeg,C:\Users\ASUS\Desktop\Ders\blg521\data\02.03\2015\K1\10X\02_03-2015_05_16-10_00-K1-10X.jpeg,0.9995746201823745,nan,195,0,CONSISTENT,"folder, filename, and visual evidence agree"
C:\Users\ASUS\Desktop\Ders\blg521\data\02.03\2015\K1\1X\02_03-2015_05_17-08_29-K1-1X.jpeg,02.03\2015\K1\1X\02_03-2015_05_17-08_29-K1-1X.jpeg,02.03,2015,K1,2015-05-17 08:29:00,1X,1X,1X,1.0,0.948384,0.0,C:\Users\ASUS\Desktop\Ders\blg521\data\02.03\2015\K1\1X\02_03-2015_05_16-10_00-K1-1X.jpeg,C:\Users\ASUS\Desktop\Ders\blg521\data\02.03\2015\K1\10X\02_03-2015_05_17-08_30-K1-10X.jpeg,1.000292020835156,nan,200,0,CONSISTENT,"folder, filename, and visual evidence agree"
C:\Users\ASUS\Desktop\Ders\blg521\data\02.03\2015\K1\1X\02_03-2015_05_19-08_00-K1-1X.jpeg,02.03\2015\K1\1X\02_03-2015_05_19-08_00-K1-1X.jpeg,02.03,2015,K1,2015-05-19 08:00:00,1X,1X,1X,1.0,0.886533,0.0,C:\Users\ASUS\Desktop\Ders\blg521\data\02.03\2015\K1\1X\02_03-2015_05_20-08_30-K1-1X.jpeg,C:\Users\ASUS\Desktop\Ders\blg521\data\02.03\2015\K1\10X\02_03-2015_05_20-08_30-K1-10X.jpeg,0.964915783707635,nan,602,0,CONSISTENT,"folder, filename, and visual evidence agree"
C:\Users\ASUS\Desktop\Ders\blg521\data\02.03\2015\K1\1X\02_03-2015_05_20-08_30-K1-1X.jpeg,02.03\2015\K1\1X\02_03-2015_05_20-08_30-K1-1X.jpeg,02.03,2015,K1,2015-05-20 08:30:00,1X,1X,1X,1.0,0.88472,0.0,C:\Users\ASUS\Desktop\Ders\blg521\data\02.03\2015\K1\1X\02_03-2015_05_19-08_00-K1-1X.jpeg,C:\Users\ASUS\Desktop\Ders\blg521\data\02.03\2015\K1\10X\02_03-2015_05_20-08_30-K1-10X.jpeg,1.0363468615753708,nan,609,0,CONSISTENT,"folder, filename, and visual evidence agree"
C:\Users\ASUS\Desktop\Ders\blg521\data\02.03\2015\K1\1X\02_03-2015_05_21-09_00-K1-1X.jpeg,02.03\2015\K1\1X\02_03-2015_05_21-09_00-K1-1X.jpeg,02.03,2015,K1,2015-05-21 09:00:00,1X,1X,1X,1.0,0.896941,0.0,C:\Users\ASUS\Desktop\Ders\blg521\data\02.03\2015\K1\1X\02_03-2015_05_20-08_30-K1-1X.jpeg,C:\Users\ASUS\Desktop\Ders\blg521\data\02.03\2015\K1\10X\02_03-2015_05_21-09_00-K1-10X.jpeg,0.970038890384569,nan,579,0,CONSISTENT,"folder, filename, and visual evidence agree"
C:\Users\ASUS\Desktop\Ders\blg521\data\02.03\2015\K1\1X\02_03-2015_05_22-10_00-K1-1X.jpeg,02.03\2015\K1\1X\02_03-2015_05_22-10_00-K1-1X.jpeg,02.03,2015,K1,2015-05-22 10:00:00,1X,1X,1X,1.0,0.915465,0.0,C:\Users\ASUS\Desktop\Ders\blg521\data\02.03\2015\K1\1X\02_03-2015_05_23-10_28-K1-1X.jpeg,C:\Users\ASUS\Desktop\Ders\blg521\data\02.03\2015\K1\10X\02_03-2015_05_22-10_00-K1-10X.jpeg,0.9929292319397023,nan,186,0,CONSISTENT,"folder, filename, and visual evidence agree"
C:\Users\ASUS\Desktop\Ders\blg521\data\02.03\2015\K1\1X\02_03-2015_05_23-10_28-K1-1X.jpeg,02.03\2015\K1\1X\02_03-2015_05_23-10_28-K1-1X.jpeg,02.03,2015,K1,2015-05-23 10:28:00,1X,1X,1X,0.998431,0.897208,0.00141,C:\Users\ASUS\Desktop\Ders\blg521\data\02.03\2015\K1\1X\02_03-2015_05_22-10_00-K1-1X.jpeg,C:\Users\ASUS\Desktop\Ders\blg521\data\02.03\2015\K1\10X\02_03-2015_05_23-10_28-K1-10X.jpeg,1.0068934671889778,9.45723724038104,196,10,CONSISTENT,"folder, filename, and visual evidence agree"
C:\Users\ASUS\Desktop\Ders\blg521\data\02.03\2015\K1\1X\02_03-2015_05_26-09_00-K1-1X.jpeg,02.03\2015\K1\1X\02_03-2015_05_26-09_00-K1-1X.jpeg,02.03,2015,K1,2015-05-26 09:00:00,1X,1X,1X,1.0,0.93683,0.0,C:\Users\ASUS\Desktop\Ders\blg521\data\02.03\2015\K1\1X\02_03-2015_05_27-10_00-K1-1X.jpeg,C:\Users\ASUS\Desktop\Ders\blg521\data\02.03\2015\K1\10X\02_03-2015_05_26-09_00-K1-10X.jpeg,1.000404870736375,9.546141208354314,263,7,CONSISTENT,"folder, filename, and visual evidence agree"
C:\Users\ASUS\Desktop\Ders\blg521\data\02.03\2015\K1\1X\02_03-2015_05_27-10_00-K1-1X.jpeg,02.03\2015\K1\1X\02_03-2015_05_27-10_00-K1-1X.jpeg,02.03,2015,K1,2015-05-27 10:00:00,1X,1X,1X,1.0,0.935373,0.0,C:\Users\ASUS\Desktop\Ders\blg521\data\02.03\2015\K1\1X\02_03-2015_05_28-09_00-K1-1X.jpeg,C:\Users\ASUS\Desktop\Ders\blg521\data\02.03\2015\K1\10X\02_03-2015_05_27-10_00-K1-10X.jpeg,0.9994876675322375,nan,219,0,CONSISTENT,"folder, filename, and visual evidence agree"
C:\Users\ASUS\Desktop\Ders\blg521\data\02.03\2015\K1\1X\02_03-2015_05_28-09_00-K1-1X.jpeg,02.03\2015\K1\1X\02_03-2015_05_28-09_00-K1-1X.jpeg,02.03,2015,K1,2015-05-28 09:00:00,1X,1X,1X,0.999055,0.928275,0.000878,C:\Users\ASUS\Desktop\Ders\blg521\data\02.03\2015\K1\1X\02_03-2015_05_27-10_00-K1-1X.jpeg,C:\Users\ASUS\Desktop\Ders\blg521\data\02.03\2015\K1\10X\02_03-2015_05_28-09_00-K1-10X.jpeg,1.000499452903105,9.610417848362657,235,9,CONSISTENT,"folder, filename, and visual evidence agree"
C:\Users\ASUS\Desktop\Ders\blg521\data\02.03\2015\K1\1X\02_03-2015_05_31-10_25-K1-1X.jpeg,02.03\2015\K1\1X\02_03-2015_05_31-10_25-K1-1X.jpeg,02.03,2015,K1,2015-05-31 10:25:00,1X,1X,1X,1.0,0.650542,0.0,C:\Users\ASUS\Desktop\Ders\blg521\data\02.03\2015\K1\1X\02_03-2015_06_02-10_00-K1-1X.jpeg,C:\Users\ASUS\Desktop\Ders\blg521\data\02.03\2015\K1\10X\02_03-2015_06_01-11_30-K1-10X.jpeg,0.9802962102964881,nan,33,0,CONSISTENT,"folder, filename, and visual evidence agree"
C:\Users\ASUS\Desktop\Ders\blg521\data\02.03\2015\K1\1X\02_03-2015_06_02-10_00-K1-1X.jpeg,02.03\2015\K1\1X\02_03-2015_06_02-10_00-K1-1X.jpeg,02.03,2015,K1,2015-06-02 10:00:00,1X,1X,1X,1.0,0.89733,0.0,C:\Users\ASUS\Desktop\Ders\blg521\data\02.03\2015\K1\1X\02_03-2015_06_03-10_29-K1-1X.jpeg,C:\Users\ASUS\Desktop\Ders\blg521\data\02.03\2015\K1\10X\02_03-2015_06_02-10_00-K1-10X.jpeg,1.0013404323286808,nan,48,0,CONSISTENT,"folder, filename, and visual evidence agree"
C:\Users\ASUS\Desktop\Ders\blg521\data\02.03\2015\K1\1X\02_03-2015_06_03-10_29-K1-1X.jpeg,02.03\2015\K1\1X\02_03-2015_06_03-10_29-K1-1X.jpeg,02.03,2015,K1,2015-06-03 10:29:00,1X,1X,1X,1.0,0.914767,0.0,C:\Users\ASUS\Desktop\Ders\blg521\data\02.03\2015\K1\1X\02_03-2015_06_04-10_00-K1-1X.jpeg,C:\Users\ASUS\Desktop\Ders\blg521\data\02.03\2015\K1\10X\02_03-2015_06_03-10_30-K1-10X.jpeg,1.0087005212052182,nan,173,0,CONSISTENT,"folder, filename, and visual evidence agree"
C:\Users\ASUS\Desktop\Ders\blg521\data\02.03\2015\K1\1X\02_03-2015_06_04-10_00-K1-1X.jpeg,02.03\2015\K1\1X\02_03-2015_06_04-10_00-K1-1X.jpeg,02.03,2015,K1,2015-06-04 10:00:00,1X,1X,1X,1.0,0.941853,0.0,C:\Users\ASUS\Desktop\Ders\blg521\data\02.03\2015\K1\1X\02_03-2015_06_03-10_29-K1-1X.jpeg,C:\Users\ASUS\Desktop\Ders\blg521\data\02.03\2015\K1\10X\02_03-2015_06_04-10_00-K1-10X.jpeg,0.9915678146020651,nan,183,0,CONSISTENT,"folder, filename, and visual evidence agree"
C:\Users\ASUS\Desktop\Ders\blg521\data\02.03\2015\K1\1X\02_03-2015_06_05-10_30-K1-1X.jpeg,02.03\2015\K1\1X\02_03-2015_06_05-10_30-K1-1X.jpeg,02.03,2015,K1,2015-06-05 10:30:00,1X,1X,1X,1.0,0.949509,0.0,C:\Users\ASUS\Desktop\Ders\blg521\data\02.03\2015\K1\1X\02_03-2015_06_06-09_00-K1-1X.jpeg,C:\Users\ASUS\Desktop\Ders\blg521\data\02.03\2015\K1\10X\02_03-2015_06_05-10_30-K1-10X.jpeg,1.000023812824206,nan,137,0,CONSISTENT,"folder, filename, and visual evidence agree"
C:\Users\ASUS\Desktop\Ders\blg521\data\02.03\2015\K1\1X\02_03-2015_06_06-09_00-K1-1X.jpeg,02.03\2015\K1\1X\02_03-2015_06_06-09_00-K1-1X.jpeg,02.03,2015,K1,2015-06-06 09:00:00,1X,1X,1X,1.0,0.944048,0.0,C:\Users\ASUS\Desktop\Ders\blg521\data\02.03\2015\K1\1X\02_03-2015_06_05-10_30-K1-1X.jpeg,C:\Users\ASUS\Desktop\Ders\blg521\data\02.03\2015\K1\10X\02_03-2015_06_06-09_00-K1-10X.jpeg,0.9998366002602465,nan,137,0,CONSISTENT,"folder, filename, and visual evidence agree"
C:\Users\ASUS\Desktop\Ders\blg521\data\02.03\2015\K1\1X\02_03-2015_06_08-10_00-K1-1X.jpeg,02.03\2015\K1\1X\02_03-2015_06_08-10_00-K1-1X.jpeg,02.03,2015,K1,2015-06-08 10:00:00,1X,1X,1X,1.0,0.947789,0.0,C:\Users\ASUS\Desktop\Ders\blg521\data\02.03\2015\K1\1X\02_03-2015_06_09-10_00-K1-1X.jpeg,C:\Users\ASUS\Desktop\Ders\blg521\data\02.03\2015\K1\10X\02_03-2015_06_08-10_00-K1-10X.jpeg,1.0069136155663805,nan,370,0,CONSISTENT,"folder, filename, and visual evidence agree"
C:\Users\ASUS\Desktop\Ders\blg521\data\02.03\2015\K1\1X\02_03-2015_06_09-10_00-K1-1X.jpeg,02.03\2015\K1\1X\02_03-2015_06_09-10_00-K1-1X.jpeg,02.03,2015,K1,2015-06-09 10:00:00,1X,1X,1X,1.0,0.948085,0.0,C:\Users\ASUS\Desktop\Ders\blg521\data\02.03\2015\K1\1X\02_03-2015_06_08-10_00-K1-1X.jpeg,C:\Users\ASUS\Desktop\Ders\blg521\data\02.03\2015\K1\10X\02_03-2015_06_09-10_00-K1-10X.jpeg,0.9930109488605647,nan,375,0,CONSISTENT,"folder, filename, and visual evidence agree"
C:\Users\ASUS\Desktop\Ders\blg521\data\02.03\2015\K1\1X\02_03-2015_06_10-10_00-K1-1X.jpeg,02.03\2015\K1\1X\02_03-2015_06_10-10_00-K1-1X.jpeg,02.03,2015,K1,2015-06-10 10:00:00,1X,1X,1X,1.0,0.94992,0.0,C:\Users\ASUS\Desktop\Ders\blg521\data\02.03\2015\K1\1X\02_03-2015_06_09-10_00-K1-1X.jpeg,C:\Users\ASUS\Desktop\Ders\blg521\data\02.03\2015\K1\10X\02_03-2015_06_10-10_00-K1-10X.jpeg,1.0064613265094862,nan,441,0,CONSISTENT,"folder, filename, and visual evidence agree"
C:\Users\ASUS\Desktop\Ders\blg521\data\02.03\2015\K1\1X\02_03-2015_06_20-10_00-K1-1X.jpeg,02.03\2015\K1\1X\02_03-2015_06_20-10_00-K1-1X.jpeg,02.03,2015,K1,2015-06-20 10:00:00,1X,1X,,0.0,0.000392,0.0,C:\Users\ASUS\Desktop\Ders\blg521\data\02.03\2015\K1\1X\02_03-2015_06_10-10_00-K1-1X.jpeg,C:\Users\ASUS\Desktop\Ders\blg521\data\02.03\2015\K1\10X\02_03-2015_06_20-10_00-K1-10X.jpeg,0.0742073030567212,nan,12,0,VISUAL_INCONCLUSIVE,insufficient or conflicting registration evidence
C:\Users\ASUS\Desktop\Ders\blg521\data\02.03\2015\K1\1X\02_03-2015_07_02-11_53-K1-1X.jpeg,02.03\2015\K1\1X\02_03-2015_07_02-11_53-K1-1X.jpeg,02.03,2015,K1,2015-07-02 11:53:00,1X,1X,1X,1.0,0.868515,0.0,C:\Users\ASUS\Desktop\Ders\blg521\data\02.03\2015\K1\1X\02_03-2015_07_03-10_00-K1-1X.jpeg,C:\Users\ASUS\Desktop\Ders\blg521\data\02.03\2015\K1\10X\02_03-2015_07_02-11_52-K1-10X.jpeg,0.9928436958776095,nan,220,0,CONSISTENT,"folder, filename, and visual evidence agree"
C:\Users\ASUS\Desktop\Ders\blg521\data\02.03\2015\K1\1X\02_03-2015_07_03-10_00-K1-1X.jpeg,02.03\2015\K1\1X\02_03-2015_07_03-10_00-K1-1X.jpeg,02.03,2015,K1,2015-07-03 10:00:00,1X,1X,1X,1.0,0.878114,0.0,C:\Users\ASUS\Desktop\Ders\blg521\data\02.03\2015\K1\1X\02_03-2015_07_04-08_02-K1-1X.jpeg,C:\Users\ASUS\Desktop\Ders\blg521\data\02.03\2015\K1\10X\02_03-2015_07_03-10_00-K1-10X.jpeg,1.0011143955893145,nan,108,0,CONSISTENT,"folder, filename, and visual evidence agree"
C:\Users\ASUS\Desktop\Ders\blg521\data\02.03\2015\K1\1X\02_03-2015_07_04-08_02-K1-1X.jpeg,02.03\2015\K1\1X\02_03-2015_07_04-08_02-K1-1X.jpeg,02.03,2015,K1,2015-07-04 08:02:00,1X,1X,1X,1.0,0.835108,0.0,C:\Users\ASUS\Desktop\Ders\blg521\data\02.03\2015\K1\1X\02_03-2015_07_03-10_00-K1-1X.jpeg,C:\Users\ASUS\Desktop\Ders\blg521\data\02.03\2015\K1\10X\02_03-2015_07_04-08_01-K1-10X.jpeg,0.9990760870947064,nan,98,0,CONSISTENT,"folder, filename, and visual evidence agree"
C:\Users\ASUS\Desktop\Ders\blg521\data\02.03\2015\K1\1X\02_03-2015_07_05-08_30-K1-1X.jpeg,02.03\2015\K1\1X\02_03-2015_07_05-08_30-K1-1X.jpeg,02.03,2015,K1,2015-07-05 08:30:00,1X,1X,1X,1.0,0.961993,0.0,C:\Users\ASUS\Desktop\Ders\blg521\data\02.03\2015\K1\1X\02_03-2015_07_04-08_02-K1-1X.jpeg,C:\Users\ASUS\Desktop\Ders\blg521\data\02.03\2015\K1\10X\02_03-2015_07_05-08_30-K1-10X.jpeg,0.9997510889355243,nan,892,0,CONSISTENT,"folder, filename, and visual evidence agree"
C:\Users\ASUS\Desktop\Ders\blg521\data\02.03\2015\K1\1X\02_03-2015_07_07-10_00-K1-1X.jpeg,02.03\2015\K1\1X\02_03-2015_07_07-10_00-K1-1X.jpeg,02.03,2015,K1,2015-07-07 10:00:00,1X,1X,1X,1.0,0.833072,0.0,C:\Users\ASUS\Desktop\Ders\blg521\data\02.03\2015\K1\1X\02_03-2015_07_08-11_29-K1-1X.jpeg,C:\Users\ASUS\Desktop\Ders\blg521\data\02.03\2015\K1\10X\02_03-2015_07_08-11_28-K1-10X.jpeg,0.9569538806035416,nan,240,0,CONSISTENT,"folder, filename, and visual evidence agree"
C:\Users\ASUS\Desktop\Ders\blg521\data\02.03\2015\K1\1X\02_03-2015_07_08-11_29-K1-1X.jpeg,02.03\2015\K1\1X\02_03-2015_07_08-11_29-K1-1X.jpeg,02.03,2015,K1,2015-07-08 11:29:00,1X,1X,1X,1.0,0.812336,0.0,C:\Users\ASUS\Desktop\Ders\blg521\data\02.03\2015\K1\1X\02_03-2015_07_07-10_00-K1-1X.jpeg,C:\Users\ASUS\Desktop\Ders\blg521\data\02.03\2015\K1\10X\02_03-2015_07_08-11_28-K1-10X.jpeg,1.0448879440848875,nan,236,0,CONSISTENT,"folder, filename, and visual evidence agree"
C:\Users\ASUS\Desktop\Ders\blg521\data\02.03\2015\K1\1X\02_03-2015_07_10-10_00-K1-1X.jpeg,02.03\2015\K1\1X\02_03-2015_07_10-10_00-K1-1X.jpeg,02.03,2015,K1,2015-07-10 10:00:00,1X,1X,1X,1.0,0.876867,0.0,C:\Users\ASUS\Desktop\Ders\blg521\data\02.03\2015\K1\1X\02_03-2015_07_11-10_00-K1-1X.jpeg,C:\Users\ASUS\Desktop\Ders\blg521\data\02.03\2015\K1\10X\02_03-2015_07_10-10_00-K1-10X.jpeg,1.0429258190630666,nan,826,0,CONSISTENT,"folder, filename, and visual evidence agree"
C:\Users\ASUS\Desktop\Ders\blg521\data\02.03\2015\K1\1X\02_03-2015_07_11-10_00-K1-1X.jpeg,02.03\2015\K1\1X\02_03-2015_07_11-10_00-K1-1X.jpeg,02.03,2015,K1,2015-07-11 10:00:00,1X,1X,1X,1.0,0.877614,0.0,C:\Users\ASUS\Desktop\Ders\blg521\data\02.03\2015\K1\1X\02_03-2015_07_10-10_00-K1-1X.jpeg,C:\Users\ASUS\Desktop\Ders\blg521\data\02.03\2015\K1\10X\02_03-2015_07_10-10_00-K1-10X.jpeg,0.9588038843253746,nan,836,0,CONSISTENT,"folder, filename, and visual evidence agree"
C:\Users\ASUS\Desktop\Ders\blg521\data\02.03\2015\K1\1X\02_03-2015_07_12-10_00-K1-1X.jpeg,02.03\2015\K1\1X\02_03-2015_07_12-10_00-K1-1X.jpeg,02.03,2015,K1,2015-07-12 10:00:00,1X,1X,1X,1.0,0.874573,0.0,C:\Users\ASUS\Desktop\Ders\blg521\data\02.03\2015\K1\1X\02_03-2015_07_11-10_00-K1-1X.jpeg,C:\Users\ASUS\Desktop\Ders\blg521\data\02.03\2015\K1\10X\02_03-2015_07_12-10_00-K1-10X.jpeg,1.0437822297155985,nan,768,0,CONSISTENT,"folder, filename, and visual evidence agree"
C:\Users\ASUS\Desktop\Ders\blg521\data\02.03\2015\K1\1X\02_03-2015_07_14-09_29-K1-1X.jpeg,02.03\2015\K1\1X\02_03-2015_07_14-09_29-K1-1X.jpeg,02.03,2015,K1,2015-07-14 09:29:00,1X,1X,1X,1.0,0.861355,0.0,C:\Users\ASUS\Desktop\Ders\blg521\data\02.03\2015\K1\1X\02_03-2015_07_15-10_00-K1-1X.jpeg,C:\Users\ASUS\Desktop\Ders\blg521\data\02.03\2015\K1\10X\02_03-2015_07_14-09_30-K1-10X.jpeg,1.0440687808724085,nan,641,0,CONSISTENT,"folder, filename, and visual evidence agree"
C:\Users\ASUS\Desktop\Ders\blg521\data\02.03\2015\K1\1X\02_03-2015_07_15-10_00-K1-1X.jpeg,02.03\2015\K1\1X\02_03-2015_07_15-10_00-K1-1X.jpeg,02.03,2015,K1,2015-07-15 10:00:00,1X,1X,1X,1.0,0.858735,0.0,C:\Users\ASUS\Desktop\Ders\blg521\data\02.03\2015\K1\1X\02_03-2015_07_14-09_29-K1-1X.jpeg,C:\Users\ASUS\Desktop\Ders\blg521\data\02.03\2015\K1\10X\02_03-2015_07_14-09_30-K1-10X.jpeg,0.9579336692562123,0.14248742493879954,634,5,CONSISTENT,"folder, filename, and visual evidence agree"
C:\Users\ASUS\Desktop\Ders\blg521\data\02.03\2015\K1\1X\02_03-2015_07_18-11_40-K1-1X.jpeg,02.03\2015\K1\1X\02_03-2015_07_18-11_40-K1-1X.jpeg,02.03,2015,K1,2015-07-18 11:40:00,1X,1X,1X,1.0,0.904452,0.0,C:\Users\ASUS\Desktop\Ders\blg521\data\02.03\2015\K1\1X\02_03-2015_07_19-10_00-K1-1X.jpeg,C:\Users\ASUS\Desktop\Ders\blg521\data\02.03\2015\K1\10X\02_03-2015_07_18-11_38-K1-10X.jpeg,0.999758818150363,nan,306,0,CONSISTENT,"folder, filename, and visual evidence agree"
C:\Users\ASUS\Desktop\Ders\blg521\data\02.03\2015\K1\1X\02_03-2015_07_19-10_00-K1-1X.jpeg,02.03\2015\K1\1X\02_03-2015_07_19-10_00-K1-1X.jpeg,02.03,2015,K1,2015-07-19 10:00:00,1X,1X,1X,1.0,0.905518,0.0,C:\Users\ASUS\Desktop\Ders\blg521\data\02.03\2015\K1\1X\02_03-2015_07_18-11_40-K1-1X.jpeg,C:\Users\ASUS\Desktop\Ders\blg521\data\02.03\2015\K1\10X\02_03-2015_07_19-10_00-K1-10X.jpeg,1.000032393621911,nan,290,0,CONSISTENT,"folder, filename, and visual evidence agree"
C:\Users\ASUS\Desktop\Ders\blg521\data\02.03\2015\K1\1X\02_03-2015_07_20-11_40-K1-1X.jpeg,02.03\2015\K1\1X\02_03-2015_07_20-11_40-K1-1X.jpeg,02.03,2015,K1,2015-07-20 11:40:00,1X,1X,1X,1.0,0.766358,0.0,C:\Users\ASUS\Desktop\Ders\blg521\data\02.03\2015\K1\1X\02_03-2015_07_21-09_30-K1-1X.jpeg,C:\Users\ASUS\Desktop\Ders\blg521\data\02.03\2015\K1\10X\02_03-2015_07_20-11_39-K1-10X.jpeg,1.0447423323761647,nan,122,0,CONSISTENT,"folder, filename, and visual evidence agree"
C:\Users\ASUS\Desktop\Ders\blg521\data\02.03\2015\K1\1X\02_03-2015_07_21-09_30-K1-1X.jpeg,02.03\2015\K1\1X\02_03-2015_07_21-09_30-K1-1X.jpeg,02.03,2015,K1,2015-07-21 09:30:00,1X,1X,1X,1.0,0.766808,0.0,C:\Users\ASUS\Desktop\Ders\blg521\data\02.03\2015\K1\1X\02_03-2015_07_20-11_40-K1-1X.jpeg,C:\Users\ASUS\Desktop\Ders\blg521\data\02.03\2015\K1\10X\02_03-2015_07_20-11_39-K1-10X.jpeg,0.9573438261936638,nan,126,0,CONSISTENT,"folder, filename, and visual evidence agree"
C:\Users\ASUS\Desktop\Ders\blg521\data\02.03\2015\K1\1X\02_03-2015_07_22-10_00-K1-1X.jpeg,02.03\2015\K1\1X\02_03-2015_07_22-10_00-K1-1X.jpeg,02.03,2015,K1,2015-07-22 10:00:00,1X,1X,1X,1.0,0.927578,0.0,C:\Users\ASUS\Desktop\Ders\blg521\data\02.03\2015\K1\1X\02_03-2015_07_21-09_30-K1-1X.jpeg,C:\Users\ASUS\Desktop\Ders\blg521\data\02.03\2015\K1\10X\02_03-2015_07_23-11_54-K1-10X.jpeg,1.0150625203984613,nan,816,0,CONSISTENT,"folder, filename, and visual evidence agree"
C:\Users\ASUS\Desktop\Ders\blg521\data\02.03\2015\K1\1X\02_03-2015_07_23-11_55-K1-1X.jpeg,02.03\2015\K1\1X\02_03-2015_07_23-11_55-K1-1X.jpeg,02.03,2015,K1,2015-07-23 11:55:00,1X,1X,1X,1.0,0.83608,0.0,C:\Users\ASUS\Desktop\Ders\blg521\data\02.03\2015\K1\1X\02_03-2015_07_24-10_00-K1-1X.jpeg,C:\Users\ASUS\Desktop\Ders\blg521\data\02.03\2015\K1\10X\02_03-2015_07_23-11_54-K1-10X.jpeg,1.0293271988617294,nan,223,0,CONSISTENT,"folder, filename, and visual evidence agree"
C:\Users\ASUS\Desktop\Ders\blg521\data\02.03\2015\K1\1X\02_03-2015_07_24-10_00-K1-1X.jpeg,02.03\2015\K1\1X\02_03-2015_07_24-10_00-K1-1X.jpeg,02.03,2015,K1,2015-07-24 10:00:00,1X,1X,1X,1.0,0.840309,0.0,C:\Users\ASUS\Desktop\Ders\blg521\data\02.03\2015\K1\1X\02_03-2015_07_23-11_55-K1-1X.jpeg,C:\Users\ASUS\Desktop\Ders\blg521\data\02.03\2015\K1\10X\02_03-2015_07_23-11_54-K1-10X.jpeg,0.9713071144555462,nan,222,0,CONSISTENT,"folder, filename, and visual evidence agree"
C:\Users\ASUS\Desktop\Ders\blg521\data\02.03\2015\K1\1X\02_03-2015_07_25-11_14-K1-1X.jpeg,02.03\2015\K1\1X\02_03-2015_07_25-11_14-K1-1X.jpeg,02.03,2015,K1,2015-07-25 11:14:00,1X,1X,1X,1.0,0.843772,0.0,C:\Users\ASUS\Desktop\Ders\blg521\data\02.03\2015\K1\1X\02_03-2015_07_26-09_00-K1-1X.jpeg,C:\Users\ASUS\Desktop\Ders\blg521\data\02.03\2015\K1\10X\02_03-2015_07_25-11_13-K1-10X.jpeg,0.9791565931154268,9.958655433740347,103,7,CONSISTENT,"folder, filename, and visual evidence agree"
C:\Users\ASUS\Desktop\Ders\blg521\data\02.03\2015\K1\1X\02_03-2015_07_26-09_00-K1-1X.jpeg,02.03\2015\K1\1X\02_03-2015_07_26-09_00-K1-1X.jpeg,02.03,2015,K1,2015-07-26 09:00:00,1X,1X,1X,1.0,0.838745,0.0,C:\Users\ASUS\Desktop\Ders\blg521\data\02.03\2015\K1\1X\02_03-2015_07_25-11_14-K1-1X.jpeg,C:\Users\ASUS\Desktop\Ders\blg521\data\02.03\2015\K1\10X\02_03-2015_07_26-09_00-K1-10X.jpeg,1.0223318803825885,nan,92,0,CONSISTENT,"folder, filename, and visual evidence agree"
C:\Users\ASUS\Desktop\Ders\blg521\data\02.03\2015\K1\1X\02_03-2015_07_27-09_00-K1-1X.jpeg,02.03\2015\K1\1X\02_03-2015_07_27-09_00-K1-1X.jpeg,02.03,2015,K1,2015-07-27 09:00:00,1X,1X,1X,1.0,0.947435,0.0,C:\Users\ASUS\Desktop\Ders\blg521\data\02.03\2015\K1\1X\02_03-2015_07_26-09_00-K1-1X.jpeg,C:\Users\ASUS\Desktop\Ders\blg521\data\02.03\2015\K1\10X\02_03-2015_07_27-09_00-K1-10X.jpeg,0.9856630845190009,nan,1102,0,CONSISTENT,"folder, filename, and visual evidence agree"
C:\Users\ASUS\Desktop\Ders\blg521\data\02.03\2015\K1\1X\02_03-2015_07_28-10_00-K1-1X.jpeg,02.03\2015\K1\1X\02_03-2015_07_28-10_00-K1-1X.jpeg,02.03,2015,K1,2015-07-28 10:00:00,1X,1X,1X,1.0,0.905705,0.0,C:\Users\ASUS\Desktop\Ders\blg521\data\02.03\2015\K1\1X\02_03-2015_07_29-10_42-K1-1X.jpeg,C:\Users\ASUS\Desktop\Ders\blg521\data\02.03\2015\K1\10X\02_03-2015_07_28-10_00-K1-10X.jpeg,0.9781163538993767,nan,715,0,CONSISTENT,"folder, filename, and visual evidence agree"
C:\Users\ASUS\Desktop\Ders\blg521\data\02.03\2015\K1\1X\02_03-2015_07_29-10_42-K1-1X.jpeg,02.03\2015\K1\1X\02_03-2015_07_29-10_42-K1-1X.jpeg,02.03,2015,K1,2015-07-29 10:42:00,1X,1X,1X,1.0,0.977407,0.0,C:\Users\ASUS\Desktop\Ders\blg521\data\02.03\2015\K1\1X\02_03-2015_07_30-10_43-K1-1X.jpeg,C:\Users\ASUS\Desktop\Ders\blg521\data\02.03\2015\K1\10X\02_03-2015_07_29-10_41-K1-10X.jpeg,0.9996128130930401,nan,1136,0,CONSISTENT,"folder, filename, and visual evidence agree"
C:\Users\ASUS\Desktop\Ders\blg521\data\02.03\2015\K1\1X\02_03-2015_07_30-10_43-K1-1X.jpeg,02.03\2015\K1\1X\02_03-2015_07_30-10_43-K1-1X.jpeg,02.03,2015,K1,2015-07-30 10:43:00,1X,1X,1X,1.0,0.976488,0.0,C:\Users\ASUS\Desktop\Ders\blg521\data\02.03\2015\K1\1X\02_03-2015_07_29-10_42-K1-1X.jpeg,C:\Users\ASUS\Desktop\Ders\blg521\data\02.03\2015\K1\10X\02_03-2015_07_30-10_42-K1-10X.jpeg,1.0003888664629856,nan,1131,0,CONSISTENT,"folder, filename, and visual evidence agree"
C:\Users\ASUS\Desktop\Ders\blg521\data\02.03\2015\K1\1X\02_03-2015_07_31-10_45-K1-1X.jpeg,02.03\2015\K1\1X\02_03-2015_07_31-10_45-K1-1X.jpeg,02.03,2015,K1,2015-07-31 10:45:00,1X,1X,1X,1.0,0.883681,0.0,C:\Users\ASUS\Desktop\Ders\blg521\data\02.03\2015\K1\1X\02_03-2015_08_01-10_45-K1-1X.jpeg,C:\Users\ASUS\Desktop\Ders\blg521\data\02.03\2015\K1\10X\02_03-2015_07_31-10_44-K1-10X.jpeg,1.0235222103865897,0.015653694332293196,95,6,CONSISTENT,"folder, filename, and visual evidence agree"
C:\Users\ASUS\Desktop\Ders\blg521\data\02.03\2015\K1\1X\02_03-2015_08_01-10_45-K1-1X.jpeg,02.03\2015\K1\1X\02_03-2015_08_01-10_45-K1-1X.jpeg,02.03,2015,K1,2015-08-01 10:45:00,1X,1X,1X,1.0,0.943053,0.0,C:\Users\ASUS\Desktop\Ders\blg521\data\02.03\2015\K1\1X\02_03-2015_08_02-10_00-K1-1X.jpeg,C:\Users\ASUS\Desktop\Ders\blg521\data\02.03\2015\K1\10X\02_03-2015_08_01-10_44-K1-10X.jpeg,0.9996464794999369,8.503941224722999,278,7,CONSISTENT,"folder, filename, and visual evidence agree"
C:\Users\ASUS\Desktop\Ders\blg521\data\02.03\2015\K1\1X\02_03-2015_08_02-10_00-K1-1X.jpeg,02.03\2015\K1\1X\02_03-2015_08_02-10_00-K1-1X.jpeg,02.03,2015,K1,2015-08-02 10:00:00,1X,1X,1X,1.0,0.921806,0.0,C:\Users\ASUS\Desktop\Ders\blg521\data\02.03\2015\K1\1X\02_03-2015_08_01-10_45-K1-1X.jpeg,C:\Users\ASUS\Desktop\Ders\blg521\data\02.03\2015\K1\10X\02_03-2015_08_02-10_00-K1-10X.jpeg,1.000318072170741,7.869564413953927,293,6,CONSISTENT,"folder, filename, and visual evidence agree"
C:\Users\ASUS\Desktop\Ders\blg521\data\02.03\2015\K1\1X\02_03-2015_08_03-10_00-K1-1X.jpeg,02.03\2015\K1\1X\02_03-2015_08_03-10_00-K1-1X.jpeg,02.03,2015,K1,2015-08-03 10:00:00,1X,1X,1X,1.0,0.952119,0.0,C:\Users\ASUS\Desktop\Ders\blg521\data\02.03\2015\K1\1X\02_03-2015_08_02-10_00-K1-1X.jpeg,C:\Users\ASUS\Desktop\Ders\blg521\data\02.03\2015\K1\10X\02_03-2015_08_03-10_00-K1-10X.jpeg,1.0089638722869305,0.8285273934697533,929,4,CONSISTENT,"folder, filename, and visual evidence agree"
C:\Users\ASUS\Desktop\Ders\blg521\data\02.03\2015\K1\1X\02_03-2015_08_04-10_00-K1-1X.jpeg,02.03\2015\K1\1X\02_03-2015_08_04-10_00-K1-1X.jpeg,02.03,2015,K1,2015-08-04 10:00:00,1X,1X,,0.0,0.027964,0.0,C:\Users\ASUS\Desktop\Ders\blg521\data\02.03\2015\K1\1X\02_03-2015_08_03-10_00-K1-1X.jpeg,C:\Users\ASUS\Desktop\Ders\blg521\data\02.03\2015\K1\10X\02_03-2015_08_04-10_00-K1-10X.jpeg,2.5058401016638427,8.610228078222992,11,7,VISUAL_INCONCLUSIVE,insufficient or conflicting registration evidence
C:\Users\ASUS\Desktop\Ders\blg521\data\02.03\2015\K1\1X\02_03-2015_08_05-10_00-K1-1X.jpeg,02.03\2015\K1\1X\02_03-2015_08_05-10_00-K1-1X.jpeg,02.03,2015,K1,2015-08-05 10:00:00,1X,1X,1X,1.0,0.98425,0.0,C:\Users\ASUS\Desktop\Ders\blg521\data\02.03\2015\K1\1X\02_03-2015_08_04-10_00-K1-1X.jpeg,C:\Users\ASUS\Desktop\Ders\blg521\data\02.03\2015\K1\10X\02_03-2015_08_05-10_00-K1-10X.jpeg,0.9998162875843365,7.637657709638056,735,7,CONSISTENT,"folder, filename, and visual evidence agree"
C:\Users\ASUS\Desktop\Ders\blg521\data\02.03\2015\K1\1X\02_03-2015_08_06-10_00-K1-1X.jpeg,02.03\2015\K1\1X\02_03-2015_08_06-10_00-K1-1X.jpeg,02.03,2015,K1,2015-08-06 10:00:00,1X,1X,1X,1.0,0.980924,0.0,C:\Users\ASUS\Desktop\Ders\blg521\data\02.03\2015\K1\1X\02_03-2015_08_07-09_30-K1-1X.jpeg,C:\Users\ASUS\Desktop\Ders\blg521\data\02.03\2015\K1\10X\02_03-2015_08_06-10_00-K1-10X.jpeg,0.9998926491405646,nan,953,0,CONSISTENT,"folder, filename, and visual evidence agree"
C:\Users\ASUS\Desktop\Ders\blg521\data\02.03\2015\K1\1X\02_03-2015_08_07-09_30-K1-1X.jpeg,02.03\2015\K1\1X\02_03-2015_08_07-09_30-K1-1X.jpeg,02.03,2015,K1,2015-08-07 09:30:00,1X,1X,1X,1.0,0.97982,0.0,C:\Users\ASUS\Desktop\Ders\blg521\data\02.03\2015\K1\1X\02_03-2015_08_06-10_00-K1-1X.jpeg,C:\Users\ASUS\Desktop\Ders\blg521\data\02.03\2015\K1\10X\02_03-2015_08_07-09_30-K1-10X.jpeg,1.0001189509021797,8.98413014364991,951,7,CONSISTENT,"folder, filename, and visual evidence agree"
C:\Users\ASUS\Desktop\Ders\blg521\data\02.03\2015\K1\1X\02_03-2015_08_08-10_00-K1-1X.jpeg,02.03\2015\K1\1X\02_03-2015_08_08-10_00-K1-1X.jpeg,02.03,2015,K1,2015-08-08 10:00:00,1X,1X,1X,1.0,0.977012,0.0,C:\Users\ASUS\Desktop\Ders\blg521\data\02.03\2015\K1\1X\02_03-2015_08_07-09_30-K1-1X.jpeg,C:\Users\ASUS\Desktop\Ders\blg521\data\02.03\2015\K1\10X\02_03-2015_08_08-10_00-K1-10X.jpeg,1.000585949166093,nan,892,0,CONSISTENT,"folder, filename, and visual evidence agree"
C:\Users\ASUS\Desktop\Ders\blg521\data\02.03\2015\K1\1X\02_03-2015_08_10-10_00-K1-1X.jpeg,02.03\2015\K1\1X\02_03-2015_08_10-10_00-K1-1X.jpeg,02.03,2015,K1,2015-08-10 10:00:00,1X,1X,1X,1.0,0.989182,0.0,C:\Users\ASUS\Desktop\Ders\blg521\data\02.03\2015\K1\1X\02_03-2015_08_11-10_00-K1-1X.jpeg,C:\Users\ASUS\Desktop\Ders\blg521\data\02.03\2015\K1\10X\02_03-2015_08_10-10_00-K1-10X.jpeg,1.000065871706026,nan,1167,0,CONSISTENT,"folder, filename, and visual evidence agree"
C:\Users\ASUS\Desktop\Ders\blg521\data\02.03\2015\K1\1X\02_03-2015_08_11-10_00-K1-1X.jpeg,02.03\2015\K1\1X\02_03-2015_08_11-10_00-K1-1X.jpeg,02.03,2015,K1,2015-08-11 10:00:00,1X,1X,1X,1.0,0.990053,0.0,C:\Users\ASUS\Desktop\Ders\blg521\data\02.03\2015\K1\1X\02_03-2015_08_10-10_00-K1-1X.jpeg,C:\Users\ASUS\Desktop\Ders\blg521\data\02.03\2015\K1\10X\02_03-2015_08_11-10_00-K1-10X.jpeg,0.9999337816343385,nan,1161,0,CONSISTENT,"folder, filename, and visual evidence agree"
C:\Users\ASUS\Desktop\Ders\blg521\data\02.03\2015\K1\1X\02_03-2015_08_12-10_06-K1-1X.jpeg,02.03\2015\K1\1X\02_03-2015_08_12-10_06-K1-1X.jpeg,02.03,2015,K1,2015-08-12 10:06:00,1X,1X,1X,1.0,0.990556,0.0,C:\Users\ASUS\Desktop\Ders\blg521\data\02.03\2015\K1\1X\02_03-2015_08_13-10_06-K1-1X.jpeg,C:\Users\ASUS\Desktop\Ders\blg521\data\02.03\2015\K1\10X\02_03-2015_08_12-10_05-K1-10X.jpeg,0.9994718254439624,nan,1239,0,CONSISTENT,"folder, filename, and visual evidence agree"
C:\Users\ASUS\Desktop\Ders\blg521\data\02.03\2015\K1\1X\02_03-2015_08_13-10_06-K1-1X.jpeg,02.03\2015\K1\1X\02_03-2015_08_13-10_06-K1-1X.jpeg,02.03,2015,K1,2015-08-13 10:06:00,1X,1X,1X,1.0,0.988809,0.0,C:\Users\ASUS\Desktop\Ders\blg521\data\02.03\2015\K1\1X\02_03-2015_08_12-10_06-K1-1X.jpeg,C:\Users\ASUS\Desktop\Ders\blg521\data\02.03\2015\K1\10X\02_03-2015_08_13-10_05-K1-10X.jpeg,1.0004977324567665,nan,1244,0,CONSISTENT,"folder, filename, and visual evidence agree"
C:\Users\ASUS\Desktop\Ders\blg521\data\02.03\2015\K1\1X\02_03-2015_08_14-10_07-K1-1X.jpeg,02.03\2015\K1\1X\02_03-2015_08_14-10_07-K1-1X.jpeg,02.03,2015,K1,2015-08-14 10:07:00,1X,1X,1X,1.0,0.989438,0.0,C:\Users\ASUS\Desktop\Ders\blg521\data\02.03\2015\K1\1X\02_03-2015_08_13-10_06-K1-1X.jpeg,C:\Users\ASUS\Desktop\Ders\blg521\data\02.03\2015\K1\10X\02_03-2015_08_14-10_06-K1-10X.jpeg,0.9997193168827013,nan,1182,0,CONSISTENT,"folder, filename, and visual evidence agree"
C:\Users\ASUS\Desktop\Ders\blg521\data\02.03\2015\K1\1X\02_03-2015_08_15-10_08-K1-1X.jpeg,02.03\2015\K1\1X\02_03-2015_08_15-10_08-K1-1X.jpeg,02.03,2015,K1,2015-08-15 10:08:00,1X,1X,1X,1.0,0.965852,0.0,C:\Users\ASUS\Desktop\Ders\blg521\data\02.03\2015\K1\1X\02_03-2015_08_14-10_07-K1-1X.jpeg,C:\Users\ASUS\Desktop\Ders\blg521\data\02.03\2015\K1\10X\02_03-2015_08_15-10_07-K1-10X.jpeg,1.0091083245799752,nan,1107,0,CONSISTENT,"folder, filename, and visual evidence agree"
C:\Users\ASUS\Desktop\Ders\blg521\data\02.03\2015\K1\1X\02_03-2015_08_16-10_14-K1-1X.jpeg,02.03\2015\K1\1X\02_03-2015_08_16-10_14-K1-1X.jpeg,02.03,2015,K1,2015-08-16 10:14:00,1X,1X,1X,1.0,0.935644,0.0,C:\Users\ASUS\Desktop\Ders\blg521\data\02.03\2015\K1\1X\02_03-2015_08_17-10_15-K1-1X.jpeg,C:\Users\ASUS\Desktop\Ders\blg521\data\02.03\2015\K1\10X\02_03-2015_08_16-10_13-K1-10X.jpeg,0.9795969951667622,nan,1085,0,CONSISTENT,"folder, filename, and visual evidence agree"
C:\Users\ASUS\Desktop\Ders\blg521\data\02.03\2015\K1\1X\02_03-2015_08_17-10_15-K1-1X.jpeg,02.03\2015\K1\1X\02_03-2015_08_17-10_15-K1-1X.jpeg,02.03,2015,K1,2015-08-17 10:15:00,1X,1X,1X,1.0,0.93692,0.0,C:\Users\ASUS\Desktop\Ders\blg521\data\02.03\2015\K1\1X\02_03-2015_08_16-10_14-K1-1X.jpeg,C:\Users\ASUS\Desktop\Ders\blg521\data\02.03\2015\K1\10X\02_03-2015_08_17-10_14-K1-10X.jpeg,1.0208634409973345,nan,1088,0,CONSISTENT,"folder, filename, and visual evidence agree"
C:\Users\ASUS\Desktop\Ders\blg521\data\02.03\2015\K1\1X\02_03-2015_08_18-10_16-K1-1X.jpeg,02.03\2015\K1\1X\02_03-2015_08_18-10_16-K1-1X.jpeg,02.03,2015,K1,2015-08-18 10:16:00,1X,1X,1X,1.0,0.82754,0.0,C:\Users\ASUS\Desktop\Ders\blg521\data\02.03\2015\K1\1X\02_03-2015_08_17-10_15-K1-1X.jpeg,C:\Users\ASUS\Desktop\Ders\blg521\data\02.03\2015\K1\10X\02_03-2015_08_18-10_15-K1-10X.jpeg,0.936777130524349,nan,964,0,CONSISTENT,"folder, filename, and visual evidence agree"
C:\Users\ASUS\Desktop\Ders\blg521\data\02.03\2015\K1\1X\02_03-2015_08_19-10_17-K1-1X.jpeg,02.03\2015\K1\1X\02_03-2015_08_19-10_17-K1-1X.jpeg,02.03,2015,K1,2015-08-19 10:17:00,1X,1X,1X,1.0,0.858961,0.0,C:\Users\ASUS\Desktop\Ders\blg521\data\02.03\2015\K1\1X\02_03-2015_08_18-10_16-K1-1X.jpeg,C:\Users\ASUS\Desktop\Ders\blg521\data\02.03\2015\K1\10X\02_03-2015_08_19-10_16-K1-10X.jpeg,1.0532078756295595,nan,1040,0,CONSISTENT,"folder, filename, and visual evidence agree"
C:\Users\ASUS\Desktop\Ders\blg521\data\02.03\2015\K1\1X\02_03-2015_08_20-10_18-K1-1X.jpeg,02.03\2015\K1\1X\02_03-2015_08_20-10_18-K1-1X.jpeg,02.03,2015,K1,2015-08-20 10:18:00,1X,1X,1X,1.0,0.967317,0.0,C:\Users\ASUS\Desktop\Ders\blg521\data\02.03\2015\K1\1X\02_03-2015_08_19-10_17-K1-1X.jpeg,C:\Users\ASUS\Desktop\Ders\blg521\data\02.03\2015\K1\10X\02_03-2015_08_20-10_17-K1-10X.jpeg,0.9921474687996144,nan,1123,0,CONSISTENT,"folder, filename, and visual evidence agree"
C:\Users\ASUS\Desktop\Ders\blg521\data\02.03\2015\K1\1X\02_03-2015_08_22-10_00-K1-1X.jpeg,02.03\2015\K1\1X\02_03-2015_08_22-10_00-K1-1X.jpeg,02.03,2015,K1,2015-08-22 10:00:00,1X,1X,1X,1.0,0.796172,0.0,C:\Users\ASUS\Desktop\Ders\blg521\data\02.03\2015\K1\1X\02_03-2015_08_23-09_00-K1-1X.jpeg,C:\Users\ASUS\Desktop\Ders\blg521\data\02.03\2015\K1\10X\02_03-2015_08_22-10_00-K1-10X.jpeg,1.077414158507843,nan,509,0,CONSISTENT,"folder, filename, and visual evidence agree"
C:\Users\ASUS\Desktop\Ders\blg521\data\02.03\2015\K1\1X\02_03-2015_08_23-09_00-K1-1X.jpeg,02.03\2015\K1\1X\02_03-2015_08_23-09_00-K1-1X.jpeg,02.03,2015,K1,2015-08-23 09:00:00,1X,1X,1X,1.0,0.793113,0.0,C:\Users\ASUS\Desktop\Ders\blg521\data\02.03\2015\K1\1X\02_03-2015_08_22-10_00-K1-1X.jpeg,C:\Users\ASUS\Desktop\Ders\blg521\data\02.03\2015\K1\10X\02_03-2015_08_22-10_00-K1-10X.jpeg,0.9284618791949782,nan,507,0,CONSISTENT,"folder, filename, and visual evidence agree"
C:\Users\ASUS\Desktop\Ders\blg521\data\02.03\2015\K1\1X\02_03-2015_08_24-09_00-K1-1X.jpeg,02.03\2015\K1\1X\02_03-2015_08_24-09_00-K1-1X.jpeg,02.03,2015,K1,2015-08-24 09:00:00,1X,1X,1X,0.998879,0.809293,0.000909,C:\Users\ASUS\Desktop\Ders\blg521\data\02.03\2015\K1\1X\02_03-2015_08_23-09_00-K1-1X.jpeg,C:\Users\ASUS\Desktop\Ders\blg521\data\02.03\2015\K1\10X\02_03-2015_08_24-09_00-K1-10X.jpeg,1.0742842550705978,10.10702069600018,832,9,CONSISTENT,"folder, filename, and visual evidence agree"
C:\Users\ASUS\Desktop\Ders\blg521\data\02.03\2015\K1\1X\02_03-2015_08_25-09_30-K1-1X.jpeg,02.03\2015\K1\1X\02_03-2015_08_25-09_30-K1-1X.jpeg,02.03,2015,K1,2015-08-25 09:30:00,1X,1X,1X,1.0,0.876605,0.0,C:\Users\ASUS\Desktop\Ders\blg521\data\02.03\2015\K1\1X\02_03-2015_08_24-09_00-K1-1X.jpeg,C:\Users\ASUS\Desktop\Ders\blg521\data\02.03\2015\K1\10X\02_03-2015_08_24-09_00-K1-10X.jpeg,0.9599564917139668,nan,785,0,CONSISTENT,"folder, filename, and visual evidence agree"
C:\Users\ASUS\Desktop\Ders\blg521\data\02.03\2015\K1\1X\02_03-2015_08_27-10_03-K1-1X.jpeg,02.03\2015\K1\1X\02_03-2015_08_27-10_03-K1-1X.jpeg,02.03,2015,K1,2015-08-27 10:03:00,1X,1X,1X,1.0,0.936455,0.0,C:\Users\ASUS\Desktop\Ders\blg521\data\02.03\2015\K1\1X\02_03-2015_08_28-10_00-K1-1X.jpeg,C:\Users\ASUS\Desktop\Ders\blg521\data\02.03\2015\K1\10X\02_03-2015_08_30-10_00-K1-10X.jpeg,1.0219118956460447,nan,1105,0,CONSISTENT,"folder, filename, and visual evidence agree"
C:\Users\ASUS\Desktop\Ders\blg521\data\02.03\2015\K1\1X\02_03-2015_08_28-10_00-K1-1X.jpeg,02.03\2015\K1\1X\02_03-2015_08_28-10_00-K1-1X.jpeg,02.03,2015,K1,2015-08-28 10:00:00,1X,1X,1X,1.0,0.936838,0.0,C:\Users\ASUS\Desktop\Ders\blg521\data\02.03\2015\K1\1X\02_03-2015_08_27-10_03-K1-1X.jpeg,C:\Users\ASUS\Desktop\Ders\blg521\data\02.03\2015\K1\10X\02_03-2015_08_30-10_00-K1-10X.jpeg,0.9785485209325091,nan,1105,0,CONSISTENT,"folder, filename, and visual evidence agree"
C:\Users\ASUS\Desktop\Ders\blg521\data\02.03\2015\K1\1X\02_03-2015_08_30-10_00-K1-1X.jpeg,02.03\2015\K1\1X\02_03-2015_08_30-10_00-K1-1X.jpeg,02.03,2015,K1,2015-08-30 10:00:00,1X,1X,1X,1.0,0.873677,0.0,C:\Users\ASUS\Desktop\Ders\blg521\data\02.03\2015\K1\1X\02_03-2015_08_31-10_00-K1-1X.jpeg,C:\Users\ASUS\Desktop\Ders\blg521\data\02.03\2015\K1\10X\02_03-2015_08_30-10_00-K1-10X.jpeg,1.0445877838402469,nan,897,0,CONSISTENT,"folder, filename, and visual evidence agree"
C:\Users\ASUS\Desktop\Ders\blg521\data\02.03\2015\K1\1X\02_03-2015_08_31-10_00-K1-1X.jpeg,02.03\2015\K1\1X\02_03-2015_08_31-10_00-K1-1X.jpeg,02.03,2015,K1,2015-08-31 10:00:00,1X,1X,1X,1.0,0.894391,0.0,C:\Users\ASUS\Desktop\Ders\blg521\data\02.03\2015\K1\1X\02_03-2015_09_01-08_30-K1-1X.jpeg,C:\Users\ASUS\Desktop\Ders\blg521\data\02.03\2015\K1\10X\02_03-2015_09_01-08_30-K1-10X.jpeg,0.9734709464378806,nan,221,0,CONSISTENT,"folder, filename, and visual evidence agree"
C:\Users\ASUS\Desktop\Ders\blg521\data\02.03\2015\K1\1X\02_03-2015_09_01-08_30-K1-1X.jpeg,02.03\2015\K1\1X\02_03-2015_09_01-08_30-K1-1X.jpeg,02.03,2015,K1,2015-09-01 08:30:00,1X,1X,1X,1.0,0.881139,0.0,C:\Users\ASUS\Desktop\Ders\blg521\data\02.03\2015\K1\1X\02_03-2015_08_31-10_00-K1-1X.jpeg,C:\Users\ASUS\Desktop\Ders\blg521\data\02.03\2015\K1\10X\02_03-2015_09_01-08_30-K1-10X.jpeg,1.0276108345341524,nan,213,0,CONSISTENT,"folder, filename, and visual evidence agree"
C:\Users\ASUS\Desktop\Ders\blg521\data\02.03\2015\K1\1X\02_03-2015_09_02-10_00-K1-1X.jpeg,02.03\2015\K1\1X\02_03-2015_09_02-10_00-K1-1X.jpeg,02.03,2015,K1,2015-09-02 10:00:00,1X,1X,1X,1.0,0.947662,0.0,C:\Users\ASUS\Desktop\Ders\blg521\data\02.03\2015\K1\1X\02_03-2015_09_03-10_16-K1-1X.jpeg,C:\Users\ASUS\Desktop\Ders\blg521\data\02.03\2015\K1\10X\02_03-2015_09_02-10_00-K1-10X.jpeg,1.014951134216537,nan,1019,0,CONSISTENT,"folder, filename, and visual evidence agree"
C:\Users\ASUS\Desktop\Ders\blg521\data\02.03\2015\K1\1X\02_03-2015_09_03-10_16-K1-1X.jpeg,02.03\2015\K1\1X\02_03-2015_09_03-10_16-K1-1X.jpeg,02.03,2015,K1,2015-09-03 10:16:00,1X,1X,1X,1.0,0.899053,0.0,C:\Users\ASUS\Desktop\Ders\blg521\data\02.03\2015\K1\1X\02_03-2015_09_04-10_17-K1-1X.jpeg,C:\Users\ASUS\Desktop\Ders\blg521\data\02.03\2015\K1\10X\02_03-2015_09_03-10_15-K1-10X.jpeg,1.0363140908180544,nan,1048,0,CONSISTENT,"folder, filename, and visual evidence agree"
C:\Users\ASUS\Desktop\Ders\blg521\data\02.03\2015\K1\1X\02_03-2015_09_04-10_17-K1-1X.jpeg,02.03\2015\K1\1X\02_03-2015_09_04-10_17-K1-1X.jpeg,02.03,2015,K1,2015-09-04 10:17:00,1X,1X,1X,1.0,0.899792,0.0,C:\Users\ASUS\Desktop\Ders\blg521\data\02.03\2015\K1\1X\02_03-2015_09_03-10_16-K1-1X.jpeg,C:\Users\ASUS\Desktop\Ders\blg521\data\02.03\2015\K1\10X\02_03-2015_09_03-10_15-K1-10X.jpeg,0.9649524456968968,nan,1057,0,CONSISTENT,"folder, filename, and visual evidence agree"
C:\Users\ASUS\Desktop\Ders\blg521\data\02.03\2015\K1\1X\02_03-2015_09_05-10_30-K1-1X.jpeg,02.03\2015\K1\1X\02_03-2015_09_05-10_30-K1-1X.jpeg,02.03,2015,K1,2015-09-05 10:30:00,1X,1X,1X,1.0,0.902419,0.0,C:\Users\ASUS\Desktop\Ders\blg521\data\02.03\2015\K1\1X\02_03-2015_09_06-10_00-K1-1X.jpeg,C:\Users\ASUS\Desktop\Ders\blg521\data\02.03\2015\K1\10X\02_03-2015_09_06-10_00-K1-10X.jpeg,0.9796152039848368,nan,178,0,CONSISTENT,"folder, filename, and visual evidence agree"
C:\Users\ASUS\Desktop\Ders\blg521\data\02.03\2015\K1\1X\02_03-2015_09_06-10_00-K1-1X.jpeg,02.03\2015\K1\1X\02_03-2015_09_06-10_00-K1-1X.jpeg,02.03,2015,K1,2015-09-06 10:00:00,1X,1X,1X,1.0,0.907876,0.0,C:\Users\ASUS\Desktop\Ders\blg521\data\02.03\2015\K1\1X\02_03-2015_09_05-10_30-K1-1X.jpeg,C:\Users\ASUS\Desktop\Ders\blg521\data\02.03\2015\K1\10X\02_03-2015_09_06-10_00-K1-10X.jpeg,1.020786415109556,5.71767643036858,175,6,CONSISTENT,"folder, filename, and visual evidence agree"
C:\Users\ASUS\Desktop\Ders\blg521\data\02.03\2015\K1\1X\02_03-2015_09_07-11_22-K1-1X.jpeg,02.03\2015\K1\1X\02_03-2015_09_07-11_22-K1-1X.jpeg,02.03,2015,K1,2015-09-07 11:22:00,1X,1X,1X,1.0,0.834028,0.0,C:\Users\ASUS\Desktop\Ders\blg521\data\02.03\2015\K1\1X\02_03-2015_09_08-11_04-K1-1X.jpeg,C:\Users\ASUS\Desktop\Ders\blg521\data\02.03\2015\K1\10X\02_03-2015_09_07-11_21-K1-10X.jpeg,0.9369673432821832,181.76855511778155,915,6,CONSISTENT,"folder, filename, and visual evidence agree"
C:\Users\ASUS\Desktop\Ders\blg521\data\02.03\2015\K1\1X\02_03-2015_09_08-11_04-K1-1X.jpeg,02.03\2015\K1\1X\02_03-2015_09_08-11_04-K1-1X.jpeg,02.03,2015,K1,2015-09-08 11:04:00,1X,1X,1X,1.0,0.829556,0.0,C:\Users\ASUS\Desktop\Ders\blg521\data\02.03\2015\K1\1X\02_03-2015_09_07-11_22-K1-1X.jpeg,C:\Users\ASUS\Desktop\Ders\blg521\data\02.03\2015\K1\10X\02_03-2015_09_08-11_03-K1-10X.jpeg,1.067114884518665,nan,908,0,CONSISTENT,"folder, filename, and visual evidence agree"
C:\Users\ASUS\Desktop\Ders\blg521\data\02.03\2015\K1\1X\02_03-2015_09_09-11_05-K1-1X.jpeg,02.03\2015\K1\1X\02_03-2015_09_09-11_05-K1-1X.jpeg,02.03,2015,K1,2015-09-09 11:05:00,1X,1X,1X,1.0,0.861533,0.0,C:\Users\ASUS\Desktop\Ders\blg521\data\02.03\2015\K1\1X\02_03-2015_09_10-10_00-K1-1X.jpeg,C:\Users\ASUS\Desktop\Ders\blg521\data\02.03\2015\K1\10X\02_03-2015_09_10-10_00-K1-10X.jpeg,0.9527132086292909,nan,674,0,CONSISTENT,"folder, filename, and visual evidence agree"
C:\Users\ASUS\Desktop\Ders\blg521\data\02.03\2015\K1\1X\02_03-2015_09_10-10_00-K1-1X.jpeg,02.03\2015\K1\1X\02_03-2015_09_10-10_00-K1-1X.jpeg,02.03,2015,K1,2015-09-10 10:00:00,1X,1X,1X,1.0,0.863767,0.0,C:\Users\ASUS\Desktop\Ders\blg521\data\02.03\2015\K1\1X\02_03-2015_09_09-11_05-K1-1X.jpeg,C:\Users\ASUS\Desktop\Ders\blg521\data\02.03\2015\K1\10X\02_03-2015_09_10-10_00-K1-10X.jpeg,1.0497519297445272,nan,652,0,CONSISTENT,"folder, filename, and visual evidence agree"
C:\Users\ASUS\Desktop\Ders\blg521\data\02.03\2015\K1\1X\02_03-2015_09_12-10_00-K1-1X.jpeg,02.03\2015\K1\1X\02_03-2015_09_12-10_00-K1-1X.jpeg,02.03,2015,K1,2015-09-12 10:00:00,1X,1X,1X,1.0,0.956909,0.0,C:\Users\ASUS\Desktop\Ders\blg521\data\02.03\2015\K1\1X\02_03-2015_09_13-09_00-K1-1X.jpeg,C:\Users\ASUS\Desktop\Ders\blg521\data\02.03\2015\K1\10X\02_03-2015_09_13-09_00-K1-10X.jpeg,0.9933235472018049,nan,600,0,CONSISTENT,"folder, filename, and visual evidence agree"
C:\Users\ASUS\Desktop\Ders\blg521\data\02.03\2015\K1\1X\02_03-2015_09_13-09_00-K1-1X.jpeg,02.03\2015\K1\1X\02_03-2015_09_13-09_00-K1-1X.jpeg,02.03,2015,K1,2015-09-13 09:00:00,1X,1X,1X,1.0,0.954843,0.0,C:\Users\ASUS\Desktop\Ders\blg521\data\02.03\2015\K1\1X\02_03-2015_09_12-10_00-K1-1X.jpeg,C:\Users\ASUS\Desktop\Ders\blg521\data\02.03\2015\K1\10X\02_03-2015_09_13-09_00-K1-10X.jpeg,1.006854661731546,nan,582,0,CONSISTENT,"folder, filename, and visual evidence agree"
C:\Users\ASUS\Desktop\Ders\blg521\data\02.03\2015\K1\1X\02_03-2015_09_14-09_00-K1-1X.jpeg,02.03\2015\K1\1X\02_03-2015_09_14-09_00-K1-1X.jpeg,02.03,2015,K1,2015-09-14 09:00:00,1X,1X,1X,1.0,0.897126,0.0,C:\Users\ASUS\Desktop\Ders\blg521\data\02.03\2015\K1\1X\02_03-2015_09_13-09_00-K1-1X.jpeg,C:\Users\ASUS\Desktop\Ders\blg521\data\02.03\2015\K1\10X\02_03-2015_09_14-09_00-K1-10X.jpeg,1.034793225225525,5.217657060047965,961,6,CONSISTENT,"folder, filename, and visual evidence agree"
C:\Users\ASUS\Desktop\Ders\blg521\data\02.03\2015\K1\1X\02_03-2015_09_15-09_30-K1-1X.jpeg,02.03\2015\K1\1X\02_03-2015_09_15-09_30-K1-1X.jpeg,02.03,2015,K1,2015-09-15 09:30:00,1X,1X,1X,0.998376,0.943777,0.001535,C:\Users\ASUS\Desktop\Ders\blg521\data\02.03\2015\K1\1X\02_03-2015_09_14-09_00-K1-1X.jpeg,C:\Users\ASUS\Desktop\Ders\blg521\data\02.03\2015\K1\10X\02_03-2015_09_15-09_30-K1-10X.jpeg,0.9863760815033172,10.025241878825893,894,13,CONSISTENT,"folder, filename, and visual evidence agree"
C:\Users\ASUS\Desktop\Ders\blg521\data\02.03\2015\K1\1X\02_03-2015_09_16-10_00-K1-1X.jpeg,02.03\2015\K1\1X\02_03-2015_09_16-10_00-K1-1X.jpeg,02.03,2015,K1,2015-09-16 10:00:00,1X,1X,1X,1.0,0.882105,0.0,C:\Users\ASUS\Desktop\Ders\blg521\data\02.03\2015\K1\1X\02_03-2015_09_17-10_00-K1-1X.jpeg,C:\Users\ASUS\Desktop\Ders\blg521\data\02.03\2015\K1\10X\02_03-2015_09_16-10_00-K1-10X.jpeg,1.0421861831079293,nan,980,0,CONSISTENT,"folder, filename, and visual evidence agree"
C:\Users\ASUS\Desktop\Ders\blg521\data\02.03\2015\K1\1X\02_03-2015_09_17-10_00-K1-1X.jpeg,02.03\2015\K1\1X\02_03-2015_09_17-10_00-K1-1X.jpeg,02.03,2015,K1,2015-09-17 10:00:00,1X,1X,1X,1.0,0.885099,0.0,C:\Users\ASUS\Desktop\Ders\blg521\data\02.03\2015\K1\1X\02_03-2015_09_16-10_00-K1-1X.jpeg,C:\Users\ASUS\Desktop\Ders\blg521\data\02.03\2015\K1\10X\02_03-2015_09_16-10_00-K1-10X.jpeg,0.959536361242399,nan,987,0,CONSISTENT,"folder, filename, and visual evidence agree"
C:\Users\ASUS\Desktop\Ders\blg521\data\02.03\2015\K1\1X\02_03-2015_09_19-10_00-K1-1X.jpeg,02.03\2015\K1\1X\02_03-2015_09_19-10_00-K1-1X.jpeg,02.03,2015,K1,2015-09-19 10:00:00,1X,1X,1X,1.0,0.978846,0.0,C:\Users\ASUS\Desktop\Ders\blg521\data\02.03\2015\K1\1X\02_03-2015_09_17-10_00-K1-1X.jpeg,C:\Users\ASUS\Desktop\Ders\blg521\data\02.03\2015\K1\10X\02_03-2015_09_16-10_00-K1-10X.jpeg,0.9988406837889466,nan,1048,0,CONSISTENT,"folder, filename, and visual evidence agree"
C:\Users\ASUS\Desktop\Ders\blg521\data\02.03\2015\K1\1X\02_03-2015_10_05-10_00-K1-1X.jpeg,02.03\2015\K1\1X\02_03-2015_10_05-10_00-K1-1X.jpeg,02.03,2015,K1,2015-10-05 10:00:00,1X,1X,1X,1.0,0.868006,0.0,C:\Users\ASUS\Desktop\Ders\blg521\data\02.03\2015\K1\1X\02_03-2015_10_15-09_08-K1-1X.jpeg,C:\Users\ASUS\Desktop\Ders\blg521\data\02.03\2015\K1\10X\02_03-2015_10_15-09_07-K1-10X.jpeg,0.9590432499673045,nan,331,0,CONSISTENT,"folder, filename, and visual evidence agree"
C:\Users\ASUS\Desktop\Ders\blg521\data\02.03\2015\K1\1X\02_03-2015_10_15-09_08-K1-1X.jpeg,02.03\2015\K1\1X\02_03-2015_10_15-09_08-K1-1X.jpeg,02.03,2015,K1,2015-10-15 09:08:00,1X,1X,1X,1.0,0.858045,0.0,C:\Users\ASUS\Desktop\Ders\blg521\data\02.03\2015\K1\1X\02_03-2015_10_05-10_00-K1-1X.jpeg,C:\Users\ASUS\Desktop\Ders\blg521\data\02.03\2015\K1\10X\02_03-2015_10_15-09_07-K1-10X.jpeg,1.0437267556721745,nan,318,0,CONSISTENT,"folder, filename, and visual evidence agree"
C:\Users\ASUS\Desktop\Ders\blg521\data\02.03\2015\K1\1X\02_03-2015_10_25-10_00-K1-1X.jpeg,02.03\2015\K1\1X\02_03-2015_10_25-10_00-K1-1X.jpeg,02.03,2015,K1,2015-10-25 10:00:00,1X,1X,1X,1.0,0.956502,0.0,C:\Users\ASUS\Desktop\Ders\blg521\data\02.03\2015\K1\1X\02_03-2015_10_26-10_00-K1-1X.jpeg,C:\Users\ASUS\Desktop\Ders\blg521\data\02.03\2015\K1\10X\02_03-2015_10_25-10_00-K1-10X.jpeg,0.9920863540774527,nan,785,0,CONSISTENT,"folder, filename, and visual evidence agree"
C:\Users\ASUS\Desktop\Ders\blg521\data\02.03\2015\K1\1X\02_03-2015_10_26-10_00-K1-1X.jpeg,02.03\2015\K1\1X\02_03-2015_10_26-10_00-K1-1X.jpeg,02.03,2015,K1,2015-10-26 10:00:00,1X,1X,1X,1.0,0.954148,0.0,C:\Users\ASUS\Desktop\Ders\blg521\data\02.03\2015\K1\1X\02_03-2015_10_25-10_00-K1-1X.jpeg,C:\Users\ASUS\Desktop\Ders\blg521\data\02.03\2015\K1\10X\02_03-2015_10_26-10_00-K1-10X.jpeg,1.0079706220645512,nan,777,0,CONSISTENT,"folder, filename, and visual evidence agree"
C:\Users\ASUS\Desktop\Ders\blg521\data\02.03\2015\K1\1X\02_03-2015_10_29-11_16-K1-1X.jpeg,02.03\2015\K1\1X\02_03-2015_10_29-11_16-K1-1X.jpeg,02.03,2015,K1,2015-10-29 11:16:00,1X,1X,1X,0.997256,0.836734,0.002302,C:\Users\ASUS\Desktop\Ders\blg521\data\02.03\2015\K1\1X\02_03-2015_10_26-10_00-K1-1X.jpeg,C:\Users\ASUS\Desktop\Ders\blg521\data\02.03\2015\K1\10X\02_03-2015_10_28-11_13-K1-10X.jpeg,0.9507834120595858,8.388268040251686,242,12,CONSISTENT,"folder, filename, and visual evidence agree"
C:\Users\ASUS\Desktop\Ders\blg521\data\02.03\2015\K1\1X\02_03-2015_11_02-10_00-K1-1X.jpeg,02.03\2015\K1\1X\02_03-2015_11_02-10_00-K1-1X.jpeg,02.03,2015,K1,2015-11-02 10:00:00,1X,1X,1X,1.0,0.943439,0.0,C:\Users\ASUS\Desktop\Ders\blg521\data\02.03\2015\K1\1X\02_03-2015_11_03-10_00-K1-1X.jpeg,C:\Users\ASUS\Desktop\Ders\blg521\data\02.03\2015\K1\10X\02_03-2015_11_02-10_00-K1-10X.jpeg,0.9825372710092108,nan,1017,0,CONSISTENT,"folder, filename, and visual evidence agree"
C:\Users\ASUS\Desktop\Ders\blg521\data\02.03\2015\K1\1X\02_03-2015_11_03-10_00-K1-1X.jpeg,02.03\2015\K1\1X\02_03-2015_11_03-10_00-K1-1X.jpeg,02.03,2015,K1,2015-11-03 10:00:00,1X,1X,1X,1.0,0.923157,0.0,C:\Users\ASUS\Desktop\Ders\blg521\data\02.03\2015\K1\1X\02_03-2015_11_04-09_56-K1-1X.jpeg,C:\Users\ASUS\Desktop\Ders\blg521\data\02.03\2015\K1\10X\02_03-2015_11_03-10_00-K1-10X.jpeg,1.024538940646231,nan,947,0,CONSISTENT,"folder, filename, and visual evidence agree"
C:\Users\ASUS\Desktop\Ders\blg521\data\02.03\2015\K1\1X\02_03-2015_11_04-09_56-K1-1X.jpeg,02.03\2015\K1\1X\02_03-2015_11_04-09_56-K1-1X.jpeg,02.03,2015,K1,2015-11-04 09:56:00,1X,1X,1X,1.0,0.925768,0.0,C:\Users\ASUS\Desktop\Ders\blg521\data\02.03\2015\K1\1X\02_03-2015_11_03-10_00-K1-1X.jpeg,C:\Users\ASUS\Desktop\Ders\blg521\data\02.03\2015\K1\10X\02_03-2015_11_04-10_06-K1-10X.jpeg,0.9766132511425542,nan,959,0,CONSISTENT,"folder, filename, and visual evidence agree"
C:\Users\ASUS\Desktop\Ders\blg521\data\02.03\2015\K1\1X\02_03-2015_11_08-12_00-K1-1X.jpeg,02.03\2015\K1\1X\02_03-2015_11_08-12_00-K1-1X.jpeg,02.03,2015,K1,2015-11-08 12:00:00,1X,1X,1X,1.0,0.854282,0.0,C:\Users\ASUS\Desktop\Ders\blg521\data\02.03\2015\K1\1X\02_03-2015_11_09-10_39-K1-1X.jpeg,C:\Users\ASUS\Desktop\Ders\blg521\data\02.03\2015\K1\10X\02_03-2015_11_09-10_38-K1-10X.jpeg,0.9576727203905627,nan,147,0,CONSISTENT,"folder, filename, and visual evidence agree"
C:\Users\ASUS\Desktop\Ders\blg521\data\02.03\2015\K1\1X\02_03-2015_11_09-10_39-K1-1X.jpeg,02.03\2015\K1\1X\02_03-2015_11_09-10_39-K1-1X.jpeg,02.03,2015,K1,2015-11-09 10:39:00,1X,1X,1X,1.0,0.837875,0.0,C:\Users\ASUS\Desktop\Ders\blg521\data\02.03\2015\K1\1X\02_03-2015_11_08-12_00-K1-1X.jpeg,C:\Users\ASUS\Desktop\Ders\blg521\data\02.03\2015\K1\10X\02_03-2015_11_09-10_38-K1-10X.jpeg,1.0443165253473412,nan,144,0,CONSISTENT,"folder, filename, and visual evidence agree"
C:\Users\ASUS\Desktop\Ders\blg521\data\02.03\2015\K1\1X\02_03-2015_11_10-10_00-K1-1X.jpeg,02.03\2015\K1\1X\02_03-2015_11_10-10_00-K1-1X.jpeg,02.03,2015,K1,2015-11-10 10:00:00,1X,1X,1X,0.998588,0.95589,0.001352,C:\Users\ASUS\Desktop\Ders\blg521\data\02.03\2015\K1\1X\02_03-2015_11_09-10_39-K1-1X.jpeg,C:\Users\ASUS\Desktop\Ders\blg521\data\02.03\2015\K1\10X\02_03-2015_11_10-10_00-K1-10X.jpeg,0.9999243698508733,9.585962319872142,356,10,CONSISTENT,"folder, filename, and visual evidence agree"
C:\Users\ASUS\Desktop\Ders\blg521\data\02.03\2015\K1\1X\02_03-2015_11_14-10_55-K1-1X.jpeg,02.03\2015\K1\1X\02_03-2015_11_14-10_55-K1-1X.jpeg,02.03,2015,K1,2015-11-14 10:55:00,1X,1X,,0.0,0.0,0.0,C:\Users\ASUS\Desktop\Ders\blg521\data\02.03\2015\K1\1X\02_03-2015_11_16-10_00-K1-1X.jpeg,C:\Users\ASUS\Desktop\Ders\blg521\data\02.03\2015\K1\10X\02_03-2015_11_14-10_54-K1-10X.jpeg,nan,nan,0,0,VISUAL_INCONCLUSIVE,insufficient or conflicting registration evidence
C:\Users\ASUS\Desktop\Ders\blg521\data\02.03\2015\K1\1X\02_03-2015_11_16-10_00-K1-1X.jpeg,02.03\2015\K1\1X\02_03-2015_11_16-10_00-K1-1X.jpeg,02.03,2015,K1,2015-11-16 10:00:00,1X,1X,1X,1.0,0.834057,0.0,C:\Users\ASUS\Desktop\Ders\blg521\data\02.03\2015\K1\1X\02_03-2015_11_17-10_36-K1-1X.jpeg,C:\Users\ASUS\Desktop\Ders\blg521\data\02.03\2015\K1\10X\02_03-2015_11_16-10_00-K1-10X.jpeg,1.0565953004500372,nan,145,0,CONSISTENT,"folder, filename, and visual evidence agree"
C:\Users\ASUS\Desktop\Ders\blg521\data\02.03\2015\K1\1X\02_03-2015_11_17-10_36-K1-1X.jpeg,02.03\2015\K1\1X\02_03-2015_11_17-10_36-K1-1X.jpeg,02.03,2015,K1,2015-11-17 10:36:00,1X,1X,1X,1.0,0.837158,0.0,C:\Users\ASUS\Desktop\Ders\blg521\data\02.03\2015\K1\1X\02_03-2015_11_18-10_00-K1-1X.jpeg,C:\Users\ASUS\Desktop\Ders\blg521\data\02.03\2015\K1\10X\02_03-2015_11_16-10_00-K1-10X.jpeg,1.0598391470418014,nan,110,0,CONSISTENT,"folder, filename, and visual evidence agree"
C:\Users\ASUS\Desktop\Ders\blg521\data\02.03\2015\K1\1X\02_03-2015_11_18-10_00-K1-1X.jpeg,02.03\2015\K1\1X\02_03-2015_11_18-10_00-K1-1X.jpeg,02.03,2015,K1,2015-11-18 10:00:00,1X,1X,1X,1.0,0.812168,0.0,C:\Users\ASUS\Desktop\Ders\blg521\data\02.03\2015\K1\1X\02_03-2015_11_17-10_36-K1-1X.jpeg,C:\Users\ASUS\Desktop\Ders\blg521\data\02.03\2015\K1\10X\02_03-2015_11_19-10_00-K1-10X.jpeg,0.9435004491881418,nan,133,0,CONSISTENT,"folder, filename, and visual evidence agree"
C:\Users\ASUS\Desktop\Ders\blg521\data\02.03\2015\K1\1X\02_03-2015_11_19-10_00-K1-1X.jpeg,02.03\2015\K1\1X\02_03-2015_11_19-10_00-K1-1X.jpeg,02.03,2015,K1,2015-11-19 10:00:00,1X,1X,1X,1.0,0.776429,0.0,C:\Users\ASUS\Desktop\Ders\blg521\data\02.03\2015\K1\1X\02_03-2015_11_18-10_00-K1-1X.jpeg,C:\Users\ASUS\Desktop\Ders\blg521\data\02.03\2015\K1\10X\02_03-2015_11_19-10_00-K1-10X.jpeg,1.0911923787602384,nan,282,0,CONSISTENT,"folder, filename, and visual evidence agree"
C:\Users\ASUS\Desktop\Ders\blg521\data\02.03\2015\K1\1X\02_03-2015_11_20-10_54-K1-1X.jpeg,02.03\2015\K1\1X\02_03-2015_11_20-10_54-K1-1X.jpeg,02.03,2015,K1,2015-11-20 10:54:00,1X,1X,1X,1.0,0.954268,0.0,C:\Users\ASUS\Desktop\Ders\blg521\data\02.03\2015\K1\1X\02_03-2015_11_21-10_00-K1-1X.jpeg,C:\Users\ASUS\Desktop\Ders\blg521\data\02.03\2015\K1\10X\02_03-2015_11_20-10_53-K1-10X.jpeg,1.0078524229075523,nan,283,0,CONSISTENT,"folder, filename, and visual evidence agree"
C:\Users\ASUS\Desktop\Ders\blg521\data\02.03\2015\K1\1X\02_03-2015_11_21-10_00-K1-1X.jpeg,02.03\2015\K1\1X\02_03-2015_11_21-10_00-K1-1X.jpeg,02.03,2015,K1,2015-11-21 10:00:00,1X,1X,1X,1.0,0.955995,0.0,C:\Users\ASUS\Desktop\Ders\blg521\data\02.03\2015\K1\1X\02_03-2015_11_20-10_54-K1-1X.jpeg,C:\Users\ASUS\Desktop\Ders\blg521\data\02.03\2015\K1\10X\02_03-2015_11_21-10_00-K1-10X.jpeg,0.9922267548678768,nan,275,0,CONSISTENT,"folder, filename, and visual evidence agree"
C:\Users\ASUS\Desktop\Ders\blg521\data\02.03\2015\K1\1X\02_03-2015_11_23-10_00-K1-1X.jpeg,02.03\2015\K1\1X\02_03-2015_11_23-10_00-K1-1X.jpeg,02.03,2015,K1,2015-11-23 10:00:00,1X,1X,1X,1.0,0.835979,0.0,C:\Users\ASUS\Desktop\Ders\blg521\data\02.03\2015\K1\1X\02_03-2015_11_21-10_00-K1-1X.jpeg,C:\Users\ASUS\Desktop\Ders\blg521\data\02.03\2015\K1\10X\02_03-2015_11_23-10_00-K1-10X.jpeg,0.9426624133373522,nan,355,0,CONSISTENT,"folder, filename, and visual evidence agree"
C:\Users\ASUS\Desktop\Ders\blg521\data\02.03\2015\K1\1X\02_03-2015_11_27-10_00-K1-1X.jpeg,02.03\2015\K1\1X\02_03-2015_11_27-10_00-K1-1X.jpeg,02.03,2015,K1,2015-11-27 10:00:00,1X,1X,1X,1.0,0.861432,0.0,C:\Users\ASUS\Desktop\Ders\blg521\data\02.03\2015\K1\1X\02_03-2015_11_28-10_00-K1-1X.jpeg,C:\Users\ASUS\Desktop\Ders\blg521\data\02.03\2015\K1\10X\02_03-2015_11_27-10_00-K1-10X.jpeg,1.049351073261741,nan,57,0,CONSISTENT,"folder, filename, and visual evidence agree"
C:\Users\ASUS\Desktop\Ders\blg521\data\02.03\2015\K1\1X\02_03-2015_11_28-10_00-K1-1X.jpeg,02.03\2015\K1\1X\02_03-2015_11_28-10_00-K1-1X.jpeg,02.03,2015,K1,2015-11-28 10:00:00,1X,1X,1X,1.0,0.732379,0.0,C:\Users\ASUS\Desktop\Ders\blg521\data\02.03\2015\K1\1X\02_03-2015_11_29-09_00-K1-1X.jpeg,C:\Users\ASUS\Desktop\Ders\blg521\data\02.03\2015\K1\10X\02_03-2015_11_29-09_00-K1-10X.jpeg,0.97676532325505,nan,34,0,CONSISTENT,"folder, filename, and visual evidence agree"
C:\Users\ASUS\Desktop\Ders\blg521\data\02.03\2015\K1\1X\02_03-2015_11_29-09_00-K1-1X.jpeg,02.03\2015\K1\1X\02_03-2015_11_29-09_00-K1-1X.jpeg,02.03,2015,K1,2015-11-29 09:00:00,1X,1X,1X,1.0,0.720004,0.0,C:\Users\ASUS\Desktop\Ders\blg521\data\02.03\2015\K1\1X\02_03-2015_11_28-10_00-K1-1X.jpeg,C:\Users\ASUS\Desktop\Ders\blg521\data\02.03\2015\K1\10X\02_03-2015_11_29-09_00-K1-10X.jpeg,1.04263887336576,nan,35,0,CONSISTENT,"folder, filename, and visual evidence agree"
C:\Users\ASUS\Desktop\Ders\blg521\data\02.03\2015\K1\1X\02_03-2015_11_30-10_00-K1-1X.jpeg,02.03\2015\K1\1X\02_03-2015_11_30-10_00-K1-1X.jpeg,02.03,2015,K1,2015-11-30 10:00:00,1X,1X,,0.0,0.0,0.0,C:\Users\ASUS\Desktop\Ders\blg521\data\02.03\2015\K1\1X\02_03-2015_12_01-10_00-K1-1X.jpeg,C:\Users\ASUS\Desktop\Ders\blg521\data\02.03\2015\K1\10X\02_03-2015_12_01-10_00-K1-10X.jpeg,nan,nan,0,0,VISUAL_INCONCLUSIVE,insufficient or conflicting registration evidence
C:\Users\ASUS\Desktop\Ders\blg521\data\02.03\2015\K1\1X\02_03-2015_12_01-10_00-K1-1X.jpeg,02.03\2015\K1\1X\02_03-2015_12_01-10_00-K1-1X.jpeg,02.03,2015,K1,2015-12-01 10:00:00,1X,1X,,0.0,0.0,0.0,C:\Users\ASUS\Desktop\Ders\blg521\data\02.03\2015\K1\1X\02_03-2015_11_30-10_00-K1-1X.jpeg,C:\Users\ASUS\Desktop\Ders\blg521\data\02.03\2015\K1\10X\02_03-2015_12_01-10_00-K1-10X.jpeg,nan,nan,0,0,VISUAL_INCONCLUSIVE,insufficient or conflicting registration evidence
C:\Users\ASUS\Desktop\Ders\blg521\data\02.03\2015\K1\1X\02_03-2015_12_02-10_00-K1-1X.jpeg,02.03\2015\K1\1X\02_03-2015_12_02-10_00-K1-1X.jpeg,02.03,2015,K1,2015-12-02 10:00:00,1X,1X,1X,1.0,0.915359,0.0,C:\Users\ASUS\Desktop\Ders\blg521\data\02.03\2015\K1\1X\02_03-2015_12_01-10_00-K1-1X.jpeg,C:\Users\ASUS\Desktop\Ders\blg521\data\02.03\2015\K1\10X\02_03-2015_12_02-10_00-K1-10X.jpeg,0.975617511034055,nan,357,0,CONSISTENT,"folder, filename, and visual evidence agree"
C:\Users\ASUS\Desktop\Ders\blg521\data\02.03\2015\K1\1X\02_03-2015_12_03-10_00-K1-1X.jpeg,02.03\2015\K1\1X\02_03-2015_12_03-10_00-K1-1X.jpeg,02.03,2015,K1,2015-12-03 10:00:00,1X,1X,1X,1.0,0.92797,0.0,C:\Users\ASUS\Desktop\Ders\blg521\data\02.03\2015\K1\1X\02_03-2015_12_02-10_00-K1-1X.jpeg,C:\Users\ASUS\Desktop\Ders\blg521\data\02.03\2015\K1\10X\02_03-2015_12_02-10_00-K1-10X.jpeg,0.9842677132542278,nan,329,0,CONSISTENT,"folder, filename, and visual evidence agree"
C:\Users\ASUS\Desktop\Ders\blg521\data\02.03\2015\K1\1X\02_03-2015_12_04-10_00-K1-1X.jpeg,02.03\2015\K1\1X\02_03-2015_12_04-10_00-K1-1X.jpeg,02.03,2015,K1,2015-12-04 10:00:00,1X,1X,1X,1.0,0.916326,0.0,C:\Users\ASUS\Desktop\Ders\blg521\data\02.03\2015\K1\1X\02_03-2015_12_03-10_00-K1-1X.jpeg,C:\Users\ASUS\Desktop\Ders\blg521\data\02.03\2015\K1\10X\02_03-2015_12_04-10_00-K1-10X.jpeg,1.0160091983980395,nan,244,0,CONSISTENT,"folder, filename, and visual evidence agree"
C:\Users\ASUS\Desktop\Ders\blg521\data\02.03\2015\K1\1X\02_03-2015_12_05-10_19-K1-1X.jpeg,02.03\2015\K1\1X\02_03-2015_12_05-10_19-K1-1X.jpeg,02.03,2015,K1,2015-12-05 10:19:00,1X,1X,1X,1.0,0.861008,0.0,C:\Users\ASUS\Desktop\Ders\blg521\data\02.03\2015\K1\1X\02_03-2015_12_06-10_21-K1-1X.jpeg,C:\Users\ASUS\Desktop\Ders\blg521\data\02.03\2015\K1\10X\02_03-2015_12_05-10_19-K1-10X.jpeg,1.051466842034313,nan,647,0,CONSISTENT,"folder, filename, and visual evidence agree"
C:\Users\ASUS\Desktop\Ders\blg521\data\02.03\2015\K1\1X\02_03-2015_12_06-10_21-K1-1X.jpeg,02.03\2015\K1\1X\02_03-2015_12_06-10_21-K1-1X.jpeg,02.03,2015,K1,2015-12-06 10:21:00,1X,1X,1X,1.0,0.80256,0.0,C:\Users\ASUS\Desktop\Ders\blg521\data\02.03\2015\K1\1X\02_03-2015_12_07-10_00-K1-1X.jpeg,C:\Users\ASUS\Desktop\Ders\blg521\data\02.03\2015\K1\10X\02_03-2015_12_06-10_21-K1-10X.jpeg,0.9272203231253545,nan,562,0,CONSISTENT,"folder, filename, and visual evidence agree"
C:\Users\ASUS\Desktop\Ders\blg521\data\02.03\2015\K1\1X\02_03-2015_12_07-10_00-K1-1X.jpeg,02.03\2015\K1\1X\02_03-2015_12_07-10_00-K1-1X.jpeg,02.03,2015,K1,2015-12-07 10:00:00,1X,1X,1X,1.0,0.79614,0.0,C:\Users\ASUS\Desktop\Ders\blg521\data\02.03\2015\K1\1X\02_03-2015_12_06-10_21-K1-1X.jpeg,C:\Users\ASUS\Desktop\Ders\blg521\data\02.03\2015\K1\10X\02_03-2015_12_07-10_00-K1-10X.jpeg,1.0787418231840733,nan,556,0,CONSISTENT,"folder, filename, and visual evidence agree"
C:\Users\ASUS\Desktop\Ders\blg521\data\02.03\2015\K1\1X\02_03-2015_12_09-10_00-K1-1X.jpeg,02.03\2015\K1\1X\02_03-2015_12_09-10_00-K1-1X.jpeg,02.03,2015,K1,2015-12-09 10:00:00,1X,1X,1X,1.0,0.885835,0.0,C:\Users\ASUS\Desktop\Ders\blg521\data\02.03\2015\K1\1X\02_03-2015_12_10-10_00-K1-1X.jpeg,C:\Users\ASUS\Desktop\Ders\blg521\data\02.03\2015\K1\10X\02_03-2015_12_09-10_00-K1-10X.jpeg,1.0365167691868318,nan,488,0,CONSISTENT,"folder, filename, and visual evidence agree"
C:\Users\ASUS\Desktop\Ders\blg521\data\02.03\2015\K1\1X\02_03-2015_12_10-10_00-K1-1X.jpeg,02.03\2015\K1\1X\02_03-2015_12_10-10_00-K1-1X.jpeg,02.03,2015,K1,2015-12-10 10:00:00,1X,1X,1X,1.0,0.891814,0.0,C:\Users\ASUS\Desktop\Ders\blg521\data\02.03\2015\K1\1X\02_03-2015_12_09-10_00-K1-1X.jpeg,C:\Users\ASUS\Desktop\Ders\blg521\data\02.03\2015\K1\10X\02_03-2015_12_10-10_00-K1-10X.jpeg,0.964827918790799,nan,493,0,CONSISTENT,"folder, filename, and visual evidence agree"
C:\Users\ASUS\Desktop\Ders\blg521\data\02.03\2015\K1\1X\02_03-2015_12_11-10_00-K1-1X.jpeg,02.03\2015\K1\1X\02_03-2015_12_11-10_00-K1-1X.jpeg,02.03,2015,K1,2015-12-11 10:00:00,1X,1X,1X,1.0,0.872808,0.0,C:\Users\ASUS\Desktop\Ders\blg521\data\02.03\2015\K1\1X\02_03-2015_12_12-09_00-K1-1X.jpeg,C:\Users\ASUS\Desktop\Ders\blg521\data\02.03\2015\K1\10X\02_03-2015_12_11-10_00-K1-10X.jpeg,1.0420634126638422,nan,152,0,CONSISTENT,"folder, filename, and visual evidence agree"
C:\Users\ASUS\Desktop\Ders\blg521\data\02.03\2015\K1\1X\02_03-2015_12_12-09_00-K1-1X.jpeg,02.03\2015\K1\1X\02_03-2015_12_12-09_00-K1-1X.jpeg,02.03,2015,K1,2015-12-12 09:00:00,1X,1X,1X,1.0,0.865265,0.0,C:\Users\ASUS\Desktop\Ders\blg521\data\02.03\2015\K1\1X\02_03-2015_12_11-10_00-K1-1X.jpeg,C:\Users\ASUS\Desktop\Ders\blg521\data\02.03\2015\K1\10X\02_03-2015_12_11-10_00-K1-10X.jpeg,0.9589261182123613,nan,153,0,CONSISTENT,"folder, filename, and visual evidence agree"
C:\Users\ASUS\Desktop\Ders\blg521\data\02.03\2015\K1\1X\02_03-2015_12_13-10_00-K1-1X.jpeg,02.03\2015\K1\1X\02_03-2015_12_13-10_00-K1-1X.jpeg,02.03,2015,K1,2015-12-13 10:00:00,1X,1X,1X,1.0,0.959311,0.0,C:\Users\ASUS\Desktop\Ders\blg521\data\02.03\2015\K1\1X\02_03-2015_12_14-10_00-K1-1X.jpeg,C:\Users\ASUS\Desktop\Ders\blg521\data\02.03\2015\K1\10X\02_03-2015_12_11-10_00-K1-10X.jpeg,1.0013957475729496,nan,112,0,CONSISTENT,"folder, filename, and visual evidence agree"
C:\Users\ASUS\Desktop\Ders\blg521\data\02.03\2015\K1\1X\02_03-2015_12_14-10_00-K1-1X.jpeg,02.03\2015\K1\1X\02_03-2015_12_14-10_00-K1-1X.jpeg,02.03,2015,K1,2015-12-14 10:00:00,1X,1X,1X,1.0,0.92161,0.0,C:\Users\ASUS\Desktop\Ders\blg521\data\02.03\2015\K1\1X\02_03-2015_12_13-10_00-K1-1X.jpeg,C:\Users\ASUS\Desktop\Ders\blg521\data\02.03\2015\K1\10X\02_03-2015_12_11-10_00-K1-10X.jpeg,0.9976236345869969,nan,100,0,CONSISTENT,"folder, filename, and visual evidence agree"
C:\Users\ASUS\Desktop\Ders\blg521\data\02.03\2015\K1\1X\02_03-2015_12_15-10_00-K1-1X.jpeg,02.03\2015\K1\1X\02_03-2015_12_15-10_00-K1-1X.jpeg,02.03,2015,K1,2015-12-15 10:00:00,1X,1X,1X,1.0,0.939288,0.0,C:\Users\ASUS\Desktop\Ders\blg521\data\02.03\2015\K1\1X\02_03-2015_12_14-10_00-K1-1X.jpeg,C:\Users\ASUS\Desktop\Ders\blg521\data\02.03\2015\K1\10X\02_03-2015_12_17-10_01-K1-10X.jpeg,1.0003542132701861,nan,125,0,CONSISTENT,"folder, filename, and visual evidence agree"
C:\Users\ASUS\Desktop\Ders\blg521\data\02.03\2015\K1\1X\02_03-2015_12_16-11_12-K1-1X.jpeg,02.03\2015\K1\1X\02_03-2015_12_16-11_12-K1-1X.jpeg,02.03,2015,K1,2015-12-16 11:12:00,1X,1X,1X,1.0,0.735032,0.0,C:\Users\ASUS\Desktop\Ders\blg521\data\02.03\2015\K1\1X\02_03-2015_12_17-10_02-K1-1X.jpeg,C:\Users\ASUS\Desktop\Ders\blg521\data\02.03\2015\K1\10X\02_03-2015_12_17-10_01-K1-10X.jpeg,0.9206321777542522,nan,91,0,CONSISTENT,"folder, filename, and visual evidence agree"
C:\Users\ASUS\Desktop\Ders\blg521\data\02.03\2015\K1\1X\02_03-2015_12_17-10_02-K1-1X.jpeg,02.03\2015\K1\1X\02_03-2015_12_17-10_02-K1-1X.jpeg,02.03,2015,K1,2015-12-17 10:02:00,1X,1X,1X,1.0,0.772248,0.0,C:\Users\ASUS\Desktop\Ders\blg521\data\02.03\2015\K1\1X\02_03-2015_12_16-11_12-K1-1X.jpeg,C:\Users\ASUS\Desktop\Ders\blg521\data\02.03\2015\K1\10X\02_03-2015_12_17-10_01-K1-10X.jpeg,1.0862702835376514,nan,74,0,CONSISTENT,"folder, filename, and visual evidence agree"
C:\Users\ASUS\Desktop\Ders\blg521\data\02.03\2015\K1\1X\02_03-2015_12_18-10_02-K1-1X.jpeg,02.03\2015\K1\1X\02_03-2015_12_18-10_02-K1-1X.jpeg,02.03,2015,K1,2015-12-18 10:02:00,1X,1X,1X,1.0,0.915595,0.0,C:\Users\ASUS\Desktop\Ders\blg521\data\02.03\2015\K1\1X\02_03-2015_12_19-10_01-K1-1X.jpeg,C:\Users\ASUS\Desktop\Ders\blg521\data\02.03\2015\K1\10X\02_03-2015_12_18-10_01-K1-10X.jpeg,1.0243452097500851,nan,399,0,CONSISTENT,"folder, filename, and visual evidence agree"
C:\Users\ASUS\Desktop\Ders\blg521\data\02.03\2015\K1\1X\02_03-2015_12_19-10_01-K1-1X.jpeg,02.03\2015\K1\1X\02_03-2015_12_19-10_01-K1-1X.jpeg,02.03,2015,K1,2015-12-19 10:01:00,1X,1X,,0.518107,0.919993,0.989131,C:\Users\ASUS\Desktop\Ders\blg521\data\02.03\2015\K1\1X\02_03-2015_12_18-10_02-K1-1X.jpeg,C:\Users\ASUS\Desktop\Ders\blg521\data\02.03\2015\K1\10X\02_03-2015_12_19-10_00-K1-10X.jpeg,0.9763557652137879,0.9999918661727251,395,657,VISUAL_INCONCLUSIVE,insufficient or conflicting registration evidence
C:\Users\ASUS\Desktop\Ders\blg521\data\02.03\2015\K1\1X\02_03-2015_12_20-10_00-K1-1X.jpeg,02.03\2015\K1\1X\02_03-2015_12_20-10_00-K1-1X.jpeg,02.03,2015,K1,2015-12-20 10:00:00,1X,1X,,0.501673,0.873181,0.879042,C:\Users\ASUS\Desktop\Ders\blg521\data\02.03\2015\K1\1X\02_03-2015_12_19-10_01-K1-1X.jpeg,C:\Users\ASUS\Desktop\Ders\blg521\data\02.03\2015\K1\10X\02_03-2015_12_19-10_00-K1-10X.jpeg,0.959158954332064,0.9600593113254382,389,398,VISUAL_INCONCLUSIVE,insufficient or conflicting registration evidence
C:\Users\ASUS\Desktop\Ders\blg521\data\02.03\2015\K1\1X\02_03-2015_12_21-10_00-K1-1X.jpeg,02.03\2015\K1\1X\02_03-2015_12_21-10_00-K1-1X.jpeg,02.03,2015,K1,2015-12-21 10:00:00,1X,1X,1X,1.0,0.9111,0.0,C:\Users\ASUS\Desktop\Ders\blg521\data\02.03\2015\K1\1X\02_03-2015_12_20-10_00-K1-1X.jpeg,C:\Users\ASUS\Desktop\Ders\blg521\data\02.03\2015\K1\10X\02_03-2015_12_21-10_00-K1-10X.jpeg,1.0259467124230286,nan,463,0,CONSISTENT,"folder, filename, and visual evidence agree"
C:\Users\ASUS\Desktop\Ders\blg521\data\02.03\2015\K1\1X\02_03-2015_12_22-10_00-K1-1X.jpeg,02.03\2015\K1\1X\02_03-2015_12_22-10_00-K1-1X.jpeg,02.03,2015,K1,2015-12-22 10:00:00,1X,1X,1X,1.0,0.911866,0.0,C:\Users\ASUS\Desktop\Ders\blg521\data\02.03\2015\K1\1X\02_03-2015_12_21-10_00-K1-1X.jpeg,C:\Users\ASUS\Desktop\Ders\blg521\data\02.03\2015\K1\10X\02_03-2015_12_21-10_00-K1-10X.jpeg,0.9737746613680704,nan,529,0,CONSISTENT,"folder, filename, and visual evidence agree"
C:\Users\ASUS\Desktop\Ders\blg521\data\02.03\2015\K1\1X\02_03-2015_12_23-10_33-K1-1X.jpeg,02.03\2015\K1\1X\02_03-2015_12_23-10_33-K1-1X.jpeg,02.03,2015,K1,2015-12-23 10:33:00,1X,1X,1X,1.0,0.870646,0.0,C:\Users\ASUS\Desktop\Ders\blg521\data\02.03\2015\K1\1X\02_03-2015_12_22-10_00-K1-1X.jpeg,C:\Users\ASUS\Desktop\Ders\blg521\data\02.03\2015\K1\10X\02_03-2015_12_23-10_32-K1-10X.jpeg,1.0443600649176892,nan,457,0,CONSISTENT,"folder, filename, and visual evidence agree"
C:\Users\ASUS\Desktop\Ders\blg521\data\02.03\2015\K1\1X\02_03-2015_12_26-10_00-K1-1X.jpeg,02.03\2015\K1\1X\02_03-2015_12_26-10_00-K1-1X.jpeg,02.03,2015,K1,2015-12-26 10:00:00,1X,1X,1X,1.0,0.862354,0.0,C:\Users\ASUS\Desktop\Ders\blg521\data\02.03\2015\K1\1X\02_03-2015_12_28-10_00-K1-1X.jpeg,C:\Users\ASUS\Desktop\Ders\blg521\data\02.03\2015\K1\10X\02_03-2015_12_28-10_00-K1-10X.jpeg,0.9571757707463956,nan,447,0,CONSISTENT,"folder, filename, and visual evidence agree"
C:\Users\ASUS\Desktop\Ders\blg521\data\02.03\2015\K1\1X\02_03-2015_12_28-10_00-K1-1X.jpeg,02.03\2015\K1\1X\02_03-2015_12_28-10_00-K1-1X.jpeg,02.03,2015,K1,2015-12-28 10:00:00,1X,1X,1X,1.0,0.16259,0.0,C:\Users\ASUS\Desktop\Ders\blg521\data\02.03\2015\K1\1X\02_03-2015_12_29-10_00-K1-1X.jpeg,C:\Users\ASUS\Desktop\Ders\blg521\data\02.03\2015\K1\10X\02_03-2015_12_28-10_00-K1-10X.jpeg,1.045429996372065,nan,9,0,CONSISTENT,"folder, filename, and visual evidence agree"
C:\Users\ASUS\Desktop\Ders\blg521\data\02.03\2015\K1\1X\02_03-2015_12_29-10_00-K1-1X.jpeg,02.03\2015\K1\1X\02_03-2015_12_29-10_00-K1-1X.jpeg,02.03,2015,K1,2015-12-29 10:00:00,1X,1X,,0.0,0.0,0.0,C:\Users\ASUS\Desktop\Ders\blg521\data\02.03\2015\K1\1X\02_03-2015_12_28-10_00-K1-1X.jpeg,C:\Users\ASUS\Desktop\Ders\blg521\data\02.03\2015\K1\10X\02_03-2015_12_28-10_00-K1-10X.jpeg,nan,nan,0,0,VISUAL_INCONCLUSIVE,insufficient or conflicting registration evidence
C:\Users\ASUS\Desktop\Ders\blg521\data\02.03\2015\K1\1X\02_03-2015_12_30-10_00-K1-1X.jpeg,02.03\2015\K1\1X\02_03-2015_12_30-10_00-K1-1X.jpeg,02.03,2015,K1,2015-12-30 10:00:00,1X,1X,1X,1.0,0.256309,0.0,C:\Users\ASUS\Desktop\Ders\blg521\data\02.03\2015\K1\1X\02_03-2015_12_31-09_30-K1-1X.jpeg,C:\Users\ASUS\Desktop\Ders\blg521\data\02.03\2015\K1\10X\02_03-2015_12_31-09_30-K1-10X.jpeg,0.977784079592871,nan,12,0,CONSISTENT,"folder, filename, and visual evidence agree"
C:\Users\ASUS\Desktop\Ders\blg521\data\02.03\2015\K1\1X\02_03-2015_12_31-09_30-K1-1X.jpeg,02.03\2015\K1\1X\02_03-2015_12_31-09_30-K1-1X.jpeg,02.03,2015,K1,2015-12-31 09:30:00,1X,1X,1X,1.0,0.232888,0.0,C:\Users\ASUS\Desktop\Ders\blg521\data\02.03\2015\K1\1X\02_03-2015_12_30-10_00-K1-1X.jpeg,C:\Users\ASUS\Desktop\Ders\blg521\data\02.03\2015\K1\10X\02_03-2015_12_31-09_30-K1-10X.jpeg,1.021184730656871,nan,10,0,CONSISTENT,"folder, filename, and visual evidence agree"
C:\Users\ASUS\Desktop\Ders\blg521\data\02.03\2015\K2\10X\02_03-2015_01_01-11_08-K2-10X.jpeg,02.03\2015\K2\10X\02_03-2015_01_01-11_08-K2-10X.jpeg,02.03,2015,K2,2015-01-01 11:08:00,10X,10X,10X,1.0,0.0,0.745536,C:\Users\ASUS\Desktop\Ders\blg521\data\02.03\2015\K2\1X\02_03-2015_01_01-11_08-K2-1X.jpeg,C:\Users\ASUS\Desktop\Ders\blg521\data\02.03\2015\K2\10X\02_03-2015_01_02-10_51-K2-10X.jpeg,nan,0.9767363714523659,0,38,CONSISTENT,"folder, filename, and visual evidence agree"
C:\Users\ASUS\Desktop\Ders\blg521\data\02.03\2015\K2\10X\02_03-2015_01_02-10_51-K2-10X.jpeg,02.03\2015\K2\10X\02_03-2015_01_02-10_51-K2-10X.jpeg,02.03,2015,K2,2015-01-02 10:51:00,10X,10X,10X,1.0,0.0,0.928872,C:\Users\ASUS\Desktop\Ders\blg521\data\02.03\2015\K2\1X\02_03-2015_01_02-10_51-K2-1X.jpeg,C:\Users\ASUS\Desktop\Ders\blg521\data\02.03\2015\K2\10X\02_03-2015_01_03-10_00-K2-10X.jpeg,nan,0.9999126102481216,0,71,CONSISTENT,"folder, filename, and visual evidence agree"
C:\Users\ASUS\Desktop\Ders\blg521\data\02.03\2015\K2\10X\02_03-2015_01_03-10_00-K2-10X.jpeg,02.03\2015\K2\10X\02_03-2015_01_03-10_00-K2-10X.jpeg,02.03,2015,K2,2015-01-03 10:00:00,10X,10X,10X,1.0,0.0,0.882018,C:\Users\ASUS\Desktop\Ders\blg521\data\02.03\2015\K2\1X\02_03-2015_01_03-10_00-K2-1X.jpeg,C:\Users\ASUS\Desktop\Ders\blg521\data\02.03\2015\K2\10X\02_03-2015_01_02-10_51-K2-10X.jpeg,0.013834039655287154,1.0000405311052714,4,69,CONSISTENT,"folder, filename, and visual evidence agree"
C:\Users\ASUS\Desktop\Ders\blg521\data\02.03\2015\K2\10X\02_03-2015_01_04-10_53-K2-10X.jpeg,02.03\2015\K2\10X\02_03-2015_01_04-10_53-K2-10X.jpeg,02.03,2015,K2,2015-01-04 10:53:00,10X,10X,10X,0.999997,2e-06,0.818204,C:\Users\ASUS\Desktop\Ders\blg521\data\02.03\2015\K2\1X\02_03-2015_01_04-10_53-K2-1X.jpeg,C:\Users\ASUS\Desktop\Ders\blg521\data\02.03\2015\K2\10X\02_03-2015_01_05-10_00-K2-10X.jpeg,0.008367913641496912,1.0005215064867412,10,40,CONSISTENT,"folder, filename, and visual evidence agree"
C:\Users\ASUS\Desktop\Ders\blg521\data\02.03\2015\K2\10X\02_03-2015_01_05-10_00-K2-10X.jpeg,02.03\2015\K2\10X\02_03-2015_01_05-10_00-K2-10X.jpeg,02.03,2015,K2,2015-01-05 10:00:00,10X,10X,10X,1.0,0.0,0.908268,C:\Users\ASUS\Desktop\Ders\blg521\data\02.03\2015\K2\1X\02_03-2015_01_05-10_00-K2-1X.jpeg,C:\Users\ASUS\Desktop\Ders\blg521\data\02.03\2015\K2\10X\02_03-2015_01_04-10_53-K2-10X.jpeg,nan,0.999627673848567,0,39,CONSISTENT,"folder, filename, and visual evidence agree"
C:\Users\ASUS\Desktop\Ders\blg521\data\02.03\2015\K2\10X\02_03-2015_01_07-10_55-K2-10X.jpeg,02.03\2015\K2\10X\02_03-2015_01_07-10_55-K2-10X.jpeg,02.03,2015,K2,2015-01-07 10:55:00,10X,10X,,0.0,0.0,0.0,C:\Users\ASUS\Desktop\Ders\blg521\data\02.03\2015\K2\1X\02_03-2015_01_07-10_55-K2-1X.jpeg,C:\Users\ASUS\Desktop\Ders\blg521\data\02.03\2015\K2\10X\02_03-2015_01_08-10_55-K2-10X.jpeg,nan,0.8016631709658242,0,7,VISUAL_INCONCLUSIVE,insufficient or conflicting registration evidence
C:\Users\ASUS\Desktop\Ders\blg521\data\02.03\2015\K2\10X\02_03-2015_01_08-10_55-K2-10X.jpeg,02.03\2015\K2\10X\02_03-2015_01_08-10_55-K2-10X.jpeg,02.03,2015,K2,2015-01-08 10:55:00,10X,10X,10X,1.0,0.0,0.481751,C:\Users\ASUS\Desktop\Ders\blg521\data\02.03\2015\K2\1X\02_03-2015_01_08-10_55-K2-1X.jpeg,C:\Users\ASUS\Desktop\Ders\blg521\data\02.03\2015\K2\10X\02_03-2015_01_09-10_00-K2-10X.jpeg,0.05013094043097018,1.0014098473418656,5,28,CONSISTENT,"folder, filename, and visual evidence agree"
C:\Users\ASUS\Desktop\Ders\blg521\data\02.03\2015\K2\10X\02_03-2015_01_09-10_00-K2-10X.jpeg,02.03\2015\K2\10X\02_03-2015_01_09-10_00-K2-10X.jpeg,02.03,2015,K2,2015-01-09 10:00:00,10X,10X,10X,1.0,0.0,0.79269,C:\Users\ASUS\Desktop\Ders\blg521\data\02.03\2015\K2\1X\02_03-2015_01_09-10_00-K2-1X.jpeg,C:\Users\ASUS\Desktop\Ders\blg521\data\02.03\2015\K2\10X\02_03-2015_01_08-10_55-K2-10X.jpeg,nan,0.9995104539983842,0,39,CONSISTENT,"folder, filename, and visual evidence agree"
C:\Users\ASUS\Desktop\Ders\blg521\data\02.03\2015\K2\10X\02_03-2015_01_10-10_00-K2-10X.jpeg,02.03\2015\K2\10X\02_03-2015_01_10-10_00-K2-10X.jpeg,02.03,2015,K2,2015-01-10 10:00:00,10X,10X,10X,1.0,0.0,0.776215,C:\Users\ASUS\Desktop\Ders\blg521\data\02.03\2015\K2\1X\02_03-2015_01_10-10_00-K2-1X.jpeg,C:\Users\ASUS\Desktop\Ders\blg521\data\02.03\2015\K2\10X\02_03-2015_01_09-10_00-K2-10X.jpeg,nan,0.9958105559872317,0,50,CONSISTENT,"folder, filename, and visual evidence agree"
C:\Users\ASUS\Desktop\Ders\blg521\data\02.03\2015\K2\10X\02_03-2015_01_11-10_00-K2-10X.jpeg,02.03\2015\K2\10X\02_03-2015_01_11-10_00-K2-10X.jpeg,02.03,2015,K2,2015-01-11 10:00:00,10X,10X,10X,1.0,0.0,0.55643,C:\Users\ASUS\Desktop\Ders\blg521\data\02.03\2015\K2\1X\02_03-2015_01_11-10_00-K2-1X.jpeg,C:\Users\ASUS\Desktop\Ders\blg521\data\02.03\2015\K2\10X\02_03-2015_01_10-10_00-K2-10X.jpeg,nan,0.999031321000886,0,30,CONSISTENT,"folder, filename, and visual evidence agree"
C:\Users\ASUS\Desktop\Ders\blg521\data\02.03\2015\K2\10X\02_03-2015_01_12-10_00-K2-10X.jpeg,02.03\2015\K2\10X\02_03-2015_01_12-10_00-K2-10X.jpeg,02.03,2015,K2,2015-01-12 10:00:00,10X,10X,10X,1.0,0.0,0.552815,C:\Users\ASUS\Desktop\Ders\blg521\data\02.03\2015\K2\1X\02_03-2015_01_12-10_00-K2-1X.jpeg,C:\Users\ASUS\Desktop\Ders\blg521\data\02.03\2015\K2\10X\02_03-2015_01_11-10_00-K2-10X.jpeg,0.13863884463999257,1.0004063548273403,5,32,CONSISTENT,"folder, filename, and visual evidence agree"
C:\Users\ASUS\Desktop\Ders\blg521\data\02.03\2015\K2\10X\02_03-2015_01_13-10_00-K2-10X.jpeg,02.03\2015\K2\10X\02_03-2015_01_13-10_00-K2-10X.jpeg,02.03,2015,K2,2015-01-13 10:00:00,10X,10X,10X,1.0,0.0,0.944369,C:\Users\ASUS\Desktop\Ders\blg521\data\02.03\2015\K2\1X\02_03-2015_01_13-10_00-K2-1X.jpeg,C:\Users\ASUS\Desktop\Ders\blg521\data\02.03\2015\K2\10X\02_03-2015_01_12-10_00-K2-10X.jpeg,nan,1.00027227743404,0,676,CONSISTENT,"folder, filename, and visual evidence agree"
C:\Users\ASUS\Desktop\Ders\blg521\data\02.03\2015\K2\10X\02_03-2015_01_14-10_00-K2-10X.jpeg,02.03\2015\K2\10X\02_03-2015_01_14-10_00-K2-10X.jpeg,02.03,2015,K2,2015-01-14 10:00:00,10X,10X,10X,1.0,0.0,0.841555,C:\Users\ASUS\Desktop\Ders\blg521\data\02.03\2015\K2\1X\02_03-2015_01_14-10_00-K2-1X.jpeg,C:\Users\ASUS\Desktop\Ders\blg521\data\02.03\2015\K2\10X\02_03-2015_01_13-10_00-K2-10X.jpeg,nan,0.9520634965765742,0,238,CONSISTENT,"folder, filename, and visual evidence agree"
C:\Users\ASUS\Desktop\Ders\blg521\data\02.03\2015\K2\10X\02_03-2015_01_15-10_52-K2-10X.jpeg,02.03\2015\K2\10X\02_03-2015_01_15-10_52-K2-10X.jpeg,02.03,2015,K2,2015-01-15 10:52:00,10X,10X,10X,1.0,0.0,0.948391,C:\Users\ASUS\Desktop\Ders\blg521\data\02.03\2015\K2\1X\02_03-2015_01_15-10_52-K2-1X.jpeg,C:\Users\ASUS\Desktop\Ders\blg521\data\02.03\2015\K2\10X\02_03-2015_01_16-10_00-K2-10X.jpeg,nan,0.9975982081279903,0,62,CONSISTENT,"folder, filename, and visual evidence agree"
C:\Users\ASUS\Desktop\Ders\blg521\data\02.03\2015\K2\10X\02_03-2015_01_16-10_00-K2-10X.jpeg,02.03\2015\K2\10X\02_03-2015_01_16-10_00-K2-10X.jpeg,02.03,2015,K2,2015-01-16 10:00:00,10X,10X,10X,1.0,0.0,0.829107,C:\Users\ASUS\Desktop\Ders\blg521\data\02.03\2015\K2\1X\02_03-2015_01_16-10_00-K2-1X.jpeg,C:\Users\ASUS\Desktop\Ders\blg521\data\02.03\2015\K2\10X\02_03-2015_01_15-10_52-K2-10X.jpeg,nan,1.002384951145134,0,75,CONSISTENT,"folder, filename, and visual evidence agree"
C:\Users\ASUS\Desktop\Ders\blg521\data\02.03\2015\K2\10X\02_03-2015_01_17-10_00-K2-10X.jpeg,02.03\2015\K2\10X\02_03-2015_01_17-10_00-K2-10X.jpeg,02.03,2015,K2,2015-01-17 10:00:00,10X,10X,10X,1.0,0.0,0.910714,C:\Users\ASUS\Desktop\Ders\blg521\data\02.03\2015\K2\1X\02_03-2015_01_17-10_00-K2-1X.jpeg,C:\Users\ASUS\Desktop\Ders\blg521\data\02.03\2015\K2\10X\02_03-2015_01_16-10_00-K2-10X.jpeg,nan,0.995778345798011,0,121,CONSISTENT,"folder, filename, and visual evidence agree"
C:\Users\ASUS\Desktop\Ders\blg521\data\02.03\2015\K2\10X\02_03-2015_01_18-10_00-K2-10X.jpeg,02.03\2015\K2\10X\02_03-2015_01_18-10_00-K2-10X.jpeg,02.03,2015,K2,2015-01-18 10:00:00,10X,10X,10X,1.0,0.0,0.958081,C:\Users\ASUS\Desktop\Ders\blg521\data\02.03\2015\K2\1X\02_03-2015_01_18-10_00-K2-1X.jpeg,C:\Users\ASUS\Desktop\Ders\blg521\data\02.03\2015\K2\10X\02_03-2015_01_17-10_00-K2-10X.jpeg,0.23209962681226207,0.9992734260096406,5,590,CONSISTENT,"folder, filename, and visual evidence agree"
C:\Users\ASUS\Desktop\Ders\blg521\data\02.03\2015\K2\10X\02_03-2015_01_19-10_00-K2-10X.jpeg,02.03\2015\K2\10X\02_03-2015_01_19-10_00-K2-10X.jpeg,02.03,2015,K2,2015-01-19 10:00:00,10X,10X,10X,1.0,0.0,0.952364,C:\Users\ASUS\Desktop\Ders\blg521\data\02.03\2015\K2\1X\02_03-2015_01_19-10_00-K2-1X.jpeg,C:\Users\ASUS\Desktop\Ders\blg521\data\02.03\2015\K2\10X\02_03-2015_01_18-10_00-K2-10X.jpeg,0.9378456815643227,0.9970432637215724,4,628,CONSISTENT,"folder, filename, and visual evidence agree"
C:\Users\ASUS\Desktop\Ders\blg521\data\02.03\2015\K2\10X\02_03-2015_01_20-10_00-K2-10X.jpeg,02.03\2015\K2\10X\02_03-2015_01_20-10_00-K2-10X.jpeg,02.03,2015,K2,2015-01-20 10:00:00,10X,10X,10X,1.0,0.0,0.887144,C:\Users\ASUS\Desktop\Ders\blg521\data\02.03\2015\K2\1X\02_03-2015_01_20-10_00-K2-1X.jpeg,C:\Users\ASUS\Desktop\Ders\blg521\data\02.03\2015\K2\10X\02_03-2015_01_21-09_30-K2-10X.jpeg,nan,1.0210600277669493,0,106,CONSISTENT,"folder, filename, and visual evidence agree"
C:\Users\ASUS\Desktop\Ders\blg521\data\02.03\2015\K2\10X\02_03-2015_01_21-09_30-K2-10X.jpeg,02.03\2015\K2\10X\02_03-2015_01_21-09_30-K2-10X.jpeg,02.03,2015,K2,2015-01-21 09:30:00,10X,10X,10X,1.0,0.0,0.888239,C:\Users\ASUS\Desktop\Ders\blg521\data\02.03\2015\K2\1X\02_03-2015_01_21-09_30-K2-1X.jpeg,C:\Users\ASUS\Desktop\Ders\blg521\data\02.03\2015\K2\10X\02_03-2015_01_20-10_00-K2-10X.jpeg,0.014983993341632406,0.9794108339456625,5,114,CONSISTENT,"folder, filename, and visual evidence agree"
C:\Users\ASUS\Desktop\Ders\blg521\data\02.03\2015\K2\10X\02_03-2015_02_05-10_00-K2-10X.jpeg,02.03\2015\K2\10X\02_03-2015_02_05-10_00-K2-10X.jpeg,02.03,2015,K2,2015-02-05 10:00:00,10X,10X,10X,1.0,0.0,0.899656,C:\Users\ASUS\Desktop\Ders\blg521\data\02.03\2015\K2\1X\02_03-2015_02_05-10_00-K2-1X.jpeg,C:\Users\ASUS\Desktop\Ders\blg521\data\02.03\2015\K2\10X\02_03-2015_02_06-09_30-K2-10X.jpeg,nan,0.9721199139512996,0,316,CONSISTENT,"folder, filename, and visual evidence agree"
C:\Users\ASUS\Desktop\Ders\blg521\data\02.03\2015\K2\10X\02_03-2015_02_06-09_30-K2-10X.jpeg,02.03\2015\K2\10X\02_03-2015_02_06-09_30-K2-10X.jpeg,02.03,2015,K2,2015-02-06 09:30:00,10X,10X,10X,1.0,0.0,0.907446,C:\Users\ASUS\Desktop\Ders\blg521\data\02.03\2015\K2\1X\02_03-2015_02_06-09_30-K2-1X.jpeg,C:\Users\ASUS\Desktop\Ders\blg521\data\02.03\2015\K2\10X\02_03-2015_02_05-10_00-K2-10X.jpeg,nan,1.0286555780489426,0,312,CONSISTENT,"folder, filename, and visual evidence agree"
C:\Users\ASUS\Desktop\Ders\blg521\data\02.03\2015\K2\10X\02_03-2015_02_07-11_58-K2-10X.jpeg,02.03\2015\K2\10X\02_03-2015_02_07-11_58-K2-10X.jpeg,02.03,2015,K2,2015-02-07 11:58:00,10X,10X,10X,1.0,0.0,0.774399,C:\Users\ASUS\Desktop\Ders\blg521\data\02.03\2015\K2\1X\02_03-2015_02_07-11_58-K2-1X.jpeg,C:\Users\ASUS\Desktop\Ders\blg521\data\02.03\2015\K2\10X\02_03-2015_02_08-10_00-K2-10X.jpeg,nan,1.0213661663626608,0,37,CONSISTENT,"folder, filename, and visual evidence agree"
C:\Users\ASUS\Desktop\Ders\blg521\data\02.03\2015\K2\10X\02_03-2015_02_08-10_00-K2-10X.jpeg,02.03\2015\K2\10X\02_03-2015_02_08-10_00-K2-10X.jpeg,02.03,2015,K2,2015-02-08 10:00:00,10X,10X,10X,1.0,0.0,0.733205,C:\Users\ASUS\Desktop\Ders\blg521\data\02.03\2015\K2\1X\02_03-2015_02_08-10_00-K2-1X.jpeg,C:\Users\ASUS\Desktop\Ders\blg521\data\02.03\2015\K2\10X\02_03-2015_02_07-11_58-K2-10X.jpeg,nan,0.9771020851832125,0,39,CONSISTENT,"folder, filename, and visual evidence agree"
C:\Users\ASUS\Desktop\Ders\blg521\data\02.03\2015\K2\10X\02_03-2015_02_09-11_27-K2-10X.jpeg,02.03\2015\K2\10X\02_03-2015_02_09-11_27-K2-10X.jpeg,02.03,2015,K2,2015-02-09 11:27:00,10X,10X,,0.0,0.0,0.0,C:\Users\ASUS\Desktop\Ders\blg521\data\02.03\2015\K2\1X\02_03-2015_02_09-11_27-K2-1X.jpeg,C:\Users\ASUS\Desktop\Ders\blg521\data\02.03\2015\K2\10X\02_03-2015_02_10-10_00-K2-10X.jpeg,nan,nan,0,0,VISUAL_INCONCLUSIVE,insufficient or conflicting registration evidence
C:\Users\ASUS\Desktop\Ders\blg521\data\02.03\2015\K2\10X\02_03-2015_02_10-10_00-K2-10X.jpeg,02.03\2015\K2\10X\02_03-2015_02_10-10_00-K2-10X.jpeg,02.03,2015,K2,2015-02-10 10:00:00,10X,10X,,0.0,0.0,0.0,C:\Users\ASUS\Desktop\Ders\blg521\data\02.03\2015\K2\1X\02_03-2015_02_10-10_00-K2-1X.jpeg,C:\Users\ASUS\Desktop\Ders\blg521\data\02.03\2015\K2\10X\02_03-2015_02_09-11_27-K2-10X.jpeg,nan,nan,0,0,VISUAL_INCONCLUSIVE,insufficient or conflicting registration evidence
C:\Users\ASUS\Desktop\Ders\blg521\data\02.03\2015\K2\10X\02_03-2015_02_11-10_31-K2-10X.jpeg,02.03\2015\K2\10X\02_03-2015_02_11-10_31-K2-10X.jpeg,02.03,2015,K2,2015-02-11 10:31:00,10X,10X,10X,1.0,0.0,0.789465,C:\Users\ASUS\Desktop\Ders\blg521\data\02.03\2015\K2\1X\02_03-2015_02_11-10_31-K2-1X.jpeg,C:\Users\ASUS\Desktop\Ders\blg521\data\02.03\2015\K2\10X\02_03-2015_02_12-10_00-K2-10X.jpeg,0.5885283701654983,0.9491800991423498,6,97,CONSISTENT,"folder, filename, and visual evidence agree"
C:\Users\ASUS\Desktop\Ders\blg521\data\02.03\2015\K2\10X\02_03-2015_02_12-10_00-K2-10X.jpeg,02.03\2015\K2\10X\02_03-2015_02_12-10_00-K2-10X.jpeg,02.03,2015,K2,2015-02-12 10:00:00,10X,10X,10X,1.0,0.0,0.821781,C:\Users\ASUS\Desktop\Ders\blg521\data\02.03\2015\K2\1X\02_03-2015_02_12-10_00-K2-1X.jpeg,C:\Users\ASUS\Desktop\Ders\blg521\data\02.03\2015\K2\10X\02_03-2015_02_11-10_31-K2-10X.jpeg,nan,1.0533703737696685,0,74,CONSISTENT,"folder, filename, and visual evidence agree"
C:\Users\ASUS\Desktop\Ders\blg521\data\02.03\2015\K2\10X\02_03-2015_02_13-09_30-K2-10X.jpeg,02.03\2015\K2\10X\02_03-2015_02_13-09_30-K2-10X.jpeg,02.03,2015,K2,2015-02-13 09:30:00,10X,10X,10X,1.0,0.0,0.950923,C:\Users\ASUS\Desktop\Ders\blg521\data\02.03\2015\K2\1X\02_03-2015_02_13-09_30-K2-1X.jpeg,C:\Users\ASUS\Desktop\Ders\blg521\data\02.03\2015\K2\10X\02_03-2015_02_12-10_00-K2-10X.jpeg,nan,0.9993113186642493,0,180,CONSISTENT,"folder, filename, and visual evidence agree"
C:\Users\ASUS\Desktop\Ders\blg521\data\02.03\2015\K2\10X\02_03-2015_02_14-10_41-K2-10X.jpeg,02.03\2015\K2\10X\02_03-2015_02_14-10_41-K2-10X.jpeg,02.03,2015,K2,2015-02-14 10:41:00,10X,10X,10X,1.0,0.0,0.932452,C:\Users\ASUS\Desktop\Ders\blg521\data\02.03\2015\K2\1X\02_03-2015_02_14-10_41-K2-1X.jpeg,C:\Users\ASUS\Desktop\Ders\blg521\data\02.03\2015\K2\10X\02_03-2015_02_15-10_38-K2-10X.jpeg,0.2174819923780909,0.9973546592450951,5,294,CONSISTENT,"folder, filename, and visual evidence agree"
C:\Users\ASUS\Desktop\Ders\blg521\data\02.03\2015\K2\10X\02_03-2015_02_15-10_38-K2-10X.jpeg,02.03\2015\K2\10X\02_03-2015_02_15-10_38-K2-10X.jpeg,02.03,2015,K2,2015-02-15 10:38:00,10X,10X,10X,1.0,0.0,0.903471,C:\Users\ASUS\Desktop\Ders\blg521\data\02.03\2015\K2\1X\02_03-2015_02_15-10_38-K2-1X.jpeg,C:\Users\ASUS\Desktop\Ders\blg521\data\02.03\2015\K2\10X\02_03-2015_02_16-10_00-K2-10X.jpeg,nan,0.9738702668958064,0,369,CONSISTENT,"folder, filename, and visual evidence agree"
C:\Users\ASUS\Desktop\Ders\blg521\data\02.03\2015\K2\10X\02_03-2015_02_16-10_00-K2-10X.jpeg,02.03\2015\K2\10X\02_03-2015_02_16-10_00-K2-10X.jpeg,02.03,2015,K2,2015-02-16 10:00:00,10X,10X,10X,1.0,0.0,0.904763,C:\Users\ASUS\Desktop\Ders\blg521\data\02.03\2015\K2\1X\02_03-2015_02_16-10_00-K2-1X.jpeg,C:\Users\ASUS\Desktop\Ders\blg521\data\02.03\2015\K2\10X\02_03-2015_02_15-10_38-K2-10X.jpeg,nan,1.0267788585586104,0,360,CONSISTENT,"folder, filename, and visual evidence agree"
C:\Users\ASUS\Desktop\Ders\blg521\data\02.03\2015\K2\10X\02_03-2015_02_17-10_00-K2-10X.jpeg,02.03\2015\K2\10X\02_03-2015_02_17-10_00-K2-10X.jpeg,02.03,2015,K2,2015-02-17 10:00:00,10X,10X,10X,1.0,0.0,0.899628,C:\Users\ASUS\Desktop\Ders\blg521\data\02.03\2015\K2\1X\02_03-2015_02_17-10_00-K2-1X.jpeg,C:\Users\ASUS\Desktop\Ders\blg521\data\02.03\2015\K2\10X\02_03-2015_02_16-10_00-K2-10X.jpeg,nan,1.0254638717050595,0,690,CONSISTENT,"folder, filename, and visual evidence agree"
C:\Users\ASUS\Desktop\Ders\blg521\data\02.03\2015\K2\10X\02_03-2015_02_18-10_13-K2-10X.jpeg,02.03\2015\K2\10X\02_03-2015_02_18-10_13-K2-10X.jpeg,02.03,2015,K2,2015-02-18 10:13:00,10X,10X,10X,1.0,0.0,0.796689,C:\Users\ASUS\Desktop\Ders\blg521\data\02.03\2015\K2\1X\02_03-2015_02_18-10_14-K2-1X.jpeg,C:\Users\ASUS\Desktop\Ders\blg521\data\02.03\2015\K2\10X\02_03-2015_02_17-10_00-K2-10X.jpeg,1.1355181196749693,0.9476659782244645,5,237,CONSISTENT,"folder, filename, and visual evidence agree"
C:\Users\ASUS\Desktop\Ders\blg521\data\02.03\2015\K2\10X\02_03-2015_02_19-10_30-K2-10X.jpeg,02.03\2015\K2\10X\02_03-2015_02_19-10_30-K2-10X.jpeg,02.03,2015,K2,2015-02-19 10:30:00,10X,10X,10X,1.0,0.0,0.85057,C:\Users\ASUS\Desktop\Ders\blg521\data\02.03\2015\K2\1X\02_03-2015_02_19-10_30-K2-1X.jpeg,C:\Users\ASUS\Desktop\Ders\blg521\data\02.03\2015\K2\10X\02_03-2015_02_20-10_00-K2-10X.jpeg,4.452482756572662,0.9532096355837946,4,321,CONSISTENT,"folder, filename, and visual evidence agree"
C:\Users\ASUS\Desktop\Ders\blg521\data\02.03\2015\K2\10X\02_03-2015_02_20-10_00-K2-10X.jpeg,02.03\2015\K2\10X\02_03-2015_02_20-10_00-K2-10X.jpeg,02.03,2015,K2,2015-02-20 10:00:00,10X,10X,10X,1.0,0.0,0.851165,C:\Users\ASUS\Desktop\Ders\blg521\data\02.03\2015\K2\1X\02_03-2015_02_20-10_00-K2-1X.jpeg,C:\Users\ASUS\Desktop\Ders\blg521\data\02.03\2015\K2\10X\02_03-2015_02_19-10_30-K2-10X.jpeg,nan,1.0490515203563566,0,329,CONSISTENT,"folder, filename, and visual evidence agree"
C:\Users\ASUS\Desktop\Ders\blg521\data\02.03\2015\K2\10X\02_03-2015_02_21-10_11-K2-10X.jpeg,02.03\2015\K2\10X\02_03-2015_02_21-10_11-K2-10X.jpeg,02.03,2015,K2,2015-02-21 10:11:00,10X,10X,10X,1.0,0.0,0.707647,C:\Users\ASUS\Desktop\Ders\blg521\data\02.03\2015\K2\1X\02_03-2015_02_21-10_11-K2-1X.jpeg,C:\Users\ASUS\Desktop\Ders\blg521\data\02.03\2015\K2\10X\02_03-2015_02_22-10_06-K2-10X.jpeg,0.07401683555156434,0.9511901962252105,5,62,CONSISTENT,"folder, filename, and visual evidence agree"
C:\Users\ASUS\Desktop\Ders\blg521\data\02.03\2015\K2\10X\02_03-2015_02_22-10_06-K2-10X.jpeg,02.03\2015\K2\10X\02_03-2015_02_22-10_06-K2-10X.jpeg,02.03,2015,K2,2015-02-22 10:06:00,10X,10X,10X,1.0,0.0,0.787761,C:\Users\ASUS\Desktop\Ders\blg521\data\02.03\2015\K2\1X\02_03-2015_02_22-10_06-K2-1X.jpeg,C:\Users\ASUS\Desktop\Ders\blg521\data\02.03\2015\K2\10X\02_03-2015_02_21-10_11-K2-10X.jpeg,nan,1.050478344613795,0,63,CONSISTENT,"folder, filename, and visual evidence agree"
C:\Users\ASUS\Desktop\Ders\blg521\data\02.03\2015\K2\10X\02_03-2015_02_23-10_07-K2-10X.jpeg,02.03\2015\K2\10X\02_03-2015_02_23-10_07-K2-10X.jpeg,02.03,2015,K2,2015-02-23 10:07:00,10X,10X,10X,1.0,0.0,0.866205,C:\Users\ASUS\Desktop\Ders\blg521\data\02.03\2015\K2\1X\02_03-2015_02_23-10_07-K2-1X.jpeg,C:\Users\ASUS\Desktop\Ders\blg521\data\02.03\2015\K2\10X\02_03-2015_02_24-10_07-K2-10X.jpeg,nan,1.0200616676198946,0,117,CONSISTENT,"folder, filename, and visual evidence agree"
C:\Users\ASUS\Desktop\Ders\blg521\data\02.03\2015\K2\10X\02_03-2015_02_24-10_07-K2-10X.jpeg,02.03\2015\K2\10X\02_03-2015_02_24-10_07-K2-10X.jpeg,02.03,2015,K2,2015-02-24 10:07:00,10X,10X,10X,1.0,0.0,0.845098,C:\Users\ASUS\Desktop\Ders\blg521\data\02.03\2015\K2\1X\02_03-2015_02_24-10_07-K2-1X.jpeg,C:\Users\ASUS\Desktop\Ders\blg521\data\02.03\2015\K2\10X\02_03-2015_02_25-09_00-K2-10X.jpeg,nan,0.9754350825932397,0,61,CONSISTENT,"folder, filename, and visual evidence agree"
C:\Users\ASUS\Desktop\Ders\blg521\data\02.03\2015\K2\10X\02_03-2015_02_25-09_00-K2-10X.jpeg,02.03\2015\K2\10X\02_03-2015_02_25-09_00-K2-10X.jpeg,02.03,2015,K2,2015-02-25 09:00:00,10X,10X,10X,1.0,0.0,0.846321,C:\Users\ASUS\Desktop\Ders\blg521\data\02.03\2015\K2\1X\02_03-2015_02_25-09_00-K2-1X.jpeg,C:\Users\ASUS\Desktop\Ders\blg521\data\02.03\2015\K2\10X\02_03-2015_02_24-10_07-K2-10X.jpeg,nan,1.024869110295732,0,61,CONSISTENT,"folder, filename, and visual evidence agree"
C:\Users\ASUS\Desktop\Ders\blg521\data\02.03\2015\K2\10X\02_03-2015_02_26-10_00-K2-10X.jpeg,02.03\2015\K2\10X\02_03-2015_02_26-10_00-K2-10X.jpeg,02.03,2015,K2,2015-02-26 10:00:00,10X,10X,10X,1.0,0.0,0.896383,C:\Users\ASUS\Desktop\Ders\blg521\data\02.03\2015\K2\1X\02_03-2015_02_26-10_00-K2-1X.jpeg,C:\Users\ASUS\Desktop\Ders\blg521\data\02.03\2015\K2\10X\02_03-2015_02_27-09_30-K2-10X.jpeg,nan,0.9748413012105388,0,268,CONSISTENT,"folder, filename, and visual evidence agree"
C:\Users\ASUS\Desktop\Ders\blg521\data\02.03\2015\K2\10X\02_03-2015_02_27-09_30-K2-10X.jpeg,02.03\2015\K2\10X\02_03-2015_02_27-09_30-K2-10X.jpeg,02.03,2015,K2,2015-02-27 09:30:00,10X,10X,10X,1.0,0.0,0.894125,C:\Users\ASUS\Desktop\Ders\blg521\data\02.03\2015\K2\1X\02_03-2015_02_27-09_30-K2-1X.jpeg,C:\Users\ASUS\Desktop\Ders\blg521\data\02.03\2015\K2\10X\02_03-2015_02_26-10_00-K2-10X.jpeg,nan,1.0259199500102145,0,284,CONSISTENT,"folder, filename, and visual evidence agree"
C:\Users\ASUS\Desktop\Ders\blg521\data\02.03\2015\K2\10X\02_03-2015_02_28-10_00-K2-10X.jpeg,02.03\2015\K2\10X\02_03-2015_02_28-10_00-K2-10X.jpeg,02.03,2015,K2,2015-02-28 10:00:00,10X,10X,10X,1.0,0.0,0.94323,C:\Users\ASUS\Desktop\Ders\blg521\data\02.03\2015\K2\1X\02_03-2015_02_28-10_00-K2-1X.jpeg,C:\Users\ASUS\Desktop\Ders\blg521\data\02.03\2015\K2\10X\02_03-2015_03_01-10_00-K2-10X.jpeg,nan,1.0035162831183262,0,374,CONSISTENT,"folder, filename, and visual evidence agree"
C:\Users\ASUS\Desktop\Ders\blg521\data\02.03\2015\K2\10X\02_03-2015_03_01-10_00-K2-10X.jpeg,02.03\2015\K2\10X\02_03-2015_03_01-10_00-K2-10X.jpeg,02.03,2015,K2,2015-03-01 10:00:00,10X,10X,10X,1.0,0.0,0.93578,C:\Users\ASUS\Desktop\Ders\blg521\data\02.03\2015\K2\1X\02_03-2015_03_01-10_00-K2-1X.jpeg,C:\Users\ASUS\Desktop\Ders\blg521\data\02.03\2015\K2\10X\02_03-2015_02_28-10_00-K2-10X.jpeg,nan,0.9966370212191064,0,388,CONSISTENT,"folder, filename, and visual evidence agree"
C:\Users\ASUS\Desktop\Ders\blg521\data\02.03\2015\K2\10X\02_03-2015_03_02-10_00-K2-10X.jpeg,02.03\2015\K2\10X\02_03-2015_03_02-10_00-K2-10X.jpeg,02.03,2015,K2,2015-03-02 10:00:00,10X,10X,10X,1.0,0.0,0.646051,C:\Users\ASUS\Desktop\Ders\blg521\data\02.03\2015\K2\1X\02_03-2015_03_02-10_00-K2-1X.jpeg,C:\Users\ASUS\Desktop\Ders\blg521\data\02.03\2015\K2\10X\02_03-2015_03_01-10_00-K2-10X.jpeg,nan,1.0038947629779467,0,31,CONSISTENT,"folder, filename, and visual evidence agree"
C:\Users\ASUS\Desktop\Ders\blg521\data\02.03\2015\K2\10X\02_03-2015_03_03-10_00-K2-10X.jpeg,02.03\2015\K2\10X\02_03-2015_03_03-10_00-K2-10X.jpeg,02.03,2015,K2,2015-03-03 10:00:00,10X,10X,10X,1.0,0.0,0.867908,C:\Users\ASUS\Desktop\Ders\blg521\data\02.03\2015\K2\1X\02_03-2015_03_03-10_00-K2-1X.jpeg,C:\Users\ASUS\Desktop\Ders\blg521\data\02.03\2015\K2\10X\02_03-2015_03_02-10_00-K2-10X.jpeg,nan,1.0221909881060318,0,109,CONSISTENT,"folder, filename, and visual evidence agree"
C:\Users\ASUS\Desktop\Ders\blg521\data\02.03\2015\K2\10X\02_03-2015_03_04-10_00-K2-10X.jpeg,02.03\2015\K2\10X\02_03-2015_03_04-10_00-K2-10X.jpeg,02.03,2015,K2,2015-03-04 10:00:00,10X,10X,10X,1.0,0.0,0.815951,C:\Users\ASUS\Desktop\Ders\blg521\data\02.03\2015\K2\1X\02_03-2015_03_04-10_00-K2-1X.jpeg,C:\Users\ASUS\Desktop\Ders\blg521\data\02.03\2015\K2\10X\02_03-2015_03_05-09_30-K2-10X.jpeg,nan,0.975523150890064,0,41,CONSISTENT,"folder, filename, and visual evidence agree"
C:\Users\ASUS\Desktop\Ders\blg521\data\02.03\2015\K2\10X\02_03-2015_03_05-09_30-K2-10X.jpeg,02.03\2015\K2\10X\02_03-2015_03_05-09_30-K2-10X.jpeg,02.03,2015,K2,2015-03-05 09:30:00,10X,10X,10X,1.0,0.0,0.747747,C:\Users\ASUS\Desktop\Ders\blg521\data\02.03\2015\K2\1X\02_03-2015_03_05-09_30-K2-1X.jpeg,C:\Users\ASUS\Desktop\Ders\blg521\data\02.03\2015\K2\10X\02_03-2015_03_04-10_00-K2-10X.jpeg,nan,1.0228515837108996,0,38,CONSISTENT,"folder, filename, and visual evidence agree"
C:\Users\ASUS\Desktop\Ders\blg521\data\02.03\2015\K2\10X\02_03-2015_03_06-10_00-K2-10X.jpeg,02.03\2015\K2\10X\02_03-2015_03_06-10_00-K2-10X.jpeg,02.03,2015,K2,2015-03-06 10:00:00,10X,10X,10X,1.0,0.0,0.885443,C:\Users\ASUS\Desktop\Ders\blg521\data\02.03\2015\K2\1X\02_03-2015_03_06-09_30-K2-1X.jpeg,C:\Users\ASUS\Desktop\Ders\blg521\data\02.03\2015\K2\10X\02_03-2015_03_07-10_00-K2-10X.jpeg,nan,1.02584641661087,0,333,CONSISTENT,"folder, filename, and visual evidence agree"
C:\Users\ASUS\Desktop\Ders\blg521\data\02.03\2015\K2\10X\02_03-2015_03_07-10_00-K2-10X.jpeg,02.03\2015\K2\10X\02_03-2015_03_07-10_00-K2-10X.jpeg,02.03,2015,K2,2015-03-07 10:00:00,10X,10X,10X,1.0,0.0,0.84239,C:\Users\ASUS\Desktop\Ders\blg521\data\02.03\2015\K2\1X\02_03-2015_03_07-10_00-K2-1X.jpeg,C:\Users\ASUS\Desktop\Ders\blg521\data\02.03\2015\K2\10X\02_03-2015_03_08-08_30-K2-10X.jpeg,nan,0.9972400539546733,0,45,CONSISTENT,"folder, filename, and visual evidence agree"
C:\Users\ASUS\Desktop\Ders\blg521\data\02.03\2015\K2\10X\02_03-2015_03_08-08_30-K2-10X.jpeg,02.03\2015\K2\10X\02_03-2015_03_08-08_30-K2-10X.jpeg,02.03,2015,K2,2015-03-08 08:30:00,10X,10X,10X,1.0,0.0,0.866352,C:\Users\ASUS\Desktop\Ders\blg521\data\02.03\2015\K2\1X\02_03-2015_03_08-08_30-K2-1X.jpeg,C:\Users\ASUS\Desktop\Ders\blg521\data\02.03\2015\K2\10X\02_03-2015_03_07-10_00-K2-10X.jpeg,nan,1.002838482134934,0,52,CONSISTENT,"folder, filename, and visual evidence agree"
C:\Users\ASUS\Desktop\Ders\blg521\data\02.03\2015\K2\10X\02_03-2015_03_09-10_00-K2-10X.jpeg,02.03\2015\K2\10X\02_03-2015_03_09-10_00-K2-10X.jpeg,02.03,2015,K2,2015-03-09 10:00:00,10X,10X,10X,1.0,0.0,0.927584,C:\Users\ASUS\Desktop\Ders\blg521\data\02.03\2015\K2\1X\02_03-2015_03_09-10_00-K2-1X.jpeg,C:\Users\ASUS\Desktop\Ders\blg521\data\02.03\2015\K2\10X\02_03-2015_03_10-10_00-K2-10X.jpeg,1.0281784918494776,1.0223160134155282,5,698,CONSISTENT,"folder, filename, and visual evidence agree"
C:\Users\ASUS\Desktop\Ders\blg521\data\02.03\2015\K2\10X\02_03-2015_03_10-10_00-K2-10X.jpeg,02.03\2015\K2\10X\02_03-2015_03_10-10_00-K2-10X.jpeg,02.03,2015,K2,2015-03-10 10:00:00,10X,10X,10X,1.0,0.0,0.368261,C:\Users\ASUS\Desktop\Ders\blg521\data\02.03\2015\K2\1X\02_03-2015_03_10-10_00-K2-1X.jpeg,C:\Users\ASUS\Desktop\Ders\blg521\data\02.03\2015\K2\10X\02_03-2015_03_11-09_00-K2-10X.jpeg,nan,0.9753480209195098,0,22,CONSISTENT,"folder, filename, and visual evidence agree"
C:\Users\ASUS\Desktop\Ders\blg521\data\02.03\2015\K2\10X\02_03-2015_03_11-09_00-K2-10X.jpeg,02.03\2015\K2\10X\02_03-2015_03_11-09_00-K2-10X.jpeg,02.03,2015,K2,2015-03-11 09:00:00,10X,10X,10X,1.0,0.0,0.566581,C:\Users\ASUS\Desktop\Ders\blg521\data\02.03\2015\K2\1X\02_03-2015_03_11-09_00-K2-1X.jpeg,C:\Users\ASUS\Desktop\Ders\blg521\data\02.03\2015\K2\10X\02_03-2015_03_10-10_00-K2-10X.jpeg,nan,1.0253017683797858,0,29,CONSISTENT,"folder, filename, and visual evidence agree"
C:\Users\ASUS\Desktop\Ders\blg521\data\02.03\2015\K2\10X\02_03-2015_03_12-10_00-K2-10X.jpeg,02.03\2015\K2\10X\02_03-2015_03_12-10_00-K2-10X.jpeg,02.03,2015,K2,2015-03-12 10:00:00,10X,10X,10X,1.0,0.0,0.185416,C:\Users\ASUS\Desktop\Ders\blg521\data\02.03\2015\K2\1X\02_03-2015_03_12-10_00-K2-1X.jpeg,C:\Users\ASUS\Desktop\Ders\blg521\data\02.03\2015\K2\10X\02_03-2015_03_13-10_55-K2-10X.jpeg,0.06572676486899219,1.0403109859240938,6,14,CONSISTENT,"folder, filename, and visual evidence agree"
C:\Users\ASUS\Desktop\Ders\blg521\data\02.03\2015\K2\10X\02_03-2015_03_13-10_55-K2-10X.jpeg,02.03\2015\K2\10X\02_03-2015_03_13-10_55-K2-10X.jpeg,02.03,2015,K2,2015-03-13 10:55:00,10X,10X,10X,1.0,0.0,0.906432,C:\Users\ASUS\Desktop\Ders\blg521\data\02.03\2015\K2\1X\02_03-2015_03_13-10_56-K2-1X.jpeg,C:\Users\ASUS\Desktop\Ders\blg521\data\02.03\2015\K2\10X\02_03-2015_03_14-10_00-K2-10X.jpeg,nan,0.9791952811181702,0,332,CONSISTENT,"folder, filename, and visual evidence agree"
C:\Users\ASUS\Desktop\Ders\blg521\data\02.03\2015\K2\10X\02_03-2015_03_14-10_00-K2-10X.jpeg,02.03\2015\K2\10X\02_03-2015_03_14-10_00-K2-10X.jpeg,02.03,2015,K2,2015-03-14 10:00:00,10X,10X,10X,1.0,0.0,0.89155,C:\Users\ASUS\Desktop\Ders\blg521\data\02.03\2015\K2\1X\02_03-2015_03_14-10_00-K2-1X.jpeg,C:\Users\ASUS\Desktop\Ders\blg521\data\02.03\2015\K2\10X\02_03-2015_03_13-10_55-K2-10X.jpeg,nan,1.0213175992118184,0,341,CONSISTENT,"folder, filename, and visual evidence agree"
C:\Users\ASUS\Desktop\Ders\blg521\data\02.03\2015\K2\10X\02_03-2015_03_16-10_48-K2-10X.jpeg,02.03\2015\K2\10X\02_03-2015_03_16-10_48-K2-10X.jpeg,02.03,2015,K2,2015-03-16 10:48:00,10X,10X,10X,1.0,0.0,0.822799,C:\Users\ASUS\Desktop\Ders\blg521\data\02.03\2015\K2\1X\02_03-2015_03_16-10_49-K2-1X.jpeg,C:\Users\ASUS\Desktop\Ders\blg521\data\02.03\2015\K2\10X\02_03-2015_03_14-10_00-K2-10X.jpeg,nan,0.953164922764764,0,171,CONSISTENT,"folder, filename, and visual evidence agree"
C:\Users\ASUS\Desktop\Ders\blg521\data\02.03\2015\K2\10X\02_03-2015_03_19-10_00-K2-10X.jpeg,02.03\2015\K2\10X\02_03-2015_03_19-10_00-K2-10X.jpeg,02.03,2015,K2,2015-03-19 10:00:00,10X,10X,10X,1.0,0.0,0.868925,C:\Users\ASUS\Desktop\Ders\blg521\data\02.03\2015\K2\1X\02_03-2015_03_19-10_00-K2-1X.jpeg,C:\Users\ASUS\Desktop\Ders\blg521\data\02.03\2015\K2\10X\02_03-2015_03_20-10_06-K2-10X.jpeg,0.015200726340282637,1.02566750807637,7,421,CONSISTENT,"folder, filename, and visual evidence agree"
C:\Users\ASUS\Desktop\Ders\blg521\data\02.03\2015\K2\10X\02_03-2015_03_20-10_06-K2-10X.jpeg,02.03\2015\K2\10X\02_03-2015_03_20-10_06-K2-10X.jpeg,02.03,2015,K2,2015-03-20 10:06:00,10X,10X,10X,1.0,0.0,0.874681,C:\Users\ASUS\Desktop\Ders\blg521\data\02.03\2015\K2\1X\02_03-2015_03_20-10_07-K2-1X.jpeg,C:\Users\ASUS\Desktop\Ders\blg521\data\02.03\2015\K2\10X\02_03-2015_03_19-10_00-K2-10X.jpeg,nan,0.9748720619111751,0,409,CONSISTENT,"folder, filename, and visual evidence agree"
C:\Users\ASUS\Desktop\Ders\blg521\data\02.03\2015\K2\10X\02_03-2015_03_22-10_00-K2-10X.jpeg,02.03\2015\K2\10X\02_03-2015_03_22-10_00-K2-10X.jpeg,02.03,2015,K2,2015-03-22 10:00:00,10X,10X,,0.0,0.0,0.0,C:\Users\ASUS\Desktop\Ders\blg521\data\02.03\2015\K2\1X\02_03-2015_03_22-10_00-K2-1X.jpeg,C:\Users\ASUS\Desktop\Ders\blg521\data\02.03\2015\K2\10X\02_03-2015_03_23-10_00-K2-10X.jpeg,nan,nan,0,0,VISUAL_INCONCLUSIVE,insufficient or conflicting registration evidence
C:\Users\ASUS\Desktop\Ders\blg521\data\02.03\2015\K2\10X\02_03-2015_03_23-10_00-K2-10X.jpeg,02.03\2015\K2\10X\02_03-2015_03_23-10_00-K2-10X.jpeg,02.03,2015,K2,2015-03-23 10:00:00,10X,10X,,0.0,0.0,0.0,C:\Users\ASUS\Desktop\Ders\blg521\data\02.03\2015\K2\1X\02_03-2015_03_23-10_00-K2-1X.jpeg,C:\Users\ASUS\Desktop\Ders\blg521\data\02.03\2015\K2\10X\02_03-2015_03_22-10_00-K2-10X.jpeg,nan,nan,0,0,VISUAL_INCONCLUSIVE,insufficient or conflicting registration evidence
C:\Users\ASUS\Desktop\Ders\blg521\data\02.03\2015\K2\10X\02_03-2015_03_24-10_00-K2-10X.jpeg,02.03\2015\K2\10X\02_03-2015_03_24-10_00-K2-10X.jpeg,02.03,2015,K2,2015-03-24 10:00:00,10X,10X,10X,1.0,0.0,0.627657,C:\Users\ASUS\Desktop\Ders\blg521\data\02.03\2015\K2\1X\02_03-2015_03_24-10_00-K2-1X.jpeg,C:\Users\ASUS\Desktop\Ders\blg521\data\02.03\2015\K2\10X\02_03-2015_03_23-10_00-K2-10X.jpeg,1.6353327526477983,1.0001066919905928,6,31,CONSISTENT,"folder, filename, and visual evidence agree"
C:\Users\ASUS\Desktop\Ders\blg521\data\02.03\2015\K2\10X\02_03-2015_03_25-10_51-K2-10X.jpeg,02.03\2015\K2\10X\02_03-2015_03_25-10_51-K2-10X.jpeg,02.03,2015,K2,2015-03-25 10:51:00,10X,10X,10X,1.0,0.0,0.387249,C:\Users\ASUS\Desktop\Ders\blg521\data\02.03\2015\K2\1X\02_03-2015_03_25-10_52-K2-1X.jpeg,C:\Users\ASUS\Desktop\Ders\blg521\data\02.03\2015\K2\10X\02_03-2015_03_26-10_26-K2-10X.jpeg,5.966285470937715,1.0236178220104915,6,21,CONSISTENT,"folder, filename, and visual evidence agree"
C:\Users\ASUS\Desktop\Ders\blg521\data\02.03\2015\K2\10X\02_03-2015_03_26-10_26-K2-10X.jpeg,02.03\2015\K2\10X\02_03-2015_03_26-10_26-K2-10X.jpeg,02.03,2015,K2,2015-03-26 10:26:00,10X,10X,10X,1.0,0.0,0.799818,C:\Users\ASUS\Desktop\Ders\blg521\data\02.03\2015\K2\1X\02_03-2015_03_26-10_26-K2-1X.jpeg,C:\Users\ASUS\Desktop\Ders\blg521\data\02.03\2015\K2\10X\02_03-2015_03_27-10_00-K2-10X.jpeg,nan,0.9534289701515324,0,114,CONSISTENT,"folder, filename, and visual evidence agree"
C:\Users\ASUS\Desktop\Ders\blg521\data\02.03\2015\K2\10X\02_03-2015_03_27-10_00-K2-10X.jpeg,02.03\2015\K2\10X\02_03-2015_03_27-10_00-K2-10X.jpeg,02.03,2015,K2,2015-03-27 10:00:00,10X,10X,10X,1.0,0.0,0.924987,C:\Users\ASUS\Desktop\Ders\blg521\data\02.03\2015\K2\1X\02_03-2015_03_27-10_00-K2-1X.jpeg,C:\Users\ASUS\Desktop\Ders\blg521\data\02.03\2015\K2\10X\02_03-2015_03_28-09_00-K2-10X.jpeg,nan,0.9994165228630864,0,103,CONSISTENT,"folder, filename, and visual evidence agree"
C:\Users\ASUS\Desktop\Ders\blg521\data\02.03\2015\K2\10X\02_03-2015_03_28-09_00-K2-10X.jpeg,02.03\2015\K2\10X\02_03-2015_03_28-09_00-K2-10X.jpeg,02.03,2015,K2,2015-03-28 09:00:00,10X,10X,10X,1.0,0.0,0.906786,C:\Users\ASUS\Desktop\Ders\blg521\data\02.03\2015\K2\1X\02_03-2015_03_28-09_00-K2-1X.jpeg,C:\Users\ASUS\Desktop\Ders\blg521\data\02.03\2015\K2\10X\02_03-2015_03_27-10_00-K2-10X.jpeg,nan,1.0007005293401674,0,107,CONSISTENT,"folder, filename, and visual evidence agree"
C:\Users\ASUS\Desktop\Ders\blg521\data\02.03\2015\K2\10X\02_03-2015_03_29-10_00-K2-10X.jpeg,02.03\2015\K2\10X\02_03-2015_03_29-10_00-K2-10X.jpeg,02.03,2015,K2,2015-03-29 10:00:00,10X,10X,,0.0,0.0,0.0,C:\Users\ASUS\Desktop\Ders\blg521\data\02.03\2015\K2\1X\02_03-2015_03_29-10_00-K2-1X.jpeg,C:\Users\ASUS\Desktop\Ders\blg521\data\02.03\2015\K2\10X\02_03-2015_03_30-08_30-K2-10X.jpeg,nan,nan,0,0,VISUAL_INCONCLUSIVE,insufficient or conflicting registration evidence
C:\Users\ASUS\Desktop\Ders\blg521\data\02.03\2015\K2\10X\02_03-2015_03_30-08_30-K2-10X.jpeg,02.03\2015\K2\10X\02_03-2015_03_30-08_30-K2-10X.jpeg,02.03,2015,K2,2015-03-30 08:30:00,10X,10X,,0.0,0.0,0.0,C:\Users\ASUS\Desktop\Ders\blg521\data\02.03\2015\K2\1X\02_03-2015_03_30-08_30-K2-1X.jpeg,C:\Users\ASUS\Desktop\Ders\blg521\data\02.03\2015\K2\10X\02_03-2015_03_29-10_00-K2-10X.jpeg,nan,nan,0,0,VISUAL_INCONCLUSIVE,insufficient or conflicting registration evidence
C:\Users\ASUS\Desktop\Ders\blg521\data\02.03\2015\K2\10X\02_03-2015_04_01-11_59-K2-10X.jpeg,02.03\2015\K2\10X\02_03-2015_04_01-11_59-K2-10X.jpeg,02.03,2015,K2,2015-04-01 11:59:00,10X,10X,10X,1.0,0.0,0.843986,C:\Users\ASUS\Desktop\Ders\blg521\data\02.03\2015\K2\1X\02_03-2015_04_01-11_59-K2-1X.jpeg,C:\Users\ASUS\Desktop\Ders\blg521\data\02.03\2015\K2\10X\02_03-2015_04_02-10_00-K2-10X.jpeg,nan,0.9744374371166562,0,44,CONSISTENT,"folder, filename, and visual evidence agree"
C:\Users\ASUS\Desktop\Ders\blg521\data\02.03\2015\K2\10X\02_03-2015_04_02-10_00-K2-10X.jpeg,02.03\2015\K2\10X\02_03-2015_04_02-10_00-K2-10X.jpeg,02.03,2015,K2,2015-04-02 10:00:00,10X,10X,10X,1.0,0.0,0.802924,C:\Users\ASUS\Desktop\Ders\blg521\data\02.03\2015\K2\1X\02_03-2015_04_02-10_00-K2-1X.jpeg,C:\Users\ASUS\Desktop\Ders\blg521\data\02.03\2015\K2\10X\02_03-2015_04_01-11_59-K2-10X.jpeg,nan,1.0259917184922307,0,42,CONSISTENT,"folder, filename, and visual evidence agree"
C:\Users\ASUS\Desktop\Ders\blg521\data\02.03\2015\K2\10X\02_03-2015_04_03-10_00-K2-10X.jpeg,02.03\2015\K2\10X\02_03-2015_04_03-10_00-K2-10X.jpeg,02.03,2015,K2,2015-04-03 10:00:00,10X,10X,10X,1.0,0.0,0.878843,C:\Users\ASUS\Desktop\Ders\blg521\data\02.03\2015\K2\1X\02_03-2015_04_03-10_00-K2-1X.jpeg,C:\Users\ASUS\Desktop\Ders\blg521\data\02.03\2015\K2\10X\02_03-2015_04_02-10_00-K2-10X.jpeg,nan,0.968445032422732,0,187,CONSISTENT,"folder, filename, and visual evidence agree"
C:\Users\ASUS\Desktop\Ders\blg521\data\02.03\2015\K2\10X\02_03-2015_04_04-10_00-K2-10X.jpeg,02.03\2015\K2\10X\02_03-2015_04_04-10_00-K2-10X.jpeg,02.03,2015,K2,2015-04-04 10:00:00,10X,10X,,0.0,0.0,0.0,C:\Users\ASUS\Desktop\Ders\blg521\data\02.03\2015\K2\1X\02_03-2015_04_04-10_00-K2-1X.jpeg,C:\Users\ASUS\Desktop\Ders\blg521\data\02.03\2015\K2\10X\02_03-2015_04_05-09_00-K2-10X.jpeg,nan,nan,0,0,VISUAL_INCONCLUSIVE,insufficient or conflicting registration evidence
C:\Users\ASUS\Desktop\Ders\blg521\data\02.03\2015\K2\10X\02_03-2015_04_05-09_00-K2-10X.jpeg,02.03\2015\K2\10X\02_03-2015_04_05-09_00-K2-10X.jpeg,02.03,2015,K2,2015-04-05 09:00:00,10X,10X,,0.0,0.0,0.0,C:\Users\ASUS\Desktop\Ders\blg521\data\02.03\2015\K2\1X\02_03-2015_04_05-09_00-K2-1X.jpeg,C:\Users\ASUS\Desktop\Ders\blg521\data\02.03\2015\K2\10X\02_03-2015_04_04-10_00-K2-10X.jpeg,nan,nan,0,0,VISUAL_INCONCLUSIVE,insufficient or conflicting registration evidence
C:\Users\ASUS\Desktop\Ders\blg521\data\02.03\2015\K2\10X\02_03-2015_04_06-10_00-K2-10X.jpeg,02.03\2015\K2\10X\02_03-2015_04_06-10_00-K2-10X.jpeg,02.03,2015,K2,2015-04-06 10:00:00,10X,10X,10X,1.0,0.0,0.87008,C:\Users\ASUS\Desktop\Ders\blg521\data\02.03\2015\K2\1X\02_03-2015_04_06-10_00-K2-1X.jpeg,C:\Users\ASUS\Desktop\Ders\blg521\data\02.03\2015\K2\10X\02_03-2015_04_07-10_00-K2-10X.jpeg,nan,0.9767270699478138,0,76,CONSISTENT,"folder, filename, and visual evidence agree"
C:\Users\ASUS\Desktop\Ders\blg521\data\02.03\2015\K2\10X\02_03-2015_04_07-10_00-K2-10X.jpeg,02.03\2015\K2\10X\02_03-2015_04_07-10_00-K2-10X.jpeg,02.03,2015,K2,2015-04-07 10:00:00,10X,10X,10X,1.0,0.0,0.870806,C:\Users\ASUS\Desktop\Ders\blg521\data\02.03\2015\K2\1X\02_03-2015_04_07-10_00-K2-1X.jpeg,C:\Users\ASUS\Desktop\Ders\blg521\data\02.03\2015\K2\10X\02_03-2015_04_06-10_00-K2-10X.jpeg,nan,1.0240598850349147,0,68,CONSISTENT,"folder, filename, and visual evidence agree"
C:\Users\ASUS\Desktop\Ders\blg521\data\02.03\2015\K2\10X\02_03-2015_04_08-10_00-K2-10X.jpeg,02.03\2015\K2\10X\02_03-2015_04_08-10_00-K2-10X.jpeg,02.03,2015,K2,2015-04-08 10:00:00,10X,10X,10X,1.0,0.0,0.944391,C:\Users\ASUS\Desktop\Ders\blg521\data\02.03\2015\K2\1X\02_03-2015_04_08-10_00-K2-1X.jpeg,C:\Users\ASUS\Desktop\Ders\blg521\data\02.03\2015\K2\10X\02_03-2015_04_07-10_00-K2-10X.jpeg,nan,0.9995844539110763,0,87,CONSISTENT,"folder, filename, and visual evidence agree"
C:\Users\ASUS\Desktop\Ders\blg521\data\02.03\2015\K2\10X\02_03-2015_04_09-10_00-K2-10X.jpeg,02.03\2015\K2\10X\02_03-2015_04_09-10_00-K2-10X.jpeg,02.03,2015,K2,2015-04-09 10:00:00,10X,10X,,0.0,0.0,0.0,C:\Users\ASUS\Desktop\Ders\blg521\data\02.03\2015\K2\1X\02_03-2015_04_09-10_00-K2-1X.jpeg,C:\Users\ASUS\Desktop\Ders\blg521\data\02.03\2015\K2\10X\02_03-2015_04_08-10_00-K2-10X.jpeg,nan,nan,0,0,VISUAL_INCONCLUSIVE,insufficient or conflicting registration evidence
C:\Users\ASUS\Desktop\Ders\blg521\data\02.03\2015\K2\10X\02_03-2015_04_10-10_00-K2-10X.jpeg,02.03\2015\K2\10X\02_03-2015_04_10-10_00-K2-10X.jpeg,02.03,2015,K2,2015-04-10 10:00:00,10X,10X,,0.0,0.0,0.0,C:\Users\ASUS\Desktop\Ders\blg521\data\02.03\2015\K2\1X\02_03-2015_04_10-10_00-K2-1X.jpeg,C:\Users\ASUS\Desktop\Ders\blg521\data\02.03\2015\K2\10X\02_03-2015_04_09-10_00-K2-10X.jpeg,nan,nan,0,0,VISUAL_INCONCLUSIVE,insufficient or conflicting registration evidence
C:\Users\ASUS\Desktop\Ders\blg521\data\02.03\2015\K2\10X\02_03-2015_04_11-11_49-K2-10X.jpeg,02.03\2015\K2\10X\02_03-2015_04_11-11_49-K2-10X.jpeg,02.03,2015,K2,2015-04-11 11:49:00,10X,10X,10X,1.0,0.0,0.776714,C:\Users\ASUS\Desktop\Ders\blg521\data\02.03\2015\K2\1X\02_03-2015_04_11-11_49-K2-1X.jpeg,C:\Users\ASUS\Desktop\Ders\blg521\data\02.03\2015\K2\10X\02_03-2015_04_12-10_00-K2-10X.jpeg,nan,1.0251791925398734,0,37,CONSISTENT,"folder, filename, and visual evidence agree"
C:\Users\ASUS\Desktop\Ders\blg521\data\02.03\2015\K2\10X\02_03-2015_04_12-10_00-K2-10X.jpeg,02.03\2015\K2\10X\02_03-2015_04_12-10_00-K2-10X.jpeg,02.03,2015,K2,2015-04-12 10:00:00,10X,10X,10X,1.0,0.0,0.760165,C:\Users\ASUS\Desktop\Ders\blg521\data\02.03\2015\K2\1X\02_03-2015_04_12-10_00-K2-1X.jpeg,C:\Users\ASUS\Desktop\Ders\blg521\data\02.03\2015\K2\10X\02_03-2015_04_11-11_49-K2-10X.jpeg,nan,0.9618619283130879,0,42,CONSISTENT,"folder, filename, and visual evidence agree"
C:\Users\ASUS\Desktop\Ders\blg521\data\02.03\2015\K2\10X\02_03-2015_04_13-10_00-K2-10X.jpeg,02.03\2015\K2\10X\02_03-2015_04_13-10_00-K2-10X.jpeg,02.03,2015,K2,2015-04-13 10:00:00,10X,10X,,0.0,0.0,0.0,C:\Users\ASUS\Desktop\Ders\blg521\data\02.03\2015\K2\1X\02_03-2015_04_13-10_00-K2-1X.jpeg,C:\Users\ASUS\Desktop\Ders\blg521\data\02.03\2015\K2\10X\02_03-2015_04_12-10_00-K2-10X.jpeg,nan,nan,0,0,VISUAL_INCONCLUSIVE,insufficient or conflicting registration evidence
C:\Users\ASUS\Desktop\Ders\blg521\data\02.03\2015\K2\10X\02_03-2015_04_16-10_00-K2-10X.jpeg,02.03\2015\K2\10X\02_03-2015_04_16-10_00-K2-10X.jpeg,02.03,2015,K2,2015-04-16 10:00:00,10X,10X,10X,1.0,0.0,0.797754,C:\Users\ASUS\Desktop\Ders\blg521\data\02.03\2015\K2\1X\02_03-2015_04_16-10_00-K2-1X.jpeg,C:\Users\ASUS\Desktop\Ders\blg521\data\02.03\2015\K2\10X\02_03-2015_04_17-10_00-K2-10X.jpeg,nan,0.9553382969591588,0,66,CONSISTENT,"folder, filename, and visual evidence agree"
C:\Users\ASUS\Desktop\Ders\blg521\data\02.03\2015\K2\10X\02_03-2015_04_17-10_00-K2-10X.jpeg,02.03\2015\K2\10X\02_03-2015_04_17-10_00-K2-10X.jpeg,02.03,2015,K2,2015-04-17 10:00:00,10X,10X,10X,1.0,0.0,0.804025,C:\Users\ASUS\Desktop\Ders\blg521\data\02.03\2015\K2\1X\02_03-2015_04_17-10_00-K2-1X.jpeg,C:\Users\ASUS\Desktop\Ders\blg521\data\02.03\2015\K2\10X\02_03-2015_04_16-10_00-K2-10X.jpeg,nan,1.046555318140733,0,65,CONSISTENT,"folder, filename, and visual evidence agree"
C:\Users\ASUS\Desktop\Ders\blg521\data\02.03\2015\K2\10X\02_03-2015_04_18-10_00-K2-10X.jpeg,02.03\2015\K2\10X\02_03-2015_04_18-10_00-K2-10X.jpeg,02.03,2015,K2,2015-04-18 10:00:00,10X,10X,10X,1.0,0.0,0.865511,C:\Users\ASUS\Desktop\Ders\blg521\data\02.03\2015\K2\1X\02_03-2015_04_18-10_00-K2-1X.jpeg,C:\Users\ASUS\Desktop\Ders\blg521\data\02.03\2015\K2\10X\02_03-2015_04_17-10_00-K2-10X.jpeg,nan,0.9997030215677831,0,61,CONSISTENT,"folder, filename, and visual evidence agree"
C:\Users\ASUS\Desktop\Ders\blg521\data\02.03\2015\K2\10X\02_03-2015_04_22-10_00-K2-10X.jpeg,02.03\2015\K2\10X\02_03-2015_04_22-10_00-K2-10X.jpeg,02.03,2015,K2,2015-04-22 10:00:00,10X,10X,10X,1.0,0.0,0.588943,C:\Users\ASUS\Desktop\Ders\blg521\data\02.03\2015\K2\1X\02_03-2015_04_22-10_00-K2-1X.jpeg,C:\Users\ASUS\Desktop\Ders\blg521\data\02.03\2015\K2\10X\02_03-2015_04_23-10_00-K2-10X.jpeg,nan,0.9583401208755744,0,30,CONSISTENT,"folder, filename, and visual evidence agree"
C:\Users\ASUS\Desktop\Ders\blg521\data\02.03\2015\K2\10X\02_03-2015_04_23-10_00-K2-10X.jpeg,02.03\2015\K2\10X\02_03-2015_04_23-10_00-K2-10X.jpeg,02.03,2015,K2,2015-04-23 10:00:00,10X,10X,10X,1.0,0.0,0.529562,C:\Users\ASUS\Desktop\Ders\blg521\data\02.03\2015\K2\1X\02_03-2015_04_23-10_00-K2-1X.jpeg,C:\Users\ASUS\Desktop\Ders\blg521\data\02.03\2015\K2\10X\02_03-2015_04_22-10_00-K2-10X.jpeg,nan,1.0295848189899914,0,27,CONSISTENT,"folder, filename, and visual evidence agree"
C:\Users\ASUS\Desktop\Ders\blg521\data\02.03\2015\K2\10X\02_03-2015_04_24-10_00-K2-10X.jpeg,02.03\2015\K2\10X\02_03-2015_04_24-10_00-K2-10X.jpeg,02.03,2015,K2,2015-04-24 10:00:00,10X,10X,,0.0,0.0,0.0,C:\Users\ASUS\Desktop\Ders\blg521\data\02.03\2015\K2\1X\02_03-2015_04_24-10_00-K2-1X.jpeg,C:\Users\ASUS\Desktop\Ders\blg521\data\02.03\2015\K2\10X\02_03-2015_04_23-10_00-K2-10X.jpeg,nan,nan,0,0,VISUAL_INCONCLUSIVE,insufficient or conflicting registration evidence
C:\Users\ASUS\Desktop\Ders\blg521\data\02.03\2015\K2\10X\02_03-2015_04_25-11_32-K2-10X.jpeg,02.03\2015\K2\10X\02_03-2015_04_25-11_32-K2-10X.jpeg,02.03,2015,K2,2015-04-25 11:32:00,10X,10X,10X,1.0,0.0,0.864157,C:\Users\ASUS\Desktop\Ders\blg521\data\02.03\2015\K2\1X\02_03-2015_04_25-11_32-K2-1X.jpeg,C:\Users\ASUS\Desktop\Ders\blg521\data\02.03\2015\K2\10X\02_03-2015_04_26-11_13-K2-10X.jpeg,nan,0.9952759451108587,0,39,CONSISTENT,"folder, filename, and visual evidence agree"
C:\Users\ASUS\Desktop\Ders\blg521\data\02.03\2015\K2\10X\02_03-2015_04_26-11_13-K2-10X.jpeg,02.03\2015\K2\10X\02_03-2015_04_26-11_13-K2-10X.jpeg,02.03,2015,K2,2015-04-26 11:13:00,10X,10X,10X,1.0,0.0,0.812029,C:\Users\ASUS\Desktop\Ders\blg521\data\02.03\2015\K2\1X\02_03-2015_04_26-11_13-K2-1X.jpeg,C:\Users\ASUS\Desktop\Ders\blg521\data\02.03\2015\K2\10X\02_03-2015_04_25-11_32-K2-10X.jpeg,nan,1.0009499214322444,0,39,CONSISTENT,"folder, filename, and visual evidence agree"
C:\Users\ASUS\Desktop\Ders\blg521\data\02.03\2015\K2\10X\02_03-2015_04_27-11_07-K2-10X.jpeg,02.03\2015\K2\10X\02_03-2015_04_27-11_07-K2-10X.jpeg,02.03,2015,K2,2015-04-27 11:07:00,10X,10X,10X,1.0,0.0,0.237926,C:\Users\ASUS\Desktop\Ders\blg521\data\02.03\2015\K2\1X\02_03-2015_04_27-11_07-K2-1X.jpeg,C:\Users\ASUS\Desktop\Ders\blg521\data\02.03\2015\K2\10X\02_03-2015_04_28-10_00-K2-10X.jpeg,nan,1.0487844790088814,0,14,CONSISTENT,"folder, filename, and visual evidence agree"
C:\Users\ASUS\Desktop\Ders\blg521\data\02.03\2015\K2\10X\02_03-2015_04_28-10_00-K2-10X.jpeg,02.03\2015\K2\10X\02_03-2015_04_28-10_00-K2-10X.jpeg,02.03,2015,K2,2015-04-28 10:00:00,10X,10X,10X,1.0,0.0,0.281902,C:\Users\ASUS\Desktop\Ders\blg521\data\02.03\2015\K2\1X\02_03-2015_04_28-10_00-K2-1X.jpeg,C:\Users\ASUS\Desktop\Ders\blg521\data\02.03\2015\K2\10X\02_03-2015_04_27-11_07-K2-10X.jpeg,nan,0.9468075333235123,0,15,CONSISTENT,"folder, filename, and visual evidence agree"
C:\Users\ASUS\Desktop\Ders\blg521\data\02.03\2015\K2\10X\02_03-2015_04_29-10_12-K2-10X.jpeg,02.03\2015\K2\10X\02_03-2015_04_29-10_12-K2-10X.jpeg,02.03,2015,K2,2015-04-29 10:12:00,10X,10X,,0.0,0.0,0.0,C:\Users\ASUS\Desktop\Ders\blg521\data\02.03\2015\K2\1X\02_03-2015_04_29-10_13-K2-1X.jpeg,C:\Users\ASUS\Desktop\Ders\blg521\data\02.03\2015\K2\10X\02_03-2015_04_30-08_30-K2-10X.jpeg,nan,nan,0,0,VISUAL_INCONCLUSIVE,insufficient or conflicting registration evidence
C:\Users\ASUS\Desktop\Ders\blg521\data\02.03\2015\K2\10X\02_03-2015_04_30-08_30-K2-10X.jpeg,02.03\2015\K2\10X\02_03-2015_04_30-08_30-K2-10X.jpeg,02.03,2015,K2,2015-04-30 08:30:00,10X,10X,,0.0,0.0,0.0,C:\Users\ASUS\Desktop\Ders\blg521\data\02.03\2015\K2\1X\02_03-2015_04_30-08_30-K2-1X.jpeg,C:\Users\ASUS\Desktop\Ders\blg521\data\02.03\2015\K2\10X\02_03-2015_04_29-10_12-K2-10X.jpeg,nan,nan,0,0,VISUAL_INCONCLUSIVE,insufficient or conflicting registration evidence
C:\Users\ASUS\Desktop\Ders\blg521\data\02.03\2015\K2\10X\02_03-2015_05_02-10_00-K2-10X.jpeg,02.03\2015\K2\10X\02_03-2015_05_02-10_00-K2-10X.jpeg,02.03,2015,K2,2015-05-02 10:00:00,10X,10X,,0.0,0.0,0.0,C:\Users\ASUS\Desktop\Ders\blg521\data\02.03\2015\K2\1X\02_03-2015_05_02-10_00-K2-1X.jpeg,C:\Users\ASUS\Desktop\Ders\blg521\data\02.03\2015\K2\10X\02_03-2015_05_04-10_09-K2-10X.jpeg,nan,nan,0,0,VISUAL_INCONCLUSIVE,insufficient or conflicting registration evidence
C:\Users\ASUS\Desktop\Ders\blg521\data\02.03\2015\K2\10X\02_03-2015_05_04-10_09-K2-10X.jpeg,02.03\2015\K2\10X\02_03-2015_05_04-10_09-K2-10X.jpeg,02.03,2015,K2,2015-05-04 10:09:00,10X,10X,10X,1.0,0.0,0.221862,C:\Users\ASUS\Desktop\Ders\blg521\data\02.03\2015\K2\1X\02_03-2015_05_04-10_10-K2-1X.jpeg,C:\Users\ASUS\Desktop\Ders\blg521\data\02.03\2015\K2\10X\02_03-2015_05_05-10_55-K2-10X.jpeg,nan,0.9954570176434371,0,14,CONSISTENT,"folder, filename, and visual evidence agree"
C:\Users\ASUS\Desktop\Ders\blg521\data\02.03\2015\K2\10X\02_03-2015_05_05-10_55-K2-10X.jpeg,02.03\2015\K2\10X\02_03-2015_05_05-10_55-K2-10X.jpeg,02.03,2015,K2,2015-05-05 10:55:00,10X,10X,10X,1.0,0.0,0.155209,C:\Users\ASUS\Desktop\Ders\blg521\data\02.03\2015\K2\1X\02_03-2015_05_05-10_55-K2-1X.jpeg,C:\Users\ASUS\Desktop\Ders\blg521\data\02.03\2015\K2\10X\02_03-2015_05_06-10_00-K2-10X.jpeg,nan,0.9028813086009421,0,14,CONSISTENT,"folder, filename, and visual evidence agree"
C:\Users\ASUS\Desktop\Ders\blg521\data\02.03\2015\K2\10X\02_03-2015_05_06-10_00-K2-10X.jpeg,02.03\2015\K2\10X\02_03-2015_05_06-10_00-K2-10X.jpeg,02.03,2015,K2,2015-05-06 10:00:00,10X,10X,10X,1.0,0.0,0.215879,C:\Users\ASUS\Desktop\Ders\blg521\data\02.03\2015\K2\1X\02_03-2015_05_06-10_00-K2-1X.jpeg,C:\Users\ASUS\Desktop\Ders\blg521\data\02.03\2015\K2\10X\02_03-2015_05_05-10_55-K2-10X.jpeg,nan,1.031526374967415,0,13,CONSISTENT,"folder, filename, and visual evidence agree"
C:\Users\ASUS\Desktop\Ders\blg521\data\02.03\2015\K2\10X\02_03-2015_05_07-10_00-K2-10X.jpeg,02.03\2015\K2\10X\02_03-2015_05_07-10_00-K2-10X.jpeg,02.03,2015,K2,2015-05-07 10:00:00,10X,10X,10X,1.0,0.0,0.897524,C:\Users\ASUS\Desktop\Ders\blg521\data\02.03\2015\K2\1X\02_03-2015_05_07-10_00-K2-1X.jpeg,C:\Users\ASUS\Desktop\Ders\blg521\data\02.03\2015\K2\10X\02_03-2015_05_06-10_00-K2-10X.jpeg,nan,0.996729596786006,0,85,CONSISTENT,"folder, filename, and visual evidence agree"
C:\Users\ASUS\Desktop\Ders\blg521\data\02.03\2015\K2\10X\02_03-2015_05_08-10_00-K2-10X.jpeg,02.03\2015\K2\10X\02_03-2015_05_08-10_00-K2-10X.jpeg,02.03,2015,K2,2015-05-08 10:00:00,10X,10X,10X,1.0,0.0,0.800217,C:\Users\ASUS\Desktop\Ders\blg521\data\02.03\2015\K2\1X\02_03-2015_05_08-10_00-K2-1X.jpeg,C:\Users\ASUS\Desktop\Ders\blg521\data\02.03\2015\K2\10X\02_03-2015_05_07-10_00-K2-10X.jpeg,nan,0.9740572034736715,0,60,CONSISTENT,"folder, filename, and visual evidence agree"
C:\Users\ASUS\Desktop\Ders\blg521\data\02.03\2015\K2\10X\02_03-2015_05_09-10_00-K2-10X.jpeg,02.03\2015\K2\10X\02_03-2015_05_09-10_00-K2-10X.jpeg,02.03,2015,K2,2015-05-09 10:00:00,10X,10X,,0.0,0.0,0.0,C:\Users\ASUS\Desktop\Ders\blg521\data\02.03\2015\K2\1X\02_03-2015_05_09-10_00-K2-1X.jpeg,C:\Users\ASUS\Desktop\Ders\blg521\data\02.03\2015\K2\10X\02_03-2015_05_08-10_00-K2-10X.jpeg,0.07920043314325274,0.3380388825649782,7,5,VISUAL_INCONCLUSIVE,insufficient or conflicting registration evidence
C:\Users\ASUS\Desktop\Ders\blg521\data\02.03\2015\K2\10X\02_03-2015_05_11-10_00-K2-10X.jpeg,02.03\2015\K2\10X\02_03-2015_05_11-10_00-K2-10X.jpeg,02.03,2015,K2,2015-05-11 10:00:00,10X,10X,,0.0,0.0,0.0,C:\Users\ASUS\Desktop\Ders\blg521\data\02.03\2015\K2\1X\02_03-2015_05_11-10_00-K2-1X.jpeg,C:\Users\ASUS\Desktop\Ders\blg521\data\02.03\2015\K2\10X\02_03-2015_05_12-10_21-K2-10X.jpeg,nan,1.0801511797340533,0,7,VISUAL_INCONCLUSIVE,insufficient or conflicting registration evidence
C:\Users\ASUS\Desktop\Ders\blg521\data\02.03\2015\K2\10X\02_03-2015_05_12-10_21-K2-10X.jpeg,02.03\2015\K2\10X\02_03-2015_05_12-10_21-K2-10X.jpeg,02.03,2015,K2,2015-05-12 10:21:00,10X,10X,10X,1.0,0.0,0.451216,C:\Users\ASUS\Desktop\Ders\blg521\data\02.03\2015\K2\1X\02_03-2015_05_12-10_21-K2-1X.jpeg,C:\Users\ASUS\Desktop\Ders\blg521\data\02.03\2015\K2\10X\02_03-2015_05_13-10_00-K2-10X.jpeg,nan,0.983505862095016,0,27,CONSISTENT,"folder, filename, and visual evidence agree"
C:\Users\ASUS\Desktop\Ders\blg521\data\02.03\2015\K2\10X\02_03-2015_05_13-10_00-K2-10X.jpeg,02.03\2015\K2\10X\02_03-2015_05_13-10_00-K2-10X.jpeg,02.03,2015,K2,2015-05-13 10:00:00,10X,10X,10X,1.0,0.0,0.45996,C:\Users\ASUS\Desktop\Ders\blg521\data\02.03\2015\K2\1X\02_03-2015_05_13-10_00-K2-1X.jpeg,C:\Users\ASUS\Desktop\Ders\blg521\data\02.03\2015\K2\10X\02_03-2015_05_12-10_21-K2-10X.jpeg,nan,1.0252993360770533,0,28,CONSISTENT,"folder, filename, and visual evidence agree"
C:\Users\ASUS\Desktop\Ders\blg521\data\02.03\2015\K2\10X\02_03-2015_05_15-08_30-K2-10X.jpeg,02.03\2015\K2\10X\02_03-2015_05_15-08_30-K2-10X.jpeg,02.03,2015,K2,2015-05-15 08:30:00,10X,10X,,0.0,0.0,0.0,C:\Users\ASUS\Desktop\Ders\blg521\data\02.03\2015\K2\1X\02_03-2015_05_15-08_30-K2-1X.jpeg,C:\Users\ASUS\Desktop\Ders\blg521\data\02.03\2015\K2\10X\02_03-2015_05_16-10_00-K2-10X.jpeg,nan,nan,0,0,VISUAL_INCONCLUSIVE,insufficient or conflicting registration evidence
C:\Users\ASUS\Desktop\Ders\blg521\data\02.03\2015\K2\10X\02_03-2015_05_16-10_00-K2-10X.jpeg,02.03\2015\K2\10X\02_03-2015_05_16-10_00-K2-10X.jpeg,02.03,2015,K2,2015-05-16 10:00:00,10X,10X,,0.0,0.0,0.0,C:\Users\ASUS\Desktop\Ders\blg521\data\02.03\2015\K2\1X\02_03-2015_05_16-10_00-K2-1X.jpeg,C:\Users\ASUS\Desktop\Ders\blg521\data\02.03\2015\K2\10X\02_03-2015_05_17-08_30-K2-10X.jpeg,nan,0.03523146422192238,0,5,VISUAL_INCONCLUSIVE,insufficient or conflicting registration evidence
C:\Users\ASUS\Desktop\Ders\blg521\data\02.03\2015\K2\10X\02_03-2015_05_17-08_30-K2-10X.jpeg,02.03\2015\K2\10X\02_03-2015_05_17-08_30-K2-10X.jpeg,02.03,2015,K2,2015-05-17 08:30:00,10X,10X,,0.0,0.0,0.0,C:\Users\ASUS\Desktop\Ders\blg521\data\02.03\2015\K2\1X\02_03-2015_05_17-08_29-K2-1X.jpeg,C:\Users\ASUS\Desktop\Ders\blg521\data\02.03\2015\K2\10X\02_03-2015_05_16-10_00-K2-10X.jpeg,nan,0.12118703644553305,0,5,VISUAL_INCONCLUSIVE,insufficient or conflicting registration evidence
C:\Users\ASUS\Desktop\Ders\blg521\data\02.03\2015\K2\10X\02_03-2015_05_19-08_00-K2-10X.jpeg,02.03\2015\K2\10X\02_03-2015_05_19-08_00-K2-10X.jpeg,02.03,2015,K2,2015-05-19 08:00:00,10X,10X,10X,1.0,0.0,0.815461,C:\Users\ASUS\Desktop\Ders\blg521\data\02.03\2015\K2\1X\02_03-2015_05_19-08_00-K2-1X.jpeg,C:\Users\ASUS\Desktop\Ders\blg521\data\02.03\2015\K2\10X\02_03-2015_05_20-08_30-K2-10X.jpeg,nan,0.9996912448455393,0,70,CONSISTENT,"folder, filename, and visual evidence agree"
C:\Users\ASUS\Desktop\Ders\blg521\data\02.03\2015\K2\10X\02_03-2015_05_20-08_30-K2-10X.jpeg,02.03\2015\K2\10X\02_03-2015_05_20-08_30-K2-10X.jpeg,02.03,2015,K2,2015-05-20 08:30:00,10X,10X,10X,1.0,0.0,0.859917,C:\Users\ASUS\Desktop\Ders\blg521\data\02.03\2015\K2\1X\02_03-2015_05_20-08_30-K2-1X.jpeg,C:\Users\ASUS\Desktop\Ders\blg521\data\02.03\2015\K2\10X\02_03-2015_05_19-08_00-K2-10X.jpeg,nan,0.9991575743740734,0,77,CONSISTENT,"folder, filename, and visual evidence agree"
C:\Users\ASUS\Desktop\Ders\blg521\data\02.03\2015\K2\10X\02_03-2015_05_21-09_00-K2-10X.jpeg,02.03\2015\K2\10X\02_03-2015_05_21-09_00-K2-10X.jpeg,02.03,2015,K2,2015-05-21 09:00:00,10X,10X,10X,1.0,0.0,0.284182,C:\Users\ASUS\Desktop\Ders\blg521\data\02.03\2015\K2\1X\02_03-2015_05_21-09_00-K2-1X.jpeg,C:\Users\ASUS\Desktop\Ders\blg521\data\02.03\2015\K2\10X\02_03-2015_05_20-08_30-K2-10X.jpeg,nan,0.9770447938286267,0,17,CONSISTENT,"folder, filename, and visual evidence agree"
C:\Users\ASUS\Desktop\Ders\blg521\data\02.03\2015\K2\10X\02_03-2015_05_22-10_00-K2-10X.jpeg,02.03\2015\K2\10X\02_03-2015_05_22-10_00-K2-10X.jpeg,02.03,2015,K2,2015-05-22 10:00:00,10X,10X,,0.0,0.0,0.0,C:\Users\ASUS\Desktop\Ders\blg521\data\02.03\2015\K2\1X\02_03-2015_05_22-10_00-K2-1X.jpeg,C:\Users\ASUS\Desktop\Ders\blg521\data\02.03\2015\K2\10X\02_03-2015_05_23-10_28-K2-10X.jpeg,nan,nan,0,0,VISUAL_INCONCLUSIVE,insufficient or conflicting registration evidence
C:\Users\ASUS\Desktop\Ders\blg521\data\02.03\2015\K2\10X\02_03-2015_05_23-10_28-K2-10X.jpeg,02.03\2015\K2\10X\02_03-2015_05_23-10_28-K2-10X.jpeg,02.03,2015,K2,2015-05-23 10:28:00,10X,10X,,0.0,0.0,0.0,C:\Users\ASUS\Desktop\Ders\blg521\data\02.03\2015\K2\1X\02_03-2015_05_23-10_28-K2-1X.jpeg,C:\Users\ASUS\Desktop\Ders\blg521\data\02.03\2015\K2\10X\02_03-2015_05_22-10_00-K2-10X.jpeg,nan,nan,0,0,VISUAL_INCONCLUSIVE,insufficient or conflicting registration evidence
C:\Users\ASUS\Desktop\Ders\blg521\data\02.03\2015\K2\10X\02_03-2015_05_26-09_00-K2-10X.jpeg,02.03\2015\K2\10X\02_03-2015_05_26-09_00-K2-10X.jpeg,02.03,2015,K2,2015-05-26 09:00:00,10X,10X,10X,1.0,0.0,0.142,C:\Users\ASUS\Desktop\Ders\blg521\data\02.03\2015\K2\1X\02_03-2015_05_26-09_00-K2-1X.jpeg,C:\Users\ASUS\Desktop\Ders\blg521\data\02.03\2015\K2\10X\02_03-2015_05_27-10_00-K2-10X.jpeg,13.214926432477027,0.9649391362879141,6,10,CONSISTENT,"folder, filename, and visual evidence agree"
C:\Users\ASUS\Desktop\Ders\blg521\data\02.03\2015\K2\10X\02_03-2015_05_27-10_00-K2-10X.jpeg,02.03\2015\K2\10X\02_03-2015_05_27-10_00-K2-10X.jpeg,02.03,2015,K2,2015-05-27 10:00:00,10X,10X,,0.0,0.0,0.0,C:\Users\ASUS\Desktop\Ders\blg521\data\02.03\2015\K2\1X\02_03-2015_05_27-10_00-K2-1X.jpeg,C:\Users\ASUS\Desktop\Ders\blg521\data\02.03\2015\K2\10X\02_03-2015_05_28-09_00-K2-10X.jpeg,nan,nan,0,0,VISUAL_INCONCLUSIVE,insufficient or conflicting registration evidence
C:\Users\ASUS\Desktop\Ders\blg521\data\02.03\2015\K2\10X\02_03-2015_05_28-09_00-K2-10X.jpeg,02.03\2015\K2\10X\02_03-2015_05_28-09_00-K2-10X.jpeg,02.03,2015,K2,2015-05-28 09:00:00,10X,10X,,0.0,0.0,0.0,C:\Users\ASUS\Desktop\Ders\blg521\data\02.03\2015\K2\1X\02_03-2015_05_28-09_00-K2-1X.jpeg,C:\Users\ASUS\Desktop\Ders\blg521\data\02.03\2015\K2\10X\02_03-2015_05_27-10_00-K2-10X.jpeg,nan,nan,0,0,VISUAL_INCONCLUSIVE,insufficient or conflicting registration evidence
C:\Users\ASUS\Desktop\Ders\blg521\data\02.03\2015\K2\10X\02_03-2015_05_29-10_41-K2-10X.jpeg,02.03\2015\K2\10X\02_03-2015_05_29-10_41-K2-10X.jpeg,02.03,2015,K2,2015-05-29 10:41:00,10X,10X,,0.0,0.0,0.0,C:\Users\ASUS\Desktop\Ders\blg521\data\02.03\2015\K2\1X\02_03-2015_05_29-10_42-K2-1X.jpeg,C:\Users\ASUS\Desktop\Ders\blg521\data\02.03\2015\K2\10X\02_03-2015_05_28-09_00-K2-10X.jpeg,nan,nan,0,0,VISUAL_INCONCLUSIVE,insufficient or conflicting registration evidence
C:\Users\ASUS\Desktop\Ders\blg521\data\02.03\2015\K2\10X\02_03-2015_05_31-10_25-K2-10X.jpeg,02.03\2015\K2\10X\02_03-2015_05_31-10_25-K2-10X.jpeg,02.03,2015,K2,2015-05-31 10:25:00,10X,10X,10X,1.0,0.0,0.136529,C:\Users\ASUS\Desktop\Ders\blg521\data\02.03\2015\K2\1X\02_03-2015_05_31-10_25-K2-1X.jpeg,C:\Users\ASUS\Desktop\Ders\blg521\data\02.03\2015\K2\10X\02_03-2015_06_01-11_09-K2-10X.jpeg,nan,0.9906370717214961,0,10,CONSISTENT,"folder, filename, and visual evidence agree"
C:\Users\ASUS\Desktop\Ders\blg521\data\02.03\2015\K2\10X\02_03-2015_06_01-11_09-K2-10X.jpeg,02.03\2015\K2\10X\02_03-2015_06_01-11_09-K2-10X.jpeg,02.03,2015,K2,2015-06-01 11:09:00,10X,10X,,0.0,0.0,0.0,C:\Users\ASUS\Desktop\Ders\blg521\data\02.03\2015\K2\1X\02_03-2015_06_01-11_10-K2-1X.jpeg,C:\Users\ASUS\Desktop\Ders\blg521\data\02.03\2015\K2\10X\02_03-2015_06_02-10_00-K2-10X.jpeg,nan,nan,0,0,VISUAL_INCONCLUSIVE,insufficient or conflicting registration evidence
C:\Users\ASUS\Desktop\Ders\blg521\data\02.03\2015\K2\10X\02_03-2015_06_02-10_00-K2-10X.jpeg,02.03\2015\K2\10X\02_03-2015_06_02-10_00-K2-10X.jpeg,02.03,2015,K2,2015-06-02 10:00:00,10X,10X,,0.0,0.0,0.0,C:\Users\ASUS\Desktop\Ders\blg521\data\02.03\2015\K2\1X\02_03-2015_06_02-10_00-K2-1X.jpeg,C:\Users\ASUS\Desktop\Ders\blg521\data\02.03\2015\K2\10X\02_03-2015_06_01-11_09-K2-10X.jpeg,nan,nan,0,0,VISUAL_INCONCLUSIVE,insufficient or conflicting registration evidence
C:\Users\ASUS\Desktop\Ders\blg521\data\02.03\2015\K2\10X\02_03-2015_06_03-10_28-K2-10X.jpeg,02.03\2015\K2\10X\02_03-2015_06_03-10_28-K2-10X.jpeg,02.03,2015,K2,2015-06-03 10:28:00,10X,10X,10X,1.0,0.0,0.314118,C:\Users\ASUS\Desktop\Ders\blg521\data\02.03\2015\K2\1X\02_03-2015_06_03-10_29-K2-1X.jpeg,C:\Users\ASUS\Desktop\Ders\blg521\data\02.03\2015\K2\10X\02_03-2015_06_04-10_00-K2-10X.jpeg,nan,0.9733155079731935,0,19,CONSISTENT,"folder, filename, and visual evidence agree"
C:\Users\ASUS\Desktop\Ders\blg521\data\02.03\2015\K2\10X\02_03-2015_06_04-10_00-K2-10X.jpeg,02.03\2015\K2\10X\02_03-2015_06_04-10_00-K2-10X.jpeg,02.03,2015,K2,2015-06-04 10:00:00,10X,10X,10X,1.0,0.0,0.2911,C:\Users\ASUS\Desktop\Ders\blg521\data\02.03\2015\K2\1X\02_03-2015_06_04-10_00-K2-1X.jpeg,C:\Users\ASUS\Desktop\Ders\blg521\data\02.03\2015\K2\10X\02_03-2015_06_03-10_28-K2-10X.jpeg,nan,1.0305431723695444,0,16,CONSISTENT,"folder, filename, and visual evidence agree"
C:\Users\ASUS\Desktop\Ders\blg521\data\02.03\2015\K2\10X\02_03-2015_06_05-10_30-K2-10X.jpeg,02.03\2015\K2\10X\02_03-2015_06_05-10_30-K2-10X.jpeg,02.03,2015,K2,2015-06-05 10:30:00,10X,10X,,0.0,0.0,0.0,C:\Users\ASUS\Desktop\Ders\blg521\data\02.03\2015\K2\1X\02_03-2015_06_05-10_31-K2-1X.jpeg,C:\Users\ASUS\Desktop\Ders\blg521\data\02.03\2015\K2\10X\02_03-2015_06_06-09_00-K2-10X.jpeg,nan,nan,0,0,VISUAL_INCONCLUSIVE,insufficient or conflicting registration evidence
C:\Users\ASUS\Desktop\Ders\blg521\data\02.03\2015\K2\10X\02_03-2015_06_06-09_00-K2-10X.jpeg,02.03\2015\K2\10X\02_03-2015_06_06-09_00-K2-10X.jpeg,02.03,2015,K2,2015-06-06 09:00:00,10X,10X,,0.0,0.0,0.0,C:\Users\ASUS\Desktop\Ders\blg521\data\02.03\2015\K2\1X\02_03-2015_06_06-09_00-K2-1X.jpeg,C:\Users\ASUS\Desktop\Ders\blg521\data\02.03\2015\K2\10X\02_03-2015_06_05-10_30-K2-10X.jpeg,nan,nan,0,0,VISUAL_INCONCLUSIVE,insufficient or conflicting registration evidence
C:\Users\ASUS\Desktop\Ders\blg521\data\02.03\2015\K2\10X\02_03-2015_06_08-10_00-K2-10X.jpeg,02.03\2015\K2\10X\02_03-2015_06_08-10_00-K2-10X.jpeg,02.03,2015,K2,2015-06-08 10:00:00,10X,10X,10X,1.0,0.0,0.280734,C:\Users\ASUS\Desktop\Ders\blg521\data\02.03\2015\K2\1X\02_03-2015_06_08-10_00-K2-1X.jpeg,C:\Users\ASUS\Desktop\Ders\blg521\data\02.03\2015\K2\10X\02_03-2015_06_09-10_00-K2-10X.jpeg,nan,0.9827881555396556,0,20,CONSISTENT,"folder, filename, and visual evidence agree"
C:\Users\ASUS\Desktop\Ders\blg521\data\02.03\2015\K2\10X\02_03-2015_06_09-10_00-K2-10X.jpeg,02.03\2015\K2\10X\02_03-2015_06_09-10_00-K2-10X.jpeg,02.03,2015,K2,2015-06-09 10:00:00,10X,10X,10X,1.0,0.0,0.280738,C:\Users\ASUS\Desktop\Ders\blg521\data\02.03\2015\K2\1X\02_03-2015_06_09-10_00-K2-1X.jpeg,C:\Users\ASUS\Desktop\Ders\blg521\data\02.03\2015\K2\10X\02_03-2015_06_08-10_00-K2-10X.jpeg,nan,1.0174475088336419,0,20,CONSISTENT,"folder, filename, and visual evidence agree"
C:\Users\ASUS\Desktop\Ders\blg521\data\02.03\2015\K2\10X\02_03-2015_06_10-10_00-K2-10X.jpeg,02.03\2015\K2\10X\02_03-2015_06_10-10_00-K2-10X.jpeg,02.03,2015,K2,2015-06-10 10:00:00,10X,10X,10X,1.0,0.0,0.847853,C:\Users\ASUS\Desktop\Ders\blg521\data\02.03\2015\K2\1X\02_03-2015_06_10-10_00-K2-1X.jpeg,C:\Users\ASUS\Desktop\Ders\blg521\data\02.03\2015\K2\10X\02_03-2015_06_09-10_00-K2-10X.jpeg,nan,0.9794439824435897,0,306,CONSISTENT,"folder, filename, and visual evidence agree"
C:\Users\ASUS\Desktop\Ders\blg521\data\02.03\2015\K2\10X\02_03-2015_06_20-10_00-K2-10X.jpeg,02.03\2015\K2\10X\02_03-2015_06_20-10_00-K2-10X.jpeg,02.03,2015,K2,2015-06-20 10:00:00,10X,10X,10X,1.0,0.0,0.121203,C:\Users\ASUS\Desktop\Ders\blg521\data\02.03\2015\K2\1X\02_03-2015_06_20-10_00-K2-1X.jpeg,C:\Users\ASUS\Desktop\Ders\blg521\data\02.03\2015\K2\10X\02_03-2015_06_10-10_00-K2-10X.jpeg,nan,1.045242640051871,0,12,CONSISTENT,"folder, filename, and visual evidence agree"
C:\Users\ASUS\Desktop\Ders\blg521\data\02.03\2015\K2\10X\02_03-2015_07_02-11_52-K2-10X.jpeg,02.03\2015\K2\10X\02_03-2015_07_02-11_52-K2-10X.jpeg,02.03,2015,K2,2015-07-02 11:52:00,10X,10X,,0.0,0.0,0.0,C:\Users\ASUS\Desktop\Ders\blg521\data\02.03\2015\K2\1X\02_03-2015_07_02-11_53-K2-1X.jpeg,C:\Users\ASUS\Desktop\Ders\blg521\data\02.03\2015\K2\10X\02_03-2015_07_04-08_01-K2-10X.jpeg,nan,nan,0,0,VISUAL_INCONCLUSIVE,insufficient or conflicting registration evidence
C:\Users\ASUS\Desktop\Ders\blg521\data\02.03\2015\K2\10X\02_03-2015_07_04-08_01-K2-10X.jpeg,02.03\2015\K2\10X\02_03-2015_07_04-08_01-K2-10X.jpeg,02.03,2015,K2,2015-07-04 08:01:00,10X,10X,,0.0,0.0,0.0,C:\Users\ASUS\Desktop\Ders\blg521\data\02.03\2015\K2\1X\02_03-2015_07_04-08_02-K2-1X.jpeg,C:\Users\ASUS\Desktop\Ders\blg521\data\02.03\2015\K2\10X\02_03-2015_07_02-11_52-K2-10X.jpeg,nan,nan,0,0,VISUAL_INCONCLUSIVE,insufficient or conflicting registration evidence
C:\Users\ASUS\Desktop\Ders\blg521\data\02.03\2015\K2\10X\02_03-2015_07_07-10_00-K2-10X.jpeg,02.03\2015\K2\10X\02_03-2015_07_07-10_00-K2-10X.jpeg,02.03,2015,K2,2015-07-07 10:00:00,10X,10X,10X,1.0,0.0,0.594207,C:\Users\ASUS\Desktop\Ders\blg521\data\02.03\2015\K2\1X\02_03-2015_07_07-10_00-K2-1X.jpeg,C:\Users\ASUS\Desktop\Ders\blg521\data\02.03\2015\K2\10X\02_03-2015_07_10-10_00-K2-10X.jpeg,nan,0.9704879985568811,0,57,CONSISTENT,"folder, filename, and visual evidence agree"
C:\Users\ASUS\Desktop\Ders\blg521\data\02.03\2015\K2\10X\02_03-2015_07_10-10_00-K2-10X.jpeg,02.03\2015\K2\10X\02_03-2015_07_10-10_00-K2-10X.jpeg,02.03,2015,K2,2015-07-10 10:00:00,10X,10X,10X,1.0,0.0,0.191771,C:\Users\ASUS\Desktop\Ders\blg521\data\02.03\2015\K2\1X\02_03-2015_07_10-10_00-K2-1X.jpeg,C:\Users\ASUS\Desktop\Ders\blg521\data\02.03\2015\K2\10X\02_03-2015_07_12-10_00-K2-10X.jpeg,nan,0.9936828420111378,0,14,CONSISTENT,"folder, filename, and visual evidence agree"
C:\Users\ASUS\Desktop\Ders\blg521\data\02.03\2015\K2\10X\02_03-2015_07_12-10_00-K2-10X.jpeg,02.03\2015\K2\10X\02_03-2015_07_12-10_00-K2-10X.jpeg,02.03,2015,K2,2015-07-12 10:00:00,10X,10X,10X,1.0,0.0,0.14028,C:\Users\ASUS\Desktop\Ders\blg521\data\02.03\2015\K2\1X\02_03-2015_07_12-10_00-K2-1X.jpeg,C:\Users\ASUS\Desktop\Ders\blg521\data\02.03\2015\K2\10X\02_03-2015_07_14-09_30-K2-10X.jpeg,nan,0.9515860063348712,0,13,CONSISTENT,"folder, filename, and visual evidence agree"
C:\Users\ASUS\Desktop\Ders\blg521\data\02.03\2015\K2\10X\02_03-2015_07_14-09_30-K2-10X.jpeg,02.03\2015\K2\10X\02_03-2015_07_14-09_30-K2-10X.jpeg,02.03,2015,K2,2015-07-14 09:30:00,10X,10X,10X,1.0,0.0,0.14018,C:\Users\ASUS\Desktop\Ders\blg521\data\02.03\2015\K2\1X\02_03-2015_07_14-09_29-K2-1X.jpeg,C:\Users\ASUS\Desktop\Ders\blg521\data\02.03\2015\K2\10X\02_03-2015_07_12-10_00-K2-10X.jpeg,nan,1.0200492010350048,0,11,CONSISTENT,"folder, filename, and visual evidence agree"
C:\Users\ASUS\Desktop\Ders\blg521\data\02.03\2015\K2\10X\02_03-2015_07_18-11_38-K2-10X.jpeg,02.03\2015\K2\10X\02_03-2015_07_18-11_38-K2-10X.jpeg,02.03,2015,K2,2015-07-18 11:38:00,10X,10X,,0.0,0.0,0.0,C:\Users\ASUS\Desktop\Ders\blg521\data\02.03\2015\K2\1X\02_03-2015_07_18-11_39-K2-1X.jpeg,C:\Users\ASUS\Desktop\Ders\blg521\data\02.03\2015\K2\10X\02_03-2015_07_19-10_00-K2-10X.jpeg,nan,nan,0,0,VISUAL_INCONCLUSIVE,insufficient or conflicting registration evidence
C:\Users\ASUS\Desktop\Ders\blg521\data\02.03\2015\K2\10X\02_03-2015_07_19-10_00-K2-10X.jpeg,02.03\2015\K2\10X\02_03-2015_07_19-10_00-K2-10X.jpeg,02.03,2015,K2,2015-07-19 10:00:00,10X,10X,,0.0,0.0,0.0,C:\Users\ASUS\Desktop\Ders\blg521\data\02.03\2015\K2\1X\02_03-2015_07_19-10_00-K2-1X.jpeg,C:\Users\ASUS\Desktop\Ders\blg521\data\02.03\2015\K2\10X\02_03-2015_07_18-11_38-K2-10X.jpeg,nan,nan,0,0,VISUAL_INCONCLUSIVE,insufficient or conflicting registration evidence
C:\Users\ASUS\Desktop\Ders\blg521\data\02.03\2015\K2\10X\02_03-2015_07_20-11_39-K2-10X.jpeg,02.03\2015\K2\10X\02_03-2015_07_20-11_39-K2-10X.jpeg,02.03,2015,K2,2015-07-20 11:39:00,10X,10X,,0.0,0.0,0.0,C:\Users\ASUS\Desktop\Ders\blg521\data\02.03\2015\K2\1X\02_03-2015_07_20-11_40-K2-1X.jpeg,C:\Users\ASUS\Desktop\Ders\blg521\data\02.03\2015\K2\10X\02_03-2015_07_19-10_00-K2-10X.jpeg,nan,nan,0,0,VISUAL_INCONCLUSIVE,insufficient or conflicting registration evidence
C:\Users\ASUS\Desktop\Ders\blg521\data\02.03\2015\K2\10X\02_03-2015_07_23-11_54-K2-10X.jpeg,02.03\2015\K2\10X\02_03-2015_07_23-11_54-K2-10X.jpeg,02.03,2015,K2,2015-07-23 11:54:00,10X,10X,,0.0,0.0,0.0,C:\Users\ASUS\Desktop\Ders\blg521\data\02.03\2015\K2\1X\02_03-2015_07_23-11_55-K2-1X.jpeg,C:\Users\ASUS\Desktop\Ders\blg521\data\02.03\2015\K2\10X\02_03-2015_07_24-10_00-K2-10X.jpeg,nan,nan,0,0,VISUAL_INCONCLUSIVE,insufficient or conflicting registration evidence
C:\Users\ASUS\Desktop\Ders\blg521\data\02.03\2015\K2\10X\02_03-2015_07_24-10_00-K2-10X.jpeg,02.03\2015\K2\10X\02_03-2015_07_24-10_00-K2-10X.jpeg,02.03,2015,K2,2015-07-24 10:00:00,10X,10X,,0.0,0.0,0.0,C:\Users\ASUS\Desktop\Ders\blg521\data\02.03\2015\K2\1X\02_03-2015_07_24-10_00-K2-1X.jpeg,C:\Users\ASUS\Desktop\Ders\blg521\data\02.03\2015\K2\10X\02_03-2015_07_23-11_54-K2-10X.jpeg,nan,nan,0,0,VISUAL_INCONCLUSIVE,insufficient or conflicting registration evidence
C:\Users\ASUS\Desktop\Ders\blg521\data\02.03\2015\K2\10X\02_03-2015_07_25-11_13-K2-10X.jpeg,02.03\2015\K2\10X\02_03-2015_07_25-11_13-K2-10X.jpeg,02.03,2015,K2,2015-07-25 11:13:00,10X,10X,,0.0,0.0,0.0,C:\Users\ASUS\Desktop\Ders\blg521\data\02.03\2015\K2\1X\02_03-2015_07_25-11_14-K2-1X.jpeg,C:\Users\ASUS\Desktop\Ders\blg521\data\02.03\2015\K2\10X\02_03-2015_07_26-09_00-K2-10X.jpeg,nan,nan,0,0,VISUAL_INCONCLUSIVE,insufficient or conflicting registration evidence
C:\Users\ASUS\Desktop\Ders\blg521\data\02.03\2015\K2\10X\02_03-2015_07_26-09_00-K2-10X.jpeg,02.03\2015\K2\10X\02_03-2015_07_26-09_00-K2-10X.jpeg,02.03,2015,K2,2015-07-26 09:00:00,10X,10X,,0.0,0.0,0.0,C:\Users\ASUS\Desktop\Ders\blg521\data\02.03\2015\K2\1X\02_03-2015_07_26-09_00-K2-1X.jpeg,C:\Users\ASUS\Desktop\Ders\blg521\data\02.03\2015\K2\10X\02_03-2015_07_25-11_13-K2-10X.jpeg,nan,nan,0,0,VISUAL_INCONCLUSIVE,insufficient or conflicting registration evidence
C:\Users\ASUS\Desktop\Ders\blg521\data\02.03\2015\K2\10X\02_03-2015_07_27-09_00-K2-10X.jpeg,02.03\2015\K2\10X\02_03-2015_07_27-09_00-K2-10X.jpeg,02.03,2015,K2,2015-07-27 09:00:00,10X,10X,10X,1.0,0.0,0.757405,C:\Users\ASUS\Desktop\Ders\blg521\data\02.03\2015\K2\1X\02_03-2015_07_27-09_00-K2-1X.jpeg,C:\Users\ASUS\Desktop\Ders\blg521\data\02.03\2015\K2\10X\02_03-2015_07_26-09_00-K2-10X.jpeg,nan,1.05364505133588,0,190,CONSISTENT,"folder, filename, and visual evidence agree"
C:\Users\ASUS\Desktop\Ders\blg521\data\02.03\2015\K2\10X\02_03-2015_07_28-10_40-K2-10X.jpeg,02.03\2015\K2\10X\02_03-2015_07_28-10_40-K2-10X.jpeg,02.03,2015,K2,2015-07-28 10:40:00,10X,10X,10X,1.0,0.0,0.656324,C:\Users\ASUS\Desktop\Ders\blg521\data\02.03\2015\K2\1X\02_03-2015_07_28-10_41-K2-1X.jpeg,C:\Users\ASUS\Desktop\Ders\blg521\data\02.03\2015\K2\10X\02_03-2015_07_29-10_41-K2-10X.jpeg,nan,0.9725772558500293,0,71,CONSISTENT,"folder, filename, and visual evidence agree"
C:\Users\ASUS\Desktop\Ders\blg521\data\02.03\2015\K2\10X\02_03-2015_07_29-10_41-K2-10X.jpeg,02.03\2015\K2\10X\02_03-2015_07_29-10_41-K2-10X.jpeg,02.03,2015,K2,2015-07-29 10:41:00,10X,10X,10X,1.0,0.0,0.703672,C:\Users\ASUS\Desktop\Ders\blg521\data\02.03\2015\K2\1X\02_03-2015_07_29-10_42-K2-1X.jpeg,C:\Users\ASUS\Desktop\Ders\blg521\data\02.03\2015\K2\10X\02_03-2015_07_28-10_40-K2-10X.jpeg,nan,1.0288272542142258,0,72,CONSISTENT,"folder, filename, and visual evidence agree"
C:\Users\ASUS\Desktop\Ders\blg521\data\02.03\2015\K2\10X\02_03-2015_07_30-10_42-K2-10X.jpeg,02.03\2015\K2\10X\02_03-2015_07_30-10_42-K2-10X.jpeg,02.03,2015,K2,2015-07-30 10:42:00,10X,10X,10X,1.0,0.0,0.118208,C:\Users\ASUS\Desktop\Ders\blg521\data\02.03\2015\K2\1X\02_03-2015_07_30-10_43-K2-1X.jpeg,C:\Users\ASUS\Desktop\Ders\blg521\data\02.03\2015\K2\10X\02_03-2015_07_29-10_41-K2-10X.jpeg,nan,0.9611069888820816,0,9,CONSISTENT,"folder, filename, and visual evidence agree"
C:\Users\ASUS\Desktop\Ders\blg521\data\02.03\2015\K2\10X\02_03-2015_07_31-11_30-K2-10X.jpeg,02.03\2015\K2\10X\02_03-2015_07_31-11_30-K2-10X.jpeg,02.03,2015,K2,2015-07-31 11:30:00,10X,10X,10X,1.0,0.0,0.733407,C:\Users\ASUS\Desktop\Ders\blg521\data\02.03\2015\K2\1X\02_03-2015_07_31-11_30-K2-1X.jpeg,C:\Users\ASUS\Desktop\Ders\blg521\data\02.03\2015\K2\10X\02_03-2015_08_01-11_30-K2-10X.jpeg,nan,1.0011304851427767,0,111,CONSISTENT,"folder, filename, and visual evidence agree"
C:\Users\ASUS\Desktop\Ders\blg521\data\02.03\2015\K2\10X\02_03-2015_08_01-11_30-K2-10X.jpeg,02.03\2015\K2\10X\02_03-2015_08_01-11_30-K2-10X.jpeg,02.03,2015,K2,2015-08-01 11:30:00,10X,10X,10X,1.0,0.0,0.743032,C:\Users\ASUS\Desktop\Ders\blg521\data\02.03\2015\K2\1X\02_03-2015_08_01-11_30-K2-1X.jpeg,C:\Users\ASUS\Desktop\Ders\blg521\data\02.03\2015\K2\10X\02_03-2015_07_31-11_30-K2-10X.jpeg,nan,0.9987065652562783,0,112,CONSISTENT,"folder, filename, and visual evidence agree"
C:\Users\ASUS\Desktop\Ders\blg521\data\02.03\2015\K2\10X\02_03-2015_08_03-10_00-K2-10X.jpeg,02.03\2015\K2\10X\02_03-2015_08_03-10_00-K2-10X.jpeg,02.03,2015,K2,2015-08-03 10:00:00,10X,10X,10X,1.0,0.0,0.882984,C:\Users\ASUS\Desktop\Ders\blg521\data\02.03\2015\K2\1X\02_03-2015_08_03-10_00-K2-1X.jpeg,C:\Users\ASUS\Desktop\Ders\blg521\data\02.03\2015\K2\10X\02_03-2015_08_04-10_00-K2-10X.jpeg,nan,1.0046607605134008,0,376,CONSISTENT,"folder, filename, and visual evidence agree"
C:\Users\ASUS\Desktop\Ders\blg521\data\02.03\2015\K2\10X\02_03-2015_08_04-10_00-K2-10X.jpeg,02.03\2015\K2\10X\02_03-2015_08_04-10_00-K2-10X.jpeg,02.03,2015,K2,2015-08-04 10:00:00,10X,10X,10X,1.0,0.0,0.88218,C:\Users\ASUS\Desktop\Ders\blg521\data\02.03\2015\K2\1X\02_03-2015_08_04-10_00-K2-1X.jpeg,C:\Users\ASUS\Desktop\Ders\blg521\data\02.03\2015\K2\10X\02_03-2015_08_03-10_00-K2-10X.jpeg,nan,0.9950643901419984,0,381,CONSISTENT,"folder, filename, and visual evidence agree"
C:\Users\ASUS\Desktop\Ders\blg521\data\02.03\2015\K2\10X\02_03-2015_08_08-10_00-K2-10X.jpeg,02.03\2015\K2\10X\02_03-2015_08_08-10_00-K2-10X.jpeg,02.03,2015,K2,2015-08-08 10:00:00,10X,10X,10X,1.0,0.0,0.743656,C:\Users\ASUS\Desktop\Ders\blg521\data\02.03\2015\K2\1X\02_03-2015_08_08-10_00-K2-1X.jpeg,C:\Users\ASUS\Desktop\Ders\blg521\data\02.03\2015\K2\10X\02_03-2015_08_11-10_29-K2-10X.jpeg,nan,1.0619759629119492,0,67,CONSISTENT,"folder, filename, and visual evidence agree"
C:\Users\ASUS\Desktop\Ders\blg521\data\02.03\2015\K2\10X\02_03-2015_08_11-10_29-K2-10X.jpeg,02.03\2015\K2\10X\02_03-2015_08_11-10_29-K2-10X.jpeg,02.03,2015,K2,2015-08-11 10:29:00,10X,10X,10X,1.0,0.0,0.84939,C:\Users\ASUS\Desktop\Ders\blg521\data\02.03\2015\K2\1X\02_03-2015_08_11-10_30-K2-1X.jpeg,C:\Users\ASUS\Desktop\Ders\blg521\data\02.03\2015\K2\10X\02_03-2015_08_12-10_05-K2-10X.jpeg,nan,0.9965248292097578,0,82,CONSISTENT,"folder, filename, and visual evidence agree"
C:\Users\ASUS\Desktop\Ders\blg521\data\02.03\2015\K2\10X\02_03-2015_08_12-10_05-K2-10X.jpeg,02.03\2015\K2\10X\02_03-2015_08_12-10_05-K2-10X.jpeg,02.03,2015,K2,2015-08-12 10:05:00,10X,10X,10X,1.0,0.0,0.873659,C:\Users\ASUS\Desktop\Ders\blg521\data\02.03\2015\K2\1X\02_03-2015_08_12-10_06-K2-1X.jpeg,C:\Users\ASUS\Desktop\Ders\blg521\data\02.03\2015\K2\10X\02_03-2015_08_11-10_29-K2-10X.jpeg,nan,1.001526687829779,0,96,CONSISTENT,"folder, filename, and visual evidence agree"
C:\Users\ASUS\Desktop\Ders\blg521\data\02.03\2015\K2\10X\02_03-2015_08_13-10_05-K2-10X.jpeg,02.03\2015\K2\10X\02_03-2015_08_13-10_05-K2-10X.jpeg,02.03,2015,K2,2015-08-13 10:05:00,10X,10X,10X,1.0,0.0,0.859775,C:\Users\ASUS\Desktop\Ders\blg521\data\02.03\2015\K2\1X\02_03-2015_08_13-10_06-K2-1X.jpeg,C:\Users\ASUS\Desktop\Ders\blg521\data\02.03\2015\K2\10X\02_03-2015_08_12-10_05-K2-10X.jpeg,nan,1.0320314012675285,0,407,CONSISTENT,"folder, filename, and visual evidence agree"
C:\Users\ASUS\Desktop\Ders\blg521\data\02.03\2015\K2\10X\02_03-2015_08_14-10_06-K2-10X.jpeg,02.03\2015\K2\10X\02_03-2015_08_14-10_06-K2-10X.jpeg,02.03,2015,K2,2015-08-14 10:06:00,10X,10X,10X,1.0,0.0,0.741066,C:\Users\ASUS\Desktop\Ders\blg521\data\02.03\2015\K2\1X\02_03-2015_08_14-10_07-K2-1X.jpeg,C:\Users\ASUS\Desktop\Ders\blg521\data\02.03\2015\K2\10X\02_03-2015_08_13-10_05-K2-10X.jpeg,nan,1.024848577618241,0,137,CONSISTENT,"folder, filename, and visual evidence agree"
C:\Users\ASUS\Desktop\Ders\blg521\data\02.03\2015\K2\10X\02_03-2015_08_15-10_07-K2-10X.jpeg,02.03\2015\K2\10X\02_03-2015_08_15-10_07-K2-10X.jpeg,02.03,2015,K2,2015-08-15 10:07:00,10X,10X,10X,1.0,0.0,0.746714,C:\Users\ASUS\Desktop\Ders\blg521\data\02.03\2015\K2\1X\02_03-2015_08_15-10_08-K2-1X.jpeg,C:\Users\ASUS\Desktop\Ders\blg521\data\02.03\2015\K2\10X\02_03-2015_08_14-10_06-K2-10X.jpeg,nan,1.0160582232906916,0,59,CONSISTENT,"folder, filename, and visual evidence agree"
C:\Users\ASUS\Desktop\Ders\blg521\data\02.03\2015\K2\10X\02_03-2015_08_16-10_13-K2-10X.jpeg,02.03\2015\K2\10X\02_03-2015_08_16-10_13-K2-10X.jpeg,02.03,2015,K2,2015-08-16 10:13:00,10X,10X,10X,1.0,0.0,0.715063,C:\Users\ASUS\Desktop\Ders\blg521\data\02.03\2015\K2\1X\02_03-2015_08_16-10_14-K2-1X.jpeg,C:\Users\ASUS\Desktop\Ders\blg521\data\02.03\2015\K2\10X\02_03-2015_08_15-10_07-K2-10X.jpeg,nan,0.9732084381652685,0,143,CONSISTENT,"folder, filename, and visual evidence agree"
C:\Users\ASUS\Desktop\Ders\blg521\data\02.03\2015\K2\10X\02_03-2015_08_17-11_00-K2-10X.jpeg,02.03\2015\K2\10X\02_03-2015_08_17-11_00-K2-10X.jpeg,02.03,2015,K2,2015-08-17 11:00:00,10X,10X,10X,1.0,0.0,0.381886,C:\Users\ASUS\Desktop\Ders\blg521\data\02.03\2015\K2\1X\02_03-2015_08_17-11_00-K2-1X.jpeg,C:\Users\ASUS\Desktop\Ders\blg521\data\02.03\2015\K2\10X\02_03-2015_08_18-10_15-K2-10X.jpeg,nan,0.9558560789915986,0,20,CONSISTENT,"folder, filename, and visual evidence agree"
C:\Users\ASUS\Desktop\Ders\blg521\data\02.03\2015\K2\10X\02_03-2015_08_18-10_15-K2-10X.jpeg,02.03\2015\K2\10X\02_03-2015_08_18-10_15-K2-10X.jpeg,02.03,2015,K2,2015-08-18 10:15:00,10X,10X,10X,1.0,0.0,0.33198,C:\Users\ASUS\Desktop\Ders\blg521\data\02.03\2015\K2\1X\02_03-2015_08_18-10_16-K2-1X.jpeg,C:\Users\ASUS\Desktop\Ders\blg521\data\02.03\2015\K2\10X\02_03-2015_08_17-11_00-K2-10X.jpeg,nan,1.0458436661732968,0,22,CONSISTENT,"folder, filename, and visual evidence agree"
C:\Users\ASUS\Desktop\Ders\blg521\data\02.03\2015\K2\10X\02_03-2015_08_22-10_00-K2-10X.jpeg,02.03\2015\K2\10X\02_03-2015_08_22-10_00-K2-10X.jpeg,02.03,2015,K2,2015-08-22 10:00:00,10X,10X,,0.0,0.0,0.0,C:\Users\ASUS\Desktop\Ders\blg521\data\02.03\2015\K2\1X\02_03-2015_08_22-10_00-K2-1X.jpeg,C:\Users\ASUS\Desktop\Ders\blg521\data\02.03\2015\K2\10X\02_03-2015_08_25-09_30-K2-10X.jpeg,nan,0.16117203540357405,0,5,VISUAL_INCONCLUSIVE,insufficient or conflicting registration evidence
C:\Users\ASUS\Desktop\Ders\blg521\data\02.03\2015\K2\10X\02_03-2015_08_25-09_30-K2-10X.jpeg,02.03\2015\K2\10X\02_03-2015_08_25-09_30-K2-10X.jpeg,02.03,2015,K2,2015-08-25 09:30:00,10X,10X,10X,1.0,0.0,0.70795,C:\Users\ASUS\Desktop\Ders\blg521\data\02.03\2015\K2\1X\02_03-2015_08_25-09_30-K2-1X.jpeg,C:\Users\ASUS\Desktop\Ders\blg521\data\02.03\2015\K2\10X\02_03-2015_08_26-10_01-K2-10X.jpeg,nan,0.959679259428906,0,40,CONSISTENT,"folder, filename, and visual evidence agree"
C:\Users\ASUS\Desktop\Ders\blg521\data\02.03\2015\K2\10X\02_03-2015_08_26-10_01-K2-10X.jpeg,02.03\2015\K2\10X\02_03-2015_08_26-10_01-K2-10X.jpeg,02.03,2015,K2,2015-08-26 10:01:00,10X,10X,10X,1.0,0.0,0.331582,C:\Users\ASUS\Desktop\Ders\blg521\data\02.03\2015\K2\1X\02_03-2015_08_26-10_02-K2-1X.jpeg,C:\Users\ASUS\Desktop\Ders\blg521\data\02.03\2015\K2\10X\02_03-2015_08_27-10_02-K2-10X.jpeg,nan,1.0592901278112112,0,29,CONSISTENT,"folder, filename, and visual evidence agree"
C:\Users\ASUS\Desktop\Ders\blg521\data\02.03\2015\K2\10X\02_03-2015_08_27-10_02-K2-10X.jpeg,02.03\2015\K2\10X\02_03-2015_08_27-10_02-K2-10X.jpeg,02.03,2015,K2,2015-08-27 10:02:00,10X,10X,10X,1.0,0.0,0.81487,C:\Users\ASUS\Desktop\Ders\blg521\data\02.03\2015\K2\1X\02_03-2015_08_27-10_03-K2-1X.jpeg,C:\Users\ASUS\Desktop\Ders\blg521\data\02.03\2015\K2\10X\02_03-2015_08_28-10_00-K2-10X.jpeg,nan,0.9977369844336963,0,171,CONSISTENT,"folder, filename, and visual evidence agree"
C:\Users\ASUS\Desktop\Ders\blg521\data\02.03\2015\K2\10X\02_03-2015_08_28-10_00-K2-10X.jpeg,02.03\2015\K2\10X\02_03-2015_08_28-10_00-K2-10X.jpeg,02.03,2015,K2,2015-08-28 10:00:00,10X,10X,10X,1.0,0.0,0.829164,C:\Users\ASUS\Desktop\Ders\blg521\data\02.03\2015\K2\1X\02_03-2015_08_28-10_00-K2-1X.jpeg,C:\Users\ASUS\Desktop\Ders\blg521\data\02.03\2015\K2\10X\02_03-2015_08_27-10_02-K2-10X.jpeg,nan,1.0026731500823414,0,164,CONSISTENT,"folder, filename, and visual evidence agree"
C:\Users\ASUS\Desktop\Ders\blg521\data\02.03\2015\K2\10X\02_03-2015_08_30-10_00-K2-10X.jpeg,02.03\2015\K2\10X\02_03-2015_08_30-10_00-K2-10X.jpeg,02.03,2015,K2,2015-08-30 10:00:00,10X,10X,,0.0,0.0,0.0,C:\Users\ASUS\Desktop\Ders\blg521\data\02.03\2015\K2\1X\02_03-2015_08_30-10_00-K2-1X.jpeg,C:\Users\ASUS\Desktop\Ders\blg521\data\02.03\2015\K2\10X\02_03-2015_08_31-10_00-K2-10X.jpeg,nan,nan,0,0,VISUAL_INCONCLUSIVE,insufficient or conflicting registration evidence
C:\Users\ASUS\Desktop\Ders\blg521\data\02.03\2015\K2\10X\02_03-2015_08_31-10_00-K2-10X.jpeg,02.03\2015\K2\10X\02_03-2015_08_31-10_00-K2-10X.jpeg,02.03,2015,K2,2015-08-31 10:00:00,10X,10X,,0.0,0.0,0.0,C:\Users\ASUS\Desktop\Ders\blg521\data\02.03\2015\K2\1X\02_03-2015_08_31-10_00-K2-1X.jpeg,C:\Users\ASUS\Desktop\Ders\blg521\data\02.03\2015\K2\10X\02_03-2015_08_30-10_00-K2-10X.jpeg,nan,1.000123647710058,0,6,VISUAL_INCONCLUSIVE,insufficient or conflicting registration evidence
C:\Users\ASUS\Desktop\Ders\blg521\data\02.03\2015\K2\10X\02_03-2015_09_03-10_15-K2-10X.jpeg,02.03\2015\K2\10X\02_03-2015_09_03-10_15-K2-10X.jpeg,02.03,2015,K2,2015-09-03 10:15:00,10X,10X,,0.0,0.0,0.0,C:\Users\ASUS\Desktop\Ders\blg521\data\02.03\2015\K2\1X\02_03-2015_09_03-10_16-K2-1X.jpeg,C:\Users\ASUS\Desktop\Ders\blg521\data\02.03\2015\K2\10X\02_03-2015_09_04-10_16-K2-10X.jpeg,nan,1.0471020796125565,0,7,VISUAL_INCONCLUSIVE,insufficient or conflicting registration evidence
C:\Users\ASUS\Desktop\Ders\blg521\data\02.03\2015\K2\10X\02_03-2015_09_04-10_16-K2-10X.jpeg,02.03\2015\K2\10X\02_03-2015_09_04-10_16-K2-10X.jpeg,02.03,2015,K2,2015-09-04 10:16:00,10X,10X,,0.0,0.0,0.0,C:\Users\ASUS\Desktop\Ders\blg521\data\02.03\2015\K2\1X\02_03-2015_09_04-10_17-K2-1X.jpeg,C:\Users\ASUS\Desktop\Ders\blg521\data\02.03\2015\K2\10X\02_03-2015_09_03-10_15-K2-10X.jpeg,nan,0.990872677911608,0,7,VISUAL_INCONCLUSIVE,insufficient or conflicting registration evidence
C:\Users\ASUS\Desktop\Ders\blg521\data\02.03\2015\K2\10X\02_03-2015_09_05-10_30-K2-10X.jpeg,02.03\2015\K2\10X\02_03-2015_09_05-10_30-K2-10X.jpeg,02.03,2015,K2,2015-09-05 10:30:00,10X,10X,,0.0,0.0,0.0,C:\Users\ASUS\Desktop\Ders\blg521\data\02.03\2015\K2\1X\02_03-2015_09_05-10_30-K2-1X.jpeg,C:\Users\ASUS\Desktop\Ders\blg521\data\02.03\2015\K2\10X\02_03-2015_09_06-10_00-K2-10X.jpeg,nan,nan,0,0,VISUAL_INCONCLUSIVE,insufficient or conflicting registration evidence
C:\Users\ASUS\Desktop\Ders\blg521\data\02.03\2015\K2\10X\02_03-2015_09_06-10_00-K2-10X.jpeg,02.03\2015\K2\10X\02_03-2015_09_06-10_00-K2-10X.jpeg,02.03,2015,K2,2015-09-06 10:00:00,10X,10X,,0.0,0.0,0.0,C:\Users\ASUS\Desktop\Ders\blg521\data\02.03\2015\K2\1X\02_03-2015_09_06-10_00-K2-1X.jpeg,C:\Users\ASUS\Desktop\Ders\blg521\data\02.03\2015\K2\10X\02_03-2015_09_05-10_30-K2-10X.jpeg,nan,nan,0,0,VISUAL_INCONCLUSIVE,insufficient or conflicting registration evidence
C:\Users\ASUS\Desktop\Ders\blg521\data\02.03\2015\K2\10X\02_03-2015_09_07-11_21-K2-10X.jpeg,02.03\2015\K2\10X\02_03-2015_09_07-11_21-K2-10X.jpeg,02.03,2015,K2,2015-09-07 11:21:00,10X,10X,10X,1.0,0.0,0.714335,C:\Users\ASUS\Desktop\Ders\blg521\data\02.03\2015\K2\1X\02_03-2015_09_07-11_22-K2-1X.jpeg,C:\Users\ASUS\Desktop\Ders\blg521\data\02.03\2015\K2\10X\02_03-2015_09_08-11_03-K2-10X.jpeg,nan,1.0283367275402735,0,86,CONSISTENT,"folder, filename, and visual evidence agree"
C:\Users\ASUS\Desktop\Ders\blg521\data\02.03\2015\K2\10X\02_03-2015_09_08-11_03-K2-10X.jpeg,02.03\2015\K2\10X\02_03-2015_09_08-11_03-K2-10X.jpeg,02.03,2015,K2,2015-09-08 11:03:00,10X,10X,10X,1.0,0.0,0.719751,C:\Users\ASUS\Desktop\Ders\blg521\data\02.03\2015\K2\1X\02_03-2015_09_08-11_04-K2-1X.jpeg,C:\Users\ASUS\Desktop\Ders\blg521\data\02.03\2015\K2\10X\02_03-2015_09_07-11_21-K2-10X.jpeg,nan,0.9729491190543955,0,82,CONSISTENT,"folder, filename, and visual evidence agree"
C:\Users\ASUS\Desktop\Ders\blg521\data\02.03\2015\K2\10X\02_03-2015_09_10-10_31-K2-10X.jpeg,02.03\2015\K2\10X\02_03-2015_09_10-10_31-K2-10X.jpeg,02.03,2015,K2,2015-09-10 10:31:00,10X,10X,10X,1.0,0.0,0.858947,C:\Users\ASUS\Desktop\Ders\blg521\data\02.03\2015\K2\1X\02_03-2015_09_10-10_32-K2-1X.jpeg,C:\Users\ASUS\Desktop\Ders\blg521\data\02.03\2015\K2\10X\02_03-2015_09_11-09_30-K2-10X.jpeg,nan,1.0017180472594407,0,81,CONSISTENT,"folder, filename, and visual evidence agree"
C:\Users\ASUS\Desktop\Ders\blg521\data\02.03\2015\K2\10X\02_03-2015_09_11-09_30-K2-10X.jpeg,02.03\2015\K2\10X\02_03-2015_09_11-09_30-K2-10X.jpeg,02.03,2015,K2,2015-09-11 09:30:00,10X,10X,10X,1.0,0.0,0.872907,C:\Users\ASUS\Desktop\Ders\blg521\data\02.03\2015\K2\1X\02_03-2015_09_11-09_30-K2-1X.jpeg,C:\Users\ASUS\Desktop\Ders\blg521\data\02.03\2015\K2\10X\02_03-2015_09_10-10_31-K2-10X.jpeg,nan,0.9980678879977768,0,80,CONSISTENT,"folder, filename, and visual evidence agree"
C:\Users\ASUS\Desktop\Ders\blg521\data\02.03\2015\K2\10X\02_03-2015_09_12-10_00-K2-10X.jpeg,02.03\2015\K2\10X\02_03-2015_09_12-10_00-K2-10X.jpeg,02.03,2015,K2,2015-09-12 10:00:00,10X,10X,10X,1.0,0.0,0.56151,C:\Users\ASUS\Desktop\Ders\blg521\data\02.03\2015\K2\1X\02_03-2015_09_12-10_00-K2-1X.jpeg,C:\Users\ASUS\Desktop\Ders\blg521\data\02.03\2015\K2\10X\02_03-2015_09_13-09_00-K2-10X.jpeg,nan,1.0012649706681997,0,26,CONSISTENT,"folder, filename, and visual evidence agree"
C:\Users\ASUS\Desktop\Ders\blg521\data\02.03\2015\K2\10X\02_03-2015_09_13-09_00-K2-10X.jpeg,02.03\2015\K2\10X\02_03-2015_09_13-09_00-K2-10X.jpeg,02.03,2015,K2,2015-09-13 09:00:00,10X,10X,10X,1.0,0.0,0.530761,C:\Users\ASUS\Desktop\Ders\blg521\data\02.03\2015\K2\1X\02_03-2015_09_13-09_00-K2-1X.jpeg,C:\Users\ASUS\Desktop\Ders\blg521\data\02.03\2015\K2\10X\02_03-2015_09_12-10_00-K2-10X.jpeg,nan,0.998377099067459,0,25,CONSISTENT,"folder, filename, and visual evidence agree"
C:\Users\ASUS\Desktop\Ders\blg521\data\02.03\2015\K2\10X\02_03-2015_09_14-09_00-K2-10X.jpeg,02.03\2015\K2\10X\02_03-2015_09_14-09_00-K2-10X.jpeg,02.03,2015,K2,2015-09-14 09:00:00,10X,10X,10X,1.0,0.0,0.601341,C:\Users\ASUS\Desktop\Ders\blg521\data\02.03\2015\K2\1X\02_03-2015_09_14-09_00-K2-1X.jpeg,C:\Users\ASUS\Desktop\Ders\blg521\data\02.03\2015\K2\10X\02_03-2015_09_13-09_00-K2-10X.jpeg,nan,1.0648789103172722,0,68,CONSISTENT,"folder, filename, and visual evidence agree"
C:\Users\ASUS\Desktop\Ders\blg521\data\02.03\2015\K2\10X\02_03-2015_09_15-09_30-K2-10X.jpeg,02.03\2015\K2\10X\02_03-2015_09_15-09_30-K2-10X.jpeg,02.03,2015,K2,2015-09-15 09:30:00,10X,10X,10X,1.0,0.0,0.633829,C:\Users\ASUS\Desktop\Ders\blg521\data\02.03\2015\K2\1X\02_03-2015_09_15-09_30-K2-1X.jpeg,C:\Users\ASUS\Desktop\Ders\blg521\data\02.03\2015\K2\10X\02_03-2015_09_14-09_00-K2-10X.jpeg,nan,0.9532061500929522,0,47,CONSISTENT,"folder, filename, and visual evidence agree"
C:\Users\ASUS\Desktop\Ders\blg521\data\02.03\2015\K2\10X\02_03-2015_09_16-10_00-K2-10X.jpeg,02.03\2015\K2\10X\02_03-2015_09_16-10_00-K2-10X.jpeg,02.03,2015,K2,2015-09-16 10:00:00,10X,10X,10X,1.0,0.0,0.846375,C:\Users\ASUS\Desktop\Ders\blg521\data\02.03\2015\K2\1X\02_03-2015_09_16-10_00-K2-1X.jpeg,C:\Users\ASUS\Desktop\Ders\blg521\data\02.03\2015\K2\10X\02_03-2015_09_17-10_00-K2-10X.jpeg,nan,0.99690223299966,0,165,CONSISTENT,"folder, filename, and visual evidence agree"
C:\Users\ASUS\Desktop\Ders\blg521\data\02.03\2015\K2\10X\02_03-2015_09_17-10_00-K2-10X.jpeg,02.03\2015\K2\10X\02_03-2015_09_17-10_00-K2-10X.jpeg,02.03,2015,K2,2015-09-17 10:00:00,10X,10X,10X,1.0,0.0,0.836558,C:\Users\ASUS\Desktop\Ders\blg521\data\02.03\2015\K2\1X\02_03-2015_09_17-10_00-K2-1X.jpeg,C:\Users\ASUS\Desktop\Ders\blg521\data\02.03\2015\K2\10X\02_03-2015_09_16-10_00-K2-10X.jpeg,nan,1.0024744086181159,0,180,CONSISTENT,"folder, filename, and visual evidence agree"
C:\Users\ASUS\Desktop\Ders\blg521\data\02.03\2015\K2\10X\02_03-2015_09_18-10_00-K2-10X.jpeg,02.03\2015\K2\10X\02_03-2015_09_18-10_00-K2-10X.jpeg,02.03,2015,K2,2015-09-18 10:00:00,10X,10X,10X,1.0,0.0,0.8706,C:\Users\ASUS\Desktop\Ders\blg521\data\02.03\2015\K2\1X\02_03-2015_09_18-10_00-K2-1X.jpeg,C:\Users\ASUS\Desktop\Ders\blg521\data\02.03\2015\K2\10X\02_03-2015_09_17-10_00-K2-10X.jpeg,nan,1.0001034032797824,0,171,CONSISTENT,"folder, filename, and visual evidence agree"
C:\Users\ASUS\Desktop\Ders\blg521\data\02.03\2015\K2\10X\02_03-2015_09_19-10_00-K2-10X.jpeg,02.03\2015\K2\10X\02_03-2015_09_19-10_00-K2-10X.jpeg,02.03,2015,K2,2015-09-19 10:00:00,10X,10X,10X,1.0,0.0,0.233196,C:\Users\ASUS\Desktop\Ders\blg521\data\02.03\2015\K2\1X\02_03-2015_09_19-10_00-K2-1X.jpeg,C:\Users\ASUS\Desktop\Ders\blg521\data\02.03\2015\K2\10X\02_03-2015_09_18-10_00-K2-10X.jpeg,nan,1.0253922221729563,0,18,CONSISTENT,"folder, filename, and visual evidence agree"
C:\Users\ASUS\Desktop\Ders\blg521\data\02.03\2015\K2\10X\02_03-2015_09_20-10_00-K2-10X.jpeg,02.03\2015\K2\10X\02_03-2015_09_20-10_00-K2-10X.jpeg,02.03,2015,K2,2015-09-20 10:00:00,10X,10X,10X,1.0,0.0,0.745378,C:\Users\ASUS\Desktop\Ders\blg521\data\02.03\2015\K2\1X\02_03-2015_09_20-10_00-K2-1X.jpeg,C:\Users\ASUS\Desktop\Ders\blg521\data\02.03\2015\K2\10X\02_03-2015_09_19-10_00-K2-10X.jpeg,nan,0.9770183270564816,0,72,CONSISTENT,"folder, filename, and visual evidence agree"
C:\Users\ASUS\Desktop\Ders\blg521\data\02.03\2015\K2\10X\02_03-2015_09_21-10_00-K2-10X.jpeg,02.03\2015\K2\10X\02_03-2015_09_21-10_00-K2-10X.jpeg,02.03,2015,K2,2015-09-21 10:00:00,10X,10X,10X,1.0,0.0,0.130677,C:\Users\ASUS\Desktop\Ders\blg521\data\02.03\2015\K2\1X\02_03-2015_09_21-10_00-K2-1X.jpeg,C:\Users\ASUS\Desktop\Ders\blg521\data\02.03\2015\K2\10X\02_03-2015_09_20-10_00-K2-10X.jpeg,nan,1.00558227069632,0,12,CONSISTENT,"folder, filename, and visual evidence agree"
C:\Users\ASUS\Desktop\Ders\blg521\data\02.03\2015\K2\10X\02_03-2015_09_23-09_00-K2-10X.jpeg,02.03\2015\K2\10X\02_03-2015_09_23-09_00-K2-10X.jpeg,02.03,2015,K2,2015-09-23 09:00:00,10X,10X,,0.0,0.0,0.0,C:\Users\ASUS\Desktop\Ders\blg521\data\02.03\2015\K2\1X\02_03-2015_09_23-09_00-K2-1X.jpeg,C:\Users\ASUS\Desktop\Ders\blg521\data\02.03\2015\K2\10X\02_03-2015_09_24-11_55-K2-10X.jpeg,nan,nan,0,0,VISUAL_INCONCLUSIVE,insufficient or conflicting registration evidence
C:\Users\ASUS\Desktop\Ders\blg521\data\02.03\2015\K2\10X\02_03-2015_09_24-11_55-K2-10X.jpeg,02.03\2015\K2\10X\02_03-2015_09_24-11_55-K2-10X.jpeg,02.03,2015,K2,2015-09-24 11:55:00,10X,10X,,0.0,0.0,0.0,C:\Users\ASUS\Desktop\Ders\blg521\data\02.03\2015\K2\1X\02_03-2015_09_24-11_56-K2-1X.jpeg,C:\Users\ASUS\Desktop\Ders\blg521\data\02.03\2015\K2\10X\02_03-2015_09_23-09_00-K2-10X.jpeg,nan,nan,0,0,VISUAL_INCONCLUSIVE,insufficient or conflicting registration evidence
C:\Users\ASUS\Desktop\Ders\blg521\data\02.03\2015\K2\10X\02_03-2015_10_05-10_00-K2-10X.jpeg,02.03\2015\K2\10X\02_03-2015_10_05-10_00-K2-10X.jpeg,02.03,2015,K2,2015-10-05 10:00:00,10X,10X,,0.0,0.0,0.0,C:\Users\ASUS\Desktop\Ders\blg521\data\02.03\2015\K2\1X\02_03-2015_10_05-10_00-K2-1X.jpeg,C:\Users\ASUS\Desktop\Ders\blg521\data\02.03\2015\K2\10X\02_03-2015_10_15-09_07-K2-10X.jpeg,nan,nan,0,0,VISUAL_INCONCLUSIVE,insufficient or conflicting registration evidence
C:\Users\ASUS\Desktop\Ders\blg521\data\02.03\2015\K2\10X\02_03-2015_10_15-09_07-K2-10X.jpeg,02.03\2015\K2\10X\02_03-2015_10_15-09_07-K2-10X.jpeg,02.03,2015,K2,2015-10-15 09:07:00,10X,10X,,0.0,0.0,0.0,C:\Users\ASUS\Desktop\Ders\blg521\data\02.03\2015\K2\1X\02_03-2015_10_15-09_08-K2-1X.jpeg,C:\Users\ASUS\Desktop\Ders\blg521\data\02.03\2015\K2\10X\02_03-2015_10_24-10_07-K2-10X.jpeg,nan,nan,0,0,VISUAL_INCONCLUSIVE,insufficient or conflicting registration evidence
C:\Users\ASUS\Desktop\Ders\blg521\data\02.03\2015\K2\10X\02_03-2015_10_24-10_07-K2-10X.jpeg,02.03\2015\K2\10X\02_03-2015_10_24-10_07-K2-10X.jpeg,02.03,2015,K2,2015-10-24 10:07:00,10X,10X,10X,1.0,0.0,0.137134,C:\Users\ASUS\Desktop\Ders\blg521\data\02.03\2015\K2\1X\02_03-2015_10_24-10_08-K2-1X.jpeg,C:\Users\ASUS\Desktop\Ders\blg521\data\02.03\2015\K2\10X\02_03-2015_10_25-10_00-K2-10X.jpeg,nan,1.0370153559285569,0,9,CONSISTENT,"folder, filename, and visual evidence agree"
C:\Users\ASUS\Desktop\Ders\blg521\data\02.03\2015\K2\10X\02_03-2015_10_25-10_00-K2-10X.jpeg,02.03\2015\K2\10X\02_03-2015_10_25-10_00-K2-10X.jpeg,02.03,2015,K2,2015-10-25 10:00:00,10X,10X,10X,1.0,0.0,0.157079,C:\Users\ASUS\Desktop\Ders\blg521\data\02.03\2015\K2\1X\02_03-2015_10_25-10_00-K2-1X.jpeg,C:\Users\ASUS\Desktop\Ders\blg521\data\02.03\2015\K2\10X\02_03-2015_10_24-10_07-K2-10X.jpeg,nan,0.9558167929689629,0,10,CONSISTENT,"folder, filename, and visual evidence agree"
C:\Users\ASUS\Desktop\Ders\blg521\data\02.03\2015\K2\10X\02_03-2015_10_28-11_13-K2-10X.jpeg,02.03\2015\K2\10X\02_03-2015_10_28-11_13-K2-10X.jpeg,02.03,2015,K2,2015-10-28 11:13:00,10X,10X,10X,1.0,0.0,0.779138,C:\Users\ASUS\Desktop\Ders\blg521\data\02.03\2015\K2\1X\02_03-2015_10_28-11_15-K2-1X.jpeg,C:\Users\ASUS\Desktop\Ders\blg521\data\02.03\2015\K2\10X\02_03-2015_10_29-11_15-K2-10X.jpeg,nan,0.9290138240926906,0,165,CONSISTENT,"folder, filename, and visual evidence agree"
C:\Users\ASUS\Desktop\Ders\blg521\data\02.03\2015\K2\10X\02_03-2015_10_29-11_15-K2-10X.jpeg,02.03\2015\K2\10X\02_03-2015_10_29-11_15-K2-10X.jpeg,02.03,2015,K2,2015-10-29 11:15:00,10X,10X,10X,1.0,0.0,0.309485,C:\Users\ASUS\Desktop\Ders\blg521\data\02.03\2015\K2\1X\02_03-2015_10_29-11_16-K2-1X.jpeg,C:\Users\ASUS\Desktop\Ders\blg521\data\02.03\2015\K2\10X\02_03-2015_10_30-09_35-K2-10X.jpeg,nan,1.074050186789853,0,17,CONSISTENT,"folder, filename, and visual evidence agree"
C:\Users\ASUS\Desktop\Ders\blg521\data\02.03\2015\K2\10X\02_03-2015_10_30-09_35-K2-10X.jpeg,02.03\2015\K2\10X\02_03-2015_10_30-09_35-K2-10X.jpeg,02.03,2015,K2,2015-10-30 09:35:00,10X,10X,10X,1.0,0.0,0.193168,C:\Users\ASUS\Desktop\Ders\blg521\data\02.03\2015\K2\1X\02_03-2015_10_30-09_36-K2-1X.jpeg,C:\Users\ASUS\Desktop\Ders\blg521\data\02.03\2015\K2\10X\02_03-2015_10_29-11_15-K2-10X.jpeg,nan,0.9307416737706828,0,12,CONSISTENT,"folder, filename, and visual evidence agree"
C:\Users\ASUS\Desktop\Ders\blg521\data\02.03\2015\K2\10X\02_03-2015_11_01-10_15-K2-10X.jpeg,02.03\2015\K2\10X\02_03-2015_11_01-10_15-K2-10X.jpeg,02.03,2015,K2,2015-11-01 10:15:00,10X,10X,10X,1.0,0.0,0.17966,C:\Users\ASUS\Desktop\Ders\blg521\data\02.03\2015\K2\1X\02_03-2015_11_01-10_16-K2-1X.jpeg,C:\Users\ASUS\Desktop\Ders\blg521\data\02.03\2015\K2\10X\02_03-2015_11_02-10_00-K2-10X.jpeg,nan,0.99516346898269,0,9,CONSISTENT,"folder, filename, and visual evidence agree"
C:\Users\ASUS\Desktop\Ders\blg521\data\02.03\2015\K2\10X\02_03-2015_11_02-10_00-K2-10X.jpeg,02.03\2015\K2\10X\02_03-2015_11_02-10_00-K2-10X.jpeg,02.03,2015,K2,2015-11-02 10:00:00,10X,10X,,0.0,0.0,0.0,C:\Users\ASUS\Desktop\Ders\blg521\data\02.03\2015\K2\1X\02_03-2015_11_02-10_00-K2-1X.jpeg,C:\Users\ASUS\Desktop\Ders\blg521\data\02.03\2015\K2\10X\02_03-2015_11_01-10_15-K2-10X.jpeg,nan,nan,0,0,VISUAL_INCONCLUSIVE,insufficient or conflicting registration evidence
C:\Users\ASUS\Desktop\Ders\blg521\data\02.03\2015\K2\10X\02_03-2015_11_03-10_00-K2-10X.jpeg,02.03\2015\K2\10X\02_03-2015_11_03-10_00-K2-10X.jpeg,02.03,2015,K2,2015-11-03 10:00:00,10X,10X,,0.0,0.0,0.0,C:\Users\ASUS\Desktop\Ders\blg521\data\02.03\2015\K2\1X\02_03-2015_11_03-10_00-K2-1X.jpeg,C:\Users\ASUS\Desktop\Ders\blg521\data\02.03\2015\K2\10X\02_03-2015_11_02-10_00-K2-10X.jpeg,nan,nan,0,0,VISUAL_INCONCLUSIVE,insufficient or conflicting registration evidence
C:\Users\ASUS\Desktop\Ders\blg521\data\02.03\2015\K2\10X\02_03-2015_11_04-10_06-K2-10X.jpeg,02.03\2015\K2\10X\02_03-2015_11_04-10_06-K2-10X.jpeg,02.03,2015,K2,2015-11-04 10:06:00,10X,10X,10X,1.0,0.0,0.731167,C:\Users\ASUS\Desktop\Ders\blg521\data\02.03\2015\K2\1X\02_03-2015_11_04-10_07-K2-1X.jpeg,C:\Users\ASUS\Desktop\Ders\blg521\data\02.03\2015\K2\10X\02_03-2015_11_03-10_00-K2-10X.jpeg,nan,1.0078568778493329,0,39,CONSISTENT,"folder, filename, and visual evidence agree"
C:\Users\ASUS\Desktop\Ders\blg521\data\02.03\2015\K2\10X\02_03-2015_11_10-10_00-K2-10X.jpeg,02.03\2015\K2\10X\02_03-2015_11_10-10_00-K2-10X.jpeg,02.03,2015,K2,2015-11-10 10:00:00,10X,10X,10X,1.0,0.0,0.135667,C:\Users\ASUS\Desktop\Ders\blg521\data\02.03\2015\K2\1X\02_03-2015_11_10-10_00-K2-1X.jpeg,C:\Users\ASUS\Desktop\Ders\blg521\data\02.03\2015\K2\10X\02_03-2015_11_13-10_54-K2-10X.jpeg,nan,0.9545442749010469,0,9,CONSISTENT,"folder, filename, and visual evidence agree"
C:\Users\ASUS\Desktop\Ders\blg521\data\02.03\2015\K2\10X\02_03-2015_11_13-10_54-K2-10X.jpeg,02.03\2015\K2\10X\02_03-2015_11_13-10_54-K2-10X.jpeg,02.03,2015,K2,2015-11-13 10:54:00,10X,10X,10X,1.0,0.0,0.735265,C:\Users\ASUS\Desktop\Ders\blg521\data\02.03\2015\K2\1X\02_03-2015_11_13-10_55-K2-1X.jpeg,C:\Users\ASUS\Desktop\Ders\blg521\data\02.03\2015\K2\10X\02_03-2015_11_14-10_54-K2-10X.jpeg,nan,0.9553984814180043,0,65,CONSISTENT,"folder, filename, and visual evidence agree"
C:\Users\ASUS\Desktop\Ders\blg521\data\02.03\2015\K2\10X\02_03-2015_11_14-10_54-K2-10X.jpeg,02.03\2015\K2\10X\02_03-2015_11_14-10_54-K2-10X.jpeg,02.03,2015,K2,2015-11-14 10:54:00,10X,10X,10X,1.0,0.0,0.738338,C:\Users\ASUS\Desktop\Ders\blg521\data\02.03\2015\K2\1X\02_03-2015_11_14-10_55-K2-1X.jpeg,C:\Users\ASUS\Desktop\Ders\blg521\data\02.03\2015\K2\10X\02_03-2015_11_13-10_54-K2-10X.jpeg,nan,1.048134950941437,0,67,CONSISTENT,"folder, filename, and visual evidence agree"
C:\Users\ASUS\Desktop\Ders\blg521\data\02.03\2015\K2\10X\02_03-2015_11_15-10_55-K2-10X.jpeg,02.03\2015\K2\10X\02_03-2015_11_15-10_55-K2-10X.jpeg,02.03,2015,K2,2015-11-15 10:55:00,10X,10X,,0.0,0.0,0.0,C:\Users\ASUS\Desktop\Ders\blg521\data\02.03\2015\K2\1X\02_03-2015_11_15-10_56-K2-1X.jpeg,C:\Users\ASUS\Desktop\Ders\blg521\data\02.03\2015\K2\10X\02_03-2015_11_16-10_00-K2-10X.jpeg,nan,nan,0,0,VISUAL_INCONCLUSIVE,insufficient or conflicting registration evidence
C:\Users\ASUS\Desktop\Ders\blg521\data\02.03\2015\K2\10X\02_03-2015_11_16-10_00-K2-10X.jpeg,02.03\2015\K2\10X\02_03-2015_11_16-10_00-K2-10X.jpeg,02.03,2015,K2,2015-11-16 10:00:00,10X,10X,,0.0,0.0,0.0,C:\Users\ASUS\Desktop\Ders\blg521\data\02.03\2015\K2\1X\02_03-2015_11_16-10_00-K2-1X.jpeg,C:\Users\ASUS\Desktop\Ders\blg521\data\02.03\2015\K2\10X\02_03-2015_11_15-10_55-K2-10X.jpeg,nan,nan,0,0,VISUAL_INCONCLUSIVE,insufficient or conflicting registration evidence
C:\Users\ASUS\Desktop\Ders\blg521\data\02.03\2015\K2\10X\02_03-2015_11_17-10_35-K2-10X.jpeg,02.03\2015\K2\10X\02_03-2015_11_17-10_35-K2-10X.jpeg,02.03,2015,K2,2015-11-17 10:35:00,10X,10X,,0.0,0.0,0.0,C:\Users\ASUS\Desktop\Ders\blg521\data\02.03\2015\K2\1X\02_03-2015_11_17-10_36-K2-1X.jpeg,C:\Users\ASUS\Desktop\Ders\blg521\data\02.03\2015\K2\10X\02_03-2015_11_18-10_00-K2-10X.jpeg,nan,nan,0,0,VISUAL_INCONCLUSIVE,insufficient or conflicting registration evidence
C:\Users\ASUS\Desktop\Ders\blg521\data\02.03\2015\K2\10X\02_03-2015_11_18-10_00-K2-10X.jpeg,02.03\2015\K2\10X\02_03-2015_11_18-10_00-K2-10X.jpeg,02.03,2015,K2,2015-11-18 10:00:00,10X,10X,,0.0,0.0,0.0,C:\Users\ASUS\Desktop\Ders\blg521\data\02.03\2015\K2\1X\02_03-2015_11_18-10_00-K2-1X.jpeg,C:\Users\ASUS\Desktop\Ders\blg521\data\02.03\2015\K2\10X\02_03-2015_11_17-10_35-K2-10X.jpeg,nan,nan,0,0,VISUAL_INCONCLUSIVE,insufficient or conflicting registration evidence
C:\Users\ASUS\Desktop\Ders\blg521\data\02.03\2015\K2\10X\02_03-2015_11_19-11_00-K2-10X.jpeg,02.03\2015\K2\10X\02_03-2015_11_19-11_00-K2-10X.jpeg,02.03,2015,K2,2015-11-19 11:00:00,10X,10X,10X,1.0,0.0,0.873596,C:\Users\ASUS\Desktop\Ders\blg521\data\02.03\2015\K2\1X\02_03-2015_11_19-10_30-K2-1X.jpeg,C:\Users\ASUS\Desktop\Ders\blg521\data\02.03\2015\K2\10X\02_03-2015_11_20-10_53-K2-10X.jpeg,nan,0.9746721500288277,0,76,CONSISTENT,"folder, filename, and visual evidence agree"
C:\Users\ASUS\Desktop\Ders\blg521\data\02.03\2015\K2\10X\02_03-2015_11_20-10_53-K2-10X.jpeg,02.03\2015\K2\10X\02_03-2015_11_20-10_53-K2-10X.jpeg,02.03,2015,K2,2015-11-20 10:53:00,10X,10X,10X,1.0,0.0,0.155241,C:\Users\ASUS\Desktop\Ders\blg521\data\02.03\2015\K2\1X\02_03-2015_11_20-10_54-K2-1X.jpeg,C:\Users\ASUS\Desktop\Ders\blg521\data\02.03\2015\K2\10X\02_03-2015_11_21-10_00-K2-10X.jpeg,nan,1.0946800955928715,0,10,CONSISTENT,"folder, filename, and visual evidence agree"
C:\Users\ASUS\Desktop\Ders\blg521\data\02.03\2015\K2\10X\02_03-2015_11_21-10_00-K2-10X.jpeg,02.03\2015\K2\10X\02_03-2015_11_21-10_00-K2-10X.jpeg,02.03,2015,K2,2015-11-21 10:00:00,10X,10X,10X,1.0,0.0,0.224728,C:\Users\ASUS\Desktop\Ders\blg521\data\02.03\2015\K2\1X\02_03-2015_11_21-10_00-K2-1X.jpeg,C:\Users\ASUS\Desktop\Ders\blg521\data\02.03\2015\K2\10X\02_03-2015_11_20-10_53-K2-10X.jpeg,nan,0.9582297291785833,0,11,CONSISTENT,"folder, filename, and visual evidence agree"
C:\Users\ASUS\Desktop\Ders\blg521\data\02.03\2015\K2\10X\02_03-2015_11_23-10_00-K2-10X.jpeg,02.03\2015\K2\10X\02_03-2015_11_23-10_00-K2-10X.jpeg,02.03,2015,K2,2015-11-23 10:00:00,10X,10X,10X,1.0,0.0,0.888985,C:\Users\ASUS\Desktop\Ders\blg521\data\02.03\2015\K2\1X\02_03-2015_11_23-10_00-K2-1X.jpeg,C:\Users\ASUS\Desktop\Ders\blg521\data\02.03\2015\K2\10X\02_03-2015_11_24-10_00-K2-10X.jpeg,nan,1.0212703810084223,0,400,CONSISTENT,"folder, filename, and visual evidence agree"
C:\Users\ASUS\Desktop\Ders\blg521\data\02.03\2015\K2\10X\02_03-2015_11_24-10_00-K2-10X.jpeg,02.03\2015\K2\10X\02_03-2015_11_24-10_00-K2-10X.jpeg,02.03,2015,K2,2015-11-24 10:00:00,10X,10X,10X,1.0,0.0,0.889052,C:\Users\ASUS\Desktop\Ders\blg521\data\02.03\2015\K2\1X\02_03-2015_11_24-10_00-K2-1X.jpeg,C:\Users\ASUS\Desktop\Ders\blg521\data\02.03\2015\K2\10X\02_03-2015_11_23-10_00-K2-10X.jpeg,nan,0.9793491046142412,0,417,CONSISTENT,"folder, filename, and visual evidence agree"
C:\Users\ASUS\Desktop\Ders\blg521\data\02.03\2015\K2\10X\02_03-2015_11_25-10_00-K2-10X.jpeg,02.03\2015\K2\10X\02_03-2015_11_25-10_00-K2-10X.jpeg,02.03,2015,K2,2015-11-25 10:00:00,10X,10X,10X,1.0,0.0,0.889332,C:\Users\ASUS\Desktop\Ders\blg521\data\02.03\2015\K2\1X\02_03-2015_11_25-10_00-K2-1X.jpeg,C:\Users\ASUS\Desktop\Ders\blg521\data\02.03\2015\K2\10X\02_03-2015_11_24-10_00-K2-10X.jpeg,nan,1.0234959922458986,0,54,CONSISTENT,"folder, filename, and visual evidence agree"
C:\Users\ASUS\Desktop\Ders\blg521\data\02.03\2015\K2\10X\02_03-2015_11_26-10_00-K2-10X.jpeg,02.03\2015\K2\10X\02_03-2015_11_26-10_00-K2-10X.jpeg,02.03,2015,K2,2015-11-26 10:00:00,10X,10X,10X,1.0,0.0,0.542134,C:\Users\ASUS\Desktop\Ders\blg521\data\02.03\2015\K2\1X\02_03-2015_11_26-10_00-K2-1X.jpeg,C:\Users\ASUS\Desktop\Ders\blg521\data\02.03\2015\K2\10X\02_03-2015_11_25-10_00-K2-10X.jpeg,nan,0.9536394795046501,0,29,CONSISTENT,"folder, filename, and visual evidence agree"
C:\Users\ASUS\Desktop\Ders\blg521\data\02.03\2015\K2\10X\02_03-2015_11_27-10_00-K2-10X.jpeg,02.03\2015\K2\10X\02_03-2015_11_27-10_00-K2-10X.jpeg,02.03,2015,K2,2015-11-27 10:00:00,10X,10X,10X,1.0,0.0,0.593237,C:\Users\ASUS\Desktop\Ders\blg521\data\02.03\2015\K2\1X\02_03-2015_11_27-10_00-K2-1X.jpeg,C:\Users\ASUS\Desktop\Ders\blg521\data\02.03\2015\K2\10X\02_03-2015_11_26-10_00-K2-10X.jpeg,nan,1.049044722387858,0,32,CONSISTENT,"folder, filename, and visual evidence agree"
C:\Users\ASUS\Desktop\Ders\blg521\data\02.03\2015\K2\10X\02_03-2015_11_28-10_00-K2-10X.jpeg,02.03\2015\K2\10X\02_03-2015_11_28-10_00-K2-10X.jpeg,02.03,2015,K2,2015-11-28 10:00:00,10X,10X,,0.0,0.0,0.0,C:\Users\ASUS\Desktop\Ders\blg521\data\02.03\2015\K2\1X\02_03-2015_11_28-10_00-K2-1X.jpeg,C:\Users\ASUS\Desktop\Ders\blg521\data\02.03\2015\K2\10X\02_03-2015_11_29-09_00-K2-10X.jpeg,nan,0.8663700436001583,0,5,VISUAL_INCONCLUSIVE,insufficient or conflicting registration evidence
C:\Users\ASUS\Desktop\Ders\blg521\data\02.03\2015\K2\10X\02_03-2015_11_29-09_00-K2-10X.jpeg,02.03\2015\K2\10X\02_03-2015_11_29-09_00-K2-10X.jpeg,02.03,2015,K2,2015-11-29 09:00:00,10X,10X,,0.0,0.0,0.0,C:\Users\ASUS\Desktop\Ders\blg521\data\02.03\2015\K2\1X\02_03-2015_11_29-09_00-K2-1X.jpeg,C:\Users\ASUS\Desktop\Ders\blg521\data\02.03\2015\K2\10X\02_03-2015_11_28-10_00-K2-10X.jpeg,nan,3.328228542234187,0,4,VISUAL_INCONCLUSIVE,insufficient or conflicting registration evidence
C:\Users\ASUS\Desktop\Ders\blg521\data\02.03\2015\K2\10X\02_03-2015_11_30-10_00-K2-10X.jpeg,02.03\2015\K2\10X\02_03-2015_11_30-10_00-K2-10X.jpeg,02.03,2015,K2,2015-11-30 10:00:00,10X,10X,,0.0,0.0,0.0,C:\Users\ASUS\Desktop\Ders\blg521\data\02.03\2015\K2\1X\02_03-2015_11_30-10_00-K2-1X.jpeg,C:\Users\ASUS\Desktop\Ders\blg521\data\02.03\2015\K2\10X\02_03-2015_12_01-10_00-K2-10X.jpeg,nan,nan,0,0,VISUAL_INCONCLUSIVE,insufficient or conflicting registration evidence
C:\Users\ASUS\Desktop\Ders\blg521\data\02.03\2015\K2\10X\02_03-2015_12_01-10_00-K2-10X.jpeg,02.03\2015\K2\10X\02_03-2015_12_01-10_00-K2-10X.jpeg,02.03,2015,K2,2015-12-01 10:00:00,10X,10X,,0.0,0.0,0.0,C:\Users\ASUS\Desktop\Ders\blg521\data\02.03\2015\K2\1X\02_03-2015_12_01-10_00-K2-1X.jpeg,C:\Users\ASUS\Desktop\Ders\blg521\data\02.03\2015\K2\10X\02_03-2015_11_30-10_00-K2-10X.jpeg,nan,0.8531125630859597,0,5,VISUAL_INCONCLUSIVE,insufficient or conflicting registration evidence
C:\Users\ASUS\Desktop\Ders\blg521\data\02.03\2015\K2\10X\02_03-2015_12_02-10_00-K2-10X.jpeg,02.03\2015\K2\10X\02_03-2015_12_02-10_00-K2-10X.jpeg,02.03,2015,K2,2015-12-02 10:00:00,10X,10X,10X,1.0,0.0,0.851675,C:\Users\ASUS\Desktop\Ders\blg521\data\02.03\2015\K2\1X\02_03-2015_12_02-10_00-K2-1X.jpeg,C:\Users\ASUS\Desktop\Ders\blg521\data\02.03\2015\K2\10X\02_03-2015_12_01-10_00-K2-10X.jpeg,nan,0.9982522254436847,0,159,CONSISTENT,"folder, filename, and visual evidence agree"
C:\Users\ASUS\Desktop\Ders\blg521\data\02.03\2015\K2\10X\02_03-2015_12_03-10_00-K2-10X.jpeg,02.03\2015\K2\10X\02_03-2015_12_03-10_00-K2-10X.jpeg,02.03,2015,K2,2015-12-03 10:00:00,10X,10X,,0.0,0.0,0.0,C:\Users\ASUS\Desktop\Ders\blg521\data\02.03\2015\K2\1X\02_03-2015_12_03-10_00-K2-1X.jpeg,C:\Users\ASUS\Desktop\Ders\blg521\data\02.03\2015\K2\10X\02_03-2015_12_02-10_00-K2-10X.jpeg,nan,1.1193691580552103,0,5,VISUAL_INCONCLUSIVE,insufficient or conflicting registration evidence
C:\Users\ASUS\Desktop\Ders\blg521\data\02.03\2015\K2\10X\02_03-2015_12_04-10_00-K2-10X.jpeg,02.03\2015\K2\10X\02_03-2015_12_04-10_00-K2-10X.jpeg,02.03,2015,K2,2015-12-04 10:00:00,10X,10X,,0.0,0.0,0.0,C:\Users\ASUS\Desktop\Ders\blg521\data\02.03\2015\K2\1X\02_03-2015_12_04-10_00-K2-1X.jpeg,C:\Users\ASUS\Desktop\Ders\blg521\data\02.03\2015\K2\10X\02_03-2015_12_03-10_00-K2-10X.jpeg,nan,nan,0,0,VISUAL_INCONCLUSIVE,insufficient or conflicting registration evidence
C:\Users\ASUS\Desktop\Ders\blg521\data\02.03\2015\K2\10X\02_03-2015_12_05-10_19-K2-10X.jpeg,02.03\2015\K2\10X\02_03-2015_12_05-10_19-K2-10X.jpeg,02.03,2015,K2,2015-12-05 10:19:00,10X,10X,10X,1.0,0.0,0.562997,C:\Users\ASUS\Desktop\Ders\blg521\data\02.03\2015\K2\1X\02_03-2015_12_05-10_19-K2-1X.jpeg,C:\Users\ASUS\Desktop\Ders\blg521\data\02.03\2015\K2\10X\02_03-2015_12_06-10_21-K2-10X.jpeg,nan,0.9902472211260511,0,31,CONSISTENT,"folder, filename, and visual evidence agree"
C:\Users\ASUS\Desktop\Ders\blg521\data\02.03\2015\K2\10X\02_03-2015_12_06-10_21-K2-10X.jpeg,02.03\2015\K2\10X\02_03-2015_12_06-10_21-K2-10X.jpeg,02.03,2015,K2,2015-12-06 10:21:00,10X,10X,10X,1.0,0.0,0.945069,C:\Users\ASUS\Desktop\Ders\blg521\data\02.03\2015\K2\1X\02_03-2015_12_06-10_21-K2-1X.jpeg,C:\Users\ASUS\Desktop\Ders\blg521\data\02.03\2015\K2\10X\02_03-2015_12_07-10_00-K2-10X.jpeg,nan,0.9999550285967265,0,83,CONSISTENT,"folder, filename, and visual evidence agree"
C:\Users\ASUS\Desktop\Ders\blg521\data\02.03\2015\K2\10X\02_03-2015_12_07-10_00-K2-10X.jpeg,02.03\2015\K2\10X\02_03-2015_12_07-10_00-K2-10X.jpeg,02.03,2015,K2,2015-12-07 10:00:00,10X,10X,10X,1.0,0.0,0.897994,C:\Users\ASUS\Desktop\Ders\blg521\data\02.03\2015\K2\1X\02_03-2015_12_07-10_00-K2-1X.jpeg,C:\Users\ASUS\Desktop\Ders\blg521\data\02.03\2015\K2\10X\02_03-2015_12_06-10_21-K2-10X.jpeg,nan,1.0009824287863376,0,87,CONSISTENT,"folder, filename, and visual evidence agree"
C:\Users\ASUS\Desktop\Ders\blg521\data\02.03\2015\K2\10X\02_03-2015_12_08-10_00-K2-10X.jpeg,02.03\2015\K2\10X\02_03-2015_12_08-10_00-K2-10X.jpeg,02.03,2015,K2,2015-12-08 10:00:00,10X,10X,10X,1.0,0.0,0.935164,C:\Users\ASUS\Desktop\Ders\blg521\data\02.03\2015\K2\1X\02_03-2015_12_08-10_00-K2-1X.jpeg,C:\Users\ASUS\Desktop\Ders\blg521\data\02.03\2015\K2\10X\02_03-2015_12_07-10_00-K2-10X.jpeg,nan,1.0000618008546869,0,747,CONSISTENT,"folder, filename, and visual evidence agree"
C:\Users\ASUS\Desktop\Ders\blg521\data\02.03\2015\K2\10X\02_03-2015_12_09-10_00-K2-10X.jpeg,02.03\2015\K2\10X\02_03-2015_12_09-10_00-K2-10X.jpeg,02.03,2015,K2,2015-12-09 10:00:00,10X,10X,10X,1.0,0.0,0.859299,C:\Users\ASUS\Desktop\Ders\blg521\data\02.03\2015\K2\1X\02_03-2015_12_09-10_00-K2-1X.jpeg,C:\Users\ASUS\Desktop\Ders\blg521\data\02.03\2015\K2\10X\02_03-2015_12_08-10_00-K2-10X.jpeg,nan,1.0246186554954688,0,413,CONSISTENT,"folder, filename, and visual evidence agree"
C:\Users\ASUS\Desktop\Ders\blg521\data\02.03\2015\K2\10X\02_03-2015_12_10-10_00-K2-10X.jpeg,02.03\2015\K2\10X\02_03-2015_12_10-10_00-K2-10X.jpeg,02.03,2015,K2,2015-12-10 10:00:00,10X,10X,10X,1.0,0.0,0.817595,C:\Users\ASUS\Desktop\Ders\blg521\data\02.03\2015\K2\1X\02_03-2015_12_10-10_00-K2-1X.jpeg,C:\Users\ASUS\Desktop\Ders\blg521\data\02.03\2015\K2\10X\02_03-2015_12_09-10_00-K2-10X.jpeg,nan,0.9538553066860105,0,494,CONSISTENT,"folder, filename, and visual evidence agree"
C:\Users\ASUS\Desktop\Ders\blg521\data\02.03\2015\K2\10X\02_03-2015_12_11-10_00-K2-10X.jpeg,02.03\2015\K2\10X\02_03-2015_12_11-10_00-K2-10X.jpeg,02.03,2015,K2,2015-12-11 10:00:00,10X,10X,10X,1.0,0.0,0.468112,C:\Users\ASUS\Desktop\Ders\blg521\data\02.03\2015\K2\1X\02_03-2015_12_11-10_00-K2-1X.jpeg,C:\Users\ASUS\Desktop\Ders\blg521\data\02.03\2015\K2\10X\02_03-2015_12_12-09_00-K2-10X.jpeg,nan,0.978921334192706,0,23,CONSISTENT,"folder, filename, and visual evidence agree"
C:\Users\ASUS\Desktop\Ders\blg521\data\02.03\2015\K2\10X\02_03-2015_12_12-09_00-K2-10X.jpeg,02.03\2015\K2\10X\02_03-2015_12_12-09_00-K2-10X.jpeg,02.03,2015,K2,2015-12-12 09:00:00,10X,10X,10X,1.0,0.0,0.571811,C:\Users\ASUS\Desktop\Ders\blg521\data\02.03\2015\K2\1X\02_03-2015_12_12-09_00-K2-1X.jpeg,C:\Users\ASUS\Desktop\Ders\blg521\data\02.03\2015\K2\10X\02_03-2015_12_11-10_00-K2-10X.jpeg,nan,1.021103680304024,0,28,CONSISTENT,"folder, filename, and visual evidence agree"
C:\Users\ASUS\Desktop\Ders\blg521\data\02.03\2015\K2\10X\02_03-2015_12_13-10_00-K2-10X.jpeg,02.03\2015\K2\10X\02_03-2015_12_13-10_00-K2-10X.jpeg,02.03,2015,K2,2015-12-13 10:00:00,10X,10X,10X,1.0,0.0,0.92766,C:\Users\ASUS\Desktop\Ders\blg521\data\02.03\2015\K2\1X\02_03-2015_12_13-10_00-K2-1X.jpeg,C:\Users\ASUS\Desktop\Ders\blg521\data\02.03\2015\K2\10X\02_03-2015_12_14-10_00-K2-10X.jpeg,nan,0.9956415911560433,0,338,CONSISTENT,"folder, filename, and visual evidence agree"
C:\Users\ASUS\Desktop\Ders\blg521\data\02.03\2015\K2\10X\02_03-2015_12_14-10_00-K2-10X.jpeg,02.03\2015\K2\10X\02_03-2015_12_14-10_00-K2-10X.jpeg,02.03,2015,K2,2015-12-14 10:00:00,10X,10X,10X,1.0,0.0,0.907277,C:\Users\ASUS\Desktop\Ders\blg521\data\02.03\2015\K2\1X\02_03-2015_12_14-10_00-K2-1X.jpeg,C:\Users\ASUS\Desktop\Ders\blg521\data\02.03\2015\K2\10X\02_03-2015_12_13-10_00-K2-10X.jpeg,nan,1.004512869509718,0,353,CONSISTENT,"folder, filename, and visual evidence agree"
C:\Users\ASUS\Desktop\Ders\blg521\data\02.03\2015\K2\10X\02_03-2015_12_15-10_00-K2-10X.jpeg,02.03\2015\K2\10X\02_03-2015_12_15-10_00-K2-10X.jpeg,02.03,2015,K2,2015-12-15 10:00:00,10X,10X,10X,1.0,0.0,0.911874,C:\Users\ASUS\Desktop\Ders\blg521\data\02.03\2015\K2\1X\02_03-2015_12_15-10_00-K2-1X.jpeg,C:\Users\ASUS\Desktop\Ders\blg521\data\02.03\2015\K2\10X\02_03-2015_12_14-10_00-K2-10X.jpeg,nan,0.9959265276344667,0,398,CONSISTENT,"folder, filename, and visual evidence agree"
C:\Users\ASUS\Desktop\Ders\blg521\data\02.03\2015\K2\10X\02_03-2015_12_16-11_12-K2-10X.jpeg,02.03\2015\K2\10X\02_03-2015_12_16-11_12-K2-10X.jpeg,02.03,2015,K2,2015-12-16 11:12:00,10X,10X,10X,1.0,0.0,0.548772,C:\Users\ASUS\Desktop\Ders\blg521\data\02.03\2015\K2\1X\02_03-2015_12_16-11_12-K2-1X.jpeg,C:\Users\ASUS\Desktop\Ders\blg521\data\02.03\2015\K2\10X\02_03-2015_12_17-10_01-K2-10X.jpeg,nan,1.0002156603134096,0,30,CONSISTENT,"folder, filename, and visual evidence agree"
C:\Users\ASUS\Desktop\Ders\blg521\data\02.03\2015\K2\10X\02_03-2015_12_17-10_01-K2-10X.jpeg,02.03\2015\K2\10X\02_03-2015_12_17-10_01-K2-10X.jpeg,02.03,2015,K2,2015-12-17 10:01:00,10X,10X,10X,1.0,0.0,0.620827,C:\Users\ASUS\Desktop\Ders\blg521\data\02.03\2015\K2\1X\02_03-2015_12_17-10_02-K2-1X.jpeg,C:\Users\ASUS\Desktop\Ders\blg521\data\02.03\2015\K2\10X\02_03-2015_12_16-11_12-K2-10X.jpeg,nan,0.9985473305495912,0,31,CONSISTENT,"folder, filename, and visual evidence agree"
C:\Users\ASUS\Desktop\Ders\blg521\data\02.03\2015\K2\10X\02_03-2015_12_18-10_01-K2-10X.jpeg,02.03\2015\K2\10X\02_03-2015_12_18-10_01-K2-10X.jpeg,02.03,2015,K2,2015-12-18 10:01:00,10X,10X,10X,1.0,0.0,0.83236,C:\Users\ASUS\Desktop\Ders\blg521\data\02.03\2015\K2\1X\02_03-2015_12_18-10_02-K2-1X.jpeg,C:\Users\ASUS\Desktop\Ders\blg521\data\02.03\2015\K2\10X\02_03-2015_12_19-10_00-K2-10X.jpeg,nan,1.0508652844855455,0,325,CONSISTENT,"folder, filename, and visual evidence agree"
C:\Users\ASUS\Desktop\Ders\blg521\data\02.03\2015\K2\10X\02_03-2015_12_19-10_00-K2-10X.jpeg,02.03\2015\K2\10X\02_03-2015_12_19-10_00-K2-10X.jpeg,02.03,2015,K2,2015-12-19 10:00:00,10X,10X,10X,1.0,0.0,0.831441,C:\Users\ASUS\Desktop\Ders\blg521\data\02.03\2015\K2\1X\02_03-2015_12_19-10_01-K2-1X.jpeg,C:\Users\ASUS\Desktop\Ders\blg521\data\02.03\2015\K2\10X\02_03-2015_12_18-10_01-K2-10X.jpeg,nan,0.9514926452142861,0,327,CONSISTENT,"folder, filename, and visual evidence agree"
C:\Users\ASUS\Desktop\Ders\blg521\data\02.03\2015\K2\10X\02_03-2015_12_20-10_00-K2-10X.jpeg,02.03\2015\K2\10X\02_03-2015_12_20-10_00-K2-10X.jpeg,02.03,2015,K2,2015-12-20 10:00:00,10X,10X,10X,1.0,0.0,0.829731,C:\Users\ASUS\Desktop\Ders\blg521\data\02.03\2015\K2\1X\02_03-2015_12_20-10_00-K2-1X.jpeg,C:\Users\ASUS\Desktop\Ders\blg521\data\02.03\2015\K2\10X\02_03-2015_12_19-10_00-K2-10X.jpeg,nan,1.049513701035991,0,460,CONSISTENT,"folder, filename, and visual evidence agree"
C:\Users\ASUS\Desktop\Ders\blg521\data\02.03\2015\K2\10X\02_03-2015_12_21-10_00-K2-10X.jpeg,02.03\2015\K2\10X\02_03-2015_12_21-10_00-K2-10X.jpeg,02.03,2015,K2,2015-12-21 10:00:00,10X,10X,10X,1.0,0.0,0.958577,C:\Users\ASUS\Desktop\Ders\blg521\data\02.03\2015\K2\1X\02_03-2015_12_21-10_00-K2-1X.jpeg,C:\Users\ASUS\Desktop\Ders\blg521\data\02.03\2015\K2\10X\02_03-2015_12_20-10_00-K2-10X.jpeg,nan,1.0011182909217495,0,715,CONSISTENT,"folder, filename, and visual evidence agree"
C:\Users\ASUS\Desktop\Ders\blg521\data\02.03\2015\K2\10X\02_03-2015_12_22-10_00-K2-10X.jpeg,02.03\2015\K2\10X\02_03-2015_12_22-10_00-K2-10X.jpeg,02.03,2015,K2,2015-12-22 10:00:00,10X,10X,10X,1.0,0.0,0.962461,C:\Users\ASUS\Desktop\Ders\blg521\data\02.03\2015\K2\1X\02_03-2015_12_22-10_00-K2-1X.jpeg,C:\Users\ASUS\Desktop\Ders\blg521\data\02.03\2015\K2\10X\02_03-2015_12_21-10_00-K2-10X.jpeg,nan,1.0006067587861047,0,709,CONSISTENT,"folder, filename, and visual evidence agree"
C:\Users\ASUS\Desktop\Ders\blg521\data\02.03\2015\K2\10X\02_03-2015_12_23-10_32-K2-10X.jpeg,02.03\2015\K2\10X\02_03-2015_12_23-10_32-K2-10X.jpeg,02.03,2015,K2,2015-12-23 10:32:00,10X,10X,10X,1.0,0.0,0.733798,C:\Users\ASUS\Desktop\Ders\blg521\data\02.03\2015\K2\1X\02_03-2015_12_23-10_33-K2-1X.jpeg,C:\Users\ASUS\Desktop\Ders\blg521\data\02.03\2015\K2\10X\02_03-2015_12_24-10_00-K2-10X.jpeg,nan,0.9555012289379461,0,57,CONSISTENT,"folder, filename, and visual evidence agree"
C:\Users\ASUS\Desktop\Ders\blg521\data\02.03\2015\K2\10X\02_03-2015_12_24-10_00-K2-10X.jpeg,02.03\2015\K2\10X\02_03-2015_12_24-10_00-K2-10X.jpeg,02.03,2015,K2,2015-12-24 10:00:00,10X,10X,,0.0,0.0,0.0,C:\Users\ASUS\Desktop\Ders\blg521\data\02.03\2015\K2\1X\02_03-2015_12_24-10_00-K2-1X.jpeg,C:\Users\ASUS\Desktop\Ders\blg521\data\02.03\2015\K2\10X\02_03-2015_12_25-08_30-K2-10X.jpeg,nan,0.9940051371469226,0,7,VISUAL_INCONCLUSIVE,insufficient or conflicting registration evidence
C:\Users\ASUS\Desktop\Ders\blg521\data\02.03\2015\K2\10X\02_03-2015_12_25-08_30-K2-10X.jpeg,02.03\2015\K2\10X\02_03-2015_12_25-08_30-K2-10X.jpeg,02.03,2015,K2,2015-12-25 08:30:00,10X,10X,10X,1.0,0.0,0.108887,C:\Users\ASUS\Desktop\Ders\blg521\data\02.03\2015\K2\1X\02_03-2015_12_25-08_30-K2-1X.jpeg,C:\Users\ASUS\Desktop\Ders\blg521\data\02.03\2015\K2\10X\02_03-2015_12_24-10_00-K2-10X.jpeg,nan,0.9977994185020354,0,8,CONSISTENT,"folder, filename, and visual evidence agree"
C:\Users\ASUS\Desktop\Ders\blg521\data\02.03\2015\K2\10X\02_03-2015_12_26-10_00-K2-10X.jpeg,02.03\2015\K2\10X\02_03-2015_12_26-10_00-K2-10X.jpeg,02.03,2015,K2,2015-12-26 10:00:00,10X,10X,,0.0,0.0,0.0,C:\Users\ASUS\Desktop\Ders\blg521\data\02.03\2015\K2\1X\02_03-2015_12_26-10_00-K2-1X.jpeg,C:\Users\ASUS\Desktop\Ders\blg521\data\02.03\2015\K2\10X\02_03-2015_12_25-08_30-K2-10X.jpeg,nan,nan,0,0,VISUAL_INCONCLUSIVE,insufficient or conflicting registration evidence
C:\Users\ASUS\Desktop\Ders\blg521\data\02.03\2015\K2\10X\02_03-2015_12_28-10_00-K2-10X.jpeg,02.03\2015\K2\10X\02_03-2015_12_28-10_00-K2-10X.jpeg,02.03,2015,K2,2015-12-28 10:00:00,10X,10X,,0.0,0.0,0.0,C:\Users\ASUS\Desktop\Ders\blg521\data\02.03\2015\K2\1X\02_03-2015_12_28-10_00-K2-1X.jpeg,C:\Users\ASUS\Desktop\Ders\blg521\data\02.03\2015\K2\10X\02_03-2015_12_29-10_00-K2-10X.jpeg,0.008689084281221685,0.9845104746918044,6,5,VISUAL_INCONCLUSIVE,insufficient or conflicting registration evidence
C:\Users\ASUS\Desktop\Ders\blg521\data\02.03\2015\K2\10X\02_03-2015_12_29-10_00-K2-10X.jpeg,02.03\2015\K2\10X\02_03-2015_12_29-10_00-K2-10X.jpeg,02.03,2015,K2,2015-12-29 10:00:00,10X,10X,,0.0,0.0,0.0,C:\Users\ASUS\Desktop\Ders\blg521\data\02.03\2015\K2\1X\02_03-2015_12_29-10_00-K2-1X.jpeg,C:\Users\ASUS\Desktop\Ders\blg521\data\02.03\2015\K2\10X\02_03-2015_12_28-10_00-K2-10X.jpeg,nan,1.024815428819351,0,6,VISUAL_INCONCLUSIVE,insufficient or conflicting registration evidence
C:\Users\ASUS\Desktop\Ders\blg521\data\02.03\2015\K2\10X\02_03-2015_12_30-10_00-K2-10X.jpeg,02.03\2015\K2\10X\02_03-2015_12_30-10_00-K2-10X.jpeg,02.03,2015,K2,2015-12-30 10:00:00,10X,10X,,0.0,0.0,0.0,C:\Users\ASUS\Desktop\Ders\blg521\data\02.03\2015\K2\1X\02_03-2015_12_30-10_00-K2-1X.jpeg,C:\Users\ASUS\Desktop\Ders\blg521\data\02.03\2015\K2\10X\02_03-2015_12_31-09_30-K2-10X.jpeg,nan,0.6276694179780673,0,5,VISUAL_INCONCLUSIVE,insufficient or conflicting registration evidence
C:\Users\ASUS\Desktop\Ders\blg521\data\02.03\2015\K2\10X\02_03-2015_12_31-09_30-K2-10X.jpeg,02.03\2015\K2\10X\02_03-2015_12_31-09_30-K2-10X.jpeg,02.03,2015,K2,2015-12-31 09:30:00,10X,10X,,0.0,0.0,0.0,C:\Users\ASUS\Desktop\Ders\blg521\data\02.03\2015\K2\1X\02_03-2015_12_31-09_30-K2-1X.jpeg,C:\Users\ASUS\Desktop\Ders\blg521\data\02.03\2015\K2\10X\02_03-2015_12_30-10_00-K2-10X.jpeg,nan,0.9999029855382497,0,5,VISUAL_INCONCLUSIVE,insufficient or conflicting registration evidence
C:\Users\ASUS\Desktop\Ders\blg521\data\02.03\2015\K2\1X\02_03-2015_01_01-11_08-K2-1X.jpeg,02.03\2015\K2\1X\02_03-2015_01_01-11_08-K2-1X.jpeg,02.03,2015,K2,2015-01-01 11:08:00,1X,1X,1X,1.0,0.251346,0.0,C:\Users\ASUS\Desktop\Ders\blg521\data\02.03\2015\K2\1X\02_03-2015_01_02-10_51-K2-1X.jpeg,C:\Users\ASUS\Desktop\Ders\blg521\data\02.03\2015\K2\10X\02_03-2015_01_01-11_08-K2-10X.jpeg,0.9909688173375885,nan,15,0,CONSISTENT,"folder, filename, and visual evidence agree"
C:\Users\ASUS\Desktop\Ders\blg521\data\02.03\2015\K2\1X\02_03-2015_01_02-10_51-K2-1X.jpeg,02.03\2015\K2\1X\02_03-2015_01_02-10_51-K2-1X.jpeg,02.03,2015,K2,2015-01-02 10:51:00,1X,1X,1X,1.0,0.697276,0.0,C:\Users\ASUS\Desktop\Ders\blg521\data\02.03\2015\K2\1X\02_03-2015_01_03-10_00-K2-1X.jpeg,C:\Users\ASUS\Desktop\Ders\blg521\data\02.03\2015\K2\10X\02_03-2015_01_02-10_51-K2-10X.jpeg,1.0008137196247286,nan,31,0,CONSISTENT,"folder, filename, and visual evidence agree"
C:\Users\ASUS\Desktop\Ders\blg521\data\02.03\2015\K2\1X\02_03-2015_01_03-10_00-K2-1X.jpeg,02.03\2015\K2\1X\02_03-2015_01_03-10_00-K2-1X.jpeg,02.03,2015,K2,2015-01-03 10:00:00,1X,1X,1X,1.0,0.68306,0.0,C:\Users\ASUS\Desktop\Ders\blg521\data\02.03\2015\K2\1X\02_03-2015_01_02-10_51-K2-1X.jpeg,C:\Users\ASUS\Desktop\Ders\blg521\data\02.03\2015\K2\10X\02_03-2015_01_03-10_00-K2-10X.jpeg,0.9988028487159706,nan,32,0,CONSISTENT,"folder, filename, and visual evidence agree"
C:\Users\ASUS\Desktop\Ders\blg521\data\02.03\2015\K2\1X\02_03-2015_01_04-10_53-K2-1X.jpeg,02.03\2015\K2\1X\02_03-2015_01_04-10_53-K2-1X.jpeg,02.03,2015,K2,2015-01-04 10:53:00,1X,1X,,0.0,0.0,0.0,C:\Users\ASUS\Desktop\Ders\blg521\data\02.03\2015\K2\1X\02_03-2015_01_05-10_00-K2-1X.jpeg,C:\Users\ASUS\Desktop\Ders\blg521\data\02.03\2015\K2\10X\02_03-2015_01_04-10_53-K2-10X.jpeg,nan,nan,0,0,VISUAL_INCONCLUSIVE,insufficient or conflicting registration evidence
C:\Users\ASUS\Desktop\Ders\blg521\data\02.03\2015\K2\1X\02_03-2015_01_05-10_00-K2-1X.jpeg,02.03\2015\K2\1X\02_03-2015_01_05-10_00-K2-1X.jpeg,02.03,2015,K2,2015-01-05 10:00:00,1X,1X,,0.0,0.0,0.0,C:\Users\ASUS\Desktop\Ders\blg521\data\02.03\2015\K2\1X\02_03-2015_01_04-10_53-K2-1X.jpeg,C:\Users\ASUS\Desktop\Ders\blg521\data\02.03\2015\K2\10X\02_03-2015_01_05-10_00-K2-10X.jpeg,nan,nan,0,0,VISUAL_INCONCLUSIVE,insufficient or conflicting registration evidence
C:\Users\ASUS\Desktop\Ders\blg521\data\02.03\2015\K2\1X\02_03-2015_01_07-10_55-K2-1X.jpeg,02.03\2015\K2\1X\02_03-2015_01_07-10_55-K2-1X.jpeg,02.03,2015,K2,2015-01-07 10:55:00,1X,1X,,0.0,0.0,0.0,C:\Users\ASUS\Desktop\Ders\blg521\data\02.03\2015\K2\1X\02_03-2015_01_08-10_55-K2-1X.jpeg,C:\Users\ASUS\Desktop\Ders\blg521\data\02.03\2015\K2\10X\02_03-2015_01_07-10_55-K2-10X.jpeg,nan,nan,0,0,VISUAL_INCONCLUSIVE,insufficient or conflicting registration evidence
C:\Users\ASUS\Desktop\Ders\blg521\data\02.03\2015\K2\1X\02_03-2015_01_08-10_55-K2-1X.jpeg,02.03\2015\K2\1X\02_03-2015_01_08-10_55-K2-1X.jpeg,02.03,2015,K2,2015-01-08 10:55:00,1X,1X,1X,1.0,0.946849,0.0,C:\Users\ASUS\Desktop\Ders\blg521\data\02.03\2015\K2\1X\02_03-2015_01_09-10_00-K2-1X.jpeg,C:\Users\ASUS\Desktop\Ders\blg521\data\02.03\2015\K2\10X\02_03-2015_01_08-10_55-K2-10X.jpeg,0.9994380552663757,nan,87,0,CONSISTENT,"folder, filename, and visual evidence agree"
C:\Users\ASUS\Desktop\Ders\blg521\data\02.03\2015\K2\1X\02_03-2015_01_09-10_00-K2-1X.jpeg,02.03\2015\K2\1X\02_03-2015_01_09-10_00-K2-1X.jpeg,02.03,2015,K2,2015-01-09 10:00:00,1X,1X,1X,1.0,0.928397,0.0,C:\Users\ASUS\Desktop\Ders\blg521\data\02.03\2015\K2\1X\02_03-2015_01_08-10_55-K2-1X.jpeg,C:\Users\ASUS\Desktop\Ders\blg521\data\02.03\2015\K2\10X\02_03-2015_01_09-10_00-K2-10X.jpeg,1.0002291927540619,nan,89,0,CONSISTENT,"folder, filename, and visual evidence agree"
C:\Users\ASUS\Desktop\Ders\blg521\data\02.03\2015\K2\1X\02_03-2015_01_10-10_00-K2-1X.jpeg,02.03\2015\K2\1X\02_03-2015_01_10-10_00-K2-1X.jpeg,02.03,2015,K2,2015-01-10 10:00:00,1X,1X,1X,1.0,0.962298,0.0,C:\Users\ASUS\Desktop\Ders\blg521\data\02.03\2015\K2\1X\02_03-2015_01_09-10_00-K2-1X.jpeg,C:\Users\ASUS\Desktop\Ders\blg521\data\02.03\2015\K2\10X\02_03-2015_01_10-10_00-K2-10X.jpeg,0.9987024062113601,nan,143,0,CONSISTENT,"folder, filename, and visual evidence agree"
C:\Users\ASUS\Desktop\Ders\blg521\data\02.03\2015\K2\1X\02_03-2015_01_11-10_00-K2-1X.jpeg,02.03\2015\K2\1X\02_03-2015_01_11-10_00-K2-1X.jpeg,02.03,2015,K2,2015-01-11 10:00:00,1X,1X,,0.0,0.0,0.0,C:\Users\ASUS\Desktop\Ders\blg521\data\02.03\2015\K2\1X\02_03-2015_01_10-10_00-K2-1X.jpeg,C:\Users\ASUS\Desktop\Ders\blg521\data\02.03\2015\K2\10X\02_03-2015_01_11-10_00-K2-10X.jpeg,nan,0.005809882826339348,0,5,VISUAL_INCONCLUSIVE,insufficient or conflicting registration evidence
C:\Users\ASUS\Desktop\Ders\blg521\data\02.03\2015\K2\1X\02_03-2015_01_12-10_00-K2-1X.jpeg,02.03\2015\K2\1X\02_03-2015_01_12-10_00-K2-1X.jpeg,02.03,2015,K2,2015-01-12 10:00:00,1X,1X,,0.0,0.0,0.0,C:\Users\ASUS\Desktop\Ders\blg521\data\02.03\2015\K2\1X\02_03-2015_01_11-10_00-K2-1X.jpeg,C:\Users\ASUS\Desktop\Ders\blg521\data\02.03\2015\K2\10X\02_03-2015_01_12-10_00-K2-10X.jpeg,nan,nan,0,0,VISUAL_INCONCLUSIVE,insufficient or conflicting registration evidence
C:\Users\ASUS\Desktop\Ders\blg521\data\02.03\2015\K2\1X\02_03-2015_01_13-10_00-K2-1X.jpeg,02.03\2015\K2\1X\02_03-2015_01_13-10_00-K2-1X.jpeg,02.03,2015,K2,2015-01-13 10:00:00,1X,1X,1X,1.0,0.969039,0.0,C:\Users\ASUS\Desktop\Ders\blg521\data\02.03\2015\K2\1X\02_03-2015_01_12-10_00-K2-1X.jpeg,C:\Users\ASUS\Desktop\Ders\blg521\data\02.03\2015\K2\10X\02_03-2015_01_13-10_00-K2-10X.jpeg,0.9996730488762323,nan,559,0,CONSISTENT,"folder, filename, and visual evidence agree"
C:\Users\ASUS\Desktop\Ders\blg521\data\02.03\2015\K2\1X\02_03-2015_01_14-10_00-K2-1X.jpeg,02.03\2015\K2\1X\02_03-2015_01_14-10_00-K2-1X.jpeg,02.03,2015,K2,2015-01-14 10:00:00,1X,1X,1X,1.0,0.925938,0.0,C:\Users\ASUS\Desktop\Ders\blg521\data\02.03\2015\K2\1X\02_03-2015_01_13-10_00-K2-1X.jpeg,C:\Users\ASUS\Desktop\Ders\blg521\data\02.03\2015\K2\10X\02_03-2015_01_14-10_00-K2-10X.jpeg,0.9863256193445112,nan,449,0,CONSISTENT,"folder, filename, and visual evidence agree"
C:\Users\ASUS\Desktop\Ders\blg521\data\02.03\2015\K2\1X\02_03-2015_01_15-10_52-K2-1X.jpeg,02.03\2015\K2\1X\02_03-2015_01_15-10_52-K2-1X.jpeg,02.03,2015,K2,2015-01-15 10:52:00,1X,1X,1X,1.0,0.455656,0.0,C:\Users\ASUS\Desktop\Ders\blg521\data\02.03\2015\K2\1X\02_03-2015_01_16-10_00-K2-1X.jpeg,C:\Users\ASUS\Desktop\Ders\blg521\data\02.03\2015\K2\10X\02_03-2015_01_15-10_52-K2-10X.jpeg,1.000364424819368,nan,19,0,CONSISTENT,"folder, filename, and visual evidence agree"
C:\Users\ASUS\Desktop\Ders\blg521\data\02.03\2015\K2\1X\02_03-2015_01_16-10_00-K2-1X.jpeg,02.03\2015\K2\1X\02_03-2015_01_16-10_00-K2-1X.jpeg,02.03,2015,K2,2015-01-16 10:00:00,1X,1X,1X,1.0,0.480377,0.0,C:\Users\ASUS\Desktop\Ders\blg521\data\02.03\2015\K2\1X\02_03-2015_01_15-10_52-K2-1X.jpeg,C:\Users\ASUS\Desktop\Ders\blg521\data\02.03\2015\K2\10X\02_03-2015_01_16-10_00-K2-10X.jpeg,1.0004849701396945,nan,20,0,CONSISTENT,"folder, filename, and visual evidence agree"
C:\Users\ASUS\Desktop\Ders\blg521\data\02.03\2015\K2\1X\02_03-2015_01_17-10_00-K2-1X.jpeg,02.03\2015\K2\1X\02_03-2015_01_17-10_00-K2-1X.jpeg,02.03,2015,K2,2015-01-17 10:00:00,1X,1X,1X,1.0,0.350069,0.0,C:\Users\ASUS\Desktop\Ders\blg521\data\02.03\2015\K2\1X\02_03-2015_01_16-10_00-K2-1X.jpeg,C:\Users\ASUS\Desktop\Ders\blg521\data\02.03\2015\K2\10X\02_03-2015_01_17-10_00-K2-10X.jpeg,0.9959709132720163,nan,18,0,CONSISTENT,"folder, filename, and visual evidence agree"
C:\Users\ASUS\Desktop\Ders\blg521\data\02.03\2015\K2\1X\02_03-2015_01_18-10_00-K2-1X.jpeg,02.03\2015\K2\1X\02_03-2015_01_18-10_00-K2-1X.jpeg,02.03,2015,K2,2015-01-18 10:00:00,1X,1X,1X,1.0,0.951482,0.0,C:\Users\ASUS\Desktop\Ders\blg521\data\02.03\2015\K2\1X\02_03-2015_01_17-10_00-K2-1X.jpeg,C:\Users\ASUS\Desktop\Ders\blg521\data\02.03\2015\K2\10X\02_03-2015_01_18-10_00-K2-10X.jpeg,1.0005729051847727,nan,464,0,CONSISTENT,"folder, filename, and visual evidence agree"
C:\Users\ASUS\Desktop\Ders\blg521\data\02.03\2015\K2\1X\02_03-2015_01_19-10_00-K2-1X.jpeg,02.03\2015\K2\1X\02_03-2015_01_19-10_00-K2-1X.jpeg,02.03,2015,K2,2015-01-19 10:00:00,1X,1X,1X,1.0,0.968044,0.0,C:\Users\ASUS\Desktop\Ders\blg521\data\02.03\2015\K2\1X\02_03-2015_01_18-10_00-K2-1X.jpeg,C:\Users\ASUS\Desktop\Ders\blg521\data\02.03\2015\K2\10X\02_03-2015_01_19-10_00-K2-10X.jpeg,0.9990009046356808,nan,794,0,CONSISTENT,"folder, filename, and visual evidence agree"
C:\Users\ASUS\Desktop\Ders\blg521\data\02.03\2015\K2\1X\02_03-2015_01_20-10_00-K2-1X.jpeg,02.03\2015\K2\1X\02_03-2015_01_20-10_00-K2-1X.jpeg,02.03,2015,K2,2015-01-20 10:00:00,1X,1X,1X,1.0,0.818114,0.0,C:\Users\ASUS\Desktop\Ders\blg521\data\02.03\2015\K2\1X\02_03-2015_01_21-09_30-K2-1X.jpeg,C:\Users\ASUS\Desktop\Ders\blg521\data\02.03\2015\K2\10X\02_03-2015_01_20-10_00-K2-10X.jpeg,1.004331586149028,nan,48,0,CONSISTENT,"folder, filename, and visual evidence agree"
C:\Users\ASUS\Desktop\Ders\blg521\data\02.03\2015\K2\1X\02_03-2015_01_21-09_30-K2-1X.jpeg,02.03\2015\K2\1X\02_03-2015_01_21-09_30-K2-1X.jpeg,02.03,2015,K2,2015-01-21 09:30:00,1X,1X,1X,1.0,0.923235,0.0,C:\Users\ASUS\Desktop\Ders\blg521\data\02.03\2015\K2\1X\02_03-2015_01_20-10_00-K2-1X.jpeg,C:\Users\ASUS\Desktop\Ders\blg521\data\02.03\2015\K2\10X\02_03-2015_01_21-09_30-K2-10X.jpeg,0.9956716433179094,nan,46,0,CONSISTENT,"folder, filename, and visual evidence agree"
C:\Users\ASUS\Desktop\Ders\blg521\data\02.03\2015\K2\1X\02_03-2015_02_05-10_00-K2-1X.jpeg,02.03\2015\K2\1X\02_03-2015_02_05-10_00-K2-1X.jpeg,02.03,2015,K2,2015-02-05 10:00:00,1X,1X,1X,1.0,0.93776,0.0,C:\Users\ASUS\Desktop\Ders\blg521\data\02.03\2015\K2\1X\02_03-2015_02_06-09_30-K2-1X.jpeg,C:\Users\ASUS\Desktop\Ders\blg521\data\02.03\2015\K2\10X\02_03-2015_02_05-10_00-K2-10X.jpeg,0.9930214672280393,nan,380,0,CONSISTENT,"folder, filename, and visual evidence agree"
C:\Users\ASUS\Desktop\Ders\blg521\data\02.03\2015\K2\1X\02_03-2015_02_06-09_30-K2-1X.jpeg,02.03\2015\K2\1X\02_03-2015_02_06-09_30-K2-1X.jpeg,02.03,2015,K2,2015-02-06 09:30:00,1X,1X,1X,1.0,0.9382,0.0,C:\Users\ASUS\Desktop\Ders\blg521\data\02.03\2015\K2\1X\02_03-2015_02_05-10_00-K2-1X.jpeg,C:\Users\ASUS\Desktop\Ders\blg521\data\02.03\2015\K2\10X\02_03-2015_02_06-09_30-K2-10X.jpeg,1.006842994634967,nan,378,0,CONSISTENT,"folder, filename, and visual evidence agree"
C:\Users\ASUS\Desktop\Ders\blg521\data\02.03\2015\K2\1X\02_03-2015_02_07-11_58-K2-1X.jpeg,02.03\2015\K2\1X\02_03-2015_02_07-11_58-K2-1X.jpeg,02.03,2015,K2,2015-02-07 11:58:00,1X,1X,1X,1.0,0.908819,0.0,C:\Users\ASUS\Desktop\Ders\blg521\data\02.03\2015\K2\1X\02_03-2015_02_08-10_00-K2-1X.jpeg,C:\Users\ASUS\Desktop\Ders\blg521\data\02.03\2015\K2\10X\02_03-2015_02_07-11_58-K2-10X.jpeg,1.006405202341468,nan,105,0,CONSISTENT,"folder, filename, and visual evidence agree"
C:\Users\ASUS\Desktop\Ders\blg521\data\02.03\2015\K2\1X\02_03-2015_02_08-10_00-K2-1X.jpeg,02.03\2015\K2\1X\02_03-2015_02_08-10_00-K2-1X.jpeg,02.03,2015,K2,2015-02-08 10:00:00,1X,1X,1X,1.0,0.932689,0.0,C:\Users\ASUS\Desktop\Ders\blg521\data\02.03\2015\K2\1X\02_03-2015_02_07-11_58-K2-1X.jpeg,C:\Users\ASUS\Desktop\Ders\blg521\data\02.03\2015\K2\10X\02_03-2015_02_08-10_00-K2-10X.jpeg,0.9937538169708315,nan,102,0,CONSISTENT,"folder, filename, and visual evidence agree"
C:\Users\ASUS\Desktop\Ders\blg521\data\02.03\2015\K2\1X\02_03-2015_02_09-11_27-K2-1X.jpeg,02.03\2015\K2\1X\02_03-2015_02_09-11_27-K2-1X.jpeg,02.03,2015,K2,2015-02-09 11:27:00,1X,1X,1X,1.0,0.247083,0.0,C:\Users\ASUS\Desktop\Ders\blg521\data\02.03\2015\K2\1X\02_03-2015_02_10-10_00-K2-1X.jpeg,C:\Users\ASUS\Desktop\Ders\blg521\data\02.03\2015\K2\10X\02_03-2015_02_09-11_27-K2-10X.jpeg,1.0018621705617938,nan,10,0,CONSISTENT,"folder, filename, and visual evidence agree"
C:\Users\ASUS\Desktop\Ders\blg521\data\02.03\2015\K2\1X\02_03-2015_02_10-10_00-K2-1X.jpeg,02.03\2015\K2\1X\02_03-2015_02_10-10_00-K2-1X.jpeg,02.03,2015,K2,2015-02-10 10:00:00,1X,1X,1X,1.0,0.187434,0.0,C:\Users\ASUS\Desktop\Ders\blg521\data\02.03\2015\K2\1X\02_03-2015_02_09-11_27-K2-1X.jpeg,C:\Users\ASUS\Desktop\Ders\blg521\data\02.03\2015\K2\10X\02_03-2015_02_10-10_00-K2-10X.jpeg,1.0007218031579264,nan,11,0,CONSISTENT,"folder, filename, and visual evidence agree"
C:\Users\ASUS\Desktop\Ders\blg521\data\02.03\2015\K2\1X\02_03-2015_02_11-10_31-K2-1X.jpeg,02.03\2015\K2\1X\02_03-2015_02_11-10_31-K2-1X.jpeg,02.03,2015,K2,2015-02-11 10:31:00,1X,1X,1X,1.0,0.776927,0.0,C:\Users\ASUS\Desktop\Ders\blg521\data\02.03\2015\K2\1X\02_03-2015_02_12-10_00-K2-1X.jpeg,C:\Users\ASUS\Desktop\Ders\blg521\data\02.03\2015\K2\10X\02_03-2015_02_11-10_31-K2-10X.jpeg,0.9854177110039168,nan,35,0,CONSISTENT,"folder, filename, and visual evidence agree"
C:\Users\ASUS\Desktop\Ders\blg521\data\02.03\2015\K2\1X\02_03-2015_02_12-10_00-K2-1X.jpeg,02.03\2015\K2\1X\02_03-2015_02_12-10_00-K2-1X.jpeg,02.03,2015,K2,2015-02-12 10:00:00,1X,1X,1X,1.0,0.607863,0.0,C:\Users\ASUS\Desktop\Ders\blg521\data\02.03\2015\K2\1X\02_03-2015_02_11-10_31-K2-1X.jpeg,C:\Users\ASUS\Desktop\Ders\blg521\data\02.03\2015\K2\10X\02_03-2015_02_12-10_00-K2-10X.jpeg,1.014880110947356,nan,26,0,CONSISTENT,"folder, filename, and visual evidence agree"
C:\Users\ASUS\Desktop\Ders\blg521\data\02.03\2015\K2\1X\02_03-2015_02_13-09_30-K2-1X.jpeg,02.03\2015\K2\1X\02_03-2015_02_13-09_30-K2-1X.jpeg,02.03,2015,K2,2015-02-13 09:30:00,1X,1X,1X,1.0,0.928767,0.0,C:\Users\ASUS\Desktop\Ders\blg521\data\02.03\2015\K2\1X\02_03-2015_02_12-10_00-K2-1X.jpeg,C:\Users\ASUS\Desktop\Ders\blg521\data\02.03\2015\K2\10X\02_03-2015_02_13-09_30-K2-10X.jpeg,1.001232463954638,nan,52,0,CONSISTENT,"folder, filename, and visual evidence agree"
C:\Users\ASUS\Desktop\Ders\blg521\data\02.03\2015\K2\1X\02_03-2015_02_14-10_41-K2-1X.jpeg,02.03\2015\K2\1X\02_03-2015_02_14-10_41-K2-1X.jpeg,02.03,2015,K2,2015-02-14 10:41:00,1X,1X,1X,1.0,0.965311,0.0,C:\Users\ASUS\Desktop\Ders\blg521\data\02.03\2015\K2\1X\02_03-2015_02_15-10_38-K2-1X.jpeg,C:\Users\ASUS\Desktop\Ders\blg521\data\02.03\2015\K2\10X\02_03-2015_02_14-10_41-K2-10X.jpeg,0.9997009937688799,nan,93,0,CONSISTENT,"folder, filename, and visual evidence agree"
C:\Users\ASUS\Desktop\Ders\blg521\data\02.03\2015\K2\1X\02_03-2015_02_15-10_38-K2-1X.jpeg,02.03\2015\K2\1X\02_03-2015_02_15-10_38-K2-1X.jpeg,02.03,2015,K2,2015-02-15 10:38:00,1X,1X,1X,1.0,0.948018,0.0,C:\Users\ASUS\Desktop\Ders\blg521\data\02.03\2015\K2\1X\02_03-2015_02_16-10_00-K2-1X.jpeg,C:\Users\ASUS\Desktop\Ders\blg521\data\02.03\2015\K2\10X\02_03-2015_02_15-10_38-K2-10X.jpeg,0.9924020069303287,nan,91,0,CONSISTENT,"folder, filename, and visual evidence agree"
C:\Users\ASUS\Desktop\Ders\blg521\data\02.03\2015\K2\1X\02_03-2015_02_16-10_00-K2-1X.jpeg,02.03\2015\K2\1X\02_03-2015_02_16-10_00-K2-1X.jpeg,02.03,2015,K2,2015-02-16 10:00:00,1X,1X,1X,1.0,0.955606,0.0,C:\Users\ASUS\Desktop\Ders\blg521\data\02.03\2015\K2\1X\02_03-2015_02_15-10_38-K2-1X.jpeg,C:\Users\ASUS\Desktop\Ders\blg521\data\02.03\2015\K2\10X\02_03-2015_02_16-10_00-K2-10X.jpeg,1.0077227515265899,nan,95,0,CONSISTENT,"folder, filename, and visual evidence agree"
C:\Users\ASUS\Desktop\Ders\blg521\data\02.03\2015\K2\1X\02_03-2015_02_17-10_00-K2-1X.jpeg,02.03\2015\K2\1X\02_03-2015_02_17-10_00-K2-1X.jpeg,02.03,2015,K2,2015-02-17 10:00:00,1X,1X,1X,1.0,0.964817,0.0,C:\Users\ASUS\Desktop\Ders\blg521\data\02.03\2015\K2\1X\02_03-2015_02_16-10_00-K2-1X.jpeg,C:\Users\ASUS\Desktop\Ders\blg521\data\02.03\2015\K2\10X\02_03-2015_02_17-10_00-K2-10X.jpeg,1.0071087413995272,nan,332,0,CONSISTENT,"folder, filename, and visual evidence agree"
C:\Users\ASUS\Desktop\Ders\blg521\data\02.03\2015\K2\1X\02_03-2015_02_18-10_14-K2-1X.jpeg,02.03\2015\K2\1X\02_03-2015_02_18-10_14-K2-1X.jpeg,02.03,2015,K2,2015-02-18 10:14:00,1X,1X,1X,1.0,0.932128,0.0,C:\Users\ASUS\Desktop\Ders\blg521\data\02.03\2015\K2\1X\02_03-2015_02_17-10_00-K2-1X.jpeg,C:\Users\ASUS\Desktop\Ders\blg521\data\02.03\2015\K2\10X\02_03-2015_02_18-10_13-K2-10X.jpeg,0.9847359924224259,nan,171,0,CONSISTENT,"folder, filename, and visual evidence agree"
C:\Users\ASUS\Desktop\Ders\blg521\data\02.03\2015\K2\1X\02_03-2015_02_19-10_30-K2-1X.jpeg,02.03\2015\K2\1X\02_03-2015_02_19-10_30-K2-1X.jpeg,02.03,2015,K2,2015-02-19 10:30:00,1X,1X,1X,1.0,0.941327,0.0,C:\Users\ASUS\Desktop\Ders\blg521\data\02.03\2015\K2\1X\02_03-2015_02_20-10_00-K2-1X.jpeg,C:\Users\ASUS\Desktop\Ders\blg521\data\02.03\2015\K2\10X\02_03-2015_02_19-10_30-K2-10X.jpeg,0.9859427992570189,nan,92,0,CONSISTENT,"folder, filename, and visual evidence agree"
C:\Users\ASUS\Desktop\Ders\blg521\data\02.03\2015\K2\1X\02_03-2015_02_20-10_00-K2-1X.jpeg,02.03\2015\K2\1X\02_03-2015_02_20-10_00-K2-1X.jpeg,02.03,2015,K2,2015-02-20 10:00:00,1X,1X,1X,1.0,0.938651,0.0,C:\Users\ASUS\Desktop\Ders\blg521\data\02.03\2015\K2\1X\02_03-2015_02_19-10_30-K2-1X.jpeg,C:\Users\ASUS\Desktop\Ders\blg521\data\02.03\2015\K2\10X\02_03-2015_02_20-10_00-K2-10X.jpeg,1.0142730076918902,nan,97,0,CONSISTENT,"folder, filename, and visual evidence agree"
C:\Users\ASUS\Desktop\Ders\blg521\data\02.03\2015\K2\1X\02_03-2015_02_21-10_11-K2-1X.jpeg,02.03\2015\K2\1X\02_03-2015_02_21-10_11-K2-1X.jpeg,02.03,2015,K2,2015-02-21 10:11:00,1X,1X,1X,1.0,0.927711,0.0,C:\Users\ASUS\Desktop\Ders\blg521\data\02.03\2015\K2\1X\02_03-2015_02_22-10_06-K2-1X.jpeg,C:\Users\ASUS\Desktop\Ders\blg521\data\02.03\2015\K2\10X\02_03-2015_02_21-10_11-K2-10X.jpeg,0.9866466570500115,nan,53,0,CONSISTENT,"folder, filename, and visual evidence agree"
C:\Users\ASUS\Desktop\Ders\blg521\data\02.03\2015\K2\1X\02_03-2015_02_22-10_06-K2-1X.jpeg,02.03\2015\K2\1X\02_03-2015_02_22-10_06-K2-1X.jpeg,02.03,2015,K2,2015-02-22 10:06:00,1X,1X,1X,1.0,0.799977,0.0,C:\Users\ASUS\Desktop\Ders\blg521\data\02.03\2015\K2\1X\02_03-2015_02_21-10_11-K2-1X.jpeg,C:\Users\ASUS\Desktop\Ders\blg521\data\02.03\2015\K2\10X\02_03-2015_02_22-10_06-K2-10X.jpeg,1.013679388234539,nan,50,0,CONSISTENT,"folder, filename, and visual evidence agree"
C:\Users\ASUS\Desktop\Ders\blg521\data\02.03\2015\K2\1X\02_03-2015_02_23-10_07-K2-1X.jpeg,02.03\2015\K2\1X\02_03-2015_02_23-10_07-K2-1X.jpeg,02.03,2015,K2,2015-02-23 10:07:00,1X,1X,1X,1.0,0.938697,0.0,C:\Users\ASUS\Desktop\Ders\blg521\data\02.03\2015\K2\1X\02_03-2015_02_24-10_07-K2-1X.jpeg,C:\Users\ASUS\Desktop\Ders\blg521\data\02.03\2015\K2\10X\02_03-2015_02_23-10_07-K2-10X.jpeg,1.0060476703671632,nan,165,0,CONSISTENT,"folder, filename, and visual evidence agree"
C:\Users\ASUS\Desktop\Ders\blg521\data\02.03\2015\K2\1X\02_03-2015_02_24-10_07-K2-1X.jpeg,02.03\2015\K2\1X\02_03-2015_02_24-10_07-K2-1X.jpeg,02.03,2015,K2,2015-02-24 10:07:00,1X,1X,1X,1.0,0.088535,0.0,C:\Users\ASUS\Desktop\Ders\blg521\data\02.03\2015\K2\1X\02_03-2015_02_25-09_00-K2-1X.jpeg,C:\Users\ASUS\Desktop\Ders\blg521\data\02.03\2015\K2\10X\02_03-2015_02_24-10_07-K2-10X.jpeg,1.0377717104102036,nan,8,0,CONSISTENT,"folder, filename, and visual evidence agree"
C:\Users\ASUS\Desktop\Ders\blg521\data\02.03\2015\K2\1X\02_03-2015_02_25-09_00-K2-1X.jpeg,02.03\2015\K2\1X\02_03-2015_02_25-09_00-K2-1X.jpeg,02.03,2015,K2,2015-02-25 09:00:00,1X,1X,,0.0,0.0,0.0,C:\Users\ASUS\Desktop\Ders\blg521\data\02.03\2015\K2\1X\02_03-2015_02_24-10_07-K2-1X.jpeg,C:\Users\ASUS\Desktop\Ders\blg521\data\02.03\2015\K2\10X\02_03-2015_02_25-09_00-K2-10X.jpeg,nan,nan,0,0,VISUAL_INCONCLUSIVE,insufficient or conflicting registration evidence
C:\Users\ASUS\Desktop\Ders\blg521\data\02.03\2015\K2\1X\02_03-2015_02_26-10_00-K2-1X.jpeg,02.03\2015\K2\1X\02_03-2015_02_26-10_00-K2-1X.jpeg,02.03,2015,K2,2015-02-26 10:00:00,1X,1X,1X,1.0,0.89164,0.0,C:\Users\ASUS\Desktop\Ders\blg521\data\02.03\2015\K2\1X\02_03-2015_02_27-09_30-K2-1X.jpeg,C:\Users\ASUS\Desktop\Ders\blg521\data\02.03\2015\K2\10X\02_03-2015_02_26-10_00-K2-10X.jpeg,0.985599700919178,nan,122,0,CONSISTENT,"folder, filename, and visual evidence agree"
C:\Users\ASUS\Desktop\Ders\blg521\data\02.03\2015\K2\1X\02_03-2015_02_27-09_30-K2-1X.jpeg,02.03\2015\K2\1X\02_03-2015_02_27-09_30-K2-1X.jpeg,02.03,2015,K2,2015-02-27 09:30:00,1X,1X,1X,1.0,0.911699,0.0,C:\Users\ASUS\Desktop\Ders\blg521\data\02.03\2015\K2\1X\02_03-2015_02_26-10_00-K2-1X.jpeg,C:\Users\ASUS\Desktop\Ders\blg521\data\02.03\2015\K2\10X\02_03-2015_02_27-09_30-K2-10X.jpeg,1.0148457087316312,nan,125,0,CONSISTENT,"folder, filename, and visual evidence agree"
C:\Users\ASUS\Desktop\Ders\blg521\data\02.03\2015\K2\1X\02_03-2015_02_28-10_00-K2-1X.jpeg,02.03\2015\K2\1X\02_03-2015_02_28-10_00-K2-1X.jpeg,02.03,2015,K2,2015-02-28 10:00:00,1X,1X,1X,1.0,0.948717,0.0,C:\Users\ASUS\Desktop\Ders\blg521\data\02.03\2015\K2\1X\02_03-2015_03_01-10_00-K2-1X.jpeg,C:\Users\ASUS\Desktop\Ders\blg521\data\02.03\2015\K2\10X\02_03-2015_02_28-10_00-K2-10X.jpeg,1.0082639601111676,nan,392,0,CONSISTENT,"folder, filename, and visual evidence agree"
C:\Users\ASUS\Desktop\Ders\blg521\data\02.03\2015\K2\1X\02_03-2015_03_01-10_00-K2-1X.jpeg,02.03\2015\K2\1X\02_03-2015_03_01-10_00-K2-1X.jpeg,02.03,2015,K2,2015-03-01 10:00:00,1X,1X,1X,1.0,0.939054,0.0,C:\Users\ASUS\Desktop\Ders\blg521\data\02.03\2015\K2\1X\02_03-2015_02_28-10_00-K2-1X.jpeg,C:\Users\ASUS\Desktop\Ders\blg521\data\02.03\2015\K2\10X\02_03-2015_03_01-10_00-K2-10X.jpeg,0.991734083250517,nan,396,0,CONSISTENT,"folder, filename, and visual evidence agree"
C:\Users\ASUS\Desktop\Ders\blg521\data\02.03\2015\K2\1X\02_03-2015_03_02-10_00-K2-1X.jpeg,02.03\2015\K2\1X\02_03-2015_03_02-10_00-K2-1X.jpeg,02.03,2015,K2,2015-03-02 10:00:00,1X,1X,,0.0,0.0,0.0,C:\Users\ASUS\Desktop\Ders\blg521\data\02.03\2015\K2\1X\02_03-2015_03_01-10_00-K2-1X.jpeg,C:\Users\ASUS\Desktop\Ders\blg521\data\02.03\2015\K2\10X\02_03-2015_03_02-10_00-K2-10X.jpeg,nan,nan,0,0,VISUAL_INCONCLUSIVE,insufficient or conflicting registration evidence
C:\Users\ASUS\Desktop\Ders\blg521\data\02.03\2015\K2\1X\02_03-2015_03_03-10_00-K2-1X.jpeg,02.03\2015\K2\1X\02_03-2015_03_03-10_00-K2-1X.jpeg,02.03,2015,K2,2015-03-03 10:00:00,1X,1X,1X,1.0,0.339118,0.0,C:\Users\ASUS\Desktop\Ders\blg521\data\02.03\2015\K2\1X\02_03-2015_03_02-10_00-K2-1X.jpeg,C:\Users\ASUS\Desktop\Ders\blg521\data\02.03\2015\K2\10X\02_03-2015_03_03-10_00-K2-10X.jpeg,1.0049910039267755,nan,18,0,CONSISTENT,"folder, filename, and visual evidence agree"
C:\Users\ASUS\Desktop\Ders\blg521\data\02.03\2015\K2\1X\02_03-2015_03_04-10_00-K2-1X.jpeg,02.03\2015\K2\1X\02_03-2015_03_04-10_00-K2-1X.jpeg,02.03,2015,K2,2015-03-04 10:00:00,1X,1X,1X,1.0,0.804796,0.0,C:\Users\ASUS\Desktop\Ders\blg521\data\02.03\2015\K2\1X\02_03-2015_03_05-09_30-K2-1X.jpeg,C:\Users\ASUS\Desktop\Ders\blg521\data\02.03\2015\K2\10X\02_03-2015_03_04-10_00-K2-10X.jpeg,0.9929644449375792,nan,34,0,CONSISTENT,"folder, filename, and visual evidence agree"
C:\Users\ASUS\Desktop\Ders\blg521\data\02.03\2015\K2\1X\02_03-2015_03_05-09_30-K2-1X.jpeg,02.03\2015\K2\1X\02_03-2015_03_05-09_30-K2-1X.jpeg,02.03,2015,K2,2015-03-05 09:30:00,1X,1X,1X,1.0,0.798556,0.0,C:\Users\ASUS\Desktop\Ders\blg521\data\02.03\2015\K2\1X\02_03-2015_03_04-10_00-K2-1X.jpeg,C:\Users\ASUS\Desktop\Ders\blg521\data\02.03\2015\K2\10X\02_03-2015_03_05-09_30-K2-10X.jpeg,1.0081348779190593,nan,36,0,CONSISTENT,"folder, filename, and visual evidence agree"
C:\Users\ASUS\Desktop\Ders\blg521\data\02.03\2015\K2\1X\02_03-2015_03_06-09_30-K2-1X.jpeg,02.03\2015\K2\1X\02_03-2015_03_06-09_30-K2-1X.jpeg,02.03,2015,K2,2015-03-06 09:30:00,1X,1X,1X,1.0,0.848452,0.0,C:\Users\ASUS\Desktop\Ders\blg521\data\02.03\2015\K2\1X\02_03-2015_03_05-09_30-K2-1X.jpeg,C:\Users\ASUS\Desktop\Ders\blg521\data\02.03\2015\K2\10X\02_03-2015_03_06-10_00-K2-10X.jpeg,0.9965463371689925,nan,101,0,CONSISTENT,"folder, filename, and visual evidence agree"
C:\Users\ASUS\Desktop\Ders\blg521\data\02.03\2015\K2\1X\02_03-2015_03_07-10_00-K2-1X.jpeg,02.03\2015\K2\1X\02_03-2015_03_07-10_00-K2-1X.jpeg,02.03,2015,K2,2015-03-07 10:00:00,1X,1X,1X,1.0,0.914468,0.0,C:\Users\ASUS\Desktop\Ders\blg521\data\02.03\2015\K2\1X\02_03-2015_03_08-08_30-K2-1X.jpeg,C:\Users\ASUS\Desktop\Ders\blg521\data\02.03\2015\K2\10X\02_03-2015_03_07-10_00-K2-10X.jpeg,0.9996006722829932,nan,67,0,CONSISTENT,"folder, filename, and visual evidence agree"
C:\Users\ASUS\Desktop\Ders\blg521\data\02.03\2015\K2\1X\02_03-2015_03_08-08_30-K2-1X.jpeg,02.03\2015\K2\1X\02_03-2015_03_08-08_30-K2-1X.jpeg,02.03,2015,K2,2015-03-08 08:30:00,1X,1X,1X,1.0,0.927194,0.0,C:\Users\ASUS\Desktop\Ders\blg521\data\02.03\2015\K2\1X\02_03-2015_03_07-10_00-K2-1X.jpeg,C:\Users\ASUS\Desktop\Ders\blg521\data\02.03\2015\K2\10X\02_03-2015_03_08-08_30-K2-10X.jpeg,1.0009274092177662,nan,70,0,CONSISTENT,"folder, filename, and visual evidence agree"
C:\Users\ASUS\Desktop\Ders\blg521\data\02.03\2015\K2\1X\02_03-2015_03_09-10_00-K2-1X.jpeg,02.03\2015\K2\1X\02_03-2015_03_09-10_00-K2-1X.jpeg,02.03,2015,K2,2015-03-09 10:00:00,1X,1X,1X,1.0,0.928409,0.0,C:\Users\ASUS\Desktop\Ders\blg521\data\02.03\2015\K2\1X\02_03-2015_03_10-10_00-K2-1X.jpeg,C:\Users\ASUS\Desktop\Ders\blg521\data\02.03\2015\K2\10X\02_03-2015_03_09-10_00-K2-10X.jpeg,1.0134916362067203,nan,312,0,CONSISTENT,"folder, filename, and visual evidence agree"
C:\Users\ASUS\Desktop\Ders\blg521\data\02.03\2015\K2\1X\02_03-2015_03_10-10_00-K2-1X.jpeg,02.03\2015\K2\1X\02_03-2015_03_10-10_00-K2-1X.jpeg,02.03,2015,K2,2015-03-10 10:00:00,1X,1X,1X,1.0,0.132189,0.0,C:\Users\ASUS\Desktop\Ders\blg521\data\02.03\2015\K2\1X\02_03-2015_03_11-09_00-K2-1X.jpeg,C:\Users\ASUS\Desktop\Ders\blg521\data\02.03\2015\K2\10X\02_03-2015_03_10-10_00-K2-10X.jpeg,0.9437091842301705,nan,10,0,CONSISTENT,"folder, filename, and visual evidence agree"
C:\Users\ASUS\Desktop\Ders\blg521\data\02.03\2015\K2\1X\02_03-2015_03_11-09_00-K2-1X.jpeg,02.03\2015\K2\1X\02_03-2015_03_11-09_00-K2-1X.jpeg,02.03,2015,K2,2015-03-11 09:00:00,1X,1X,1X,1.0,0.292614,0.0,C:\Users\ASUS\Desktop\Ders\blg521\data\02.03\2015\K2\1X\02_03-2015_03_10-10_00-K2-1X.jpeg,C:\Users\ASUS\Desktop\Ders\blg521\data\02.03\2015\K2\10X\02_03-2015_03_11-09_00-K2-10X.jpeg,1.0092047795890755,nan,14,0,CONSISTENT,"folder, filename, and visual evidence agree"
C:\Users\ASUS\Desktop\Ders\blg521\data\02.03\2015\K2\1X\02_03-2015_03_12-10_00-K2-1X.jpeg,02.03\2015\K2\1X\02_03-2015_03_12-10_00-K2-1X.jpeg,02.03,2015,K2,2015-03-12 10:00:00,1X,1X,1X,1.0,0.937415,0.0,C:\Users\ASUS\Desktop\Ders\blg521\data\02.03\2015\K2\1X\02_03-2015_03_13-10_56-K2-1X.jpeg,C:\Users\ASUS\Desktop\Ders\blg521\data\02.03\2015\K2\10X\02_03-2015_03_12-10_00-K2-10X.jpeg,1.0070450954570085,nan,63,0,CONSISTENT,"folder, filename, and visual evidence agree"
C:\Users\ASUS\Desktop\Ders\blg521\data\02.03\2015\K2\1X\02_03-2015_03_13-10_56-K2-1X.jpeg,02.03\2015\K2\1X\02_03-2015_03_13-10_56-K2-1X.jpeg,02.03,2015,K2,2015-03-13 10:56:00,1X,1X,1X,1.0,0.938779,0.0,C:\Users\ASUS\Desktop\Ders\blg521\data\02.03\2015\K2\1X\02_03-2015_03_14-10_00-K2-1X.jpeg,C:\Users\ASUS\Desktop\Ders\blg521\data\02.03\2015\K2\10X\02_03-2015_03_13-10_55-K2-10X.jpeg,0.9938940520006038,nan,273,0,CONSISTENT,"folder, filename, and visual evidence agree"
C:\Users\ASUS\Desktop\Ders\blg521\data\02.03\2015\K2\1X\02_03-2015_03_14-10_00-K2-1X.jpeg,02.03\2015\K2\1X\02_03-2015_03_14-10_00-K2-1X.jpeg,02.03,2015,K2,2015-03-14 10:00:00,1X,1X,1X,1.0,0.948772,0.0,C:\Users\ASUS\Desktop\Ders\blg521\data\02.03\2015\K2\1X\02_03-2015_03_13-10_56-K2-1X.jpeg,C:\Users\ASUS\Desktop\Ders\blg521\data\02.03\2015\K2\10X\02_03-2015_03_14-10_00-K2-10X.jpeg,1.006149470923242,nan,275,0,CONSISTENT,"folder, filename, and visual evidence agree"
C:\Users\ASUS\Desktop\Ders\blg521\data\02.03\2015\K2\1X\02_03-2015_03_16-10_49-K2-1X.jpeg,02.03\2015\K2\1X\02_03-2015_03_16-10_49-K2-1X.jpeg,02.03,2015,K2,2015-03-16 10:49:00,1X,1X,1X,1.0,0.923443,0.0,C:\Users\ASUS\Desktop\Ders\blg521\data\02.03\2015\K2\1X\02_03-2015_03_14-10_00-K2-1X.jpeg,C:\Users\ASUS\Desktop\Ders\blg521\data\02.03\2015\K2\10X\02_03-2015_03_16-10_48-K2-10X.jpeg,0.9864209507128747,nan,234,0,CONSISTENT,"folder, filename, and visual evidence agree"
C:\Users\ASUS\Desktop\Ders\blg521\data\02.03\2015\K2\1X\02_03-2015_03_19-10_00-K2-1X.jpeg,02.03\2015\K2\1X\02_03-2015_03_19-10_00-K2-1X.jpeg,02.03,2015,K2,2015-03-19 10:00:00,1X,1X,1X,1.0,0.940468,0.0,C:\Users\ASUS\Desktop\Ders\blg521\data\02.03\2015\K2\1X\02_03-2015_03_20-10_07-K2-1X.jpeg,C:\Users\ASUS\Desktop\Ders\blg521\data\02.03\2015\K2\10X\02_03-2015_03_19-10_00-K2-10X.jpeg,1.007367689316902,nan,426,0,CONSISTENT,"folder, filename, and visual evidence agree"
C:\Users\ASUS\Desktop\Ders\blg521\data\02.03\2015\K2\1X\02_03-2015_03_20-10_07-K2-1X.jpeg,02.03\2015\K2\1X\02_03-2015_03_20-10_07-K2-1X.jpeg,02.03,2015,K2,2015-03-20 10:07:00,1X,1X,1X,1.0,0.937834,0.0,C:\Users\ASUS\Desktop\Ders\blg521\data\02.03\2015\K2\1X\02_03-2015_03_19-10_00-K2-1X.jpeg,C:\Users\ASUS\Desktop\Ders\blg521\data\02.03\2015\K2\10X\02_03-2015_03_20-10_06-K2-10X.jpeg,0.9927056110525939,nan,422,0,CONSISTENT,"folder, filename, and visual evidence agree"
C:\Users\ASUS\Desktop\Ders\blg521\data\02.03\2015\K2\1X\02_03-2015_03_22-10_00-K2-1X.jpeg,02.03\2015\K2\1X\02_03-2015_03_22-10_00-K2-1X.jpeg,02.03,2015,K2,2015-03-22 10:00:00,1X,1X,,0.0,0.0,0.0,C:\Users\ASUS\Desktop\Ders\blg521\data\02.03\2015\K2\1X\02_03-2015_03_23-10_00-K2-1X.jpeg,C:\Users\ASUS\Desktop\Ders\blg521\data\02.03\2015\K2\10X\02_03-2015_03_22-10_00-K2-10X.jpeg,nan,nan,0,0,VISUAL_INCONCLUSIVE,insufficient or conflicting registration evidence
C:\Users\ASUS\Desktop\Ders\blg521\data\02.03\2015\K2\1X\02_03-2015_03_23-10_00-K2-1X.jpeg,02.03\2015\K2\1X\02_03-2015_03_23-10_00-K2-1X.jpeg,02.03,2015,K2,2015-03-23 10:00:00,1X,1X,,0.0,0.0,0.0,C:\Users\ASUS\Desktop\Ders\blg521\data\02.03\2015\K2\1X\02_03-2015_03_22-10_00-K2-1X.jpeg,C:\Users\ASUS\Desktop\Ders\blg521\data\02.03\2015\K2\10X\02_03-2015_03_23-10_00-K2-10X.jpeg,0.026390715905764268,nan,7,0,VISUAL_INCONCLUSIVE,insufficient or conflicting registration evidence
C:\Users\ASUS\Desktop\Ders\blg521\data\02.03\2015\K2\1X\02_03-2015_03_24-10_00-K2-1X.jpeg,02.03\2015\K2\1X\02_03-2015_03_24-10_00-K2-1X.jpeg,02.03,2015,K2,2015-03-24 10:00:00,1X,1X,1X,1.0,0.85927,0.0,C:\Users\ASUS\Desktop\Ders\blg521\data\02.03\2015\K2\1X\02_03-2015_03_23-10_00-K2-1X.jpeg,C:\Users\ASUS\Desktop\Ders\blg521\data\02.03\2015\K2\10X\02_03-2015_03_24-10_00-K2-10X.jpeg,1.001094626537108,nan,43,0,CONSISTENT,"folder, filename, and visual evidence agree"
C:\Users\ASUS\Desktop\Ders\blg521\data\02.03\2015\K2\1X\02_03-2015_03_25-10_52-K2-1X.jpeg,02.03\2015\K2\1X\02_03-2015_03_25-10_52-K2-1X.jpeg,02.03,2015,K2,2015-03-25 10:52:00,1X,1X,1X,1.0,0.87714,0.0,C:\Users\ASUS\Desktop\Ders\blg521\data\02.03\2015\K2\1X\02_03-2015_03_26-10_26-K2-1X.jpeg,C:\Users\ASUS\Desktop\Ders\blg521\data\02.03\2015\K2\10X\02_03-2015_03_25-10_51-K2-10X.jpeg,1.007379616090414,nan,39,0,CONSISTENT,"folder, filename, and visual evidence agree"
C:\Users\ASUS\Desktop\Ders\blg521\data\02.03\2015\K2\1X\02_03-2015_03_26-10_26-K2-1X.jpeg,02.03\2015\K2\1X\02_03-2015_03_26-10_26-K2-1X.jpeg,02.03,2015,K2,2015-03-26 10:26:00,1X,1X,1X,1.0,0.783119,0.0,C:\Users\ASUS\Desktop\Ders\blg521\data\02.03\2015\K2\1X\02_03-2015_03_25-10_52-K2-1X.jpeg,C:\Users\ASUS\Desktop\Ders\blg521\data\02.03\2015\K2\10X\02_03-2015_03_26-10_26-K2-10X.jpeg,0.9922777131476183,nan,36,0,CONSISTENT,"folder, filename, and visual evidence agree"
C:\Users\ASUS\Desktop\Ders\blg521\data\02.03\2015\K2\1X\02_03-2015_03_27-10_00-K2-1X.jpeg,02.03\2015\K2\1X\02_03-2015_03_27-10_00-K2-1X.jpeg,02.03,2015,K2,2015-03-27 10:00:00,1X,1X,1X,1.0,0.896319,0.0,C:\Users\ASUS\Desktop\Ders\blg521\data\02.03\2015\K2\1X\02_03-2015_03_28-09_00-K2-1X.jpeg,C:\Users\ASUS\Desktop\Ders\blg521\data\02.03\2015\K2\10X\02_03-2015_03_27-10_00-K2-10X.jpeg,1.0075149975737627,nan,117,0,CONSISTENT,"folder, filename, and visual evidence agree"
C:\Users\ASUS\Desktop\Ders\blg521\data\02.03\2015\K2\1X\02_03-2015_03_28-09_00-K2-1X.jpeg,02.03\2015\K2\1X\02_03-2015_03_28-09_00-K2-1X.jpeg,02.03,2015,K2,2015-03-28 09:00:00,1X,1X,1X,1.0,0.920025,0.0,C:\Users\ASUS\Desktop\Ders\blg521\data\02.03\2015\K2\1X\02_03-2015_03_27-10_00-K2-1X.jpeg,C:\Users\ASUS\Desktop\Ders\blg521\data\02.03\2015\K2\10X\02_03-2015_03_28-09_00-K2-10X.jpeg,0.992456657569999,nan,119,0,CONSISTENT,"folder, filename, and visual evidence agree"
C:\Users\ASUS\Desktop\Ders\blg521\data\02.03\2015\K2\1X\02_03-2015_03_29-10_00-K2-1X.jpeg,02.03\2015\K2\1X\02_03-2015_03_29-10_00-K2-1X.jpeg,02.03,2015,K2,2015-03-29 10:00:00,1X,1X,,0.0,0.0,0.0,C:\Users\ASUS\Desktop\Ders\blg521\data\02.03\2015\K2\1X\02_03-2015_03_30-08_30-K2-1X.jpeg,C:\Users\ASUS\Desktop\Ders\blg521\data\02.03\2015\K2\10X\02_03-2015_03_29-10_00-K2-10X.jpeg,nan,nan,0,0,VISUAL_INCONCLUSIVE,insufficient or conflicting registration evidence
C:\Users\ASUS\Desktop\Ders\blg521\data\02.03\2015\K2\1X\02_03-2015_03_30-08_30-K2-1X.jpeg,02.03\2015\K2\1X\02_03-2015_03_30-08_30-K2-1X.jpeg,02.03,2015,K2,2015-03-30 08:30:00,1X,1X,,0.0,0.0,0.0,C:\Users\ASUS\Desktop\Ders\blg521\data\02.03\2015\K2\1X\02_03-2015_03_29-10_00-K2-1X.jpeg,C:\Users\ASUS\Desktop\Ders\blg521\data\02.03\2015\K2\10X\02_03-2015_03_30-08_30-K2-10X.jpeg,nan,nan,0,0,VISUAL_INCONCLUSIVE,insufficient or conflicting registration evidence
C:\Users\ASUS\Desktop\Ders\blg521\data\02.03\2015\K2\1X\02_03-2015_04_01-11_59-K2-1X.jpeg,02.03\2015\K2\1X\02_03-2015_04_01-11_59-K2-1X.jpeg,02.03,2015,K2,2015-04-01 11:59:00,1X,1X,1X,1.0,0.905269,0.0,C:\Users\ASUS\Desktop\Ders\blg521\data\02.03\2015\K2\1X\02_03-2015_04_02-10_00-K2-1X.jpeg,C:\Users\ASUS\Desktop\Ders\blg521\data\02.03\2015\K2\10X\02_03-2015_04_01-11_59-K2-10X.jpeg,0.991795109136814,nan,95,0,CONSISTENT,"folder, filename, and visual evidence agree"
C:\Users\ASUS\Desktop\Ders\blg521\data\02.03\2015\K2\1X\02_03-2015_04_02-10_00-K2-1X.jpeg,02.03\2015\K2\1X\02_03-2015_04_02-10_00-K2-1X.jpeg,02.03,2015,K2,2015-04-02 10:00:00,1X,1X,1X,1.0,0.90658,0.0,C:\Users\ASUS\Desktop\Ders\blg521\data\02.03\2015\K2\1X\02_03-2015_04_01-11_59-K2-1X.jpeg,C:\Users\ASUS\Desktop\Ders\blg521\data\02.03\2015\K2\10X\02_03-2015_04_02-10_00-K2-10X.jpeg,1.008242773929244,nan,106,0,CONSISTENT,"folder, filename, and visual evidence agree"
C:\Users\ASUS\Desktop\Ders\blg521\data\02.03\2015\K2\1X\02_03-2015_04_03-10_00-K2-1X.jpeg,02.03\2015\K2\1X\02_03-2015_04_03-10_00-K2-1X.jpeg,02.03,2015,K2,2015-04-03 10:00:00,1X,1X,1X,1.0,0.940951,0.0,C:\Users\ASUS\Desktop\Ders\blg521\data\02.03\2015\K2\1X\02_03-2015_04_02-10_00-K2-1X.jpeg,C:\Users\ASUS\Desktop\Ders\blg521\data\02.03\2015\K2\10X\02_03-2015_04_03-10_00-K2-10X.jpeg,0.9918477283806939,nan,457,0,CONSISTENT,"folder, filename, and visual evidence agree"
C:\Users\ASUS\Desktop\Ders\blg521\data\02.03\2015\K2\1X\02_03-2015_04_04-10_00-K2-1X.jpeg,02.03\2015\K2\1X\02_03-2015_04_04-10_00-K2-1X.jpeg,02.03,2015,K2,2015-04-04 10:00:00,1X,1X,1X,1.0,0.629167,0.0,C:\Users\ASUS\Desktop\Ders\blg521\data\02.03\2015\K2\1X\02_03-2015_04_05-09_00-K2-1X.jpeg,C:\Users\ASUS\Desktop\Ders\blg521\data\02.03\2015\K2\10X\02_03-2015_04_04-10_00-K2-10X.jpeg,1.0005092544441003,nan,29,0,CONSISTENT,"folder, filename, and visual evidence agree"
C:\Users\ASUS\Desktop\Ders\blg521\data\02.03\2015\K2\1X\02_03-2015_04_05-09_00-K2-1X.jpeg,02.03\2015\K2\1X\02_03-2015_04_05-09_00-K2-1X.jpeg,02.03,2015,K2,2015-04-05 09:00:00,1X,1X,1X,1.0,0.686472,0.0,C:\Users\ASUS\Desktop\Ders\blg521\data\02.03\2015\K2\1X\02_03-2015_04_04-10_00-K2-1X.jpeg,C:\Users\ASUS\Desktop\Ders\blg521\data\02.03\2015\K2\10X\02_03-2015_04_05-09_00-K2-10X.jpeg,0.9992448818753485,nan,33,0,CONSISTENT,"folder, filename, and visual evidence agree"
C:\Users\ASUS\Desktop\Ders\blg521\data\02.03\2015\K2\1X\02_03-2015_04_06-10_00-K2-1X.jpeg,02.03\2015\K2\1X\02_03-2015_04_06-10_00-K2-1X.jpeg,02.03,2015,K2,2015-04-06 10:00:00,1X,1X,1X,1.0,0.937913,0.0,C:\Users\ASUS\Desktop\Ders\blg521\data\02.03\2015\K2\1X\02_03-2015_04_07-10_00-K2-1X.jpeg,C:\Users\ASUS\Desktop\Ders\blg521\data\02.03\2015\K2\10X\02_03-2015_04_06-10_00-K2-10X.jpeg,0.9935443670908255,nan,589,0,CONSISTENT,"folder, filename, and visual evidence agree"
C:\Users\ASUS\Desktop\Ders\blg521\data\02.03\2015\K2\1X\02_03-2015_04_07-10_00-K2-1X.jpeg,02.03\2015\K2\1X\02_03-2015_04_07-10_00-K2-1X.jpeg,02.03,2015,K2,2015-04-07 10:00:00,1X,1X,1X,1.0,0.934327,0.0,C:\Users\ASUS\Desktop\Ders\blg521\data\02.03\2015\K2\1X\02_03-2015_04_06-10_00-K2-1X.jpeg,C:\Users\ASUS\Desktop\Ders\blg521\data\02.03\2015\K2\10X\02_03-2015_04_07-10_00-K2-10X.jpeg,1.0065352382088582,nan,583,0,CONSISTENT,"folder, filename, and visual evidence agree"
C:\Users\ASUS\Desktop\Ders\blg521\data\02.03\2015\K2\1X\02_03-2015_04_08-10_00-K2-1X.jpeg,02.03\2015\K2\1X\02_03-2015_04_08-10_00-K2-1X.jpeg,02.03,2015,K2,2015-04-08 10:00:00,1X,1X,1X,1.0,0.961921,0.0,C:\Users\ASUS\Desktop\Ders\blg521\data\02.03\2015\K2\1X\02_03-2015_04_07-10_00-K2-1X.jpeg,C:\Users\ASUS\Desktop\Ders\blg521\data\02.03\2015\K2\10X\02_03-2015_04_08-10_00-K2-10X.jpeg,0.9991926275769102,nan,785,0,CONSISTENT,"folder, filename, and visual evidence agree"
C:\Users\ASUS\Desktop\Ders\blg521\data\02.03\2015\K2\1X\02_03-2015_04_09-10_00-K2-1X.jpeg,02.03\2015\K2\1X\02_03-2015_04_09-10_00-K2-1X.jpeg,02.03,2015,K2,2015-04-09 10:00:00,1X,1X,,0.0,0.0,0.0,C:\Users\ASUS\Desktop\Ders\blg521\data\02.03\2015\K2\1X\02_03-2015_04_08-10_00-K2-1X.jpeg,C:\Users\ASUS\Desktop\Ders\blg521\data\02.03\2015\K2\10X\02_03-2015_04_09-10_00-K2-10X.jpeg,nan,nan,0,0,VISUAL_INCONCLUSIVE,insufficient or conflicting registration evidence
C:\Users\ASUS\Desktop\Ders\blg521\data\02.03\2015\K2\1X\02_03-2015_04_10-10_00-K2-1X.jpeg,02.03\2015\K2\1X\02_03-2015_04_10-10_00-K2-1X.jpeg,02.03,2015,K2,2015-04-10 10:00:00,1X,1X,,0.0,0.0,0.0,C:\Users\ASUS\Desktop\Ders\blg521\data\02.03\2015\K2\1X\02_03-2015_04_09-10_00-K2-1X.jpeg,C:\Users\ASUS\Desktop\Ders\blg521\data\02.03\2015\K2\10X\02_03-2015_04_10-10_00-K2-10X.jpeg,1.9092589044349269,nan,0,0,VISUAL_INCONCLUSIVE,insufficient or conflicting registration evidence
C:\Users\ASUS\Desktop\Ders\blg521\data\02.03\2015\K2\1X\02_03-2015_04_11-11_49-K2-1X.jpeg,02.03\2015\K2\1X\02_03-2015_04_11-11_49-K2-1X.jpeg,02.03,2015,K2,2015-04-11 11:49:00,1X,1X,1X,1.0,0.939767,0.0,C:\Users\ASUS\Desktop\Ders\blg521\data\02.03\2015\K2\1X\02_03-2015_04_12-10_00-K2-1X.jpeg,C:\Users\ASUS\Desktop\Ders\blg521\data\02.03\2015\K2\10X\02_03-2015_04_11-11_49-K2-10X.jpeg,1.0067905507150727,nan,453,0,CONSISTENT,"folder, filename, and visual evidence agree"
C:\Users\ASUS\Desktop\Ders\blg521\data\02.03\2015\K2\1X\02_03-2015_04_12-10_00-K2-1X.jpeg,02.03\2015\K2\1X\02_03-2015_04_12-10_00-K2-1X.jpeg,02.03,2015,K2,2015-04-12 10:00:00,1X,1X,1X,1.0,0.937552,0.0,C:\Users\ASUS\Desktop\Ders\blg521\data\02.03\2015\K2\1X\02_03-2015_04_11-11_49-K2-1X.jpeg,C:\Users\ASUS\Desktop\Ders\blg521\data\02.03\2015\K2\10X\02_03-2015_04_12-10_00-K2-10X.jpeg,0.9933589783175568,nan,457,0,CONSISTENT,"folder, filename, and visual evidence agree"
C:\Users\ASUS\Desktop\Ders\blg521\data\02.03\2015\K2\1X\02_03-2015_04_13-10_00-K2-1X.jpeg,02.03\2015\K2\1X\02_03-2015_04_13-10_00-K2-1X.jpeg,02.03,2015,K2,2015-04-13 10:00:00,1X,1X,,0.0,0.0,0.0,C:\Users\ASUS\Desktop\Ders\blg521\data\02.03\2015\K2\1X\02_03-2015_04_12-10_00-K2-1X.jpeg,C:\Users\ASUS\Desktop\Ders\blg521\data\02.03\2015\K2\10X\02_03-2015_04_13-10_00-K2-10X.jpeg,nan,nan,0,0,VISUAL_INCONCLUSIVE,insufficient or conflicting registration evidence
C:\Users\ASUS\Desktop\Ders\blg521\data\02.03\2015\K2\1X\02_03-2015_04_16-10_00-K2-1X.jpeg,02.03\2015\K2\1X\02_03-2015_04_16-10_00-K2-1X.jpeg,02.03,2015,K2,2015-04-16 10:00:00,1X,1X,1X,1.0,0.932228,0.0,C:\Users\ASUS\Desktop\Ders\blg521\data\02.03\2015\K2\1X\02_03-2015_04_17-10_00-K2-1X.jpeg,C:\Users\ASUS\Desktop\Ders\blg521\data\02.03\2015\K2\10X\02_03-2015_04_16-10_00-K2-10X.jpeg,0.98625643579073,nan,819,0,CONSISTENT,"folder, filename, and visual evidence agree"
C:\Users\ASUS\Desktop\Ders\blg521\data\02.03\2015\K2\1X\02_03-2015_04_17-10_00-K2-1X.jpeg,02.03\2015\K2\1X\02_03-2015_04_17-10_00-K2-1X.jpeg,02.03,2015,K2,2015-04-17 10:00:00,1X,1X,1X,1.0,0.927423,0.0,C:\Users\ASUS\Desktop\Ders\blg521\data\02.03\2015\K2\1X\02_03-2015_04_16-10_00-K2-1X.jpeg,C:\Users\ASUS\Desktop\Ders\blg521\data\02.03\2015\K2\10X\02_03-2015_04_17-10_00-K2-10X.jpeg,1.0139065920339714,nan,826,0,CONSISTENT,"folder, filename, and visual evidence agree"
C:\Users\ASUS\Desktop\Ders\blg521\data\02.03\2015\K2\1X\02_03-2015_04_18-10_00-K2-1X.jpeg,02.03\2015\K2\1X\02_03-2015_04_18-10_00-K2-1X.jpeg,02.03,2015,K2,2015-04-18 10:00:00,1X,1X,1X,1.0,0.956817,0.0,C:\Users\ASUS\Desktop\Ders\blg521\data\02.03\2015\K2\1X\02_03-2015_04_17-10_00-K2-1X.jpeg,C:\Users\ASUS\Desktop\Ders\blg521\data\02.03\2015\K2\10X\02_03-2015_04_18-10_00-K2-10X.jpeg,1.000469017493245,nan,767,0,CONSISTENT,"folder, filename, and visual evidence agree"
C:\Users\ASUS\Desktop\Ders\blg521\data\02.03\2015\K2\1X\02_03-2015_04_22-10_00-K2-1X.jpeg,02.03\2015\K2\1X\02_03-2015_04_22-10_00-K2-1X.jpeg,02.03,2015,K2,2015-04-22 10:00:00,1X,1X,1X,1.0,0.89579,0.0,C:\Users\ASUS\Desktop\Ders\blg521\data\02.03\2015\K2\1X\02_03-2015_04_23-10_00-K2-1X.jpeg,C:\Users\ASUS\Desktop\Ders\blg521\data\02.03\2015\K2\10X\02_03-2015_04_22-10_00-K2-10X.jpeg,0.9901131774784372,nan,276,0,CONSISTENT,"folder, filename, and visual evidence agree"
C:\Users\ASUS\Desktop\Ders\blg521\data\02.03\2015\K2\1X\02_03-2015_04_23-10_00-K2-1X.jpeg,02.03\2015\K2\1X\02_03-2015_04_23-10_00-K2-1X.jpeg,02.03,2015,K2,2015-04-23 10:00:00,1X,1X,1X,1.0,0.899161,0.0,C:\Users\ASUS\Desktop\Ders\blg521\data\02.03\2015\K2\1X\02_03-2015_04_22-10_00-K2-1X.jpeg,C:\Users\ASUS\Desktop\Ders\blg521\data\02.03\2015\K2\10X\02_03-2015_04_23-10_00-K2-10X.jpeg,1.009979972515188,nan,286,0,CONSISTENT,"folder, filename, and visual evidence agree"
C:\Users\ASUS\Desktop\Ders\blg521\data\02.03\2015\K2\1X\02_03-2015_04_24-10_00-K2-1X.jpeg,02.03\2015\K2\1X\02_03-2015_04_24-10_00-K2-1X.jpeg,02.03,2015,K2,2015-04-24 10:00:00,1X,1X,1X,1.0,0.854798,0.0,C:\Users\ASUS\Desktop\Ders\blg521\data\02.03\2015\K2\1X\02_03-2015_04_23-10_00-K2-1X.jpeg,C:\Users\ASUS\Desktop\Ders\blg521\data\02.03\2015\K2\10X\02_03-2015_04_24-10_00-K2-10X.jpeg,0.9832402902586969,nan,40,0,CONSISTENT,"folder, filename, and visual evidence agree"
C:\Users\ASUS\Desktop\Ders\blg521\data\02.03\2015\K2\1X\02_03-2015_04_25-11_32-K2-1X.jpeg,02.03\2015\K2\1X\02_03-2015_04_25-11_32-K2-1X.jpeg,02.03,2015,K2,2015-04-25 11:32:00,1X,1X,1X,1.0,0.930163,0.0,C:\Users\ASUS\Desktop\Ders\blg521\data\02.03\2015\K2\1X\02_03-2015_04_26-11_13-K2-1X.jpeg,C:\Users\ASUS\Desktop\Ders\blg521\data\02.03\2015\K2\10X\02_03-2015_04_25-11_32-K2-10X.jpeg,0.9999995838636613,nan,410,0,CONSISTENT,"folder, filename, and visual evidence agree"
C:\Users\ASUS\Desktop\Ders\blg521\data\02.03\2015\K2\1X\02_03-2015_04_26-11_13-K2-1X.jpeg,02.03\2015\K2\1X\02_03-2015_04_26-11_13-K2-1X.jpeg,02.03,2015,K2,2015-04-26 11:13:00,1X,1X,1X,1.0,0.923859,0.0,C:\Users\ASUS\Desktop\Ders\blg521\data\02.03\2015\K2\1X\02_03-2015_04_25-11_32-K2-1X.jpeg,C:\Users\ASUS\Desktop\Ders\blg521\data\02.03\2015\K2\10X\02_03-2015_04_26-11_13-K2-10X.jpeg,0.9998710366962329,nan,408,0,CONSISTENT,"folder, filename, and visual evidence agree"
C:\Users\ASUS\Desktop\Ders\blg521\data\02.03\2015\K2\1X\02_03-2015_04_27-11_07-K2-1X.jpeg,02.03\2015\K2\1X\02_03-2015_04_27-11_07-K2-1X.jpeg,02.03,2015,K2,2015-04-27 11:07:00,1X,1X,1X,1.0,0.831459,0.0,C:\Users\ASUS\Desktop\Ders\blg521\data\02.03\2015\K2\1X\02_03-2015_04_28-10_00-K2-1X.jpeg,C:\Users\ASUS\Desktop\Ders\blg521\data\02.03\2015\K2\10X\02_03-2015_04_27-11_07-K2-10X.jpeg,1.0155639048121416,nan,72,0,CONSISTENT,"folder, filename, and visual evidence agree"
C:\Users\ASUS\Desktop\Ders\blg521\data\02.03\2015\K2\1X\02_03-2015_04_28-10_00-K2-1X.jpeg,02.03\2015\K2\1X\02_03-2015_04_28-10_00-K2-1X.jpeg,02.03,2015,K2,2015-04-28 10:00:00,1X,1X,1X,1.0,0.84407,0.0,C:\Users\ASUS\Desktop\Ders\blg521\data\02.03\2015\K2\1X\02_03-2015_04_27-11_07-K2-1X.jpeg,C:\Users\ASUS\Desktop\Ders\blg521\data\02.03\2015\K2\10X\02_03-2015_04_28-10_00-K2-10X.jpeg,0.984567039873081,nan,75,0,CONSISTENT,"folder, filename, and visual evidence agree"
C:\Users\ASUS\Desktop\Ders\blg521\data\02.03\2015\K2\1X\02_03-2015_04_29-10_13-K2-1X.jpeg,02.03\2015\K2\1X\02_03-2015_04_29-10_13-K2-1X.jpeg,02.03,2015,K2,2015-04-29 10:13:00,1X,1X,1X,1.0,0.887075,0.0,C:\Users\ASUS\Desktop\Ders\blg521\data\02.03\2015\K2\1X\02_03-2015_04_30-08_30-K2-1X.jpeg,C:\Users\ASUS\Desktop\Ders\blg521\data\02.03\2015\K2\10X\02_03-2015_04_29-10_12-K2-10X.jpeg,1.001210687441311,nan,45,0,CONSISTENT,"folder, filename, and visual evidence agree"
C:\Users\ASUS\Desktop\Ders\blg521\data\02.03\2015\K2\1X\02_03-2015_04_30-08_30-K2-1X.jpeg,02.03\2015\K2\1X\02_03-2015_04_30-08_30-K2-1X.jpeg,02.03,2015,K2,2015-04-30 08:30:00,1X,1X,1X,1.0,0.828584,0.0,C:\Users\ASUS\Desktop\Ders\blg521\data\02.03\2015\K2\1X\02_03-2015_04_29-10_13-K2-1X.jpeg,C:\Users\ASUS\Desktop\Ders\blg521\data\02.03\2015\K2\10X\02_03-2015_04_30-08_30-K2-10X.jpeg,0.9991769663708608,nan,47,0,CONSISTENT,"folder, filename, and visual evidence agree"
C:\Users\ASUS\Desktop\Ders\blg521\data\02.03\2015\K2\1X\02_03-2015_05_02-10_00-K2-1X.jpeg,02.03\2015\K2\1X\02_03-2015_05_02-10_00-K2-1X.jpeg,02.03,2015,K2,2015-05-02 10:00:00,1X,1X,1X,1.0,0.730393,0.0,C:\Users\ASUS\Desktop\Ders\blg521\data\02.03\2015\K2\1X\02_03-2015_05_04-10_10-K2-1X.jpeg,C:\Users\ASUS\Desktop\Ders\blg521\data\02.03\2015\K2\10X\02_03-2015_05_02-10_00-K2-10X.jpeg,1.0002181062462951,9.6298983033409,34,6,CONSISTENT,"folder, filename, and visual evidence agree"
C:\Users\ASUS\Desktop\Ders\blg521\data\02.03\2015\K2\1X\02_03-2015_05_04-10_10-K2-1X.jpeg,02.03\2015\K2\1X\02_03-2015_05_04-10_10-K2-1X.jpeg,02.03,2015,K2,2015-05-04 10:10:00,1X,1X,1X,1.0,0.823548,0.0,C:\Users\ASUS\Desktop\Ders\blg521\data\02.03\2015\K2\1X\02_03-2015_05_05-10_55-K2-1X.jpeg,C:\Users\ASUS\Desktop\Ders\blg521\data\02.03\2015\K2\10X\02_03-2015_05_04-10_09-K2-10X.jpeg,0.9981306245985804,nan,94,0,CONSISTENT,"folder, filename, and visual evidence agree"
C:\Users\ASUS\Desktop\Ders\blg521\data\02.03\2015\K2\1X\02_03-2015_05_05-10_55-K2-1X.jpeg,02.03\2015\K2\1X\02_03-2015_05_05-10_55-K2-1X.jpeg,02.03,2015,K2,2015-05-05 10:55:00,1X,1X,1X,1.0,0.789449,0.0,C:\Users\ASUS\Desktop\Ders\blg521\data\02.03\2015\K2\1X\02_03-2015_05_06-10_00-K2-1X.jpeg,C:\Users\ASUS\Desktop\Ders\blg521\data\02.03\2015\K2\10X\02_03-2015_05_05-10_55-K2-10X.jpeg,0.9936182990307689,185.85367552623185,94,5,CONSISTENT,"folder, filename, and visual evidence agree"
C:\Users\ASUS\Desktop\Ders\blg521\data\02.03\2015\K2\1X\02_03-2015_05_06-10_00-K2-1X.jpeg,02.03\2015\K2\1X\02_03-2015_05_06-10_00-K2-1X.jpeg,02.03,2015,K2,2015-05-06 10:00:00,1X,1X,1X,1.0,0.842734,0.0,C:\Users\ASUS\Desktop\Ders\blg521\data\02.03\2015\K2\1X\02_03-2015_05_05-10_55-K2-1X.jpeg,C:\Users\ASUS\Desktop\Ders\blg521\data\02.03\2015\K2\10X\02_03-2015_05_06-10_00-K2-10X.jpeg,1.0061466900910239,nan,96,0,CONSISTENT,"folder, filename, and visual evidence agree"
C:\Users\ASUS\Desktop\Ders\blg521\data\02.03\2015\K2\1X\02_03-2015_05_07-10_00-K2-1X.jpeg,02.03\2015\K2\1X\02_03-2015_05_07-10_00-K2-1X.jpeg,02.03,2015,K2,2015-05-07 10:00:00,1X,1X,1X,1.0,0.950742,0.0,C:\Users\ASUS\Desktop\Ders\blg521\data\02.03\2015\K2\1X\02_03-2015_05_06-10_00-K2-1X.jpeg,C:\Users\ASUS\Desktop\Ders\blg521\data\02.03\2015\K2\10X\02_03-2015_05_07-10_00-K2-10X.jpeg,1.0001290870498196,nan,709,0,CONSISTENT,"folder, filename, and visual evidence agree"
C:\Users\ASUS\Desktop\Ders\blg521\data\02.03\2015\K2\1X\02_03-2015_05_08-10_00-K2-1X.jpeg,02.03\2015\K2\1X\02_03-2015_05_08-10_00-K2-1X.jpeg,02.03,2015,K2,2015-05-08 10:00:00,1X,1X,1X,1.0,0.94737,0.0,C:\Users\ASUS\Desktop\Ders\blg521\data\02.03\2015\K2\1X\02_03-2015_05_07-10_00-K2-1X.jpeg,C:\Users\ASUS\Desktop\Ders\blg521\data\02.03\2015\K2\10X\02_03-2015_05_08-10_00-K2-10X.jpeg,0.9926729205964626,nan,851,0,CONSISTENT,"folder, filename, and visual evidence agree"
C:\Users\ASUS\Desktop\Ders\blg521\data\02.03\2015\K2\1X\02_03-2015_05_09-10_00-K2-1X.jpeg,02.03\2015\K2\1X\02_03-2015_05_09-10_00-K2-1X.jpeg,02.03,2015,K2,2015-05-09 10:00:00,1X,1X,1X,1.0,0.228986,0.0,C:\Users\ASUS\Desktop\Ders\blg521\data\02.03\2015\K2\1X\02_03-2015_05_08-10_00-K2-1X.jpeg,C:\Users\ASUS\Desktop\Ders\blg521\data\02.03\2015\K2\10X\02_03-2015_05_09-10_00-K2-10X.jpeg,1.0054115905289425,nan,14,0,CONSISTENT,"folder, filename, and visual evidence agree"
C:\Users\ASUS\Desktop\Ders\blg521\data\02.03\2015\K2\1X\02_03-2015_05_11-10_00-K2-1X.jpeg,02.03\2015\K2\1X\02_03-2015_05_11-10_00-K2-1X.jpeg,02.03,2015,K2,2015-05-11 10:00:00,1X,1X,1X,1.0,0.886231,0.0,C:\Users\ASUS\Desktop\Ders\blg521\data\02.03\2015\K2\1X\02_03-2015_05_12-10_21-K2-1X.jpeg,C:\Users\ASUS\Desktop\Ders\blg521\data\02.03\2015\K2\10X\02_03-2015_05_11-10_00-K2-10X.jpeg,1.008603418091205,nan,346,0,CONSISTENT,"folder, filename, and visual evidence agree"
C:\Users\ASUS\Desktop\Ders\blg521\data\02.03\2015\K2\1X\02_03-2015_05_12-10_21-K2-1X.jpeg,02.03\2015\K2\1X\02_03-2015_05_12-10_21-K2-1X.jpeg,02.03,2015,K2,2015-05-12 10:21:00,1X,1X,1X,1.0,0.918253,0.0,C:\Users\ASUS\Desktop\Ders\blg521\data\02.03\2015\K2\1X\02_03-2015_05_13-10_00-K2-1X.jpeg,C:\Users\ASUS\Desktop\Ders\blg521\data\02.03\2015\K2\10X\02_03-2015_05_12-10_21-K2-10X.jpeg,0.9999417663685373,nan,427,0,CONSISTENT,"folder, filename, and visual evidence agree"
C:\Users\ASUS\Desktop\Ders\blg521\data\02.03\2015\K2\1X\02_03-2015_05_13-10_00-K2-1X.jpeg,02.03\2015\K2\1X\02_03-2015_05_13-10_00-K2-1X.jpeg,02.03,2015,K2,2015-05-13 10:00:00,1X,1X,1X,1.0,0.751333,0.0,C:\Users\ASUS\Desktop\Ders\blg521\data\02.03\2015\K2\1X\02_03-2015_05_14-08_00-K2-1X.jpeg,C:\Users\ASUS\Desktop\Ders\blg521\data\02.03\2015\K2\10X\02_03-2015_05_13-10_00-K2-10X.jpeg,0.9938352979124466,nan,33,0,CONSISTENT,"folder, filename, and visual evidence agree"
C:\Users\ASUS\Desktop\Ders\blg521\data\02.03\2015\K2\1X\02_03-2015_05_14-08_00-K2-1X.jpeg,02.03\2015\K2\1X\02_03-2015_05_14-08_00-K2-1X.jpeg,02.03,2015,K2,2015-05-14 08:00:00,1X,1X,1X,1.0,0.669012,0.0,C:\Users\ASUS\Desktop\Ders\blg521\data\02.03\2015\K2\1X\02_03-2015_05_13-10_00-K2-1X.jpeg,C:\Users\ASUS\Desktop\Ders\blg521\data\02.03\2015\K2\10X\02_03-2015_05_13-10_00-K2-10X.jpeg,1.0063773473854452,nan,32,0,CONSISTENT,"folder, filename, and visual evidence agree"
C:\Users\ASUS\Desktop\Ders\blg521\data\02.03\2015\K2\1X\02_03-2015_05_15-08_30-K2-1X.jpeg,02.03\2015\K2\1X\02_03-2015_05_15-08_30-K2-1X.jpeg,02.03,2015,K2,2015-05-15 08:30:00,1X,1X,1X,1.0,0.930653,0.0,C:\Users\ASUS\Desktop\Ders\blg521\data\02.03\2015\K2\1X\02_03-2015_05_14-08_00-K2-1X.jpeg,C:\Users\ASUS\Desktop\Ders\blg521\data\02.03\2015\K2\10X\02_03-2015_05_15-08_30-K2-10X.jpeg,1.0004794048597403,nan,283,0,CONSISTENT,"folder, filename, and visual evidence agree"
C:\Users\ASUS\Desktop\Ders\blg521\data\02.03\2015\K2\1X\02_03-2015_05_16-10_00-K2-1X.jpeg,02.03\2015\K2\1X\02_03-2015_05_16-10_00-K2-1X.jpeg,02.03,2015,K2,2015-05-16 10:00:00,1X,1X,1X,1.0,0.84664,0.0,C:\Users\ASUS\Desktop\Ders\blg521\data\02.03\2015\K2\1X\02_03-2015_05_17-08_29-K2-1X.jpeg,C:\Users\ASUS\Desktop\Ders\blg521\data\02.03\2015\K2\10X\02_03-2015_05_16-10_00-K2-10X.jpeg,1.0013658649320285,nan,70,0,CONSISTENT,"folder, filename, and visual evidence agree"
C:\Users\ASUS\Desktop\Ders\blg521\data\02.03\2015\K2\1X\02_03-2015_05_17-08_29-K2-1X.jpeg,02.03\2015\K2\1X\02_03-2015_05_17-08_29-K2-1X.jpeg,02.03,2015,K2,2015-05-17 08:29:00,1X,1X,1X,1.0,0.818388,0.0,C:\Users\ASUS\Desktop\Ders\blg521\data\02.03\2015\K2\1X\02_03-2015_05_16-10_00-K2-1X.jpeg,C:\Users\ASUS\Desktop\Ders\blg521\data\02.03\2015\K2\10X\02_03-2015_05_17-08_30-K2-10X.jpeg,0.9985574684160782,nan,68,0,CONSISTENT,"folder, filename, and visual evidence agree"
C:\Users\ASUS\Desktop\Ders\blg521\data\02.03\2015\K2\1X\02_03-2015_05_19-08_00-K2-1X.jpeg,02.03\2015\K2\1X\02_03-2015_05_19-08_00-K2-1X.jpeg,02.03,2015,K2,2015-05-19 08:00:00,1X,1X,1X,1.0,0.925012,0.0,C:\Users\ASUS\Desktop\Ders\blg521\data\02.03\2015\K2\1X\02_03-2015_05_20-08_30-K2-1X.jpeg,C:\Users\ASUS\Desktop\Ders\blg521\data\02.03\2015\K2\10X\02_03-2015_05_19-08_00-K2-10X.jpeg,0.9936033451107512,nan,491,0,CONSISTENT,"folder, filename, and visual evidence agree"
C:\Users\ASUS\Desktop\Ders\blg521\data\02.03\2015\K2\1X\02_03-2015_05_20-08_30-K2-1X.jpeg,02.03\2015\K2\1X\02_03-2015_05_20-08_30-K2-1X.jpeg,02.03,2015,K2,2015-05-20 08:30:00,1X,1X,1X,1.0,0.91948,0.0,C:\Users\ASUS\Desktop\Ders\blg521\data\02.03\2015\K2\1X\02_03-2015_05_19-08_00-K2-1X.jpeg,C:\Users\ASUS\Desktop\Ders\blg521\data\02.03\2015\K2\10X\02_03-2015_05_20-08_30-K2-10X.jpeg,1.0065187048921282,nan,486,0,CONSISTENT,"folder, filename, and visual evidence agree"
C:\Users\ASUS\Desktop\Ders\blg521\data\02.03\2015\K2\1X\02_03-2015_05_21-09_00-K2-1X.jpeg,02.03\2015\K2\1X\02_03-2015_05_21-09_00-K2-1X.jpeg,02.03,2015,K2,2015-05-21 09:00:00,1X,1X,1X,1.0,0.900259,0.0,C:\Users\ASUS\Desktop\Ders\blg521\data\02.03\2015\K2\1X\02_03-2015_05_20-08_30-K2-1X.jpeg,C:\Users\ASUS\Desktop\Ders\blg521\data\02.03\2015\K2\10X\02_03-2015_05_21-09_00-K2-10X.jpeg,1.0085069701839553,nan,349,0,CONSISTENT,"folder, filename, and visual evidence agree"
C:\Users\ASUS\Desktop\Ders\blg521\data\02.03\2015\K2\1X\02_03-2015_05_22-10_00-K2-1X.jpeg,02.03\2015\K2\1X\02_03-2015_05_22-10_00-K2-1X.jpeg,02.03,2015,K2,2015-05-22 10:00:00,1X,1X,1X,1.0,0.883524,0.0,C:\Users\ASUS\Desktop\Ders\blg521\data\02.03\2015\K2\1X\02_03-2015_05_23-10_28-K2-1X.jpeg,C:\Users\ASUS\Desktop\Ders\blg521\data\02.03\2015\K2\10X\02_03-2015_05_22-10_00-K2-10X.jpeg,0.9915841389077306,nan,173,0,CONSISTENT,"folder, filename, and visual evidence agree"
C:\Users\ASUS\Desktop\Ders\blg521\data\02.03\2015\K2\1X\02_03-2015_05_23-10_28-K2-1X.jpeg,02.03\2015\K2\1X\02_03-2015_05_23-10_28-K2-1X.jpeg,02.03,2015,K2,2015-05-23 10:28:00,1X,1X,1X,1.0,0.898152,0.0,C:\Users\ASUS\Desktop\Ders\blg521\data\02.03\2015\K2\1X\02_03-2015_05_22-10_00-K2-1X.jpeg,C:\Users\ASUS\Desktop\Ders\blg521\data\02.03\2015\K2\10X\02_03-2015_05_23-10_28-K2-10X.jpeg,1.0087173448799331,nan,183,0,CONSISTENT,"folder, filename, and visual evidence agree"
C:\Users\ASUS\Desktop\Ders\blg521\data\02.03\2015\K2\1X\02_03-2015_05_26-09_00-K2-1X.jpeg,02.03\2015\K2\1X\02_03-2015_05_26-09_00-K2-1X.jpeg,02.03,2015,K2,2015-05-26 09:00:00,1X,1X,1X,1.0,0.895605,0.0,C:\Users\ASUS\Desktop\Ders\blg521\data\02.03\2015\K2\1X\02_03-2015_05_27-10_00-K2-1X.jpeg,C:\Users\ASUS\Desktop\Ders\blg521\data\02.03\2015\K2\10X\02_03-2015_05_26-09_00-K2-10X.jpeg,0.9925707392471737,nan,153,0,CONSISTENT,"folder, filename, and visual evidence agree"
C:\Users\ASUS\Desktop\Ders\blg521\data\02.03\2015\K2\1X\02_03-2015_05_27-10_00-K2-1X.jpeg,02.03\2015\K2\1X\02_03-2015_05_27-10_00-K2-1X.jpeg,02.03,2015,K2,2015-05-27 10:00:00,1X,1X,1X,1.0,0.899314,0.0,C:\Users\ASUS\Desktop\Ders\blg521\data\02.03\2015\K2\1X\02_03-2015_05_28-09_00-K2-1X.jpeg,C:\Users\ASUS\Desktop\Ders\blg521\data\02.03\2015\K2\10X\02_03-2015_05_27-10_00-K2-10X.jpeg,1.0076757775047547,nan,171,0,CONSISTENT,"folder, filename, and visual evidence agree"
C:\Users\ASUS\Desktop\Ders\blg521\data\02.03\2015\K2\1X\02_03-2015_05_28-09_00-K2-1X.jpeg,02.03\2015\K2\1X\02_03-2015_05_28-09_00-K2-1X.jpeg,02.03,2015,K2,2015-05-28 09:00:00,1X,1X,1X,1.0,0.888669,0.0,C:\Users\ASUS\Desktop\Ders\blg521\data\02.03\2015\K2\1X\02_03-2015_05_27-10_00-K2-1X.jpeg,C:\Users\ASUS\Desktop\Ders\blg521\data\02.03\2015\K2\10X\02_03-2015_05_28-09_00-K2-10X.jpeg,0.9924321221140664,nan,178,0,CONSISTENT,"folder, filename, and visual evidence agree"
C:\Users\ASUS\Desktop\Ders\blg521\data\02.03\2015\K2\1X\02_03-2015_05_29-10_42-K2-1X.jpeg,02.03\2015\K2\1X\02_03-2015_05_29-10_42-K2-1X.jpeg,02.03,2015,K2,2015-05-29 10:42:00,1X,1X,1X,1.0,0.878372,0.0,C:\Users\ASUS\Desktop\Ders\blg521\data\02.03\2015\K2\1X\02_03-2015_05_28-09_00-K2-1X.jpeg,C:\Users\ASUS\Desktop\Ders\blg521\data\02.03\2015\K2\10X\02_03-2015_05_29-10_41-K2-10X.jpeg,0.9934506933868608,nan,97,0,CONSISTENT,"folder, filename, and visual evidence agree"
C:\Users\ASUS\Desktop\Ders\blg521\data\02.03\2015\K2\1X\02_03-2015_05_31-10_25-K2-1X.jpeg,02.03\2015\K2\1X\02_03-2015_05_31-10_25-K2-1X.jpeg,02.03,2015,K2,2015-05-31 10:25:00,1X,1X,1X,1.0,0.893561,0.0,C:\Users\ASUS\Desktop\Ders\blg521\data\02.03\2015\K2\1X\02_03-2015_06_01-11_10-K2-1X.jpeg,C:\Users\ASUS\Desktop\Ders\blg521\data\02.03\2015\K2\10X\02_03-2015_05_31-10_25-K2-10X.jpeg,0.9995552145545499,nan,206,0,CONSISTENT,"folder, filename, and visual evidence agree"
C:\Users\ASUS\Desktop\Ders\blg521\data\02.03\2015\K2\1X\02_03-2015_06_01-11_10-K2-1X.jpeg,02.03\2015\K2\1X\02_03-2015_06_01-11_10-K2-1X.jpeg,02.03,2015,K2,2015-06-01 11:10:00,1X,1X,1X,1.0,0.864109,0.0,C:\Users\ASUS\Desktop\Ders\blg521\data\02.03\2015\K2\1X\02_03-2015_06_02-10_00-K2-1X.jpeg,C:\Users\ASUS\Desktop\Ders\blg521\data\02.03\2015\K2\10X\02_03-2015_06_01-11_09-K2-10X.jpeg,0.9924740074315916,nan,85,0,CONSISTENT,"folder, filename, and visual evidence agree"
C:\Users\ASUS\Desktop\Ders\blg521\data\02.03\2015\K2\1X\02_03-2015_06_02-10_00-K2-1X.jpeg,02.03\2015\K2\1X\02_03-2015_06_02-10_00-K2-1X.jpeg,02.03,2015,K2,2015-06-02 10:00:00,1X,1X,1X,1.0,0.924054,0.0,C:\Users\ASUS\Desktop\Ders\blg521\data\02.03\2015\K2\1X\02_03-2015_06_01-11_10-K2-1X.jpeg,C:\Users\ASUS\Desktop\Ders\blg521\data\02.03\2015\K2\10X\02_03-2015_06_02-10_00-K2-10X.jpeg,1.0074992761928303,nan,73,0,CONSISTENT,"folder, filename, and visual evidence agree"
C:\Users\ASUS\Desktop\Ders\blg521\data\02.03\2015\K2\1X\02_03-2015_06_03-10_29-K2-1X.jpeg,02.03\2015\K2\1X\02_03-2015_06_03-10_29-K2-1X.jpeg,02.03,2015,K2,2015-06-03 10:29:00,1X,1X,1X,1.0,0.89556,0.0,C:\Users\ASUS\Desktop\Ders\blg521\data\02.03\2015\K2\1X\02_03-2015_06_04-10_00-K2-1X.jpeg,C:\Users\ASUS\Desktop\Ders\blg521\data\02.03\2015\K2\10X\02_03-2015_06_03-10_28-K2-10X.jpeg,0.9934680483023793,nan,298,0,CONSISTENT,"folder, filename, and visual evidence agree"
C:\Users\ASUS\Desktop\Ders\blg521\data\02.03\2015\K2\1X\02_03-2015_06_04-10_00-K2-1X.jpeg,02.03\2015\K2\1X\02_03-2015_06_04-10_00-K2-1X.jpeg,02.03,2015,K2,2015-06-04 10:00:00,1X,1X,1X,1.0,0.913091,0.0,C:\Users\ASUS\Desktop\Ders\blg521\data\02.03\2015\K2\1X\02_03-2015_06_03-10_29-K2-1X.jpeg,C:\Users\ASUS\Desktop\Ders\blg521\data\02.03\2015\K2\10X\02_03-2015_06_04-10_00-K2-10X.jpeg,1.0067094610944862,nan,282,0,CONSISTENT,"folder, filename, and visual evidence agree"
C:\Users\ASUS\Desktop\Ders\blg521\data\02.03\2015\K2\1X\02_03-2015_06_05-10_31-K2-1X.jpeg,02.03\2015\K2\1X\02_03-2015_06_05-10_31-K2-1X.jpeg,02.03,2015,K2,2015-06-05 10:31:00,1X,1X,1X,1.0,0.886748,0.0,C:\Users\ASUS\Desktop\Ders\blg521\data\02.03\2015\K2\1X\02_03-2015_06_06-09_00-K2-1X.jpeg,C:\Users\ASUS\Desktop\Ders\blg521\data\02.03\2015\K2\10X\02_03-2015_06_05-10_30-K2-10X.jpeg,1.0060130285295825,nan,123,0,CONSISTENT,"folder, filename, and visual evidence agree"
C:\Users\ASUS\Desktop\Ders\blg521\data\02.03\2015\K2\1X\02_03-2015_06_06-09_00-K2-1X.jpeg,02.03\2015\K2\1X\02_03-2015_06_06-09_00-K2-1X.jpeg,02.03,2015,K2,2015-06-06 09:00:00,1X,1X,1X,1.0,0.89923,0.0,C:\Users\ASUS\Desktop\Ders\blg521\data\02.03\2015\K2\1X\02_03-2015_06_05-10_31-K2-1X.jpeg,C:\Users\ASUS\Desktop\Ders\blg521\data\02.03\2015\K2\10X\02_03-2015_06_06-09_00-K2-10X.jpeg,0.9940576422417278,nan,122,0,CONSISTENT,"folder, filename, and visual evidence agree"
C:\Users\ASUS\Desktop\Ders\blg521\data\02.03\2015\K2\1X\02_03-2015_06_08-10_00-K2-1X.jpeg,02.03\2015\K2\1X\02_03-2015_06_08-10_00-K2-1X.jpeg,02.03,2015,K2,2015-06-08 10:00:00,1X,1X,1X,1.0,0.928705,0.0,C:\Users\ASUS\Desktop\Ders\blg521\data\02.03\2015\K2\1X\02_03-2015_06_09-10_00-K2-1X.jpeg,C:\Users\ASUS\Desktop\Ders\blg521\data\02.03\2015\K2\10X\02_03-2015_06_08-10_00-K2-10X.jpeg,0.9953376767340575,nan,541,0,CONSISTENT,"folder, filename, and visual evidence agree"
C:\Users\ASUS\Desktop\Ders\blg521\data\02.03\2015\K2\1X\02_03-2015_06_09-10_00-K2-1X.jpeg,02.03\2015\K2\1X\02_03-2015_06_09-10_00-K2-1X.jpeg,02.03,2015,K2,2015-06-09 10:00:00,1X,1X,1X,1.0,0.924643,0.0,C:\Users\ASUS\Desktop\Ders\blg521\data\02.03\2015\K2\1X\02_03-2015_06_08-10_00-K2-1X.jpeg,C:\Users\ASUS\Desktop\Ders\blg521\data\02.03\2015\K2\10X\02_03-2015_06_09-10_00-K2-10X.jpeg,1.0047521139276185,nan,539,0,CONSISTENT,"folder, filename, and visual evidence agree"
C:\Users\ASUS\Desktop\Ders\blg521\data\02.03\2015\K2\1X\02_03-2015_06_10-10_00-K2-1X.jpeg,02.03\2015\K2\1X\02_03-2015_06_10-10_00-K2-1X.jpeg,02.03,2015,K2,2015-06-10 10:00:00,1X,1X,1X,1.0,0.940805,0.0,C:\Users\ASUS\Desktop\Ders\blg521\data\02.03\2015\K2\1X\02_03-2015_06_09-10_00-K2-1X.jpeg,C:\Users\ASUS\Desktop\Ders\blg521\data\02.03\2015\K2\10X\02_03-2015_06_10-10_00-K2-10X.jpeg,0.9930257078055009,nan,811,0,CONSISTENT,"folder, filename, and visual evidence agree"
C:\Users\ASUS\Desktop\Ders\blg521\data\02.03\2015\K2\1X\02_03-2015_06_20-10_00-K2-1X.jpeg,02.03\2015\K2\1X\02_03-2015_06_20-10_00-K2-1X.jpeg,02.03,2015,K2,2015-06-20 10:00:00,1X,1X,1X,1.0,0.892618,0.0,C:\Users\ASUS\Desktop\Ders\blg521\data\02.03\2015\K2\1X\02_03-2015_06_10-10_00-K2-1X.jpeg,C:\Users\ASUS\Desktop\Ders\blg521\data\02.03\2015\K2\10X\02_03-2015_06_20-10_00-K2-10X.jpeg,1.0149024277711962,nan,413,0,CONSISTENT,"folder, filename, and visual evidence agree"
C:\Users\ASUS\Desktop\Ders\blg521\data\02.03\2015\K2\1X\02_03-2015_07_02-11_53-K2-1X.jpeg,02.03\2015\K2\1X\02_03-2015_07_02-11_53-K2-1X.jpeg,02.03,2015,K2,2015-07-02 11:53:00,1X,1X,1X,1.0,0.760283,0.0,C:\Users\ASUS\Desktop\Ders\blg521\data\02.03\2015\K2\1X\02_03-2015_07_04-08_02-K2-1X.jpeg,C:\Users\ASUS\Desktop\Ders\blg521\data\02.03\2015\K2\10X\02_03-2015_07_02-11_52-K2-10X.jpeg,0.9983810697513356,nan,37,0,CONSISTENT,"folder, filename, and visual evidence agree"
C:\Users\ASUS\Desktop\Ders\blg521\data\02.03\2015\K2\1X\02_03-2015_07_04-08_02-K2-1X.jpeg,02.03\2015\K2\1X\02_03-2015_07_04-08_02-K2-1X.jpeg,02.03,2015,K2,2015-07-04 08:02:00,1X,1X,1X,1.0,0.723813,0.0,C:\Users\ASUS\Desktop\Ders\blg521\data\02.03\2015\K2\1X\02_03-2015_07_02-11_53-K2-1X.jpeg,C:\Users\ASUS\Desktop\Ders\blg521\data\02.03\2015\K2\10X\02_03-2015_07_04-08_01-K2-10X.jpeg,1.0009172471210948,nan,34,0,CONSISTENT,"folder, filename, and visual evidence agree"
C:\Users\ASUS\Desktop\Ders\blg521\data\02.03\2015\K2\1X\02_03-2015_07_07-10_00-K2-1X.jpeg,02.03\2015\K2\1X\02_03-2015_07_07-10_00-K2-1X.jpeg,02.03,2015,K2,2015-07-07 10:00:00,1X,1X,1X,1.0,0.928494,0.0,C:\Users\ASUS\Desktop\Ders\blg521\data\02.03\2015\K2\1X\02_03-2015_07_10-10_00-K2-1X.jpeg,C:\Users\ASUS\Desktop\Ders\blg521\data\02.03\2015\K2\10X\02_03-2015_07_07-10_00-K2-10X.jpeg,0.9926301793941962,nan,699,0,CONSISTENT,"folder, filename, and visual evidence agree"
C:\Users\ASUS\Desktop\Ders\blg521\data\02.03\2015\K2\1X\02_03-2015_07_10-10_00-K2-1X.jpeg,02.03\2015\K2\1X\02_03-2015_07_10-10_00-K2-1X.jpeg,02.03,2015,K2,2015-07-10 10:00:00,1X,1X,1X,1.0,0.916072,0.0,C:\Users\ASUS\Desktop\Ders\blg521\data\02.03\2015\K2\1X\02_03-2015_07_12-10_00-K2-1X.jpeg,C:\Users\ASUS\Desktop\Ders\blg521\data\02.03\2015\K2\10X\02_03-2015_07_10-10_00-K2-10X.jpeg,1.0088755804798732,nan,568,0,CONSISTENT,"folder, filename, and visual evidence agree"
C:\Users\ASUS\Desktop\Ders\blg521\data\02.03\2015\K2\1X\02_03-2015_07_12-10_00-K2-1X.jpeg,02.03\2015\K2\1X\02_03-2015_07_12-10_00-K2-1X.jpeg,02.03,2015,K2,2015-07-12 10:00:00,1X,1X,1X,1.0,0.894522,0.0,C:\Users\ASUS\Desktop\Ders\blg521\data\02.03\2015\K2\1X\02_03-2015_07_14-09_29-K2-1X.jpeg,C:\Users\ASUS\Desktop\Ders\blg521\data\02.03\2015\K2\10X\02_03-2015_07_12-10_00-K2-10X.jpeg,0.9992586841453288,nan,241,0,CONSISTENT,"folder, filename, and visual evidence agree"
C:\Users\ASUS\Desktop\Ders\blg521\data\02.03\2015\K2\1X\02_03-2015_07_14-09_29-K2-1X.jpeg,02.03\2015\K2\1X\02_03-2015_07_14-09_29-K2-1X.jpeg,02.03,2015,K2,2015-07-14 09:29:00,1X,1X,1X,1.0,0.897227,0.0,C:\Users\ASUS\Desktop\Ders\blg521\data\02.03\2015\K2\1X\02_03-2015_07_12-10_00-K2-1X.jpeg,C:\Users\ASUS\Desktop\Ders\blg521\data\02.03\2015\K2\10X\02_03-2015_07_14-09_30-K2-10X.jpeg,1.000918125723028,nan,235,0,CONSISTENT,"folder, filename, and visual evidence agree"
C:\Users\ASUS\Desktop\Ders\blg521\data\02.03\2015\K2\1X\02_03-2015_07_18-11_39-K2-1X.jpeg,02.03\2015\K2\1X\02_03-2015_07_18-11_39-K2-1X.jpeg,02.03,2015,K2,2015-07-18 11:39:00,1X,1X,1X,1.0,0.841807,0.0,C:\Users\ASUS\Desktop\Ders\blg521\data\02.03\2015\K2\1X\02_03-2015_07_19-10_00-K2-1X.jpeg,C:\Users\ASUS\Desktop\Ders\blg521\data\02.03\2015\K2\10X\02_03-2015_07_18-11_38-K2-10X.jpeg,0.9931839536968258,nan,80,0,CONSISTENT,"folder, filename, and visual evidence agree"
C:\Users\ASUS\Desktop\Ders\blg521\data\02.03\2015\K2\1X\02_03-2015_07_19-10_00-K2-1X.jpeg,02.03\2015\K2\1X\02_03-2015_07_19-10_00-K2-1X.jpeg,02.03,2015,K2,2015-07-19 10:00:00,1X,1X,1X,1.0,0.804235,0.0,C:\Users\ASUS\Desktop\Ders\blg521\data\02.03\2015\K2\1X\02_03-2015_07_18-11_39-K2-1X.jpeg,C:\Users\ASUS\Desktop\Ders\blg521\data\02.03\2015\K2\10X\02_03-2015_07_19-10_00-K2-10X.jpeg,1.006851026387561,nan,80,0,CONSISTENT,"folder, filename, and visual evidence agree"
C:\Users\ASUS\Desktop\Ders\blg521\data\02.03\2015\K2\1X\02_03-2015_07_20-11_40-K2-1X.jpeg,02.03\2015\K2\1X\02_03-2015_07_20-11_40-K2-1X.jpeg,02.03,2015,K2,2015-07-20 11:40:00,1X,1X,1X,1.0,0.897991,0.0,C:\Users\ASUS\Desktop\Ders\blg521\data\02.03\2015\K2\1X\02_03-2015_07_19-10_00-K2-1X.jpeg,C:\Users\ASUS\Desktop\Ders\blg521\data\02.03\2015\K2\10X\02_03-2015_07_20-11_39-K2-10X.jpeg,1.0012251122986449,nan,95,0,CONSISTENT,"folder, filename, and visual evidence agree"
C:\Users\ASUS\Desktop\Ders\blg521\data\02.03\2015\K2\1X\02_03-2015_07_23-11_55-K2-1X.jpeg,02.03\2015\K2\1X\02_03-2015_07_23-11_55-K2-1X.jpeg,02.03,2015,K2,2015-07-23 11:55:00,1X,1X,1X,1.0,0.866157,0.0,C:\Users\ASUS\Desktop\Ders\blg521\data\02.03\2015\K2\1X\02_03-2015_07_24-10_00-K2-1X.jpeg,C:\Users\ASUS\Desktop\Ders\blg521\data\02.03\2015\K2\10X\02_03-2015_07_23-11_54-K2-10X.jpeg,0.9913771373736628,nan,87,0,CONSISTENT,"folder, filename, and visual evidence agree"
C:\Users\ASUS\Desktop\Ders\blg521\data\02.03\2015\K2\1X\02_03-2015_07_24-10_00-K2-1X.jpeg,02.03\2015\K2\1X\02_03-2015_07_24-10_00-K2-1X.jpeg,02.03,2015,K2,2015-07-24 10:00:00,1X,1X,1X,1.0,0.852523,0.0,C:\Users\ASUS\Desktop\Ders\blg521\data\02.03\2015\K2\1X\02_03-2015_07_23-11_55-K2-1X.jpeg,C:\Users\ASUS\Desktop\Ders\blg521\data\02.03\2015\K2\10X\02_03-2015_07_24-10_00-K2-10X.jpeg,1.008864419537797,nan,89,0,CONSISTENT,"folder, filename, and visual evidence agree"
C:\Users\ASUS\Desktop\Ders\blg521\data\02.03\2015\K2\1X\02_03-2015_07_25-11_14-K2-1X.jpeg,02.03\2015\K2\1X\02_03-2015_07_25-11_14-K2-1X.jpeg,02.03,2015,K2,2015-07-25 11:14:00,1X,1X,1X,1.0,0.801767,0.0,C:\Users\ASUS\Desktop\Ders\blg521\data\02.03\2015\K2\1X\02_03-2015_07_26-09_00-K2-1X.jpeg,C:\Users\ASUS\Desktop\Ders\blg521\data\02.03\2015\K2\10X\02_03-2015_07_25-11_13-K2-10X.jpeg,1.0143607187085693,nan,57,0,CONSISTENT,"folder, filename, and visual evidence agree"
C:\Users\ASUS\Desktop\Ders\blg521\data\02.03\2015\K2\1X\02_03-2015_07_26-09_00-K2-1X.jpeg,02.03\2015\K2\1X\02_03-2015_07_26-09_00-K2-1X.jpeg,02.03,2015,K2,2015-07-26 09:00:00,1X,1X,1X,1.0,0.832684,0.0,C:\Users\ASUS\Desktop\Ders\blg521\data\02.03\2015\K2\1X\02_03-2015_07_25-11_14-K2-1X.jpeg,C:\Users\ASUS\Desktop\Ders\blg521\data\02.03\2015\K2\10X\02_03-2015_07_26-09_00-K2-10X.jpeg,0.9858605017935118,nan,60,0,CONSISTENT,"folder, filename, and visual evidence agree"
C:\Users\ASUS\Desktop\Ders\blg521\data\02.03\2015\K2\1X\02_03-2015_07_27-09_00-K2-1X.jpeg,02.03\2015\K2\1X\02_03-2015_07_27-09_00-K2-1X.jpeg,02.03,2015,K2,2015-07-27 09:00:00,1X,1X,1X,1.0,0.912433,0.0,C:\Users\ASUS\Desktop\Ders\blg521\data\02.03\2015\K2\1X\02_03-2015_07_26-09_00-K2-1X.jpeg,C:\Users\ASUS\Desktop\Ders\blg521\data\02.03\2015\K2\10X\02_03-2015_07_27-09_00-K2-10X.jpeg,1.0153688674002552,nan,605,0,CONSISTENT,"folder, filename, and visual evidence agree"
C:\Users\ASUS\Desktop\Ders\blg521\data\02.03\2015\K2\1X\02_03-2015_07_28-10_41-K2-1X.jpeg,02.03\2015\K2\1X\02_03-2015_07_28-10_41-K2-1X.jpeg,02.03,2015,K2,2015-07-28 10:41:00,1X,1X,1X,1.0,0.93232,0.0,C:\Users\ASUS\Desktop\Ders\blg521\data\02.03\2015\K2\1X\02_03-2015_07_29-10_42-K2-1X.jpeg,C:\Users\ASUS\Desktop\Ders\blg521\data\02.03\2015\K2\10X\02_03-2015_07_28-10_40-K2-10X.jpeg,0.9924318342877807,nan,743,0,CONSISTENT,"folder, filename, and visual evidence agree"
C:\Users\ASUS\Desktop\Ders\blg521\data\02.03\2015\K2\1X\02_03-2015_07_29-10_42-K2-1X.jpeg,02.03\2015\K2\1X\02_03-2015_07_29-10_42-K2-1X.jpeg,02.03,2015,K2,2015-07-29 10:42:00,1X,1X,1X,1.0,0.931315,0.0,C:\Users\ASUS\Desktop\Ders\blg521\data\02.03\2015\K2\1X\02_03-2015_07_28-10_41-K2-1X.jpeg,C:\Users\ASUS\Desktop\Ders\blg521\data\02.03\2015\K2\10X\02_03-2015_07_29-10_41-K2-10X.jpeg,1.0075855595226357,nan,747,0,CONSISTENT,"folder, filename, and visual evidence agree"
C:\Users\ASUS\Desktop\Ders\blg521\data\02.03\2015\K2\1X\02_03-2015_07_30-10_43-K2-1X.jpeg,02.03\2015\K2\1X\02_03-2015_07_30-10_43-K2-1X.jpeg,02.03,2015,K2,2015-07-30 10:43:00,1X,1X,1X,1.0,0.906506,0.0,C:\Users\ASUS\Desktop\Ders\blg521\data\02.03\2015\K2\1X\02_03-2015_07_29-10_42-K2-1X.jpeg,C:\Users\ASUS\Desktop\Ders\blg521\data\02.03\2015\K2\10X\02_03-2015_07_30-10_42-K2-10X.jpeg,1.0084030793156311,nan,392,0,CONSISTENT,"folder, filename, and visual evidence agree"
C:\Users\ASUS\Desktop\Ders\blg521\data\02.03\2015\K2\1X\02_03-2015_07_31-11_30-K2-1X.jpeg,02.03\2015\K2\1X\02_03-2015_07_31-11_30-K2-1X.jpeg,02.03,2015,K2,2015-07-31 11:30:00,1X,1X,1X,1.0,0.961418,0.0,C:\Users\ASUS\Desktop\Ders\blg521\data\02.03\2015\K2\1X\02_03-2015_08_01-11_30-K2-1X.jpeg,C:\Users\ASUS\Desktop\Ders\blg521\data\02.03\2015\K2\10X\02_03-2015_07_31-11_30-K2-10X.jpeg,1.0000101467294797,nan,847,0,CONSISTENT,"folder, filename, and visual evidence agree"
C:\Users\ASUS\Desktop\Ders\blg521\data\02.03\2015\K2\1X\02_03-2015_08_01-11_30-K2-1X.jpeg,02.03\2015\K2\1X\02_03-2015_08_01-11_30-K2-1X.jpeg,02.03,2015,K2,2015-08-01 11:30:00,1X,1X,1X,1.0,0.968316,0.0,C:\Users\ASUS\Desktop\Ders\blg521\data\02.03\2015\K2\1X\02_03-2015_07_31-11_30-K2-1X.jpeg,C:\Users\ASUS\Desktop\Ders\blg521\data\02.03\2015\K2\10X\02_03-2015_08_01-11_30-K2-10X.jpeg,0.9999402913073994,nan,847,0,CONSISTENT,"folder, filename, and visual evidence agree"
C:\Users\ASUS\Desktop\Ders\blg521\data\02.03\2015\K2\1X\02_03-2015_08_03-10_00-K2-1X.jpeg,02.03\2015\K2\1X\02_03-2015_08_03-10_00-K2-1X.jpeg,02.03,2015,K2,2015-08-03 10:00:00,1X,1X,1X,1.0,0.968414,0.0,C:\Users\ASUS\Desktop\Ders\blg521\data\02.03\2015\K2\1X\02_03-2015_08_04-10_00-K2-1X.jpeg,C:\Users\ASUS\Desktop\Ders\blg521\data\02.03\2015\K2\10X\02_03-2015_08_03-10_00-K2-10X.jpeg,1.0002843903574177,nan,993,0,CONSISTENT,"folder, filename, and visual evidence agree"
C:\Users\ASUS\Desktop\Ders\blg521\data\02.03\2015\K2\1X\02_03-2015_08_04-10_00-K2-1X.jpeg,02.03\2015\K2\1X\02_03-2015_08_04-10_00-K2-1X.jpeg,02.03,2015,K2,2015-08-04 10:00:00,1X,1X,1X,1.0,0.96671,0.0,C:\Users\ASUS\Desktop\Ders\blg521\data\02.03\2015\K2\1X\02_03-2015_08_03-10_00-K2-1X.jpeg,C:\Users\ASUS\Desktop\Ders\blg521\data\02.03\2015\K2\10X\02_03-2015_08_04-10_00-K2-10X.jpeg,0.999662388530979,nan,987,0,CONSISTENT,"folder, filename, and visual evidence agree"
C:\Users\ASUS\Desktop\Ders\blg521\data\02.03\2015\K2\1X\02_03-2015_08_08-10_00-K2-1X.jpeg,02.03\2015\K2\1X\02_03-2015_08_08-10_00-K2-1X.jpeg,02.03,2015,K2,2015-08-08 10:00:00,1X,1X,1X,1.0,0.851327,0.0,C:\Users\ASUS\Desktop\Ders\blg521\data\02.03\2015\K2\1X\02_03-2015_08_11-10_30-K2-1X.jpeg,C:\Users\ASUS\Desktop\Ders\blg521\data\02.03\2015\K2\10X\02_03-2015_08_08-10_00-K2-10X.jpeg,1.014735418773586,nan,266,0,CONSISTENT,"folder, filename, and visual evidence agree"
C:\Users\ASUS\Desktop\Ders\blg521\data\02.03\2015\K2\1X\02_03-2015_08_11-10_30-K2-1X.jpeg,02.03\2015\K2\1X\02_03-2015_08_11-10_30-K2-1X.jpeg,02.03,2015,K2,2015-08-11 10:30:00,1X,1X,1X,1.0,0.922125,0.0,C:\Users\ASUS\Desktop\Ders\blg521\data\02.03\2015\K2\1X\02_03-2015_08_12-10_06-K2-1X.jpeg,C:\Users\ASUS\Desktop\Ders\blg521\data\02.03\2015\K2\10X\02_03-2015_08_11-10_29-K2-10X.jpeg,1.0013880058110938,nan,356,0,CONSISTENT,"folder, filename, and visual evidence agree"
C:\Users\ASUS\Desktop\Ders\blg521\data\02.03\2015\K2\1X\02_03-2015_08_12-10_06-K2-1X.jpeg,02.03\2015\K2\1X\02_03-2015_08_12-10_06-K2-1X.jpeg,02.03,2015,K2,2015-08-12 10:06:00,1X,1X,1X,1.0,0.929595,0.0,C:\Users\ASUS\Desktop\Ders\blg521\data\02.03\2015\K2\1X\02_03-2015_08_11-10_30-K2-1X.jpeg,C:\Users\ASUS\Desktop\Ders\blg521\data\02.03\2015\K2\10X\02_03-2015_08_12-10_05-K2-10X.jpeg,0.9986566060010701,nan,372,0,CONSISTENT,"folder, filename, and visual evidence agree"
C:\Users\ASUS\Desktop\Ders\blg521\data\02.03\2015\K2\1X\02_03-2015_08_13-10_06-K2-1X.jpeg,02.03\2015\K2\1X\02_03-2015_08_13-10_06-K2-1X.jpeg,02.03,2015,K2,2015-08-13 10:06:00,1X,1X,1X,1.0,0.940262,0.0,C:\Users\ASUS\Desktop\Ders\blg521\data\02.03\2015\K2\1X\02_03-2015_08_12-10_06-K2-1X.jpeg,C:\Users\ASUS\Desktop\Ders\blg521\data\02.03\2015\K2\10X\02_03-2015_08_13-10_05-K2-10X.jpeg,1.0095051527585166,nan,828,0,CONSISTENT,"folder, filename, and visual evidence agree"
C:\Users\ASUS\Desktop\Ders\blg521\data\02.03\2015\K2\1X\02_03-2015_08_14-10_07-K2-1X.jpeg,02.03\2015\K2\1X\02_03-2015_08_14-10_07-K2-1X.jpeg,02.03,2015,K2,2015-08-14 10:07:00,1X,1X,1X,1.0,0.937119,0.0,C:\Users\ASUS\Desktop\Ders\blg521\data\02.03\2015\K2\1X\02_03-2015_08_13-10_06-K2-1X.jpeg,C:\Users\ASUS\Desktop\Ders\blg521\data\02.03\2015\K2\10X\02_03-2015_08_14-10_06-K2-10X.jpeg,1.0074157873648113,nan,855,0,CONSISTENT,"folder, filename, and visual evidence agree"
C:\Users\ASUS\Desktop\Ders\blg521\data\02.03\2015\K2\1X\02_03-2015_08_15-10_08-K2-1X.jpeg,02.03\2015\K2\1X\02_03-2015_08_15-10_08-K2-1X.jpeg,02.03,2015,K2,2015-08-15 10:08:00,1X,1X,1X,1.0,0.947939,0.0,C:\Users\ASUS\Desktop\Ders\blg521\data\02.03\2015\K2\1X\02_03-2015_08_14-10_07-K2-1X.jpeg,C:\Users\ASUS\Desktop\Ders\blg521\data\02.03\2015\K2\10X\02_03-2015_08_15-10_07-K2-10X.jpeg,1.00076523883067,nan,722,0,CONSISTENT,"folder, filename, and visual evidence agree"
C:\Users\ASUS\Desktop\Ders\blg521\data\02.03\2015\K2\1X\02_03-2015_08_16-10_14-K2-1X.jpeg,02.03\2015\K2\1X\02_03-2015_08_16-10_14-K2-1X.jpeg,02.03,2015,K2,2015-08-16 10:14:00,1X,1X,1X,1.0,0.92794,0.0,C:\Users\ASUS\Desktop\Ders\blg521\data\02.03\2015\K2\1X\02_03-2015_08_15-10_08-K2-1X.jpeg,C:\Users\ASUS\Desktop\Ders\blg521\data\02.03\2015\K2\10X\02_03-2015_08_16-10_13-K2-10X.jpeg,0.9917791713418829,nan,635,0,CONSISTENT,"folder, filename, and visual evidence agree"
C:\Users\ASUS\Desktop\Ders\blg521\data\02.03\2015\K2\1X\02_03-2015_08_17-11_00-K2-1X.jpeg,02.03\2015\K2\1X\02_03-2015_08_17-11_00-K2-1X.jpeg,02.03,2015,K2,2015-08-17 11:00:00,1X,1X,1X,1.0,0.833778,0.0,C:\Users\ASUS\Desktop\Ders\blg521\data\02.03\2015\K2\1X\02_03-2015_08_18-10_16-K2-1X.jpeg,C:\Users\ASUS\Desktop\Ders\blg521\data\02.03\2015\K2\10X\02_03-2015_08_17-11_00-K2-10X.jpeg,0.9908766577963675,nan,182,0,CONSISTENT,"folder, filename, and visual evidence agree"
C:\Users\ASUS\Desktop\Ders\blg521\data\02.03\2015\K2\1X\02_03-2015_08_18-10_16-K2-1X.jpeg,02.03\2015\K2\1X\02_03-2015_08_18-10_16-K2-1X.jpeg,02.03,2015,K2,2015-08-18 10:16:00,1X,1X,1X,1.0,0.84359,0.0,C:\Users\ASUS\Desktop\Ders\blg521\data\02.03\2015\K2\1X\02_03-2015_08_17-11_00-K2-1X.jpeg,C:\Users\ASUS\Desktop\Ders\blg521\data\02.03\2015\K2\10X\02_03-2015_08_18-10_15-K2-10X.jpeg,1.009143828882161,nan,178,0,CONSISTENT,"folder, filename, and visual evidence agree"
C:\Users\ASUS\Desktop\Ders\blg521\data\02.03\2015\K2\1X\02_03-2015_08_22-10_00-K2-1X.jpeg,02.03\2015\K2\1X\02_03-2015_08_22-10_00-K2-1X.jpeg,02.03,2015,K2,2015-08-22 10:00:00,1X,1X,1X,1.0,0.859607,0.0,C:\Users\ASUS\Desktop\Ders\blg521\data\02.03\2015\K2\1X\02_03-2015_08_25-09_30-K2-1X.jpeg,C:\Users\ASUS\Desktop\Ders\blg521\data\02.03\2015\K2\10X\02_03-2015_08_22-10_00-K2-10X.jpeg,1.0084209609276262,nan,199,0,CONSISTENT,"folder, filename, and visual evidence agree"
C:\Users\ASUS\Desktop\Ders\blg521\data\02.03\2015\K2\1X\02_03-2015_08_25-09_30-K2-1X.jpeg,02.03\2015\K2\1X\02_03-2015_08_25-09_30-K2-1X.jpeg,02.03,2015,K2,2015-08-25 09:30:00,1X,1X,1X,1.0,0.851044,0.0,C:\Users\ASUS\Desktop\Ders\blg521\data\02.03\2015\K2\1X\02_03-2015_08_26-10_02-K2-1X.jpeg,C:\Users\ASUS\Desktop\Ders\blg521\data\02.03\2015\K2\10X\02_03-2015_08_25-09_30-K2-10X.jpeg,0.9858991809974569,nan,200,0,CONSISTENT,"folder, filename, and visual evidence agree"
C:\Users\ASUS\Desktop\Ders\blg521\data\02.03\2015\K2\1X\02_03-2015_08_26-10_02-K2-1X.jpeg,02.03\2015\K2\1X\02_03-2015_08_26-10_02-K2-1X.jpeg,02.03,2015,K2,2015-08-26 10:02:00,1X,1X,1X,1.0,0.908263,0.0,C:\Users\ASUS\Desktop\Ders\blg521\data\02.03\2015\K2\1X\02_03-2015_08_27-10_03-K2-1X.jpeg,C:\Users\ASUS\Desktop\Ders\blg521\data\02.03\2015\K2\10X\02_03-2015_08_26-10_01-K2-10X.jpeg,1.013877663885678,nan,642,0,CONSISTENT,"folder, filename, and visual evidence agree"
C:\Users\ASUS\Desktop\Ders\blg521\data\02.03\2015\K2\1X\02_03-2015_08_27-10_03-K2-1X.jpeg,02.03\2015\K2\1X\02_03-2015_08_27-10_03-K2-1X.jpeg,02.03,2015,K2,2015-08-27 10:03:00,1X,1X,1X,1.0,0.941006,0.0,C:\Users\ASUS\Desktop\Ders\blg521\data\02.03\2015\K2\1X\02_03-2015_08_28-10_00-K2-1X.jpeg,C:\Users\ASUS\Desktop\Ders\blg521\data\02.03\2015\K2\10X\02_03-2015_08_27-10_02-K2-10X.jpeg,0.9982895335860492,nan,689,0,CONSISTENT,"folder, filename, and visual evidence agree"
C:\Users\ASUS\Desktop\Ders\blg521\data\02.03\2015\K2\1X\02_03-2015_08_28-10_00-K2-1X.jpeg,02.03\2015\K2\1X\02_03-2015_08_28-10_00-K2-1X.jpeg,02.03,2015,K2,2015-08-28 10:00:00,1X,1X,1X,1.0,0.941722,0.0,C:\Users\ASUS\Desktop\Ders\blg521\data\02.03\2015\K2\1X\02_03-2015_08_27-10_03-K2-1X.jpeg,C:\Users\ASUS\Desktop\Ders\blg521\data\02.03\2015\K2\10X\02_03-2015_08_28-10_00-K2-10X.jpeg,1.0016757840825592,nan,688,0,CONSISTENT,"folder, filename, and visual evidence agree"
C:\Users\ASUS\Desktop\Ders\blg521\data\02.03\2015\K2\1X\02_03-2015_08_30-10_00-K2-1X.jpeg,02.03\2015\K2\1X\02_03-2015_08_30-10_00-K2-1X.jpeg,02.03,2015,K2,2015-08-30 10:00:00,1X,1X,1X,1.0,0.902925,0.0,C:\Users\ASUS\Desktop\Ders\blg521\data\02.03\2015\K2\1X\02_03-2015_08_31-10_00-K2-1X.jpeg,C:\Users\ASUS\Desktop\Ders\blg521\data\02.03\2015\K2\10X\02_03-2015_08_30-10_00-K2-10X.jpeg,1.0049670030547015,nan,266,0,CONSISTENT,"folder, filename, and visual evidence agree"
C:\Users\ASUS\Desktop\Ders\blg521\data\02.03\2015\K2\1X\02_03-2015_08_31-10_00-K2-1X.jpeg,02.03\2015\K2\1X\02_03-2015_08_31-10_00-K2-1X.jpeg,02.03,2015,K2,2015-08-31 10:00:00,1X,1X,1X,1.0,0.909105,0.0,C:\Users\ASUS\Desktop\Ders\blg521\data\02.03\2015\K2\1X\02_03-2015_08_30-10_00-K2-1X.jpeg,C:\Users\ASUS\Desktop\Ders\blg521\data\02.03\2015\K2\10X\02_03-2015_08_31-10_00-K2-10X.jpeg,0.9949569492262528,nan,267,0,CONSISTENT,"folder, filename, and visual evidence agree"
C:\Users\ASUS\Desktop\Ders\blg521\data\02.03\2015\K2\1X\02_03-2015_09_03-10_16-K2-1X.jpeg,02.03\2015\K2\1X\02_03-2015_09_03-10_16-K2-1X.jpeg,02.03,2015,K2,2015-09-03 10:16:00,1X,1X,1X,1.0,0.92208,0.0,C:\Users\ASUS\Desktop\Ders\blg521\data\02.03\2015\K2\1X\02_03-2015_09_04-10_17-K2-1X.jpeg,C:\Users\ASUS\Desktop\Ders\blg521\data\02.03\2015\K2\10X\02_03-2015_09_03-10_15-K2-10X.jpeg,0.9909506787531043,nan,622,0,CONSISTENT,"folder, filename, and visual evidence agree"
C:\Users\ASUS\Desktop\Ders\blg521\data\02.03\2015\K2\1X\02_03-2015_09_04-10_17-K2-1X.jpeg,02.03\2015\K2\1X\02_03-2015_09_04-10_17-K2-1X.jpeg,02.03,2015,K2,2015-09-04 10:17:00,1X,1X,1X,1.0,0.918889,0.0,C:\Users\ASUS\Desktop\Ders\blg521\data\02.03\2015\K2\1X\02_03-2015_09_03-10_16-K2-1X.jpeg,C:\Users\ASUS\Desktop\Ders\blg521\data\02.03\2015\K2\10X\02_03-2015_09_04-10_16-K2-10X.jpeg,1.009178039831122,nan,621,0,CONSISTENT,"folder, filename, and visual evidence agree"
C:\Users\ASUS\Desktop\Ders\blg521\data\02.03\2015\K2\1X\02_03-2015_09_05-10_30-K2-1X.jpeg,02.03\2015\K2\1X\02_03-2015_09_05-10_30-K2-1X.jpeg,02.03,2015,K2,2015-09-05 10:30:00,1X,1X,1X,1.0,0.880632,0.0,C:\Users\ASUS\Desktop\Ders\blg521\data\02.03\2015\K2\1X\02_03-2015_09_06-10_00-K2-1X.jpeg,C:\Users\ASUS\Desktop\Ders\blg521\data\02.03\2015\K2\10X\02_03-2015_09_05-10_30-K2-10X.jpeg,1.0171397369239477,nan,102,0,CONSISTENT,"folder, filename, and visual evidence agree"
C:\Users\ASUS\Desktop\Ders\blg521\data\02.03\2015\K2\1X\02_03-2015_09_06-10_00-K2-1X.jpeg,02.03\2015\K2\1X\02_03-2015_09_06-10_00-K2-1X.jpeg,02.03,2015,K2,2015-09-06 10:00:00,1X,1X,1X,1.0,0.876094,0.0,C:\Users\ASUS\Desktop\Ders\blg521\data\02.03\2015\K2\1X\02_03-2015_09_05-10_30-K2-1X.jpeg,C:\Users\ASUS\Desktop\Ders\blg521\data\02.03\2015\K2\10X\02_03-2015_09_06-10_00-K2-10X.jpeg,0.983643305002144,nan,99,0,CONSISTENT,"folder, filename, and visual evidence agree"
C:\Users\ASUS\Desktop\Ders\blg521\data\02.03\2015\K2\1X\02_03-2015_09_07-11_22-K2-1X.jpeg,02.03\2015\K2\1X\02_03-2015_09_07-11_22-K2-1X.jpeg,02.03,2015,K2,2015-09-07 11:22:00,1X,1X,1X,1.0,0.916019,0.0,C:\Users\ASUS\Desktop\Ders\blg521\data\02.03\2015\K2\1X\02_03-2015_09_08-11_04-K2-1X.jpeg,C:\Users\ASUS\Desktop\Ders\blg521\data\02.03\2015\K2\10X\02_03-2015_09_07-11_21-K2-10X.jpeg,1.0080805450918184,nan,494,0,CONSISTENT,"folder, filename, and visual evidence agree"
C:\Users\ASUS\Desktop\Ders\blg521\data\02.03\2015\K2\1X\02_03-2015_09_08-11_04-K2-1X.jpeg,02.03\2015\K2\1X\02_03-2015_09_08-11_04-K2-1X.jpeg,02.03,2015,K2,2015-09-08 11:04:00,1X,1X,1X,1.0,0.920737,0.0,C:\Users\ASUS\Desktop\Ders\blg521\data\02.03\2015\K2\1X\02_03-2015_09_07-11_22-K2-1X.jpeg,C:\Users\ASUS\Desktop\Ders\blg521\data\02.03\2015\K2\10X\02_03-2015_09_08-11_03-K2-10X.jpeg,0.9923637326982986,nan,507,0,CONSISTENT,"folder, filename, and visual evidence agree"
C:\Users\ASUS\Desktop\Ders\blg521\data\02.03\2015\K2\1X\02_03-2015_09_10-10_32-K2-1X.jpeg,02.03\2015\K2\1X\02_03-2015_09_10-10_32-K2-1X.jpeg,02.03,2015,K2,2015-09-10 10:32:00,1X,1X,1X,1.0,0.934842,0.0,C:\Users\ASUS\Desktop\Ders\blg521\data\02.03\2015\K2\1X\02_03-2015_09_11-09_30-K2-1X.jpeg,C:\Users\ASUS\Desktop\Ders\blg521\data\02.03\2015\K2\10X\02_03-2015_09_10-10_31-K2-10X.jpeg,0.9994129475971517,nan,242,0,CONSISTENT,"folder, filename, and visual evidence agree"
C:\Users\ASUS\Desktop\Ders\blg521\data\02.03\2015\K2\1X\02_03-2015_09_11-09_30-K2-1X.jpeg,02.03\2015\K2\1X\02_03-2015_09_11-09_30-K2-1X.jpeg,02.03,2015,K2,2015-09-11 09:30:00,1X,1X,1X,1.0,0.924697,0.0,C:\Users\ASUS\Desktop\Ders\blg521\data\02.03\2015\K2\1X\02_03-2015_09_10-10_32-K2-1X.jpeg,C:\Users\ASUS\Desktop\Ders\blg521\data\02.03\2015\K2\10X\02_03-2015_09_11-09_30-K2-10X.jpeg,1.0007291033451,nan,258,0,CONSISTENT,"folder, filename, and visual evidence agree"
C:\Users\ASUS\Desktop\Ders\blg521\data\02.03\2015\K2\1X\02_03-2015_09_12-10_00-K2-1X.jpeg,02.03\2015\K2\1X\02_03-2015_09_12-10_00-K2-1X.jpeg,02.03,2015,K2,2015-09-12 10:00:00,1X,1X,1X,1.0,0.917948,0.0,C:\Users\ASUS\Desktop\Ders\blg521\data\02.03\2015\K2\1X\02_03-2015_09_13-09_00-K2-1X.jpeg,C:\Users\ASUS\Desktop\Ders\blg521\data\02.03\2015\K2\10X\02_03-2015_09_12-10_00-K2-10X.jpeg,0.9995259410465132,nan,136,0,CONSISTENT,"folder, filename, and visual evidence agree"
C:\Users\ASUS\Desktop\Ders\blg521\data\02.03\2015\K2\1X\02_03-2015_09_13-09_00-K2-1X.jpeg,02.03\2015\K2\1X\02_03-2015_09_13-09_00-K2-1X.jpeg,02.03,2015,K2,2015-09-13 09:00:00,1X,1X,1X,1.0,0.880778,0.0,C:\Users\ASUS\Desktop\Ders\blg521\data\02.03\2015\K2\1X\02_03-2015_09_12-10_00-K2-1X.jpeg,C:\Users\ASUS\Desktop\Ders\blg521\data\02.03\2015\K2\10X\02_03-2015_09_13-09_00-K2-10X.jpeg,1.0004529311931458,nan,139,0,CONSISTENT,"folder, filename, and visual evidence agree"
C:\Users\ASUS\Desktop\Ders\blg521\data\02.03\2015\K2\1X\02_03-2015_09_14-09_00-K2-1X.jpeg,02.03\2015\K2\1X\02_03-2015_09_14-09_00-K2-1X.jpeg,02.03,2015,K2,2015-09-14 09:00:00,1X,1X,1X,1.0,0.908,0.0,C:\Users\ASUS\Desktop\Ders\blg521\data\02.03\2015\K2\1X\02_03-2015_09_13-09_00-K2-1X.jpeg,C:\Users\ASUS\Desktop\Ders\blg521\data\02.03\2015\K2\10X\02_03-2015_09_14-09_00-K2-10X.jpeg,1.0150400739657401,nan,644,0,CONSISTENT,"folder, filename, and visual evidence agree"
C:\Users\ASUS\Desktop\Ders\blg521\data\02.03\2015\K2\1X\02_03-2015_09_15-09_30-K2-1X.jpeg,02.03\2015\K2\1X\02_03-2015_09_15-09_30-K2-1X.jpeg,02.03,2015,K2,2015-09-15 09:30:00,1X,1X,1X,1.0,0.868206,0.0,C:\Users\ASUS\Desktop\Ders\blg521\data\02.03\2015\K2\1X\02_03-2015_09_14-09_00-K2-1X.jpeg,C:\Users\ASUS\Desktop\Ders\blg521\data\02.03\2015\K2\10X\02_03-2015_09_15-09_30-K2-10X.jpeg,0.9854937941497324,nan,233,0,CONSISTENT,"folder, filename, and visual evidence agree"
C:\Users\ASUS\Desktop\Ders\blg521\data\02.03\2015\K2\1X\02_03-2015_09_16-10_00-K2-1X.jpeg,02.03\2015\K2\1X\02_03-2015_09_16-10_00-K2-1X.jpeg,02.03,2015,K2,2015-09-16 10:00:00,1X,1X,1X,1.0,0.95261,0.0,C:\Users\ASUS\Desktop\Ders\blg521\data\02.03\2015\K2\1X\02_03-2015_09_17-10_00-K2-1X.jpeg,C:\Users\ASUS\Desktop\Ders\blg521\data\02.03\2015\K2\10X\02_03-2015_09_16-10_00-K2-10X.jpeg,0.9991773105652837,nan,763,0,CONSISTENT,"folder, filename, and visual evidence agree"
C:\Users\ASUS\Desktop\Ders\blg521\data\02.03\2015\K2\1X\02_03-2015_09_17-10_00-K2-1X.jpeg,02.03\2015\K2\1X\02_03-2015_09_17-10_00-K2-1X.jpeg,02.03,2015,K2,2015-09-17 10:00:00,1X,1X,1X,1.0,0.953019,0.0,C:\Users\ASUS\Desktop\Ders\blg521\data\02.03\2015\K2\1X\02_03-2015_09_16-10_00-K2-1X.jpeg,C:\Users\ASUS\Desktop\Ders\blg521\data\02.03\2015\K2\10X\02_03-2015_09_17-10_00-K2-10X.jpeg,1.0008662138223383,nan,773,0,CONSISTENT,"folder, filename, and visual evidence agree"
C:\Users\ASUS\Desktop\Ders\blg521\data\02.03\2015\K2\1X\02_03-2015_09_18-10_00-K2-1X.jpeg,02.03\2015\K2\1X\02_03-2015_09_18-10_00-K2-1X.jpeg,02.03,2015,K2,2015-09-18 10:00:00,1X,1X,1X,1.0,0.959405,0.0,C:\Users\ASUS\Desktop\Ders\blg521\data\02.03\2015\K2\1X\02_03-2015_09_17-10_00-K2-1X.jpeg,C:\Users\ASUS\Desktop\Ders\blg521\data\02.03\2015\K2\10X\02_03-2015_09_18-10_00-K2-10X.jpeg,1.0003513772007249,nan,907,0,CONSISTENT,"folder, filename, and visual evidence agree"
C:\Users\ASUS\Desktop\Ders\blg521\data\02.03\2015\K2\1X\02_03-2015_09_19-10_00-K2-1X.jpeg,02.03\2015\K2\1X\02_03-2015_09_19-10_00-K2-1X.jpeg,02.03,2015,K2,2015-09-19 10:00:00,1X,1X,1X,1.0,0.927524,0.0,C:\Users\ASUS\Desktop\Ders\blg521\data\02.03\2015\K2\1X\02_03-2015_09_18-10_00-K2-1X.jpeg,C:\Users\ASUS\Desktop\Ders\blg521\data\02.03\2015\K2\10X\02_03-2015_09_19-10_00-K2-10X.jpeg,1.0078222711052036,nan,384,0,CONSISTENT,"folder, filename, and visual evidence agree"
C:\Users\ASUS\Desktop\Ders\blg521\data\02.03\2015\K2\1X\02_03-2015_09_20-10_00-K2-1X.jpeg,02.03\2015\K2\1X\02_03-2015_09_20-10_00-K2-1X.jpeg,02.03,2015,K2,2015-09-20 10:00:00,1X,1X,1X,1.0,0.932684,0.0,C:\Users\ASUS\Desktop\Ders\blg521\data\02.03\2015\K2\1X\02_03-2015_09_19-10_00-K2-1X.jpeg,C:\Users\ASUS\Desktop\Ders\blg521\data\02.03\2015\K2\10X\02_03-2015_09_20-10_00-K2-10X.jpeg,0.9915189455379786,nan,547,0,CONSISTENT,"folder, filename, and visual evidence agree"
C:\Users\ASUS\Desktop\Ders\blg521\data\02.03\2015\K2\1X\02_03-2015_09_21-10_00-K2-1X.jpeg,02.03\2015\K2\1X\02_03-2015_09_21-10_00-K2-1X.jpeg,02.03,2015,K2,2015-09-21 10:00:00,1X,1X,1X,1.0,0.92797,0.0,C:\Users\ASUS\Desktop\Ders\blg521\data\02.03\2015\K2\1X\02_03-2015_09_20-10_00-K2-1X.jpeg,C:\Users\ASUS\Desktop\Ders\blg521\data\02.03\2015\K2\10X\02_03-2015_09_21-10_00-K2-10X.jpeg,1.0071789766412467,nan,534,0,CONSISTENT,"folder, filename, and visual evidence agree"
C:\Users\ASUS\Desktop\Ders\blg521\data\02.03\2015\K2\1X\02_03-2015_09_23-09_00-K2-1X.jpeg,02.03\2015\K2\1X\02_03-2015_09_23-09_00-K2-1X.jpeg,02.03,2015,K2,2015-09-23 09:00:00,1X,1X,1X,1.0,0.71542,0.0,C:\Users\ASUS\Desktop\Ders\blg521\data\02.03\2015\K2\1X\02_03-2015_09_24-11_56-K2-1X.jpeg,C:\Users\ASUS\Desktop\Ders\blg521\data\02.03\2015\K2\10X\02_03-2015_09_23-09_00-K2-10X.jpeg,1.006998709171308,nan,36,0,CONSISTENT,"folder, filename, and visual evidence agree"
C:\Users\ASUS\Desktop\Ders\blg521\data\02.03\2015\K2\1X\02_03-2015_09_24-11_56-K2-1X.jpeg,02.03\2015\K2\1X\02_03-2015_09_24-11_56-K2-1X.jpeg,02.03,2015,K2,2015-09-24 11:56:00,1X,1X,1X,1.0,0.665559,0.0,C:\Users\ASUS\Desktop\Ders\blg521\data\02.03\2015\K2\1X\02_03-2015_09_23-09_00-K2-1X.jpeg,C:\Users\ASUS\Desktop\Ders\blg521\data\02.03\2015\K2\10X\02_03-2015_09_24-11_55-K2-10X.jpeg,0.9702808290032328,nan,36,0,CONSISTENT,"folder, filename, and visual evidence agree"
C:\Users\ASUS\Desktop\Ders\blg521\data\02.03\2015\K2\1X\02_03-2015_10_05-10_00-K2-1X.jpeg,02.03\2015\K2\1X\02_03-2015_10_05-10_00-K2-1X.jpeg,02.03,2015,K2,2015-10-05 10:00:00,1X,1X,1X,1.0,0.876851,0.0,C:\Users\ASUS\Desktop\Ders\blg521\data\02.03\2015\K2\1X\02_03-2015_10_15-09_08-K2-1X.jpeg,C:\Users\ASUS\Desktop\Ders\blg521\data\02.03\2015\K2\10X\02_03-2015_10_05-10_00-K2-10X.jpeg,0.9951580627260379,nan,76,0,CONSISTENT,"folder, filename, and visual evidence agree"
C:\Users\ASUS\Desktop\Ders\blg521\data\02.03\2015\K2\1X\02_03-2015_10_15-09_08-K2-1X.jpeg,02.03\2015\K2\1X\02_03-2015_10_15-09_08-K2-1X.jpeg,02.03,2015,K2,2015-10-15 09:08:00,1X,1X,1X,1.0,0.556085,0.0,C:\Users\ASUS\Desktop\Ders\blg521\data\02.03\2015\K2\1X\02_03-2015_10_24-10_08-K2-1X.jpeg,C:\Users\ASUS\Desktop\Ders\blg521\data\02.03\2015\K2\10X\02_03-2015_10_15-09_07-K2-10X.jpeg,0.9922021371844568,nan,31,0,CONSISTENT,"folder, filename, and visual evidence agree"
C:\Users\ASUS\Desktop\Ders\blg521\data\02.03\2015\K2\1X\02_03-2015_10_24-10_08-K2-1X.jpeg,02.03\2015\K2\1X\02_03-2015_10_24-10_08-K2-1X.jpeg,02.03,2015,K2,2015-10-24 10:08:00,1X,1X,1X,1.0,0.915559,0.0,C:\Users\ASUS\Desktop\Ders\blg521\data\02.03\2015\K2\1X\02_03-2015_10_25-10_00-K2-1X.jpeg,C:\Users\ASUS\Desktop\Ders\blg521\data\02.03\2015\K2\10X\02_03-2015_10_24-10_07-K2-10X.jpeg,1.015041366739508,nan,211,0,CONSISTENT,"folder, filename, and visual evidence agree"
C:\Users\ASUS\Desktop\Ders\blg521\data\02.03\2015\K2\1X\02_03-2015_10_25-10_00-K2-1X.jpeg,02.03\2015\K2\1X\02_03-2015_10_25-10_00-K2-1X.jpeg,02.03,2015,K2,2015-10-25 10:00:00,1X,1X,1X,1.0,0.910174,0.0,C:\Users\ASUS\Desktop\Ders\blg521\data\02.03\2015\K2\1X\02_03-2015_10_24-10_08-K2-1X.jpeg,C:\Users\ASUS\Desktop\Ders\blg521\data\02.03\2015\K2\10X\02_03-2015_10_25-10_00-K2-10X.jpeg,0.9853934224367756,nan,210,0,CONSISTENT,"folder, filename, and visual evidence agree"
C:\Users\ASUS\Desktop\Ders\blg521\data\02.03\2015\K2\1X\02_03-2015_10_28-11_15-K2-1X.jpeg,02.03\2015\K2\1X\02_03-2015_10_28-11_15-K2-1X.jpeg,02.03,2015,K2,2015-10-28 11:15:00,1X,1X,1X,1.0,0.912444,0.0,C:\Users\ASUS\Desktop\Ders\blg521\data\02.03\2015\K2\1X\02_03-2015_10_29-11_16-K2-1X.jpeg,C:\Users\ASUS\Desktop\Ders\blg521\data\02.03\2015\K2\10X\02_03-2015_10_28-11_13-K2-10X.jpeg,0.9786860781091781,nan,317,0,CONSISTENT,"folder, filename, and visual evidence agree"
C:\Users\ASUS\Desktop\Ders\blg521\data\02.03\2015\K2\1X\02_03-2015_10_29-11_16-K2-1X.jpeg,02.03\2015\K2\1X\02_03-2015_10_29-11_16-K2-1X.jpeg,02.03,2015,K2,2015-10-29 11:16:00,1X,1X,1X,1.0,0.643573,0.0,C:\Users\ASUS\Desktop\Ders\blg521\data\02.03\2015\K2\1X\02_03-2015_10_30-09_36-K2-1X.jpeg,C:\Users\ASUS\Desktop\Ders\blg521\data\02.03\2015\K2\10X\02_03-2015_10_29-11_15-K2-10X.jpeg,1.0207581352279873,nan,30,0,CONSISTENT,"folder, filename, and visual evidence agree"
C:\Users\ASUS\Desktop\Ders\blg521\data\02.03\2015\K2\1X\02_03-2015_10_30-09_36-K2-1X.jpeg,02.03\2015\K2\1X\02_03-2015_10_30-09_36-K2-1X.jpeg,02.03,2015,K2,2015-10-30 09:36:00,1X,1X,1X,1.0,0.607605,0.0,C:\Users\ASUS\Desktop\Ders\blg521\data\02.03\2015\K2\1X\02_03-2015_10_29-11_16-K2-1X.jpeg,C:\Users\ASUS\Desktop\Ders\blg521\data\02.03\2015\K2\10X\02_03-2015_10_30-09_35-K2-10X.jpeg,0.9794629100255037,nan,33,0,CONSISTENT,"folder, filename, and visual evidence agree"
C:\Users\ASUS\Desktop\Ders\blg521\data\02.03\2015\K2\1X\02_03-2015_11_01-10_16-K2-1X.jpeg,02.03\2015\K2\1X\02_03-2015_11_01-10_16-K2-1X.jpeg,02.03,2015,K2,2015-11-01 10:16:00,1X,1X,1X,1.0,0.840141,0.0,C:\Users\ASUS\Desktop\Ders\blg521\data\02.03\2015\K2\1X\02_03-2015_11_02-10_00-K2-1X.jpeg,C:\Users\ASUS\Desktop\Ders\blg521\data\02.03\2015\K2\10X\02_03-2015_11_01-10_15-K2-10X.jpeg,1.0000992438217307,nan,132,0,CONSISTENT,"folder, filename, and visual evidence agree"
C:\Users\ASUS\Desktop\Ders\blg521\data\02.03\2015\K2\1X\02_03-2015_11_02-10_00-K2-1X.jpeg,02.03\2015\K2\1X\02_03-2015_11_02-10_00-K2-1X.jpeg,02.03,2015,K2,2015-11-02 10:00:00,1X,1X,1X,1.0,0.845254,0.0,C:\Users\ASUS\Desktop\Ders\blg521\data\02.03\2015\K2\1X\02_03-2015_11_01-10_16-K2-1X.jpeg,C:\Users\ASUS\Desktop\Ders\blg521\data\02.03\2015\K2\10X\02_03-2015_11_02-10_00-K2-10X.jpeg,1.0000792142854045,nan,131,0,CONSISTENT,"folder, filename, and visual evidence agree"
C:\Users\ASUS\Desktop\Ders\blg521\data\02.03\2015\K2\1X\02_03-2015_11_03-10_00-K2-1X.jpeg,02.03\2015\K2\1X\02_03-2015_11_03-10_00-K2-1X.jpeg,02.03,2015,K2,2015-11-03 10:00:00,1X,1X,1X,1.0,0.829464,0.0,C:\Users\ASUS\Desktop\Ders\blg521\data\02.03\2015\K2\1X\02_03-2015_11_02-10_00-K2-1X.jpeg,C:\Users\ASUS\Desktop\Ders\blg521\data\02.03\2015\K2\10X\02_03-2015_11_03-10_00-K2-10X.jpeg,0.9912764165873914,nan,186,0,CONSISTENT,"folder, filename, and visual evidence agree"
C:\Users\ASUS\Desktop\Ders\blg521\data\02.03\2015\K2\1X\02_03-2015_11_04-10_07-K2-1X.jpeg,02.03\2015\K2\1X\02_03-2015_11_04-10_07-K2-1X.jpeg,02.03,2015,K2,2015-11-04 10:07:00,1X,1X,1X,1.0,0.91624,0.0,C:\Users\ASUS\Desktop\Ders\blg521\data\02.03\2015\K2\1X\02_03-2015_11_03-10_00-K2-1X.jpeg,C:\Users\ASUS\Desktop\Ders\blg521\data\02.03\2015\K2\10X\02_03-2015_11_04-10_06-K2-10X.jpeg,1.0004242186487033,nan,435,0,CONSISTENT,"folder, filename, and visual evidence agree"
C:\Users\ASUS\Desktop\Ders\blg521\data\02.03\2015\K2\1X\02_03-2015_11_10-10_00-K2-1X.jpeg,02.03\2015\K2\1X\02_03-2015_11_10-10_00-K2-1X.jpeg,02.03,2015,K2,2015-11-10 10:00:00,1X,1X,1X,1.0,0.868658,0.0,C:\Users\ASUS\Desktop\Ders\blg521\data\02.03\2015\K2\1X\02_03-2015_11_13-10_55-K2-1X.jpeg,C:\Users\ASUS\Desktop\Ders\blg521\data\02.03\2015\K2\10X\02_03-2015_11_10-10_00-K2-10X.jpeg,0.9988007039424747,nan,93,0,CONSISTENT,"folder, filename, and visual evidence agree"
C:\Users\ASUS\Desktop\Ders\blg521\data\02.03\2015\K2\1X\02_03-2015_11_13-10_55-K2-1X.jpeg,02.03\2015\K2\1X\02_03-2015_11_13-10_55-K2-1X.jpeg,02.03,2015,K2,2015-11-13 10:55:00,1X,1X,1X,1.0,0.907263,0.0,C:\Users\ASUS\Desktop\Ders\blg521\data\02.03\2015\K2\1X\02_03-2015_11_14-10_55-K2-1X.jpeg,C:\Users\ASUS\Desktop\Ders\blg521\data\02.03\2015\K2\10X\02_03-2015_11_13-10_54-K2-10X.jpeg,0.9853592887617634,nan,542,0,CONSISTENT,"folder, filename, and visual evidence agree"
C:\Users\ASUS\Desktop\Ders\blg521\data\02.03\2015\K2\1X\02_03-2015_11_14-10_55-K2-1X.jpeg,02.03\2015\K2\1X\02_03-2015_11_14-10_55-K2-1X.jpeg,02.03,2015,K2,2015-11-14 10:55:00,1X,1X,1X,1.0,0.91542,0.0,C:\Users\ASUS\Desktop\Ders\blg521\data\02.03\2015\K2\1X\02_03-2015_11_13-10_55-K2-1X.jpeg,C:\Users\ASUS\Desktop\Ders\blg521\data\02.03\2015\K2\10X\02_03-2015_11_14-10_54-K2-10X.jpeg,1.0143222043580378,nan,561,0,CONSISTENT,"folder, filename, and visual evidence agree"
C:\Users\ASUS\Desktop\Ders\blg521\data\02.03\2015\K2\1X\02_03-2015_11_15-10_56-K2-1X.jpeg,02.03\2015\K2\1X\02_03-2015_11_15-10_56-K2-1X.jpeg,02.03,2015,K2,2015-11-15 10:56:00,1X,1X,1X,1.0,0.920074,0.0,C:\Users\ASUS\Desktop\Ders\blg521\data\02.03\2015\K2\1X\02_03-2015_11_16-10_00-K2-1X.jpeg,C:\Users\ASUS\Desktop\Ders\blg521\data\02.03\2015\K2\10X\02_03-2015_11_15-10_55-K2-10X.jpeg,1.0002643337573038,nan,104,0,CONSISTENT,"folder, filename, and visual evidence agree"
C:\Users\ASUS\Desktop\Ders\blg521\data\02.03\2015\K2\1X\02_03-2015_11_16-10_00-K2-1X.jpeg,02.03\2015\K2\1X\02_03-2015_11_16-10_00-K2-1X.jpeg,02.03,2015,K2,2015-11-16 10:00:00,1X,1X,1X,1.0,0.924003,0.0,C:\Users\ASUS\Desktop\Ders\blg521\data\02.03\2015\K2\1X\02_03-2015_11_15-10_56-K2-1X.jpeg,C:\Users\ASUS\Desktop\Ders\blg521\data\02.03\2015\K2\10X\02_03-2015_11_16-10_00-K2-10X.jpeg,0.9999419851010379,nan,102,0,CONSISTENT,"folder, filename, and visual evidence agree"
C:\Users\ASUS\Desktop\Ders\blg521\data\02.03\2015\K2\1X\02_03-2015_11_17-10_36-K2-1X.jpeg,02.03\2015\K2\1X\02_03-2015_11_17-10_36-K2-1X.jpeg,02.03,2015,K2,2015-11-17 10:36:00,1X,1X,1X,1.0,0.844712,0.0,C:\Users\ASUS\Desktop\Ders\blg521\data\02.03\2015\K2\1X\02_03-2015_11_18-10_00-K2-1X.jpeg,C:\Users\ASUS\Desktop\Ders\blg521\data\02.03\2015\K2\10X\02_03-2015_11_17-10_35-K2-10X.jpeg,1.012520553432414,nan,58,0,CONSISTENT,"folder, filename, and visual evidence agree"
C:\Users\ASUS\Desktop\Ders\blg521\data\02.03\2015\K2\1X\02_03-2015_11_18-10_00-K2-1X.jpeg,02.03\2015\K2\1X\02_03-2015_11_18-10_00-K2-1X.jpeg,02.03,2015,K2,2015-11-18 10:00:00,1X,1X,1X,1.0,0.873529,0.0,C:\Users\ASUS\Desktop\Ders\blg521\data\02.03\2015\K2\1X\02_03-2015_11_17-10_36-K2-1X.jpeg,C:\Users\ASUS\Desktop\Ders\blg521\data\02.03\2015\K2\10X\02_03-2015_11_18-10_00-K2-10X.jpeg,0.9853096088039784,nan,51,0,CONSISTENT,"folder, filename, and visual evidence agree"
C:\Users\ASUS\Desktop\Ders\blg521\data\02.03\2015\K2\1X\02_03-2015_11_19-10_30-K2-1X.jpeg,02.03\2015\K2\1X\02_03-2015_11_19-10_30-K2-1X.jpeg,02.03,2015,K2,2015-11-19 10:30:00,1X,1X,1X,1.0,0.851185,0.0,C:\Users\ASUS\Desktop\Ders\blg521\data\02.03\2015\K2\1X\02_03-2015_11_20-10_54-K2-1X.jpeg,C:\Users\ASUS\Desktop\Ders\blg521\data\02.03\2015\K2\10X\02_03-2015_11_19-11_00-K2-10X.jpeg,0.9831521512827754,nan,134,0,CONSISTENT,"folder, filename, and visual evidence agree"
C:\Users\ASUS\Desktop\Ders\blg521\data\02.03\2015\K2\1X\02_03-2015_11_20-10_54-K2-1X.jpeg,02.03\2015\K2\1X\02_03-2015_11_20-10_54-K2-1X.jpeg,02.03,2015,K2,2015-11-20 10:54:00,1X,1X,1X,1.0,0.869093,0.0,C:\Users\ASUS\Desktop\Ders\blg521\data\02.03\2015\K2\1X\02_03-2015_11_21-10_00-K2-1X.jpeg,C:\Users\ASUS\Desktop\Ders\blg521\data\02.03\2015\K2\10X\02_03-2015_11_20-10_53-K2-10X.jpeg,1.0150314805860396,nan,88,0,CONSISTENT,"folder, filename, and visual evidence agree"
C:\Users\ASUS\Desktop\Ders\blg521\data\02.03\2015\K2\1X\02_03-2015_11_21-10_00-K2-1X.jpeg,02.03\2015\K2\1X\02_03-2015_11_21-10_00-K2-1X.jpeg,02.03,2015,K2,2015-11-21 10:00:00,1X,1X,1X,1.0,0.840444,0.0,C:\Users\ASUS\Desktop\Ders\blg521\data\02.03\2015\K2\1X\02_03-2015_11_20-10_54-K2-1X.jpeg,C:\Users\ASUS\Desktop\Ders\blg521\data\02.03\2015\K2\10X\02_03-2015_11_21-10_00-K2-10X.jpeg,0.9844702301324184,nan,89,0,CONSISTENT,"folder, filename, and visual evidence agree"
C:\Users\ASUS\Desktop\Ders\blg521\data\02.03\2015\K2\1X\02_03-2015_11_23-10_00-K2-1X.jpeg,02.03\2015\K2\1X\02_03-2015_11_23-10_00-K2-1X.jpeg,02.03,2015,K2,2015-11-23 10:00:00,1X,1X,1X,1.0,0.923862,0.0,C:\Users\ASUS\Desktop\Ders\blg521\data\02.03\2015\K2\1X\02_03-2015_11_24-10_00-K2-1X.jpeg,C:\Users\ASUS\Desktop\Ders\blg521\data\02.03\2015\K2\10X\02_03-2015_11_23-10_00-K2-10X.jpeg,1.0055921051419734,nan,613,0,CONSISTENT,"folder, filename, and visual evidence agree"
C:\Users\ASUS\Desktop\Ders\blg521\data\02.03\2015\K2\1X\02_03-2015_11_24-10_00-K2-1X.jpeg,02.03\2015\K2\1X\02_03-2015_11_24-10_00-K2-1X.jpeg,02.03,2015,K2,2015-11-24 10:00:00,1X,1X,1X,1.0,0.928228,0.0,C:\Users\ASUS\Desktop\Ders\blg521\data\02.03\2015\K2\1X\02_03-2015_11_23-10_00-K2-1X.jpeg,C:\Users\ASUS\Desktop\Ders\blg521\data\02.03\2015\K2\10X\02_03-2015_11_24-10_00-K2-10X.jpeg,0.9939944061224972,nan,615,0,CONSISTENT,"folder, filename, and visual evidence agree"
C:\Users\ASUS\Desktop\Ders\blg521\data\02.03\2015\K2\1X\02_03-2015_11_25-10_00-K2-1X.jpeg,02.03\2015\K2\1X\02_03-2015_11_25-10_00-K2-1X.jpeg,02.03,2015,K2,2015-11-25 10:00:00,1X,1X,1X,1.0,0.876665,0.0,C:\Users\ASUS\Desktop\Ders\blg521\data\02.03\2015\K2\1X\02_03-2015_11_24-10_00-K2-1X.jpeg,C:\Users\ASUS\Desktop\Ders\blg521\data\02.03\2015\K2\10X\02_03-2015_11_25-10_00-K2-10X.jpeg,1.0058739634931007,nan,48,0,CONSISTENT,"folder, filename, and visual evidence agree"
C:\Users\ASUS\Desktop\Ders\blg521\data\02.03\2015\K2\1X\02_03-2015_11_26-10_00-K2-1X.jpeg,02.03\2015\K2\1X\02_03-2015_11_26-10_00-K2-1X.jpeg,02.03,2015,K2,2015-11-26 10:00:00,1X,1X,1X,1.0,0.926509,0.0,C:\Users\ASUS\Desktop\Ders\blg521\data\02.03\2015\K2\1X\02_03-2015_11_25-10_00-K2-1X.jpeg,C:\Users\ASUS\Desktop\Ders\blg521\data\02.03\2015\K2\10X\02_03-2015_11_26-10_00-K2-10X.jpeg,0.9857317479305454,nan,138,0,CONSISTENT,"folder, filename, and visual evidence agree"
C:\Users\ASUS\Desktop\Ders\blg521\data\02.03\2015\K2\1X\02_03-2015_11_27-10_00-K2-1X.jpeg,02.03\2015\K2\1X\02_03-2015_11_27-10_00-K2-1X.jpeg,02.03,2015,K2,2015-11-27 10:00:00,1X,1X,1X,1.0,0.909031,0.0,C:\Users\ASUS\Desktop\Ders\blg521\data\02.03\2015\K2\1X\02_03-2015_11_26-10_00-K2-1X.jpeg,C:\Users\ASUS\Desktop\Ders\blg521\data\02.03\2015\K2\10X\02_03-2015_11_27-10_00-K2-10X.jpeg,1.0140626527015504,nan,108,0,CONSISTENT,"folder, filename, and visual evidence agree"
C:\Users\ASUS\Desktop\Ders\blg521\data\02.03\2015\K2\1X\02_03-2015_11_28-10_00-K2-1X.jpeg,02.03\2015\K2\1X\02_03-2015_11_28-10_00-K2-1X.jpeg,02.03,2015,K2,2015-11-28 10:00:00,1X,1X,1X,1.0,0.387524,0.0,C:\Users\ASUS\Desktop\Ders\blg521\data\02.03\2015\K2\1X\02_03-2015_11_29-09_00-K2-1X.jpeg,C:\Users\ASUS\Desktop\Ders\blg521\data\02.03\2015\K2\10X\02_03-2015_11_28-10_00-K2-10X.jpeg,0.9998124125007215,nan,17,0,CONSISTENT,"folder, filename, and visual evidence agree"
C:\Users\ASUS\Desktop\Ders\blg521\data\02.03\2015\K2\1X\02_03-2015_11_29-09_00-K2-1X.jpeg,02.03\2015\K2\1X\02_03-2015_11_29-09_00-K2-1X.jpeg,02.03,2015,K2,2015-11-29 09:00:00,1X,1X,1X,1.0,0.233245,0.0,C:\Users\ASUS\Desktop\Ders\blg521\data\02.03\2015\K2\1X\02_03-2015_11_28-10_00-K2-1X.jpeg,C:\Users\ASUS\Desktop\Ders\blg521\data\02.03\2015\K2\10X\02_03-2015_11_29-09_00-K2-10X.jpeg,1.0003765710684183,nan,12,0,CONSISTENT,"folder, filename, and visual evidence agree"
C:\Users\ASUS\Desktop\Ders\blg521\data\02.03\2015\K2\1X\02_03-2015_11_30-10_00-K2-1X.jpeg,02.03\2015\K2\1X\02_03-2015_11_30-10_00-K2-1X.jpeg,02.03,2015,K2,2015-11-30 10:00:00,1X,1X,1X,1.0,0.11327,0.0,C:\Users\ASUS\Desktop\Ders\blg521\data\02.03\2015\K2\1X\02_03-2015_12_01-10_00-K2-1X.jpeg,C:\Users\ASUS\Desktop\Ders\blg521\data\02.03\2015\K2\10X\02_03-2015_11_30-10_00-K2-10X.jpeg,1.0154151643639673,nan,10,0,CONSISTENT,"folder, filename, and visual evidence agree"
C:\Users\ASUS\Desktop\Ders\blg521\data\02.03\2015\K2\1X\02_03-2015_12_01-10_00-K2-1X.jpeg,02.03\2015\K2\1X\02_03-2015_12_01-10_00-K2-1X.jpeg,02.03,2015,K2,2015-12-01 10:00:00,1X,1X,,0.0,0.0,0.0,C:\Users\ASUS\Desktop\Ders\blg521\data\02.03\2015\K2\1X\02_03-2015_11_30-10_00-K2-1X.jpeg,C:\Users\ASUS\Desktop\Ders\blg521\data\02.03\2015\K2\10X\02_03-2015_12_01-10_00-K2-10X.jpeg,1.3284374980292446,nan,7,0,VISUAL_INCONCLUSIVE,insufficient or conflicting registration evidence
C:\Users\ASUS\Desktop\Ders\blg521\data\02.03\2015\K2\1X\02_03-2015_12_02-10_00-K2-1X.jpeg,02.03\2015\K2\1X\02_03-2015_12_02-10_00-K2-1X.jpeg,02.03,2015,K2,2015-12-02 10:00:00,1X,1X,1X,1.0,0.958242,0.0,C:\Users\ASUS\Desktop\Ders\blg521\data\02.03\2015\K2\1X\02_03-2015_12_01-10_00-K2-1X.jpeg,C:\Users\ASUS\Desktop\Ders\blg521\data\02.03\2015\K2\10X\02_03-2015_12_02-10_00-K2-10X.jpeg,0.9997356937781645,nan,494,0,CONSISTENT,"folder, filename, and visual evidence agree"
C:\Users\ASUS\Desktop\Ders\blg521\data\02.03\2015\K2\1X\02_03-2015_12_03-10_00-K2-1X.jpeg,02.03\2015\K2\1X\02_03-2015_12_03-10_00-K2-1X.jpeg,02.03,2015,K2,2015-12-03 10:00:00,1X,1X,1X,1.0,0.805158,0.0,C:\Users\ASUS\Desktop\Ders\blg521\data\02.03\2015\K2\1X\02_03-2015_12_02-10_00-K2-1X.jpeg,C:\Users\ASUS\Desktop\Ders\blg521\data\02.03\2015\K2\10X\02_03-2015_12_03-10_00-K2-10X.jpeg,1.0051972262025486,nan,77,0,CONSISTENT,"folder, filename, and visual evidence agree"
C:\Users\ASUS\Desktop\Ders\blg521\data\02.03\2015\K2\1X\02_03-2015_12_04-10_00-K2-1X.jpeg,02.03\2015\K2\1X\02_03-2015_12_04-10_00-K2-1X.jpeg,02.03,2015,K2,2015-12-04 10:00:00,1X,1X,1X,1.0,0.869589,0.0,C:\Users\ASUS\Desktop\Ders\blg521\data\02.03\2015\K2\1X\02_03-2015_12_03-10_00-K2-1X.jpeg,C:\Users\ASUS\Desktop\Ders\blg521\data\02.03\2015\K2\10X\02_03-2015_12_04-10_00-K2-10X.jpeg,1.0077115020196246,nan,188,0,CONSISTENT,"folder, filename, and visual evidence agree"
C:\Users\ASUS\Desktop\Ders\blg521\data\02.03\2015\K2\1X\02_03-2015_12_05-10_19-K2-1X.jpeg,02.03\2015\K2\1X\02_03-2015_12_05-10_19-K2-1X.jpeg,02.03,2015,K2,2015-12-05 10:19:00,1X,1X,1X,1.0,0.885111,0.0,C:\Users\ASUS\Desktop\Ders\blg521\data\02.03\2015\K2\1X\02_03-2015_12_06-10_21-K2-1X.jpeg,C:\Users\ASUS\Desktop\Ders\blg521\data\02.03\2015\K2\10X\02_03-2015_12_05-10_19-K2-10X.jpeg,1.0003326245402064,nan,277,0,CONSISTENT,"folder, filename, and visual evidence agree"
C:\Users\ASUS\Desktop\Ders\blg521\data\02.03\2015\K2\1X\02_03-2015_12_06-10_21-K2-1X.jpeg,02.03\2015\K2\1X\02_03-2015_12_06-10_21-K2-1X.jpeg,02.03,2015,K2,2015-12-06 10:21:00,1X,1X,1X,1.0,0.923649,0.0,C:\Users\ASUS\Desktop\Ders\blg521\data\02.03\2015\K2\1X\02_03-2015_12_07-10_00-K2-1X.jpeg,C:\Users\ASUS\Desktop\Ders\blg521\data\02.03\2015\K2\10X\02_03-2015_12_06-10_21-K2-10X.jpeg,1.0010836624192465,nan,210,0,CONSISTENT,"folder, filename, and visual evidence agree"
C:\Users\ASUS\Desktop\Ders\blg521\data\02.03\2015\K2\1X\02_03-2015_12_07-10_00-K2-1X.jpeg,02.03\2015\K2\1X\02_03-2015_12_07-10_00-K2-1X.jpeg,02.03,2015,K2,2015-12-07 10:00:00,1X,1X,1X,1.0,0.935591,0.0,C:\Users\ASUS\Desktop\Ders\blg521\data\02.03\2015\K2\1X\02_03-2015_12_06-10_21-K2-1X.jpeg,C:\Users\ASUS\Desktop\Ders\blg521\data\02.03\2015\K2\10X\02_03-2015_12_07-10_00-K2-10X.jpeg,0.9990685912340123,nan,206,0,CONSISTENT,"folder, filename, and visual evidence agree"
C:\Users\ASUS\Desktop\Ders\blg521\data\02.03\2015\K2\1X\02_03-2015_12_08-10_00-K2-1X.jpeg,02.03\2015\K2\1X\02_03-2015_12_08-10_00-K2-1X.jpeg,02.03,2015,K2,2015-12-08 10:00:00,1X,1X,1X,1.0,0.954543,0.0,C:\Users\ASUS\Desktop\Ders\blg521\data\02.03\2015\K2\1X\02_03-2015_12_07-10_00-K2-1X.jpeg,C:\Users\ASUS\Desktop\Ders\blg521\data\02.03\2015\K2\10X\02_03-2015_12_08-10_00-K2-10X.jpeg,0.9995994885099263,nan,665,0,CONSISTENT,"folder, filename, and visual evidence agree"
C:\Users\ASUS\Desktop\Ders\blg521\data\02.03\2015\K2\1X\02_03-2015_12_09-10_00-K2-1X.jpeg,02.03\2015\K2\1X\02_03-2015_12_09-10_00-K2-1X.jpeg,02.03,2015,K2,2015-12-09 10:00:00,1X,1X,1X,1.0,0.955541,0.0,C:\Users\ASUS\Desktop\Ders\blg521\data\02.03\2015\K2\1X\02_03-2015_12_08-10_00-K2-1X.jpeg,C:\Users\ASUS\Desktop\Ders\blg521\data\02.03\2015\K2\10X\02_03-2015_12_09-10_00-K2-10X.jpeg,1.007279146125453,nan,879,0,CONSISTENT,"folder, filename, and visual evidence agree"
C:\Users\ASUS\Desktop\Ders\blg521\data\02.03\2015\K2\1X\02_03-2015_12_10-10_00-K2-1X.jpeg,02.03\2015\K2\1X\02_03-2015_12_10-10_00-K2-1X.jpeg,02.03,2015,K2,2015-12-10 10:00:00,1X,1X,1X,1.0,0.936849,0.0,C:\Users\ASUS\Desktop\Ders\blg521\data\02.03\2015\K2\1X\02_03-2015_12_09-10_00-K2-1X.jpeg,C:\Users\ASUS\Desktop\Ders\blg521\data\02.03\2015\K2\10X\02_03-2015_12_10-10_00-K2-10X.jpeg,0.9860969159979731,nan,766,0,CONSISTENT,"folder, filename, and visual evidence agree"
C:\Users\ASUS\Desktop\Ders\blg521\data\02.03\2015\K2\1X\02_03-2015_12_11-10_00-K2-1X.jpeg,02.03\2015\K2\1X\02_03-2015_12_11-10_00-K2-1X.jpeg,02.03,2015,K2,2015-12-11 10:00:00,1X,1X,1X,1.0,0.875202,0.0,C:\Users\ASUS\Desktop\Ders\blg521\data\02.03\2015\K2\1X\02_03-2015_12_12-09_00-K2-1X.jpeg,C:\Users\ASUS\Desktop\Ders\blg521\data\02.03\2015\K2\10X\02_03-2015_12_11-10_00-K2-10X.jpeg,0.9867730366944771,nan,61,0,CONSISTENT,"folder, filename, and visual evidence agree"
C:\Users\ASUS\Desktop\Ders\blg521\data\02.03\2015\K2\1X\02_03-2015_12_12-09_00-K2-1X.jpeg,02.03\2015\K2\1X\02_03-2015_12_12-09_00-K2-1X.jpeg,02.03,2015,K2,2015-12-12 09:00:00,1X,1X,1X,1.0,0.873338,0.0,C:\Users\ASUS\Desktop\Ders\blg521\data\02.03\2015\K2\1X\02_03-2015_12_11-10_00-K2-1X.jpeg,C:\Users\ASUS\Desktop\Ders\blg521\data\02.03\2015\K2\10X\02_03-2015_12_12-09_00-K2-10X.jpeg,1.0130113336295192,nan,59,0,CONSISTENT,"folder, filename, and visual evidence agree"
C:\Users\ASUS\Desktop\Ders\blg521\data\02.03\2015\K2\1X\02_03-2015_12_13-10_00-K2-1X.jpeg,02.03\2015\K2\1X\02_03-2015_12_13-10_00-K2-1X.jpeg,02.03,2015,K2,2015-12-13 10:00:00,1X,1X,1X,1.0,0.941159,0.0,C:\Users\ASUS\Desktop\Ders\blg521\data\02.03\2015\K2\1X\02_03-2015_12_14-10_00-K2-1X.jpeg,C:\Users\ASUS\Desktop\Ders\blg521\data\02.03\2015\K2\10X\02_03-2015_12_13-10_00-K2-10X.jpeg,0.9983758178225149,nan,84,0,CONSISTENT,"folder, filename, and visual evidence agree"
C:\Users\ASUS\Desktop\Ders\blg521\data\02.03\2015\K2\1X\02_03-2015_12_14-10_00-K2-1X.jpeg,02.03\2015\K2\1X\02_03-2015_12_14-10_00-K2-1X.jpeg,02.03,2015,K2,2015-12-14 10:00:00,1X,1X,1X,1.0,0.942109,0.0,C:\Users\ASUS\Desktop\Ders\blg521\data\02.03\2015\K2\1X\02_03-2015_12_13-10_00-K2-1X.jpeg,C:\Users\ASUS\Desktop\Ders\blg521\data\02.03\2015\K2\10X\02_03-2015_12_14-10_00-K2-10X.jpeg,1.0017013591474657,nan,87,0,CONSISTENT,"folder, filename, and visual evidence agree"
C:\Users\ASUS\Desktop\Ders\blg521\data\02.03\2015\K2\1X\02_03-2015_12_15-10_00-K2-1X.jpeg,02.03\2015\K2\1X\02_03-2015_12_15-10_00-K2-1X.jpeg,02.03,2015,K2,2015-12-15 10:00:00,1X,1X,1X,1.0,0.944574,0.0,C:\Users\ASUS\Desktop\Ders\blg521\data\02.03\2015\K2\1X\02_03-2015_12_14-10_00-K2-1X.jpeg,C:\Users\ASUS\Desktop\Ders\blg521\data\02.03\2015\K2\10X\02_03-2015_12_15-10_00-K2-10X.jpeg,0.9979006999953415,nan,120,0,CONSISTENT,"folder, filename, and visual evidence agree"
C:\Users\ASUS\Desktop\Ders\blg521\data\02.03\2015\K2\1X\02_03-2015_12_16-11_12-K2-1X.jpeg,02.03\2015\K2\1X\02_03-2015_12_16-11_12-K2-1X.jpeg,02.03,2015,K2,2015-12-16 11:12:00,1X,1X,1X,1.0,0.906138,0.0,C:\Users\ASUS\Desktop\Ders\blg521\data\02.03\2015\K2\1X\02_03-2015_12_17-10_02-K2-1X.jpeg,C:\Users\ASUS\Desktop\Ders\blg521\data\02.03\2015\K2\10X\02_03-2015_12_16-11_12-K2-10X.jpeg,0.9995205354255188,nan,89,0,CONSISTENT,"folder, filename, and visual evidence agree"
C:\Users\ASUS\Desktop\Ders\blg521\data\02.03\2015\K2\1X\02_03-2015_12_17-10_02-K2-1X.jpeg,02.03\2015\K2\1X\02_03-2015_12_17-10_02-K2-1X.jpeg,02.03,2015,K2,2015-12-17 10:02:00,1X,1X,1X,1.0,0.932897,0.0,C:\Users\ASUS\Desktop\Ders\blg521\data\02.03\2015\K2\1X\02_03-2015_12_16-11_12-K2-1X.jpeg,C:\Users\ASUS\Desktop\Ders\blg521\data\02.03\2015\K2\10X\02_03-2015_12_17-10_01-K2-10X.jpeg,1.0003052325503932,nan,86,0,CONSISTENT,"folder, filename, and visual evidence agree"
C:\Users\ASUS\Desktop\Ders\blg521\data\02.03\2015\K2\1X\02_03-2015_12_18-10_02-K2-1X.jpeg,02.03\2015\K2\1X\02_03-2015_12_18-10_02-K2-1X.jpeg,02.03,2015,K2,2015-12-18 10:02:00,1X,1X,1X,1.0,0.928019,0.0,C:\Users\ASUS\Desktop\Ders\blg521\data\02.03\2015\K2\1X\02_03-2015_12_19-10_01-K2-1X.jpeg,C:\Users\ASUS\Desktop\Ders\blg521\data\02.03\2015\K2\10X\02_03-2015_12_18-10_01-K2-10X.jpeg,1.0132261810470933,nan,619,0,CONSISTENT,"folder, filename, and visual evidence agree"
C:\Users\ASUS\Desktop\Ders\blg521\data\02.03\2015\K2\1X\02_03-2015_12_19-10_01-K2-1X.jpeg,02.03\2015\K2\1X\02_03-2015_12_19-10_01-K2-1X.jpeg,02.03,2015,K2,2015-12-19 10:01:00,1X,1X,1X,1.0,0.930455,0.0,C:\Users\ASUS\Desktop\Ders\blg521\data\02.03\2015\K2\1X\02_03-2015_12_18-10_02-K2-1X.jpeg,C:\Users\ASUS\Desktop\Ders\blg521\data\02.03\2015\K2\10X\02_03-2015_12_19-10_00-K2-10X.jpeg,0.9870782032743661,nan,625,0,CONSISTENT,"folder, filename, and visual evidence agree"
C:\Users\ASUS\Desktop\Ders\blg521\data\02.03\2015\K2\1X\02_03-2015_12_20-10_00-K2-1X.jpeg,02.03\2015\K2\1X\02_03-2015_12_20-10_00-K2-1X.jpeg,02.03,2015,K2,2015-12-20 10:00:00,1X,1X,1X,1.0,0.931209,0.0,C:\Users\ASUS\Desktop\Ders\blg521\data\02.03\2015\K2\1X\02_03-2015_12_19-10_01-K2-1X.jpeg,C:\Users\ASUS\Desktop\Ders\blg521\data\02.03\2015\K2\10X\02_03-2015_12_20-10_00-K2-10X.jpeg,1.0134609901786378,nan,782,0,CONSISTENT,"folder, filename, and visual evidence agree"
C:\Users\ASUS\Desktop\Ders\blg521\data\02.03\2015\K2\1X\02_03-2015_12_21-10_00-K2-1X.jpeg,02.03\2015\K2\1X\02_03-2015_12_21-10_00-K2-1X.jpeg,02.03,2015,K2,2015-12-21 10:00:00,1X,1X,1X,1.0,0.975428,0.0,C:\Users\ASUS\Desktop\Ders\blg521\data\02.03\2015\K2\1X\02_03-2015_12_20-10_00-K2-1X.jpeg,C:\Users\ASUS\Desktop\Ders\blg521\data\02.03\2015\K2\10X\02_03-2015_12_21-10_00-K2-10X.jpeg,0.9998872459545564,nan,839,0,CONSISTENT,"folder, filename, and visual evidence agree"
C:\Users\ASUS\Desktop\Ders\blg521\data\02.03\2015\K2\1X\02_03-2015_12_22-10_00-K2-1X.jpeg,02.03\2015\K2\1X\02_03-2015_12_22-10_00-K2-1X.jpeg,02.03,2015,K2,2015-12-22 10:00:00,1X,1X,1X,1.0,0.976581,0.0,C:\Users\ASUS\Desktop\Ders\blg521\data\02.03\2015\K2\1X\02_03-2015_12_21-10_00-K2-1X.jpeg,C:\Users\ASUS\Desktop\Ders\blg521\data\02.03\2015\K2\10X\02_03-2015_12_22-10_00-K2-10X.jpeg,1.0000619842534326,nan,920,0,CONSISTENT,"folder, filename, and visual evidence agree"
C:\Users\ASUS\Desktop\Ders\blg521\data\02.03\2015\K2\1X\02_03-2015_12_23-10_33-K2-1X.jpeg,02.03\2015\K2\1X\02_03-2015_12_23-10_33-K2-1X.jpeg,02.03,2015,K2,2015-12-23 10:33:00,1X,1X,1X,1.0,0.868353,0.0,C:\Users\ASUS\Desktop\Ders\blg521\data\02.03\2015\K2\1X\02_03-2015_12_24-10_00-K2-1X.jpeg,C:\Users\ASUS\Desktop\Ders\blg521\data\02.03\2015\K2\10X\02_03-2015_12_23-10_32-K2-10X.jpeg,0.9858601210323034,nan,168,0,CONSISTENT,"folder, filename, and visual evidence agree"
C:\Users\ASUS\Desktop\Ders\blg521\data\02.03\2015\K2\1X\02_03-2015_12_24-10_00-K2-1X.jpeg,02.03\2015\K2\1X\02_03-2015_12_24-10_00-K2-1X.jpeg,02.03,2015,K2,2015-12-24 10:00:00,1X,1X,1X,1.0,0.31447,0.0,C:\Users\ASUS\Desktop\Ders\blg521\data\02.03\2015\K2\1X\02_03-2015_12_25-08_30-K2-1X.jpeg,C:\Users\ASUS\Desktop\Ders\blg521\data\02.03\2015\K2\10X\02_03-2015_12_24-10_00-K2-10X.jpeg,0.9978851808296089,nan,16,0,CONSISTENT,"folder, filename, and visual evidence agree"
C:\Users\ASUS\Desktop\Ders\blg521\data\02.03\2015\K2\1X\02_03-2015_12_25-08_30-K2-1X.jpeg,02.03\2015\K2\1X\02_03-2015_12_25-08_30-K2-1X.jpeg,02.03,2015,K2,2015-12-25 08:30:00,1X,1X,1X,1.0,0.475287,0.0,C:\Users\ASUS\Desktop\Ders\blg521\data\02.03\2015\K2\1X\02_03-2015_12_24-10_00-K2-1X.jpeg,C:\Users\ASUS\Desktop\Ders\blg521\data\02.03\2015\K2\10X\02_03-2015_12_25-08_30-K2-10X.jpeg,1.019093813760833,nan,24,0,CONSISTENT,"folder, filename, and visual evidence agree"
C:\Users\ASUS\Desktop\Ders\blg521\data\02.03\2015\K2\1X\02_03-2015_12_26-10_00-K2-1X.jpeg,02.03\2015\K2\1X\02_03-2015_12_26-10_00-K2-1X.jpeg,02.03,2015,K2,2015-12-26 10:00:00,1X,1X,1X,1.0,0.348364,0.0,C:\Users\ASUS\Desktop\Ders\blg521\data\02.03\2015\K2\1X\02_03-2015_12_25-08_30-K2-1X.jpeg,C:\Users\ASUS\Desktop\Ders\blg521\data\02.03\2015\K2\10X\02_03-2015_12_26-10_00-K2-10X.jpeg,1.0037058285371898,nan,17,0,CONSISTENT,"folder, filename, and visual evidence agree"
C:\Users\ASUS\Desktop\Ders\blg521\data\02.03\2015\K2\1X\02_03-2015_12_28-10_00-K2-1X.jpeg,02.03\2015\K2\1X\02_03-2015_12_28-10_00-K2-1X.jpeg,02.03,2015,K2,2015-12-28 10:00:00,1X,1X,1X,1.0,0.426245,0.0,C:\Users\ASUS\Desktop\Ders\blg521\data\02.03\2015\K2\1X\02_03-2015_12_29-10_00-K2-1X.jpeg,C:\Users\ASUS\Desktop\Ders\blg521\data\02.03\2015\K2\10X\02_03-2015_12_28-10_00-K2-10X.jpeg,0.989960063021613,nan,25,0,CONSISTENT,"folder, filename, and visual evidence agree"
C:\Users\ASUS\Desktop\Ders\blg521\data\02.03\2015\K2\1X\02_03-2015_12_29-10_00-K2-1X.jpeg,02.03\2015\K2\1X\02_03-2015_12_29-10_00-K2-1X.jpeg,02.03,2015,K2,2015-12-29 10:00:00,1X,1X,1X,1.0,0.311897,0.0,C:\Users\ASUS\Desktop\Ders\blg521\data\02.03\2015\K2\1X\02_03-2015_12_28-10_00-K2-1X.jpeg,C:\Users\ASUS\Desktop\Ders\blg521\data\02.03\2015\K2\10X\02_03-2015_12_29-10_00-K2-10X.jpeg,1.007543189938077,nan,16,0,CONSISTENT,"folder, filename, and visual evidence agree"
C:\Users\ASUS\Desktop\Ders\blg521\data\02.03\2015\K2\1X\02_03-2015_12_30-10_00-K2-1X.jpeg,02.03\2015\K2\1X\02_03-2015_12_30-10_00-K2-1X.jpeg,02.03,2015,K2,2015-12-30 10:00:00,1X,1X,1X,1.0,0.671282,0.0,C:\Users\ASUS\Desktop\Ders\blg521\data\02.03\2015\K2\1X\02_03-2015_12_31-09_30-K2-1X.jpeg,C:\Users\ASUS\Desktop\Ders\blg521\data\02.03\2015\K2\10X\02_03-2015_12_30-10_00-K2-10X.jpeg,0.9892680699020783,nan,34,0,CONSISTENT,"folder, filename, and visual evidence agree"
C:\Users\ASUS\Desktop\Ders\blg521\data\02.03\2015\K2\1X\02_03-2015_12_31-09_30-K2-1X.jpeg,02.03\2015\K2\1X\02_03-2015_12_31-09_30-K2-1X.jpeg,02.03,2015,K2,2015-12-31 09:30:00,1X,1X,1X,1.0,0.757384,0.0,C:\Users\ASUS\Desktop\Ders\blg521\data\02.03\2015\K2\1X\02_03-2015_12_30-10_00-K2-1X.jpeg,C:\Users\ASUS\Desktop\Ders\blg521\data\02.03\2015\K2\10X\02_03-2015_12_31-09_30-K2-10X.jpeg,1.0021600406357707,nan,32,0,CONSISTENT,"folder, filename, and visual evidence agree"
