station_year,group_id,station_code,year,date,macro_path,micro_path,label,target
02.02_2014,1,2.02,2014,2014-09-03,C:\Users\ASUS\Desktop\Ders\blg521\data\02.02\2014\K1\1X\02_02-2014_09_03-10_00-K1-1X.jpeg,C:\Users\ASUS\Desktop\Ders\blg521\data\02.02\2014\K1\10X\02_02-2014_09_03-10_00-K1-10X.jpeg,Dormancy,"[1.0, 0.0, 0.0, 0.0, 0.0, 0.0, 0.0, 0.0, 0.0, 0.0]"
02.02_2014,1,2.02,2014,2014-09-04,C:\Users\ASUS\Desktop\Ders\blg521\data\02.02\2014\K1\1X\02_02-2014_09_04-10_00-K1-1X.jpeg,C:\Users\ASUS\Desktop\Ders\blg521\data\02.02\2014\K1\10X\02_02-2014_09_04-10_00-K1-10X.jpeg,Dormancy,"[1.0, 0.0, 0.0, 0.0, 0.0, 0.0, 0.0, 0.0, 0.0, 0.0]"
02.02_2014,1,2.02,2014,2014-09-05,C:\Users\ASUS\Desktop\Ders\blg521\data\02.02\2014\K1\1X\02_02-2014_09_05-10_00-K1-1X.jpeg,C:\Users\ASUS\Desktop\Ders\blg521\data\02.02\2014\K1\10X\02_02-2014_09_05-10_00-K1-10X.jpeg,Dormancy,"[1.0, 0.0, 0.0, 0.0, 0.0, 0.0, 0.0, 0.0, 0.0, 0.0]"
02.02_2014,1,2.02,2014,2014-09-06,C:\Users\ASUS\Desktop\Ders\blg521\data\02.02\2014\K1\1X\02_02-2014_09_06-10_00-K1-1X.jpeg,C:\Users\ASUS\Desktop\Ders\blg521\data\02.02\2014\K1\10X\02_02-2014_09_06-10_00-K1-10X.jpeg,Dormancy,"[1.0, 0.0, 0.0, 0.0, 0.0, 0.0, 0.0, 0.0, 0.0, 0.0]"
02.02_2014,1,2.02,2014,2014-09-07,C:\Users\ASUS\Desktop\Ders\blg521\data\02.02\2014\K1\1X\02_02-2014_09_07-10_00-K1-1X.jpeg,C:\Users\ASUS\Desktop\Ders\blg521\data\02.02\2014\K1\10X\02_02-2014_09_07-10_00-K1-10X.jpeg,Dormancy,"[1.0, 0.0, 0.0, 0.0, 0.0, 0.0, 0.0, 0.0, 0.0, 0.0]"
02.02_2014,1,2.02,2014,2014-09-08,C:\Users\ASUS\Desktop\Ders\blg521\data\02.02\2014\K1\1X\02_02-2014_09_08-10_00-K1-1X.jpeg,C:\Users\ASUS\Desktop\Ders\blg521\data\02.02\2014\K1\10X\02_02-2014_09_08-10_00-K1-10X.jpeg,Dormancy,"[1.0, 0.0, 0.0, 0.0, 0.0, 0.0, 0.0, 0.0, 0.0, 0.0]"
02.02_2014,1,2.02,2014,2014-09-09,C:\Users\ASUS\Desktop\Ders\blg521\data\02.02\2014\K1\1X\02_02-2014_09_09-10_00-K1-1X.jpeg,C:\Users\ASUS\Desktop\Ders\blg521\data\02.02\2014\K1\10X\02_02-2014_09_09-10_00-K1-10X.jpeg,Dormancy,"[1.0, 0.0, 0.0, 0.0, 0.0, 0.0, 0.0, 0.0, 0.0, 0.0]"
02.02_2014,1,2.02,2014,2014-09-10,C:\Users\ASUS\Desktop\Ders\blg521\data\02.02\2014\K1\1X\02_02-2014_09_10-10_00-K1-1X.jpeg,C:\Users\ASUS\Desktop\Ders\blg521\data\02.02\2014\K1\10X\02_02-2014_09_10-10_00-K1-10X.jpeg,Dormancy,"[1.0, 0.0, 0.0, 0.0, 0.0, 0.0, 0.0, 0.0, 0.0, 0.0]"
02.02_2014,1,2.02,2014,2014-09-11,C:\Users\ASUS\Desktop\Ders\blg521\data\02.02\2014\K1\1X\02_02-2014_09_11-10_00-K1-1X.jpeg,C:\Users\ASUS\Desktop\Ders\blg521\data\02.02\2014\K1\10X\02_02-2014_09_11-10_00-K1-10X.jpeg,Dormancy,"[1.0, 0.0, 0.0, 0.0, 0.0, 0.0, 0.0, 0.0, 0.0, 0.0]"
02.02_2014,1,2.02,2014,2014-09-12,C:\Users\ASUS\Desktop\Ders\blg521\data\02.02\2014\K1\1X\02_02-2014_09_12-11_30-K1-1X.jpeg,C:\Users\ASUS\Desktop\Ders\blg521\data\02.02\2014\K1\10X\02_02-2014_09_12-12_00-K1-10X.jpeg,Dormancy,"[1.0, 0.0, 0.0, 0.0, 0.0, 0.0, 0.0, 0.0, 0.0, 0.0]"
02.02_2014,1,2.02,2014,2014-09-13,C:\Users\ASUS\Desktop\Ders\blg521\data\02.02\2014\K1\1X\02_02-2014_09_13-10_00-K1-1X.jpeg,C:\Users\ASUS\Desktop\Ders\blg521\data\02.02\2014\K1\10X\02_02-2014_09_13-10_00-K1-10X.jpeg,Dormancy,"[1.0, 0.0, 0.0, 0.0, 0.0, 0.0, 0.0, 0.0, 0.0, 0.0]"
02.02_2014,1,2.02,2014,2014-09-14,C:\Users\ASUS\Desktop\Ders\blg521\data\02.02\2014\K1\1X\02_02-2014_09_14-10_00-K1-1X.jpeg,C:\Users\ASUS\Desktop\Ders\blg521\data\02.02\2014\K1\10X\02_02-2014_09_14-10_00-K1-10X.jpeg,Dormancy,"[1.0, 0.0, 0.0, 0.0, 0.0, 0.0, 0.0, 0.0, 0.0, 0.0]"
02.02_2014,1,2.02,2014,2014-09-15,C:\Users\ASUS\Desktop\Ders\blg521\data\02.02\2014\K1\1X\02_02-2014_09_15-10_00-K1-1X.jpeg,C:\Users\ASUS\Desktop\Ders\blg521\data\02.02\2014\K1\10X\02_02-2014_09_15-10_00-K1-10X.jpeg,Dormancy,"[1.0, 0.0, 0.0, 0.0, 0.0, 0.0, 0.0, 0.0, 0.0, 0.0]"
02.02_2014,1,2.02,2014,2014-09-16,C:\Users\ASUS\Desktop\Ders\blg521\data\02.02\2014\K1\1X\02_02-2014_09_16-10_00-K1-1X.jpeg,C:\Users\ASUS\Desktop\Ders\blg521\data\02.02\2014\K1\10X\02_02-2014_09_16-10_00-K1-10X.jpeg,Dormancy,"[1.0, 0.0, 0.0, 0.0, 0.0, 0.0, 0.0, 0.0, 0.0, 0.0]"
02.02_2014,1,2.02,2014,2014-09-17,C:\Users\ASUS\Desktop\Ders\blg521\data\02.02\2014\K1\1X\02_02-2014_09_17-10_30-K1-1X.jpeg,C:\Users\ASUS\Desktop\Ders\blg521\data\02.02\2014\K1\10X\02_02-2014_09_17-10_00-K1-10X.jpeg,Dormancy,"[1.0, 0.0, 0.0, 0.0, 0.0, 0.0, 0.0, 0.0, 0.0, 0.0]"
02.02_2014,1,2.02,2014,2014-09-18,C:\Users\ASUS\Desktop\Ders\blg521\data\02.02\2014\K1\1X\02_02-2014_09_18-10_00-K1-1X.jpeg,C:\Users\ASUS\Desktop\Ders\blg521\data\02.02\2014\K1\10X\02_02-2014_09_18-10_00-K1-10X.jpeg,Dormancy,"[1.0, 0.0, 0.0, 0.0, 0.0, 0.0, 0.0, 0.0, 0.0, 0.0]"
02.02_2014,1,2.02,2014,2014-09-19,C:\Users\ASUS\Desktop\Ders\blg521\data\02.02\2014\K1\1X\02_02-2014_09_19-10_00-K1-1X.jpeg,C:\Users\ASUS\Desktop\Ders\blg521\data\02.02\2014\K1\10X\02_02-2014_09_19-10_00-K1-10X.jpeg,Dormancy,"[1.0, 0.0, 0.0, 0.0, 0.0, 0.0, 0.0, 0.0, 0.0, 0.0]"
02.02_2014,1,2.02,2014,2014-09-20,C:\Users\ASUS\Desktop\Ders\blg521\data\02.02\2014\K1\1X\02_02-2014_09_20-10_00-K1-1X.jpeg,C:\Users\ASUS\Desktop\Ders\blg521\data\02.02\2014\K1\10X\02_02-2014_09_20-10_00-K1-10X.jpeg,Dormancy,"[1.0, 0.0, 0.0, 0.0, 0.0, 0.0, 0.0, 0.0, 0.0, 0.0]"
02.02_2014,1,2.02,2014,2014-09-21,C:\Users\ASUS\Desktop\Ders\blg521\data\02.02\2014\K1\1X\02_02-2014_09_21-10_00-K1-1X.jpeg,C:\Users\ASUS\Desktop\Ders\blg521\data\02.02\2014\K1\10X\02_02-2014_09_21-10_00-K1-10X.jpeg,Dormancy,"[1.0, 0.0, 0.0, 0.0, 0.0, 0.0, 0.0, 0.0, 0.0, 0.0]"
02.02_2014,1,2.02,2014,2014-09-22,C:\Users\ASUS\Desktop\Ders\blg521\data\02.02\2014\K1\1X\02_02-2014_09_22-10_00-K1-1X.jpeg,C:\Users\ASUS\Desktop\Ders\blg521\data\02.02\2014\K1\10X\02_02-2014_09_22-10_00-K1-10X.jpeg,Dormancy,"[1.0, 0.0, 0.0, 0.0, 0.0, 0.0, 0.0, 0.0, 0.0, 0.0]"
02.02_2014,1,2.02,2014,2014-09-23,C:\Users\ASUS\Desktop\Ders\blg521\data\02.02\2014\K1\1X\02_02-2014_09_23-10_00-K1-1X.jpeg,C:\Users\ASUS\Desktop\Ders\blg521\data\02.02\2014\K1\10X\02_02-2014_09_23-10_00-K1-10X.jpeg,Dormancy,"[1.0, 0.0, 0.0, 0.0, 0.0, 0.0, 0.0, 0.0, 0.0, 0.0]"
02.02_2014,1,2.02,2014,2014-09-24,C:\Users\ASUS\Desktop\Ders\blg521\data\02.02\2014\K1\1X\02_02-2014_09_24-10_00-K1-1X.jpeg,C:\Users\ASUS\Desktop\Ders\blg521\data\02.02\2014\K1\10X\02_02-2014_09_24-10_00-K1-10X.jpeg,Dormancy,"[1.0, 0.0, 0.0, 0.0, 0.0, 0.0, 0.0, 0.0, 0.0, 0.0]"
02.02_2014,1,2.02,2014,2014-09-25,C:\Users\ASUS\Desktop\Ders\blg521\data\02.02\2014\K1\1X\02_02-2014_09_25-10_00-K1-1X.jpeg,C:\Users\ASUS\Desktop\Ders\blg521\data\02.02\2014\K1\10X\02_02-2014_09_25-10_00-K1-10X.jpeg,Dormancy,"[1.0, 0.0, 0.0, 0.0, 0.0, 0.0, 0.0, 0.0, 0.0, 0.0]"
02.02_2014,1,2.02,2014,2014-09-30,C:\Users\ASUS\Desktop\Ders\blg521\data\02.02\2014\K1\1X\02_02-2014_09_30-10_00-K1-1X.jpeg,C:\Users\ASUS\Desktop\Ders\blg521\data\02.02\2014\K1\10X\02_02-2014_09_30-10_00-K1-10X.jpeg,Dormancy,"[1.0, 0.0, 0.0, 0.0, 0.0, 0.0, 0.0, 0.0, 0.0, 0.0]"
02.02_2014,1,2.02,2014,2014-10-02,C:\Users\ASUS\Desktop\Ders\blg521\data\02.02\2014\K1\1X\02_02-2014_10_02-09_30-K1-1X.jpeg,C:\Users\ASUS\Desktop\Ders\blg521\data\02.02\2014\K1\10X\02_02-2014_10_02-09_30-K1-10X.jpeg,Dormancy,"[1.0, 0.0, 0.0, 0.0, 0.0, 0.0, 0.0, 0.0, 0.0, 0.0]"
02.02_2014,1,2.02,2014,2014-10-03,C:\Users\ASUS\Desktop\Ders\blg521\data\02.02\2014\K1\1X\02_02-2014_10_03-10_00-K1-1X.jpeg,C:\Users\ASUS\Desktop\Ders\blg521\data\02.02\2014\K1\10X\02_02-2014_10_03-10_00-K1-10X.jpeg,Dormancy,"[1.0, 0.0, 0.0, 0.0, 0.0, 0.0, 0.0, 0.0, 0.0, 0.0]"
02.02_2014,1,2.02,2014,2014-10-05,C:\Users\ASUS\Desktop\Ders\blg521\data\02.02\2014\K1\1X\02_02-2014_10_05-10_00-K1-1X.jpeg,C:\Users\ASUS\Desktop\Ders\blg521\data\02.02\2014\K1\10X\02_02-2014_10_05-10_00-K1-10X.jpeg,Dormancy,"[1.0, 0.0, 0.0, 0.0, 0.0, 0.0, 0.0, 0.0, 0.0, 0.0]"
02.02_2014,1,2.02,2014,2014-10-06,C:\Users\ASUS\Desktop\Ders\blg521\data\02.02\2014\K1\1X\02_02-2014_10_06-10_00-K1-1X.jpeg,C:\Users\ASUS\Desktop\Ders\blg521\data\02.02\2014\K1\10X\02_02-2014_10_06-10_00-K1-10X.jpeg,Dormancy,"[1.0, 0.0, 0.0, 0.0, 0.0, 0.0, 0.0, 0.0, 0.0, 0.0]"
02.02_2014,1,2.02,2014,2014-10-07,C:\Users\ASUS\Desktop\Ders\blg521\data\02.02\2014\K1\1X\02_02-2014_10_07-10_00-K1-1X.jpeg,C:\Users\ASUS\Desktop\Ders\blg521\data\02.02\2014\K1\10X\02_02-2014_10_07-10_00-K1-10X.jpeg,Dormancy,"[1.0, 0.0, 0.0, 0.0, 0.0, 0.0, 0.0, 0.0, 0.0, 0.0]"
02.02_2014,1,2.02,2014,2014-10-08,C:\Users\ASUS\Desktop\Ders\blg521\data\02.02\2014\K1\1X\02_02-2014_10_08-11_12-K1-1X.jpeg,C:\Users\ASUS\Desktop\Ders\blg521\data\02.02\2014\K1\10X\02_02-2014_10_08-11_12-K1-10X.jpeg,Dormancy,"[1.0, 0.0, 0.0, 0.0, 0.0, 0.0, 0.0, 0.0, 0.0, 0.0]"
02.02_2014,1,2.02,2014,2014-10-10,C:\Users\ASUS\Desktop\Ders\blg521\data\02.02\2014\K1\1X\02_02-2014_10_10-10_00-K1-1X.jpeg,C:\Users\ASUS\Desktop\Ders\blg521\data\02.02\2014\K1\10X\02_02-2014_10_10-10_00-K1-10X.jpeg,Dormancy,"[1.0, 0.0, 0.0, 0.0, 0.0, 0.0, 0.0, 0.0, 0.0, 0.0]"
02.02_2014,1,2.02,2014,2014-10-18,C:\Users\ASUS\Desktop\Ders\blg521\data\02.02\2014\K1\1X\02_02-2014_10_18-10_00-K1-1X.jpeg,C:\Users\ASUS\Desktop\Ders\blg521\data\02.02\2014\K1\10X\02_02-2014_10_18-10_00-K1-10X.jpeg,Dormancy,"[1.0, 0.0, 0.0, 0.0, 0.0, 0.0, 0.0, 0.0, 0.0, 0.0]"
02.02_2014,1,2.02,2014,2014-10-19,C:\Users\ASUS\Desktop\Ders\blg521\data\02.02\2014\K1\1X\02_02-2014_10_19-10_00-K1-1X.jpeg,C:\Users\ASUS\Desktop\Ders\blg521\data\02.02\2014\K1\10X\02_02-2014_10_19-10_00-K1-10X.jpeg,Dormancy,"[1.0, 0.0, 0.0, 0.0, 0.0, 0.0, 0.0, 0.0, 0.0, 0.0]"
02.02_2014,1,2.02,2014,2014-10-20,C:\Users\ASUS\Desktop\Ders\blg521\data\02.02\2014\K1\1X\02_02-2014_10_20-10_00-K1-1X.jpeg,C:\Users\ASUS\Desktop\Ders\blg521\data\02.02\2014\K1\10X\02_02-2014_10_20-10_00-K1-10X.jpeg,Dormancy,"[1.0, 0.0, 0.0, 0.0, 0.0, 0.0, 0.0, 0.0, 0.0, 0.0]"
02.02_2014,1,2.02,2014,2014-10-21,C:\Users\ASUS\Desktop\Ders\blg521\data\02.02\2014\K1\1X\02_02-2014_10_21-10_00-K1-1X.jpeg,C:\Users\ASUS\Desktop\Ders\blg521\data\02.02\2014\K1\10X\02_02-2014_10_21-10_00-K1-10X.jpeg,Dormancy,"[1.0, 0.0, 0.0, 0.0, 0.0, 0.0, 0.0, 0.0, 0.0, 0.0]"
02.02_2014,1,2.02,2014,2014-10-22,C:\Users\ASUS\Desktop\Ders\blg521\data\02.02\2014\K1\1X\02_02-2014_10_22-10_00-K1-1X.jpeg,C:\Users\ASUS\Desktop\Ders\blg521\data\02.02\2014\K1\10X\02_02-2014_10_22-10_00-K1-10X.jpeg,Dormancy,"[1.0, 0.0, 0.0, 0.0, 0.0, 0.0, 0.0, 0.0, 0.0, 0.0]"
02.02_2014,1,2.02,2014,2014-10-23,C:\Users\ASUS\Desktop\Ders\blg521\data\02.02\2014\K1\1X\02_02-2014_10_23-10_00-K1-1X.jpeg,C:\Users\ASUS\Desktop\Ders\blg521\data\02.02\2014\K1\10X\02_02-2014_10_23-10_00-K1-10X.jpeg,Dormancy,"[1.0, 0.0, 0.0, 0.0, 0.0, 0.0, 0.0, 0.0, 0.0, 0.0]"
02.02_2014,1,2.02,2014,2014-10-24,C:\Users\ASUS\Desktop\Ders\blg521\data\02.02\2014\K1\1X\02_02-2014_10_24-10_00-K1-1X.jpeg,C:\Users\ASUS\Desktop\Ders\blg521\data\02.02\2014\K1\10X\02_02-2014_10_24-10_00-K1-10X.jpeg,Dormancy,"[1.0, 0.0, 0.0, 0.0, 0.0, 0.0, 0.0, 0.0, 0.0, 0.0]"
02.02_2014,1,2.02,2014,2014-10-25,C:\Users\ASUS\Desktop\Ders\blg521\data\02.02\2014\K1\1X\02_02-2014_10_25-10_00-K1-1X.jpeg,C:\Users\ASUS\Desktop\Ders\blg521\data\02.02\2014\K1\10X\02_02-2014_10_25-10_00-K1-10X.jpeg,Dormancy,"[1.0, 0.0, 0.0, 0.0, 0.0, 0.0, 0.0, 0.0, 0.0, 0.0]"
02.02_2014,1,2.02,2014,2014-10-26,C:\Users\ASUS\Desktop\Ders\blg521\data\02.02\2014\K1\1X\02_02-2014_10_26-10_00-K1-1X.jpeg,C:\Users\ASUS\Desktop\Ders\blg521\data\02.02\2014\K1\10X\02_02-2014_10_26-10_00-K1-10X.jpeg,Dormancy,"[1.0, 0.0, 0.0, 0.0, 0.0, 0.0, 0.0, 0.0, 0.0, 0.0]"
02.02_2014,1,2.02,2014,2014-10-27,C:\Users\ASUS\Desktop\Ders\blg521\data\02.02\2014\K1\1X\02_02-2014_10_27-10_00-K1-1X.jpeg,C:\Users\ASUS\Desktop\Ders\blg521\data\02.02\2014\K1\10X\02_02-2014_10_27-10_00-K1-10X.jpeg,Dormancy,"[1.0, 0.0, 0.0, 0.0, 0.0, 0.0, 0.0, 0.0, 0.0, 0.0]"
02.02_2014,1,2.02,2014,2014-10-28,C:\Users\ASUS\Desktop\Ders\blg521\data\02.02\2014\K1\1X\02_02-2014_10_28-10_00-K1-1X.jpeg,C:\Users\ASUS\Desktop\Ders\blg521\data\02.02\2014\K1\10X\02_02-2014_10_28-10_00-K1-10X.jpeg,Dormancy,"[1.0, 0.0, 0.0, 0.0, 0.0, 0.0, 0.0, 0.0, 0.0, 0.0]"
02.02_2014,1,2.02,2014,2014-10-29,C:\Users\ASUS\Desktop\Ders\blg521\data\02.02\2014\K1\1X\02_02-2014_10_29-10_00-K1-1X.jpeg,C:\Users\ASUS\Desktop\Ders\blg521\data\02.02\2014\K1\10X\02_02-2014_10_29-10_00-K1-10X.jpeg,Dormancy,"[1.0, 0.0, 0.0, 0.0, 0.0, 0.0, 0.0, 0.0, 0.0, 0.0]"
02.02_2014,1,2.02,2014,2014-10-30,C:\Users\ASUS\Desktop\Ders\blg521\data\02.02\2014\K1\1X\02_02-2014_10_30-10_00-K1-1X.jpeg,C:\Users\ASUS\Desktop\Ders\blg521\data\02.02\2014\K1\10X\02_02-2014_10_30-10_00-K1-10X.jpeg,Dormancy,"[1.0, 0.0, 0.0, 0.0, 0.0, 0.0, 0.0, 0.0, 0.0, 0.0]"
02.02_2014,1,2.02,2014,2014-10-31,C:\Users\ASUS\Desktop\Ders\blg521\data\02.02\2014\K1\1X\02_02-2014_10_31-10_00-K1-1X.jpeg,C:\Users\ASUS\Desktop\Ders\blg521\data\02.02\2014\K1\10X\02_02-2014_10_31-10_00-K1-10X.jpeg,Dormancy,"[1.0, 0.0, 0.0, 0.0, 0.0, 0.0, 0.0, 0.0, 0.0, 0.0]"
02.02_2014,1,2.02,2014,2014-11-02,C:\Users\ASUS\Desktop\Ders\blg521\data\02.02\2014\K1\1X\02_02-2014_11_02-10_00-K1-1X.jpeg,C:\Users\ASUS\Desktop\Ders\blg521\data\02.02\2014\K1\10X\02_02-2014_11_02-10_04-K1-10X.jpeg,Dormancy,"[1.0, 0.0, 0.0, 0.0, 0.0, 0.0, 0.0, 0.0, 0.0, 0.0]"
02.02_2014,1,2.02,2014,2014-11-03,C:\Users\ASUS\Desktop\Ders\blg521\data\02.02\2014\K1\1X\02_02-2014_11_03-10_00-K1-1X.jpeg,C:\Users\ASUS\Desktop\Ders\blg521\data\02.02\2014\K1\10X\02_02-2014_11_03-10_00-K1-10X.jpeg,Dormancy,"[1.0, 0.0, 0.0, 0.0, 0.0, 0.0, 0.0, 0.0, 0.0, 0.0]"
02.02_2014,1,2.02,2014,2014-11-04,C:\Users\ASUS\Desktop\Ders\blg521\data\02.02\2014\K1\1X\02_02-2014_11_04-10_00-K1-1X.jpeg,C:\Users\ASUS\Desktop\Ders\blg521\data\02.02\2014\K1\10X\02_02-2014_11_04-10_00-K1-10X.jpeg,Dormancy,"[1.0, 0.0, 0.0, 0.0, 0.0, 0.0, 0.0, 0.0, 0.0, 0.0]"
02.02_2014,1,2.02,2014,2014-11-05,C:\Users\ASUS\Desktop\Ders\blg521\data\02.02\2014\K1\1X\02_02-2014_11_05-10_00-K1-1X.jpeg,C:\Users\ASUS\Desktop\Ders\blg521\data\02.02\2014\K1\10X\02_02-2014_11_05-10_00-K1-10X.jpeg,Dormancy,"[1.0, 0.0, 0.0, 0.0, 0.0, 0.0, 0.0, 0.0, 0.0, 0.0]"
02.02_2014,1,2.02,2014,2014-11-06,C:\Users\ASUS\Desktop\Ders\blg521\data\02.02\2014\K1\1X\02_02-2014_11_06-10_00-K1-1X.jpeg,C:\Users\ASUS\Desktop\Ders\blg521\data\02.02\2014\K1\10X\02_02-2014_11_06-10_00-K1-10X.jpeg,Dormancy,"[1.0, 0.0, 0.0, 0.0, 0.0, 0.0, 0.0, 0.0, 0.0, 0.0]"
02.02_2014,1,2.02,2014,2014-11-07,C:\Users\ASUS\Desktop\Ders\blg521\data\02.02\2014\K1\1X\02_02-2014_11_07-10_00-K1-1X.jpeg,C:\Users\ASUS\Desktop\Ders\blg521\data\02.02\2014\K1\10X\02_02-2014_11_07-10_00-K1-10X.jpeg,Dormancy,"[1.0, 0.0, 0.0, 0.0, 0.0, 0.0, 0.0, 0.0, 0.0, 0.0]"
02.02_2014,1,2.02,2014,2014-11-08,C:\Users\ASUS\Desktop\Ders\blg521\data\02.02\2014\K1\1X\02_02-2014_11_08-10_00-K1-1X.jpeg,C:\Users\ASUS\Desktop\Ders\blg521\data\02.02\2014\K1\10X\02_02-2014_11_08-10_00-K1-10X.jpeg,Dormancy,"[1.0, 0.0, 0.0, 0.0, 0.0, 0.0, 0.0, 0.0, 0.0, 0.0]"
02.02_2014,1,2.02,2014,2014-11-09,C:\Users\ASUS\Desktop\Ders\blg521\data\02.02\2014\K1\1X\02_02-2014_11_09-10_00-K1-1X.jpeg,C:\Users\ASUS\Desktop\Ders\blg521\data\02.02\2014\K1\10X\02_02-2014_11_09-10_00-K1-10X.jpeg,Dormancy,"[1.0, 0.0, 0.0, 0.0, 0.0, 0.0, 0.0, 0.0, 0.0, 0.0]"
02.02_2014,1,2.02,2014,2014-11-10,C:\Users\ASUS\Desktop\Ders\blg521\data\02.02\2014\K1\1X\02_02-2014_11_10-10_00-K1-1X.jpeg,C:\Users\ASUS\Desktop\Ders\blg521\data\02.02\2014\K1\10X\02_02-2014_11_10-10_00-K1-10X.jpeg,Dormancy,"[1.0, 0.0, 0.0, 0.0, 0.0, 0.0, 0.0, 0.0, 0.0, 0.0]"
02.02_2014,1,2.02,2014,2014-11-11,C:\Users\ASUS\Desktop\Ders\blg521\data\02.02\2014\K1\1X\02_02-2014_11_11-10_00-K1-1X.jpeg,C:\Users\ASUS\Desktop\Ders\blg521\data\02.02\2014\K1\10X\02_02-2014_11_11-10_00-K1-10X.jpeg,Dormancy,"[1.0, 0.0, 0.0, 0.0, 0.0, 0.0, 0.0, 0.0, 0.0, 0.0]"
02.02_2014,1,2.02,2014,2014-11-12,C:\Users\ASUS\Desktop\Ders\blg521\data\02.02\2014\K1\1X\02_02-2014_11_12-10_00-K1-1X.jpeg,C:\Users\ASUS\Desktop\Ders\blg521\data\02.02\2014\K1\10X\02_02-2014_11_12-10_00-K1-10X.jpeg,Dormancy,"[1.0, 0.0, 0.0, 0.0, 0.0, 0.0, 0.0, 0.0, 0.0, 0.0]"
02.02_2014,1,2.02,2014,2014-11-13,C:\Users\ASUS\Desktop\Ders\blg521\data\02.02\2014\K1\1X\02_02-2014_11_13-10_00-K1-1X.jpeg,C:\Users\ASUS\Desktop\Ders\blg521\data\02.02\2014\K1\10X\02_02-2014_11_13-10_00-K1-10X.jpeg,Dormancy,"[1.0, 0.0, 0.0, 0.0, 0.0, 0.0, 0.0, 0.0, 0.0, 0.0]"
02.02_2014,1,2.02,2014,2014-11-14,C:\Users\ASUS\Desktop\Ders\blg521\data\02.02\2014\K1\1X\02_02-2014_11_14-10_00-K1-1X.jpeg,C:\Users\ASUS\Desktop\Ders\blg521\data\02.02\2014\K1\10X\02_02-2014_11_14-10_00-K1-10X.jpeg,Dormancy,"[1.0, 0.0, 0.0, 0.0, 0.0, 0.0, 0.0, 0.0, 0.0, 0.0]"
02.02_2014,1,2.02,2014,2014-11-15,C:\Users\ASUS\Desktop\Ders\blg521\data\02.02\2014\K1\1X\02_02-2014_11_15-10_00-K1-1X.jpeg,C:\Users\ASUS\Desktop\Ders\blg521\data\02.02\2014\K1\10X\02_02-2014_11_15-10_00-K1-10X.jpeg,Dormancy,"[1.0, 0.0, 0.0, 0.0, 0.0, 0.0, 0.0, 0.0, 0.0, 0.0]"
02.02_2014,1,2.02,2014,2014-11-16,C:\Users\ASUS\Desktop\Ders\blg521\data\02.02\2014\K1\1X\02_02-2014_11_16-10_00-K1-1X.jpeg,C:\Users\ASUS\Desktop\Ders\blg521\data\02.02\2014\K1\10X\02_02-2014_11_16-10_00-K1-10X.jpeg,Dormancy,"[1.0, 0.0, 0.0, 0.0, 0.0, 0.0, 0.0, 0.0, 0.0, 0.0]"
02.02_2014,1,2.02,2014,2014-11-17,C:\Users\ASUS\Desktop\Ders\blg521\data\02.02\2014\K1\1X\02_02-2014_11_17-10_00-K1-1X.jpeg,C:\Users\ASUS\Desktop\Ders\blg521\data\02.02\2014\K1\10X\02_02-2014_11_17-10_00-K1-10X.jpeg,Dormancy,"[1.0, 0.0, 0.0, 0.0, 0.0, 0.0, 0.0, 0.0, 0.0, 0.0]"
02.02_2014,1,2.02,2014,2014-11-18,C:\Users\ASUS\Desktop\Ders\blg521\data\02.02\2014\K1\1X\02_02-2014_11_18-10_00-K1-1X.jpeg,C:\Users\ASUS\Desktop\Ders\blg521\data\02.02\2014\K1\10X\02_02-2014_11_18-10_00-K1-10X.jpeg,Dormancy,"[1.0, 0.0, 0.0, 0.0, 0.0, 0.0, 0.0, 0.0, 0.0, 0.0]"
02.02_2014,1,2.02,2014,2014-11-19,C:\Users\ASUS\Desktop\Ders\blg521\data\02.02\2014\K1\1X\02_02-2014_11_19-10_00-K1-1X.jpeg,C:\Users\ASUS\Desktop\Ders\blg521\data\02.02\2014\K1\10X\02_02-2014_11_19-10_00-K1-10X.jpeg,Dormancy,"[1.0, 0.0, 0.0, 0.0, 0.0, 0.0, 0.0, 0.0, 0.0, 0.0]"
02.02_2014,1,2.02,2014,2014-11-20,C:\Users\ASUS\Desktop\Ders\blg521\data\02.02\2014\K1\1X\02_02-2014_11_20-10_00-K1-1X.jpeg,C:\Users\ASUS\Desktop\Ders\blg521\data\02.02\2014\K1\10X\02_02-2014_11_20-10_00-K1-10X.jpeg,Dormancy,"[1.0, 0.0, 0.0, 0.0, 0.0, 0.0, 0.0, 0.0, 0.0, 0.0]"
02.02_2014,1,2.02,2014,2014-11-21,C:\Users\ASUS\Desktop\Ders\blg521\data\02.02\2014\K1\1X\02_02-2014_11_21-10_00-K1-1X.jpeg,C:\Users\ASUS\Desktop\Ders\blg521\data\02.02\2014\K1\10X\02_02-2014_11_21-10_00-K1-10X.jpeg,Dormancy,"[1.0, 0.0, 0.0, 0.0, 0.0, 0.0, 0.0, 0.0, 0.0, 0.0]"
02.02_2014,1,2.02,2014,2014-11-22,C:\Users\ASUS\Desktop\Ders\blg521\data\02.02\2014\K1\1X\02_02-2014_11_22-10_00-K1-1X.jpeg,C:\Users\ASUS\Desktop\Ders\blg521\data\02.02\2014\K1\10X\02_02-2014_11_22-10_00-K1-10X.jpeg,Dormancy,"[1.0, 0.0, 0.0, 0.0, 0.0, 0.0, 0.0, 0.0, 0.0, 0.0]"
02.02_2014,1,2.02,2014,2014-11-23,C:\Users\ASUS\Desktop\Ders\blg521\data\02.02\2014\K1\1X\02_02-2014_11_23-10_00-K1-1X.jpeg,C:\Users\ASUS\Desktop\Ders\blg521\data\02.02\2014\K1\10X\02_02-2014_11_23-10_00-K1-10X.jpeg,Dormancy,"[1.0, 0.0, 0.0, 0.0, 0.0, 0.0, 0.0, 0.0, 0.0, 0.0]"
02.02_2014,1,2.02,2014,2014-11-24,C:\Users\ASUS\Desktop\Ders\blg521\data\02.02\2014\K1\1X\02_02-2014_11_24-10_00-K1-1X.jpeg,C:\Users\ASUS\Desktop\Ders\blg521\data\02.02\2014\K1\10X\02_02-2014_11_24-10_00-K1-10X.jpeg,Dormancy,"[1.0, 0.0, 0.0, 0.0, 0.0, 0.0, 0.0, 0.0, 0.0, 0.0]"
02.02_2014,1,2.02,2014,2014-11-25,C:\Users\ASUS\Desktop\Ders\blg521\data\02.02\2014\K1\1X\02_02-2014_11_25-10_00-K1-1X.jpeg,C:\Users\ASUS\Desktop\Ders\blg521\data\02.02\2014\K1\10X\02_02-2014_11_25-10_00-K1-10X.jpeg,Dormancy,"[1.0, 0.0, 0.0, 0.0, 0.0, 0.0, 0.0, 0.0, 0.0, 0.0]"
02.02_2014,1,2.02,2014,2014-11-26,C:\Users\ASUS\Desktop\Ders\blg521\data\02.02\2014\K1\1X\02_02-2014_11_26-10_00-K1-1X.jpeg,C:\Users\ASUS\Desktop\Ders\blg521\data\02.02\2014\K1\10X\02_02-2014_11_26-10_00-K1-10X.jpeg,Dormancy,"[1.0, 0.0, 0.0, 0.0, 0.0, 0.0, 0.0, 0.0, 0.0, 0.0]"
02.02_2014,1,2.02,2014,2014-11-27,C:\Users\ASUS\Desktop\Ders\blg521\data\02.02\2014\K1\1X\02_02-2014_11_27-10_00-K1-1X.jpeg,C:\Users\ASUS\Desktop\Ders\blg521\data\02.02\2014\K1\10X\02_02-2014_11_27-10_00-K1-10X.jpeg,Dormancy,"[1.0, 0.0, 0.0, 0.0, 0.0, 0.0, 0.0, 0.0, 0.0, 0.0]"
02.02_2014,1,2.02,2014,2014-11-28,C:\Users\ASUS\Desktop\Ders\blg521\data\02.02\2014\K1\1X\02_02-2014_11_28-10_00-K1-1X.jpeg,C:\Users\ASUS\Desktop\Ders\blg521\data\02.02\2014\K1\10X\02_02-2014_11_28-10_00-K1-10X.jpeg,Dormancy,"[1.0, 0.0, 0.0, 0.0, 0.0, 0.0, 0.0, 0.0, 0.0, 0.0]"
02.02_2014,1,2.02,2014,2014-11-29,C:\Users\ASUS\Desktop\Ders\blg521\data\02.02\2014\K1\1X\02_02-2014_11_29-10_00-K1-1X.jpeg,C:\Users\ASUS\Desktop\Ders\blg521\data\02.02\2014\K1\10X\02_02-2014_11_29-10_00-K1-10X.jpeg,Dormancy,"[1.0, 0.0, 0.0, 0.0, 0.0, 0.0, 0.0, 0.0, 0.0, 0.0]"
02.02_2014,1,2.02,2014,2014-11-30,C:\Users\ASUS\Desktop\Ders\blg521\data\02.02\2014\K1\1X\02_02-2014_11_30-10_00-K1-1X.jpeg,C:\Users\ASUS\Desktop\Ders\blg521\data\02.02\2014\K1\10X\02_02-2014_11_30-10_00-K1-10X.jpeg,Dormancy,"[1.0, 0.0, 0.0, 0.0, 0.0, 0.0, 0.0, 0.0, 0.0, 0.0]"
02.02_2014,1,2.02,2014,2014-12-01,C:\Users\ASUS\Desktop\Ders\blg521\data\02.02\2014\K1\1X\02_02-2014_12_01-10_00-K1-1X.jpeg,C:\Users\ASUS\Desktop\Ders\blg521\data\02.02\2014\K1\10X\02_02-2014_12_01-10_00-K1-10X.jpeg,Dormancy,"[1.0, 0.0, 0.0, 0.0, 0.0, 0.0, 0.0, 0.0, 0.0, 0.0]"
02.02_2014,1,2.02,2014,2014-12-03,C:\Users\ASUS\Desktop\Ders\blg521\data\02.02\2014\K1\1X\02_02-2014_12_03-10_00-K1-1X.jpeg,C:\Users\ASUS\Desktop\Ders\blg521\data\02.02\2014\K1\10X\02_02-2014_12_03-10_00-K1-10X.jpeg,PS0,"[0.0, 1.0, 0.0, 0.0, 0.0, 0.0, 0.0, 0.0, 0.0, 0.0]"
02.02_2014,1,2.02,2014,2014-12-04,C:\Users\ASUS\Desktop\Ders\blg521\data\02.02\2014\K1\1X\02_02-2014_12_04-10_00-K1-1X.jpeg,C:\Users\ASUS\Desktop\Ders\blg521\data\02.02\2014\K1\10X\02_02-2014_12_04-10_00-K1-10X.jpeg,PS0,"[0.0, 1.0, 0.0, 0.0, 0.0, 0.0, 0.0, 0.0, 0.0, 0.0]"
02.02_2014,1,2.02,2014,2014-12-05,C:\Users\ASUS\Desktop\Ders\blg521\data\02.02\2014\K1\1X\02_02-2014_12_05-10_00-K1-1X.jpeg,C:\Users\ASUS\Desktop\Ders\blg521\data\02.02\2014\K1\10X\02_02-2014_12_05-10_00-K1-10X.jpeg,PS0,"[0.0, 1.0, 0.0, 0.0, 0.0, 0.0, 0.0, 0.0, 0.0, 0.0]"
02.02_2014,1,2.02,2014,2014-12-06,C:\Users\ASUS\Desktop\Ders\blg521\data\02.02\2014\K1\1X\02_02-2014_12_06-10_00-K1-1X.jpeg,C:\Users\ASUS\Desktop\Ders\blg521\data\02.02\2014\K1\10X\02_02-2014_12_06-10_00-K1-10X.jpeg,PS0,"[0.0, 1.0, 0.0, 0.0, 0.0, 0.0, 0.0, 0.0, 0.0, 0.0]"
02.02_2014,1,2.02,2014,2014-12-07,C:\Users\ASUS\Desktop\Ders\blg521\data\02.02\2014\K1\1X\02_02-2014_12_07-10_00-K1-1X.jpeg,C:\Users\ASUS\Desktop\Ders\blg521\data\02.02\2014\K1\10X\02_02-2014_12_07-10_00-K1-10X.jpeg,PS0,"[0.0, 1.0, 0.0, 0.0, 0.0, 0.0, 0.0, 0.0, 0.0, 0.0]"
02.02_2014,1,2.02,2014,2014-12-08,C:\Users\ASUS\Desktop\Ders\blg521\data\02.02\2014\K1\1X\02_02-2014_12_08-10_00-K1-1X.jpeg,C:\Users\ASUS\Desktop\Ders\blg521\data\02.02\2014\K1\10X\02_02-2014_12_08-10_00-K1-10X.jpeg,PS0,"[0.0, 1.0, 0.0, 0.0, 0.0, 0.0, 0.0, 0.0, 0.0, 0.0]"
02.02_2014,1,2.02,2014,2014-12-09,C:\Users\ASUS\Desktop\Ders\blg521\data\02.02\2014\K1\1X\02_02-2014_12_09-10_00-K1-1X.jpeg,C:\Users\ASUS\Desktop\Ders\blg521\data\02.02\2014\K1\10X\02_02-2014_12_09-10_00-K1-10X.jpeg,PS0,"[0.0, 1.0, 0.0, 0.0, 0.0, 0.0, 0.0, 0.0, 0.0, 0.0]"
02.02_2014,1,2.02,2014,2014-12-10,C:\Users\ASUS\Desktop\Ders\blg521\data\02.02\2014\K1\1X\02_02-2014_12_10-10_00-K1-1X.jpeg,C:\Users\ASUS\Desktop\Ders\blg521\data\02.02\2014\K1\10X\02_02-2014_12_10-10_00-K1-10X.jpeg,PS0,"[0.0, 1.0, 0.0, 0.0, 0.0, 0.0, 0.0, 0.0, 0.0, 0.0]"
02.02_2014,1,2.02,2014,2014-12-11,C:\Users\ASUS\Desktop\Ders\blg521\data\02.02\2014\K1\1X\02_02-2014_12_11-10_00-K1-1X.jpeg,C:\Users\ASUS\Desktop\Ders\blg521\data\02.02\2014\K1\10X\02_02-2014_12_11-10_00-K1-10X.jpeg,PS0,"[0.0, 1.0, 0.0, 0.0, 0.0, 0.0, 0.0, 0.0, 0.0, 0.0]"
02.02_2014,1,2.02,2014,2014-12-12,C:\Users\ASUS\Desktop\Ders\blg521\data\02.02\2014\K1\1X\02_02-2014_12_12-10_00-K1-1X.jpeg,C:\Users\ASUS\Desktop\Ders\blg521\data\02.02\2014\K1\10X\02_02-2014_12_12-10_00-K1-10X.jpeg,PS0,"[0.0, 1.0, 0.0, 0.0, 0.0, 0.0, 0.0, 0.0, 0.0, 0.0]"
02.02_2014,1,2.02,2014,2014-12-13,C:\Users\ASUS\Desktop\Ders\blg521\data\02.02\2014\K1\1X\02_02-2014_12_13-10_00-K1-1X.jpeg,C:\Users\ASUS\Desktop\Ders\blg521\data\02.02\2014\K1\10X\02_02-2014_12_13-10_00-K1-10X.jpeg,PS0,"[0.0, 1.0, 0.0, 0.0, 0.0, 0.0, 0.0, 0.0, 0.0, 0.0]"
02.02_2014,1,2.02,2014,2014-12-14,C:\Users\ASUS\Desktop\Ders\blg521\data\02.02\2014\K1\1X\02_02-2014_12_14-10_00-K1-1X.jpeg,C:\Users\ASUS\Desktop\Ders\blg521\data\02.02\2014\K1\10X\02_02-2014_12_14-10_00-K1-10X.jpeg,PS0,"[0.0, 1.0, 0.0, 0.0, 0.0, 0.0, 0.0, 0.0, 0.0, 0.0]"
02.02_2014,1,2.02,2014,2014-12-15,C:\Users\ASUS\Desktop\Ders\blg521\data\02.02\2014\K1\1X\02_02-2014_12_15-10_00-K1-1X.jpeg,C:\Users\ASUS\Desktop\Ders\blg521\data\02.02\2014\K1\10X\02_02-2014_12_15-10_00-K1-10X.jpeg,PS0,"[0.0, 1.0, 0.0, 0.0, 0.0, 0.0, 0.0, 0.0, 0.0, 0.0]"
02.02_2014,1,2.02,2014,2014-12-16,C:\Users\ASUS\Desktop\Ders\blg521\data\02.02\2014\K1\1X\02_02-2014_12_16-10_00-K1-1X.jpeg,C:\Users\ASUS\Desktop\Ders\blg521\data\02.02\2014\K1\10X\02_02-2014_12_16-10_00-K1-10X.jpeg,PS0,"[0.0, 1.0, 0.0, 0.0, 0.0, 0.0, 0.0, 0.0, 0.0, 0.0]"
02.02_2014,1,2.02,2014,2014-12-17,C:\Users\ASUS\Desktop\Ders\blg521\data\02.02\2014\K1\1X\02_02-2014_12_17-10_00-K1-1X.jpeg,C:\Users\ASUS\Desktop\Ders\blg521\data\02.02\2014\K1\10X\02_02-2014_12_17-10_00-K1-10X.jpeg,PS0,"[0.0, 1.0, 0.0, 0.0, 0.0, 0.0, 0.0, 0.0, 0.0, 0.0]"
02.02_2014,1,2.02,2014,2014-12-18,C:\Users\ASUS\Desktop\Ders\blg521\data\02.02\2014\K1\1X\02_02-2014_12_18-10_00-K1-1X.jpeg,C:\Users\ASUS\Desktop\Ders\blg521\data\02.02\2014\K1\10X\02_02-2014_12_18-10_00-K1-10X.jpeg,PS0,"[0.0, 1.0, 0.0, 0.0, 0.0, 0.0, 0.0, 0.0, 0.0, 0.0]"
02.02_2014,1,2.02,2014,2014-12-19,C:\Users\ASUS\Desktop\Ders\blg521\data\02.02\2014\K1\1X\02_02-2014_12_19-10_00-K1-1X.jpeg,C:\Users\ASUS\Desktop\Ders\blg521\data\02.02\2014\K1\10X\02_02-2014_12_19-10_00-K1-10X.jpeg,PS0,"[0.0, 1.0, 0.0, 0.0, 0.0, 0.0, 0.0, 0.0, 0.0, 0.0]"
02.02_2014,1,2.02,2014,2014-12-20,C:\Users\ASUS\Desktop\Ders\blg521\data\02.02\2014\K1\1X\02_02-2014_12_20-10_00-K1-1X.jpeg,C:\Users\ASUS\Desktop\Ders\blg521\data\02.02\2014\K1\10X\02_02-2014_12_20-10_00-K1-10X.jpeg,PS0,"[0.0, 1.0, 0.0, 0.0, 0.0, 0.0, 0.0, 0.0, 0.0, 0.0]"
02.02_2014,1,2.02,2014,2014-12-22,C:\Users\ASUS\Desktop\Ders\blg521\data\02.02\2014\K1\1X\02_02-2014_12_22-10_00-K1-1X.jpeg,C:\Users\ASUS\Desktop\Ders\blg521\data\02.02\2014\K1\10X\02_02-2014_12_22-10_00-K1-10X.jpeg,PS0,"[0.0, 1.0, 0.0, 0.0, 0.0, 0.0, 0.0, 0.0, 0.0, 0.0]"
02.02_2014,1,2.02,2014,2014-12-23,C:\Users\ASUS\Desktop\Ders\blg521\data\02.02\2014\K1\1X\02_02-2014_12_23-10_00-K1-1X.jpeg,C:\Users\ASUS\Desktop\Ders\blg521\data\02.02\2014\K1\10X\02_02-2014_12_23-10_00-K1-10X.jpeg,PS0,"[0.0, 0.75, 0.25, 0.0, 0.0, 0.0, 0.0, 0.0, 0.0, 0.0]"
02.02_2014,1,2.02,2014,2014-12-24,C:\Users\ASUS\Desktop\Ders\blg521\data\02.02\2014\K1\1X\02_02-2014_12_24-10_00-K1-1X.jpeg,C:\Users\ASUS\Desktop\Ders\blg521\data\02.02\2014\K1\10X\02_02-2014_12_24-10_00-K1-10X.jpeg,PS0,"[0.0, 0.5, 0.5, 0.0, 0.0, 0.0, 0.0, 0.0, 0.0, 0.0]"
02.02_2014,1,2.02,2014,2014-12-25,C:\Users\ASUS\Desktop\Ders\blg521\data\02.02\2014\K1\1X\02_02-2014_12_25-10_30-K1-1X.jpeg,C:\Users\ASUS\Desktop\Ders\blg521\data\02.02\2014\K1\10X\02_02-2014_12_25-10_30-K1-10X.jpeg,PS1,"[0.0, 0.25, 0.75, 0.0, 0.0, 0.0, 0.0, 0.0, 0.0, 0.0]"
02.02_2014,1,2.02,2014,2014-12-26,C:\Users\ASUS\Desktop\Ders\blg521\data\02.02\2014\K1\1X\02_02-2014_12_26-10_02-K1-1X.jpeg,C:\Users\ASUS\Desktop\Ders\blg521\data\02.02\2014\K1\10X\02_02-2014_12_26-10_02-K1-10X.jpeg,PS1,"[0.0, 0.0, 1.0, 0.0, 0.0, 0.0, 0.0, 0.0, 0.0, 0.0]"
02.02_2014,1,2.02,2014,2014-12-27,C:\Users\ASUS\Desktop\Ders\blg521\data\02.02\2014\K1\1X\02_02-2014_12_27-10_02-K1-1X.jpeg,C:\Users\ASUS\Desktop\Ders\blg521\data\02.02\2014\K1\10X\02_02-2014_12_27-10_02-K1-10X.jpeg,PS1,"[0.0, 0.0, 1.0, 0.0, 0.0, 0.0, 0.0, 0.0, 0.0, 0.0]"
02.02_2014,1,2.02,2014,2014-12-28,C:\Users\ASUS\Desktop\Ders\blg521\data\02.02\2014\K1\1X\02_02-2014_12_28-10_03-K1-1X.jpeg,C:\Users\ASUS\Desktop\Ders\blg521\data\02.02\2014\K1\10X\02_02-2014_12_28-10_03-K1-10X.jpeg,PS1,"[0.0, 0.0, 1.0, 0.0, 0.0, 0.0, 0.0, 0.0, 0.0, 0.0]"
02.02_2014,1,2.02,2014,2014-12-29,C:\Users\ASUS\Desktop\Ders\blg521\data\02.02\2014\K1\1X\02_02-2014_12_29-10_05-K1-1X.jpeg,C:\Users\ASUS\Desktop\Ders\blg521\data\02.02\2014\K1\10X\02_02-2014_12_29-10_05-K1-10X.jpeg,PS1,"[0.0, 0.0, 1.0, 0.0, 0.0, 0.0, 0.0, 0.0, 0.0, 0.0]"
02.02_2014,1,2.02,2014,2014-12-30,C:\Users\ASUS\Desktop\Ders\blg521\data\02.02\2014\K1\1X\02_02-2014_12_30-10_00-K1-1X.jpeg,C:\Users\ASUS\Desktop\Ders\blg521\data\02.02\2014\K1\10X\02_02-2014_12_30-10_05-K1-10X.jpeg,PS1,"[0.0, 0.0, 1.0, 0.0, 0.0, 0.0, 0.0, 0.0, 0.0, 0.0]"
02.02_2014,1,2.02,2014,2014-12-31,C:\Users\ASUS\Desktop\Ders\blg521\data\02.02\2014\K1\1X\02_02-2014_12_31-10_00-K1-1X.jpeg,C:\Users\ASUS\Desktop\Ders\blg521\data\02.02\2014\K1\10X\02_02-2014_12_31-10_00-K1-10X.jpeg,PS1,"[0.0, 0.0, 1.0, 0.0, 0.0, 0.0, 0.0, 0.0, 0.0, 0.0]"
02.03_2013,2,2.03,2013,2013-08-14,C:\Users\ASUS\Desktop\Ders\blg521\data\02.03\2013\K1\1X\02_03-2013_08_14-10_01-K1-1X.jpeg,C:\Users\ASUS\Desktop\Ders\blg521\data\02.03\2013\K1\10X\02_03-2013_08_14-09_59-K1-10X.jpeg,Dormancy,"[1.0, 0.0, 0.0, 0.0, 0.0, 0.0, 0.0, 0.0, 0.0, 0.0]"
02.03_2013,2,2.03,2013,2013-08-23,C:\Users\ASUS\Desktop\Ders\blg521\data\02.03\2013\K1\1X\02_03-2013_08_23-10_16-K1-1X.jpeg,C:\Users\ASUS\Desktop\Ders\blg521\data\02.03\2013\K1\10X\02_03-2013_08_23-10_15-K1-10X.jpeg,Dormancy,"[1.0, 0.0, 0.0, 0.0, 0.0, 0.0, 0.0, 0.0, 0.0, 0.0]"
02.03_2013,2,2.03,2013,2013-09-03,C:\Users\ASUS\Desktop\Ders\blg521\data\02.03\2013\K1\1X\02_03-2013_09_03-10_07-K1-1X.jpeg,C:\Users\ASUS\Desktop\Ders\blg521\data\02.03\2013\K1\10X\02_03-2013_09_03-10_06-K1-10X.jpeg,Dormancy,"[1.0, 0.0, 0.0, 0.0, 0.0, 0.0, 0.0, 0.0, 0.0, 0.0]"
02.03_2013,2,2.03,2013,2013-09-04,C:\Users\ASUS\Desktop\Ders\blg521\data\02.03\2013\K1\1X\02_03-2013_09_04-10_03-K1-1X.jpeg,C:\Users\ASUS\Desktop\Ders\blg521\data\02.03\2013\K1\10X\02_03-2013_09_04-10_02-K1-10X.jpeg,Dormancy,"[1.0, 0.0, 0.0, 0.0, 0.0, 0.0, 0.0, 0.0, 0.0, 0.0]"
02.03_2013,2,2.03,2013,2013-09-05,C:\Users\ASUS\Desktop\Ders\blg521\data\02.03\2013\K1\1X\02_03-2013_09_05-09_53-K1-1X.jpeg,C:\Users\ASUS\Desktop\Ders\blg521\data\02.03\2013\K1\10X\02_03-2013_09_05-09_52-K1-10X.jpeg,Dormancy,"[1.0, 0.0, 0.0, 0.0, 0.0, 0.0, 0.0, 0.0, 0.0, 0.0]"
02.03_2013,2,2.03,2013,2013-09-06,C:\Users\ASUS\Desktop\Ders\blg521\data\02.03\2013\K1\1X\02_03-2013_09_06-10_07-K1-1X.jpeg,C:\Users\ASUS\Desktop\Ders\blg521\data\02.03\2013\K1\10X\02_03-2013_09_06-10_06-K1-10X.jpeg,Dormancy,"[1.0, 0.0, 0.0, 0.0, 0.0, 0.0, 0.0, 0.0, 0.0, 0.0]"
02.03_2013,2,2.03,2013,2013-09-07,C:\Users\ASUS\Desktop\Ders\blg521\data\02.03\2013\K1\1X\02_03-2013_09_07-09_49-K1-1X.jpeg,C:\Users\ASUS\Desktop\Ders\blg521\data\02.03\2013\K1\10X\02_03-2013_09_07-09_49-K1-10X.jpeg,Dormancy,"[1.0, 0.0, 0.0, 0.0, 0.0, 0.0, 0.0, 0.0, 0.0, 0.0]"
02.03_2013,2,2.03,2013,2013-09-08,C:\Users\ASUS\Desktop\Ders\blg521\data\02.03\2013\K1\1X\02_03-2013_09_08-10_06-K1-1X.jpeg,C:\Users\ASUS\Desktop\Ders\blg521\data\02.03\2013\K1\10X\02_03-2013_09_08-10_05-K1-10X.jpeg,Dormancy,"[1.0, 0.0, 0.0, 0.0, 0.0, 0.0, 0.0, 0.0, 0.0, 0.0]"
02.03_2013,2,2.03,2013,2013-09-09,C:\Users\ASUS\Desktop\Ders\blg521\data\02.03\2013\K1\1X\02_03-2013_09_09-09_55-K1-1X.jpeg,C:\Users\ASUS\Desktop\Ders\blg521\data\02.03\2013\K1\10X\02_03-2013_09_09-09_55-K1-10X.jpeg,Dormancy,"[1.0, 0.0, 0.0, 0.0, 0.0, 0.0, 0.0, 0.0, 0.0, 0.0]"
02.03_2013,2,2.03,2013,2013-09-10,C:\Users\ASUS\Desktop\Ders\blg521\data\02.03\2013\K1\1X\02_03-2013_09_10-09_46-K1-1X.jpeg,C:\Users\ASUS\Desktop\Ders\blg521\data\02.03\2013\K1\10X\02_03-2013_09_10-09_44-K1-10X.jpeg,Dormancy,"[1.0, 0.0, 0.0, 0.0, 0.0, 0.0, 0.0, 0.0, 0.0, 0.0]"
02.03_2013,2,2.03,2013,2013-09-11,C:\Users\ASUS\Desktop\Ders\blg521\data\02.03\2013\K1\1X\02_03-2013_09_11-09_59-K1-1X.jpeg,C:\Users\ASUS\Desktop\Ders\blg521\data\02.03\2013\K1\10X\02_03-2013_09_11-09_57-K1-10X.jpeg,Dormancy,"[1.0, 0.0, 0.0, 0.0, 0.0, 0.0, 0.0, 0.0, 0.0, 0.0]"
02.03_2013,2,2.03,2013,2013-09-12,C:\Users\ASUS\Desktop\Ders\blg521\data\02.03\2013\K1\1X\02_03-2013_09_12-09_46-K1-1X.jpeg,C:\Users\ASUS\Desktop\Ders\blg521\data\02.03\2013\K1\10X\02_03-2013_09_12-09_45-K1-10X.jpeg,Dormancy,"[1.0, 0.0, 0.0, 0.0, 0.0, 0.0, 0.0, 0.0, 0.0, 0.0]"
02.03_2013,2,2.03,2013,2013-09-13,C:\Users\ASUS\Desktop\Ders\blg521\data\02.03\2013\K1\1X\02_03-2013_09_13-09_52-K1-1X.jpeg,C:\Users\ASUS\Desktop\Ders\blg521\data\02.03\2013\K1\10X\02_03-2013_09_13-09_50-K1-10X.jpeg,Dormancy,"[1.0, 0.0, 0.0, 0.0, 0.0, 0.0, 0.0, 0.0, 0.0, 0.0]"
02.03_2013,2,2.03,2013,2013-09-14,C:\Users\ASUS\Desktop\Ders\blg521\data\02.03\2013\K1\1X\02_03-2013_09_14-10_07-K1-1X.jpeg,C:\Users\ASUS\Desktop\Ders\blg521\data\02.03\2013\K1\10X\02_03-2013_09_14-10_06-K1-10X.jpeg,Dormancy,"[1.0, 0.0, 0.0, 0.0, 0.0, 0.0, 0.0, 0.0, 0.0, 0.0]"
02.03_2013,2,2.03,2013,2013-09-15,C:\Users\ASUS\Desktop\Ders\blg521\data\02.03\2013\K1\1X\02_03-2013_09_15-09_50-K1-1X.jpeg,C:\Users\ASUS\Desktop\Ders\blg521\data\02.03\2013\K1\10X\02_03-2013_09_15-09_49-K1-10X.jpeg,Dormancy,"[1.0, 0.0, 0.0, 0.0, 0.0, 0.0, 0.0, 0.0, 0.0, 0.0]"
02.03_2013,2,2.03,2013,2013-09-16,C:\Users\ASUS\Desktop\Ders\blg521\data\02.03\2013\K1\1X\02_03-2013_09_16-10_06-K1-1X.jpeg,C:\Users\ASUS\Desktop\Ders\blg521\data\02.03\2013\K1\10X\02_03-2013_09_16-10_04-K1-10X.jpeg,Dormancy,"[1.0, 0.0, 0.0, 0.0, 0.0, 0.0, 0.0, 0.0, 0.0, 0.0]"
02.03_2013,2,2.03,2013,2013-09-19,C:\Users\ASUS\Desktop\Ders\blg521\data\02.03\2013\K1\1X\02_03-2013_09_19-11_01-K1-1X.jpeg,C:\Users\ASUS\Desktop\Ders\blg521\data\02.03\2013\K1\10X\02_03-2013_09_19-10_59-K1-10X.jpeg,Dormancy,"[1.0, 0.0, 0.0, 0.0, 0.0, 0.0, 0.0, 0.0, 0.0, 0.0]"
02.03_2013,2,2.03,2013,2013-09-20,C:\Users\ASUS\Desktop\Ders\blg521\data\02.03\2013\K1\1X\02_03-2013_09_20-10_07-K1-1X.jpeg,C:\Users\ASUS\Desktop\Ders\blg521\data\02.03\2013\K1\10X\02_03-2013_09_20-10_06-K1-10X.jpeg,Dormancy,"[1.0, 0.0, 0.0, 0.0, 0.0, 0.0, 0.0, 0.0, 0.0, 0.0]"
02.03_2013,2,2.03,2013,2013-09-21,C:\Users\ASUS\Desktop\Ders\blg521\data\02.03\2013\K1\1X\02_03-2013_09_21-09_46-K1-1X.jpeg,C:\Users\ASUS\Desktop\Ders\blg521\data\02.03\2013\K1\10X\02_03-2013_09_21-09_44-K1-10X.jpeg,Dormancy,"[1.0, 0.0, 0.0, 0.0, 0.0, 0.0, 0.0, 0.0, 0.0, 0.0]"
02.03_2013,2,2.03,2013,2013-09-22,C:\Users\ASUS\Desktop\Ders\blg521\data\02.03\2013\K1\1X\02_03-2013_09_22-09_55-K1-1X.jpeg,C:\Users\ASUS\Desktop\Ders\blg521\data\02.03\2013\K1\10X\02_03-2013_09_22-09_54-K1-10X.jpeg,Dormancy,"[1.0, 0.0, 0.0, 0.0, 0.0, 0.0, 0.0, 0.0, 0.0, 0.0]"
02.03_2013,2,2.03,2013,2013-09-23,C:\Users\ASUS\Desktop\Ders\blg521\data\02.03\2013\K1\1X\02_03-2013_09_23-10_05-K1-1X.jpeg,C:\Users\ASUS\Desktop\Ders\blg521\data\02.03\2013\K1\10X\02_03-2013_09_23-10_04-K1-10X.jpeg,Dormancy,"[1.0, 0.0, 0.0, 0.0, 0.0, 0.0, 0.0, 0.0, 0.0, 0.0]"
02.03_2013,2,2.03,2013,2013-09-24,C:\Users\ASUS\Desktop\Ders\blg521\data\02.03\2013\K1\1X\02_03-2013_09_24-09_45-K1-1X.jpeg,C:\Users\ASUS\Desktop\Ders\blg521\data\02.03\2013\K1\10X\02_03-2013_09_24-10_16-K1-10X.jpeg,Dormancy,"[1.0, 0.0, 0.0, 0.0, 0.0, 0.0, 0.0, 0.0, 0.0, 0.0]"
02.03_2013,2,2.03,2013,2013-09-25,C:\Users\ASUS\Desktop\Ders\blg521\data\02.03\2013\K1\1X\02_03-2013_09_25-09_56-K1-1X.jpeg,C:\Users\ASUS\Desktop\Ders\blg521\data\02.03\2013\K1\10X\02_03-2013_09_25-09_54-K1-10X.jpeg,Dormancy,"[1.0, 0.0, 0.0, 0.0, 0.0, 0.0, 0.0, 0.0, 0.0, 0.0]"
02.03_2013,2,2.03,2013,2013-09-26,C:\Users\ASUS\Desktop\Ders\blg521\data\02.03\2013\K1\1X\02_03-2013_09_26-10_06-K1-1X.jpeg,C:\Users\ASUS\Desktop\Ders\blg521\data\02.03\2013\K1\10X\02_03-2013_09_26-10_04-K1-10X.jpeg,Dormancy,"[1.0, 0.0, 0.0, 0.0, 0.0, 0.0, 0.0, 0.0, 0.0, 0.0]"
02.03_2013,2,2.03,2013,2013-09-27,C:\Users\ASUS\Desktop\Ders\blg521\data\02.03\2013\K1\1X\02_03-2013_09_27-10_04-K1-1X.jpeg,C:\Users\ASUS\Desktop\Ders\blg521\data\02.03\2013\K1\10X\02_03-2013_09_27-10_01-K1-10X.jpeg,Dormancy,"[1.0, 0.0, 0.0, 0.0, 0.0, 0.0, 0.0, 0.0, 0.0, 0.0]"
02.03_2013,2,2.03,2013,2013-09-28,C:\Users\ASUS\Desktop\Ders\blg521\data\02.03\2013\K1\1X\02_03-2013_09_28-09_51-K1-1X.jpeg,C:\Users\ASUS\Desktop\Ders\blg521\data\02.03\2013\K1\10X\02_03-2013_09_28-09_48-K1-10X.jpeg,Dormancy,"[1.0, 0.0, 0.0, 0.0, 0.0, 0.0, 0.0, 0.0, 0.0, 0.0]"
02.03_2013,2,2.03,2013,2013-09-29,C:\Users\ASUS\Desktop\Ders\blg521\data\02.03\2013\K1\1X\02_03-2013_09_29-10_00-K1-1X.jpeg,C:\Users\ASUS\Desktop\Ders\blg521\data\02.03\2013\K1\10X\02_03-2013_09_29-09_57-K1-10X.jpeg,Dormancy,"[1.0, 0.0, 0.0, 0.0, 0.0, 0.0, 0.0, 0.0, 0.0, 0.0]"
02.03_2013,2,2.03,2013,2013-10-25,C:\Users\ASUS\Desktop\Ders\blg521\data\02.03\2013\K1\1X\02_03-2013_10_25-09_52-K1-1X.jpeg,C:\Users\ASUS\Desktop\Ders\blg521\data\02.03\2013\K1\10X\02_03-2013_10_25-09_52-K1-10X.jpeg,Dormancy,"[1.0, 0.0, 0.0, 0.0, 0.0, 0.0, 0.0, 0.0, 0.0, 0.0]"
02.03_2013,2,2.03,2013,2013-10-26,C:\Users\ASUS\Desktop\Ders\blg521\data\02.03\2013\K1\1X\02_03-2013_10_26-10_09-K1-1X.jpeg,C:\Users\ASUS\Desktop\Ders\blg521\data\02.03\2013\K1\10X\02_03-2013_10_26-10_08-K1-10X.jpeg,Dormancy,"[1.0, 0.0, 0.0, 0.0, 0.0, 0.0, 0.0, 0.0, 0.0, 0.0]"
02.03_2013,2,2.03,2013,2013-10-27,C:\Users\ASUS\Desktop\Ders\blg521\data\02.03\2013\K1\1X\02_03-2013_10_27-09_50-K1-1X.jpeg,C:\Users\ASUS\Desktop\Ders\blg521\data\02.03\2013\K1\10X\02_03-2013_10_27-09_49-K1-10X.jpeg,Dormancy,"[1.0, 0.0, 0.0, 0.0, 0.0, 0.0, 0.0, 0.0, 0.0, 0.0]"
02.03_2013,2,2.03,2013,2013-10-28,C:\Users\ASUS\Desktop\Ders\blg521\data\02.03\2013\K1\1X\02_03-2013_10_28-09_54-K1-1X.jpeg,C:\Users\ASUS\Desktop\Ders\blg521\data\02.03\2013\K1\10X\02_03-2013_10_28-09_53-K1-10X.jpeg,Dormancy,"[1.0, 0.0, 0.0, 0.0, 0.0, 0.0, 0.0, 0.0, 0.0, 0.0]"
02.03_2013,2,2.03,2013,2013-10-31,C:\Users\ASUS\Desktop\Ders\blg521\data\02.03\2013\K1\1X\02_03-2013_10_31-09_53-K1-1X.jpeg,C:\Users\ASUS\Desktop\Ders\blg521\data\02.03\2013\K1\10X\02_03-2013_10_31-09_53-K1-10X.jpeg,Dormancy,"[1.0, 0.0, 0.0, 0.0, 0.0, 0.0, 0.0, 0.0, 0.0, 0.0]"
02.03_2013,2,2.03,2013,2013-11-01,C:\Users\ASUS\Desktop\Ders\blg521\data\02.03\2013\K1\1X\02_03-2013_11_01-09_58-K1-1X.jpeg,C:\Users\ASUS\Desktop\Ders\blg521\data\02.03\2013\K1\10X\02_03-2013_11_01-09_57-K1-10X.jpeg,Dormancy,"[1.0, 0.0, 0.0, 0.0, 0.0, 0.0, 0.0, 0.0, 0.0, 0.0]"
02.03_2013,2,2.03,2013,2013-11-03,C:\Users\ASUS\Desktop\Ders\blg521\data\02.03\2013\K1\1X\02_03-2013_11_03-09_48-K1-1X.jpeg,C:\Users\ASUS\Desktop\Ders\blg521\data\02.03\2013\K1\10X\02_03-2013_11_03-09_48-K1-10X.jpeg,PS0,"[0.0, 1.0, 0.0, 0.0, 0.0, 0.0, 0.0, 0.0, 0.0, 0.0]"
02.03_2013,2,2.03,2013,2013-11-04,C:\Users\ASUS\Desktop\Ders\blg521\data\02.03\2013\K1\1X\02_03-2013_11_04-10_03-K1-1X.jpeg,C:\Users\ASUS\Desktop\Ders\blg521\data\02.03\2013\K1\10X\02_03-2013_11_04-10_02-K1-10X.jpeg,PS0,"[0.0, 1.0, 0.0, 0.0, 0.0, 0.0, 0.0, 0.0, 0.0, 0.0]"
02.03_2013,2,2.03,2013,2013-11-05,C:\Users\ASUS\Desktop\Ders\blg521\data\02.03\2013\K1\1X\02_03-2013_11_05-09_48-K1-1X.jpeg,C:\Users\ASUS\Desktop\Ders\blg521\data\02.03\2013\K1\10X\02_03-2013_11_05-10_19-K1-10X.jpeg,PS0,"[0.0, 1.0, 0.0, 0.0, 0.0, 0.0, 0.0, 0.0, 0.0, 0.0]"
02.03_2013,2,2.03,2013,2013-11-06,C:\Users\ASUS\Desktop\Ders\blg521\data\02.03\2013\K1\1X\02_03-2013_11_06-10_03-K1-1X.jpeg,C:\Users\ASUS\Desktop\Ders\blg521\data\02.03\2013\K1\10X\02_03-2013_11_06-10_02-K1-10X.jpeg,PS0,"[0.0, 1.0, 0.0, 0.0, 0.0, 0.0, 0.0, 0.0, 0.0, 0.0]"
02.03_2013,2,2.03,2013,2013-11-07,C:\Users\ASUS\Desktop\Ders\blg521\data\02.03\2013\K1\1X\02_03-2013_11_07-09_46-K1-1X.jpeg,,PS0,"[0.0, 1.0, 0.0, 0.0, 0.0, 0.0, 0.0, 0.0, 0.0, 0.0]"
02.03_2013,2,2.03,2013,2013-11-08,C:\Users\ASUS\Desktop\Ders\blg521\data\02.03\2013\K1\1X\02_03-2013_11_08-09_58-K1-1X.jpeg,C:\Users\ASUS\Desktop\Ders\blg521\data\02.03\2013\K1\10X\02_03-2013_11_08-09_57-K1-10X.jpeg,PS0,"[0.0, 1.0, 0.0, 0.0, 0.0, 0.0, 0.0, 0.0, 0.0, 0.0]"
02.03_2013,2,2.03,2013,2013-11-09,C:\Users\ASUS\Desktop\Ders\blg521\data\02.03\2013\K1\1X\02_03-2013_11_09-10_09-K1-1X.jpeg,C:\Users\ASUS\Desktop\Ders\blg521\data\02.03\2013\K1\10X\02_03-2013_11_09-10_08-K1-10X.jpeg,PS0,"[0.0, 1.0, 0.0, 0.0, 0.0, 0.0, 0.0, 0.0, 0.0, 0.0]"
02.03_2013,2,2.03,2013,2013-11-11,C:\Users\ASUS\Desktop\Ders\blg521\data\02.03\2013\K1\1X\02_03-2013_11_11-09_53-K1-1X.jpeg,C:\Users\ASUS\Desktop\Ders\blg521\data\02.03\2013\K1\10X\02_03-2013_11_11-09_52-K1-10X.jpeg,PS0,"[0.0, 1.0, 0.0, 0.0, 0.0, 0.0, 0.0, 0.0, 0.0, 0.0]"
02.03_2013,2,2.03,2013,2013-11-12,C:\Users\ASUS\Desktop\Ders\blg521\data\02.03\2013\K1\1X\02_03-2013_11_12-10_04-K1-1X.jpeg,C:\Users\ASUS\Desktop\Ders\blg521\data\02.03\2013\K1\10X\02_03-2013_11_12-10_03-K1-10X.jpeg,PS0,"[0.0, 1.0, 0.0, 0.0, 0.0, 0.0, 0.0, 0.0, 0.0, 0.0]"
02.03_2013,2,2.03,2013,2013-11-13,C:\Users\ASUS\Desktop\Ders\blg521\data\02.03\2013\K1\1X\02_03-2013_11_13-09_46-K1-1X.jpeg,C:\Users\ASUS\Desktop\Ders\blg521\data\02.03\2013\K1\10X\02_03-2013_11_13-09_45-K1-10X.jpeg,PS0,"[0.0, 1.0, 0.0, 0.0, 0.0, 0.0, 0.0, 0.0, 0.0, 0.0]"
02.03_2013,2,2.03,2013,2013-11-14,C:\Users\ASUS\Desktop\Ders\blg521\data\02.03\2013\K1\1X\02_03-2013_11_14-10_01-K1-1X.jpeg,C:\Users\ASUS\Desktop\Ders\blg521\data\02.03\2013\K1\10X\02_03-2013_11_14-10_00-K1-10X.jpeg,PS0,"[0.0, 1.0, 0.0, 0.0, 0.0, 0.0, 0.0, 0.0, 0.0, 0.0]"
02.03_2013,2,2.03,2013,2013-11-15,C:\Users\ASUS\Desktop\Ders\blg521\data\02.03\2013\K1\1X\02_03-2013_11_15-10_08-K1-1X.jpeg,C:\Users\ASUS\Desktop\Ders\blg521\data\02.03\2013\K1\10X\02_03-2013_11_15-10_07-K1-10X.jpeg,PS0,"[0.0, 1.0, 0.0, 0.0, 0.0, 0.0, 0.0, 0.0, 0.0, 0.0]"
02.03_2013,2,2.03,2013,2013-11-17,C:\Users\ASUS\Desktop\Ders\blg521\data\02.03\2013\K1\1X\02_03-2013_11_17-10_06-K1-1X.jpeg,C:\Users\ASUS\Desktop\Ders\blg521\data\02.03\2013\K1\10X\02_03-2013_11_17-10_05-K1-10X.jpeg,PS0,"[0.0, 0.5, 0.5, 0.0, 0.0, 0.0, 0.0, 0.0, 0.0, 0.0]"
02.03_2013,2,2.03,2013,2013-11-18,C:\Users\ASUS\Desktop\Ders\blg521\data\02.03\2013\K1\1X\02_03-2013_11_18-09_49-K1-1X.jpeg,C:\Users\ASUS\Desktop\Ders\blg521\data\02.03\2013\K1\10X\02_03-2013_11_18-09_48-K1-10X.jpeg,PS1,"[0.0, 0.25, 0.75, 0.0, 0.0, 0.0, 0.0, 0.0, 0.0, 0.0]"
02.03_2013,2,2.03,2013,2013-11-19,C:\Users\ASUS\Desktop\Ders\blg521\data\02.03\2013\K1\1X\02_03-2013_11_19-10_04-K1-1X.jpeg,C:\Users\ASUS\Desktop\Ders\blg521\data\02.03\2013\K1\10X\02_03-2013_11_19-10_03-K1-10X.jpeg,PS1,"[0.0, 0.0, 1.0, 0.0, 0.0, 0.0, 0.0, 0.0, 0.0, 0.0]"
02.03_2013,2,2.03,2013,2013-11-21,C:\Users\ASUS\Desktop\Ders\blg521\data\02.03\2013\K1\1X\02_03-2013_11_21-10_16-K1-1X.jpeg,C:\Users\ASUS\Desktop\Ders\blg521\data\02.03\2013\K1\10X\02_03-2013_11_21-10_15-K1-10X.jpeg,PS1,"[0.0, 0.0, 1.0, 0.0, 0.0, 0.0, 0.0, 0.0, 0.0, 0.0]"
02.03_2013,2,2.03,2013,2013-11-22,C:\Users\ASUS\Desktop\Ders\blg521\data\02.03\2013\K1\1X\02_03-2013_11_22-10_15-K1-1X.jpeg,C:\Users\ASUS\Desktop\Ders\blg521\data\02.03\2013\K1\10X\02_03-2013_11_22-10_14-K1-10X.jpeg,PS1,"[0.0, 0.0, 1.0, 0.0, 0.0, 0.0, 0.0, 0.0, 0.0, 0.0]"
02.03_2013,2,2.03,2013,2013-11-24,C:\Users\ASUS\Desktop\Ders\blg521\data\02.03\2013\K1\1X\02_03-2013_11_24-10_12-K1-1X.jpeg,C:\Users\ASUS\Desktop\Ders\blg521\data\02.03\2013\K1\10X\02_03-2013_11_24-10_11-K1-10X.jpeg,PS1,"[0.0, 0.0, 1.0, 0.0, 0.0, 0.0, 0.0, 0.0, 0.0, 0.0]"
02.03_2013,2,2.03,2013,2013-11-25,C:\Users\ASUS\Desktop\Ders\blg521\data\02.03\2013\K1\1X\02_03-2013_11_25-10_08-K1-1X.jpeg,C:\Users\ASUS\Desktop\Ders\blg521\data\02.03\2013\K1\10X\02_03-2013_11_25-10_07-K1-10X.jpeg,PS1,"[0.0, 0.0, 1.0, 0.0, 0.0, 0.0, 0.0, 0.0, 0.0, 0.0]"
02.03_2013,2,2.03,2013,2013-11-26,C:\Users\ASUS\Desktop\Ders\blg521\data\02.03\2013\K1\1X\02_03-2013_11_26-09_45-K1-1X.jpeg,C:\Users\ASUS\Desktop\Ders\blg521\data\02.03\2013\K1\10X\02_03-2013_11_26-10_16-K1-10X.jpeg,PS1,"[0.0, 0.0, 1.0, 0.0, 0.0, 0.0, 0.0, 0.0, 0.0, 0.0]"
02.03_2013,2,2.03,2013,2013-11-27,C:\Users\ASUS\Desktop\Ders\blg521\data\02.03\2013\K1\1X\02_03-2013_11_27-09_58-K1-1X.jpeg,C:\Users\ASUS\Desktop\Ders\blg521\data\02.03\2013\K1\10X\02_03-2013_11_27-09_57-K1-10X.jpeg,PS1,"[0.0, 0.0, 1.0, 0.0, 0.0, 0.0, 0.0, 0.0, 0.0, 0.0]"
02.03_2013,2,2.03,2013,2013-11-30,C:\Users\ASUS\Desktop\Ders\blg521\data\02.03\2013\K1\1X\02_03-2013_11_30-10_02-K1-1X.jpeg,C:\Users\ASUS\Desktop\Ders\blg521\data\02.03\2013\K1\10X\02_03-2013_11_30-10_00-K1-10X.jpeg,PS1,"[0.0, 0.0, 1.0, 0.0, 0.0, 0.0, 0.0, 0.0, 0.0, 0.0]"
02.03_2013,2,2.03,2013,2013-12-02,C:\Users\ASUS\Desktop\Ders\blg521\data\02.03\2013\K1\1X\02_03-2013_12_02-09_55-K1-1X.jpeg,C:\Users\ASUS\Desktop\Ders\blg521\data\02.03\2013\K1\10X\02_03-2013_12_02-09_54-K1-10X.jpeg,PS1,"[0.0, 0.0, 1.0, 0.0, 0.0, 0.0, 0.0, 0.0, 0.0, 0.0]"
02.03_2013,2,2.03,2013,2013-12-04,C:\Users\ASUS\Desktop\Ders\blg521\data\02.03\2013\K1\1X\02_03-2013_12_04-10_16-K1-1X.jpeg,C:\Users\ASUS\Desktop\Ders\blg521\data\02.03\2013\K1\10X\02_03-2013_12_04-10_14-K1-10X.jpeg,PS1,"[0.0, 0.0, 1.0, 0.0, 0.0, 0.0, 0.0, 0.0, 0.0, 0.0]"
02.03_2013,2,2.03,2013,2013-12-05,C:\Users\ASUS\Desktop\Ders\blg521\data\02.03\2013\K1\1X\02_03-2013_12_05-09_45-K1-1X.jpeg,C:\Users\ASUS\Desktop\Ders\blg521\data\02.03\2013\K1\10X\02_03-2013_12_05-10_16-K1-10X.jpeg,PS1,"[0.0, 0.0, 1.0, 0.0, 0.0, 0.0, 0.0, 0.0, 0.0, 0.0]"
02.03_2013,2,2.03,2013,2013-12-07,C:\Users\ASUS\Desktop\Ders\blg521\data\02.03\2013\K1\1X\02_03-2013_12_07-09_58-K1-1X.jpeg,C:\Users\ASUS\Desktop\Ders\blg521\data\02.03\2013\K1\10X\02_03-2013_12_07-09_57-K1-10X.jpeg,PS1,"[0.0, 0.0, 1.0, 0.0, 0.0, 0.0, 0.0, 0.0, 0.0, 0.0]"
02.03_2013,2,2.03,2013,2013-12-08,C:\Users\ASUS\Desktop\Ders\blg521\data\02.03\2013\K1\1X\02_03-2013_12_08-09_52-K1-1X.jpeg,C:\Users\ASUS\Desktop\Ders\blg521\data\02.03\2013\K1\10X\02_03-2013_12_08-09_50-K1-10X.jpeg,PS1,"[0.0, 0.0, 1.0, 0.0, 0.0, 0.0, 0.0, 0.0, 0.0, 0.0]"
02.03_2013,2,2.03,2013,2013-12-09,C:\Users\ASUS\Desktop\Ders\blg521\data\02.03\2013\K1\1X\02_03-2013_12_09-09_50-K1-1X.jpeg,C:\Users\ASUS\Desktop\Ders\blg521\data\02.03\2013\K1\10X\02_03-2013_12_09-09_48-K1-10X.jpeg,PS1,"[0.0, 0.0, 1.0, 0.0, 0.0, 0.0, 0.0, 0.0, 0.0, 0.0]"
02.03_2013,2,2.03,2013,2013-12-11,C:\Users\ASUS\Desktop\Ders\blg521\data\02.03\2013\K1\1X\02_03-2013_12_11-10_16-K1-1X.jpeg,C:\Users\ASUS\Desktop\Ders\blg521\data\02.03\2013\K1\10X\02_03-2013_12_11-10_15-K1-10X.jpeg,PS1,"[0.0, 0.0, 1.0, 0.0, 0.0, 0.0, 0.0, 0.0, 0.0, 0.0]"
02.03_2013,2,2.03,2013,2013-12-12,C:\Users\ASUS\Desktop\Ders\blg521\data\02.03\2013\K1\1X\02_03-2013_12_12-10_12-K1-1X.jpeg,C:\Users\ASUS\Desktop\Ders\blg521\data\02.03\2013\K1\10X\02_03-2013_12_12-10_11-K1-10X.jpeg,PS1,"[0.0, 0.0, 1.0, 0.0, 0.0, 0.0, 0.0, 0.0, 0.0, 0.0]"
02.03_2013,2,2.03,2013,2013-12-13,C:\Users\ASUS\Desktop\Ders\blg521\data\02.03\2013\K1\1X\02_03-2013_12_13-09_58-K1-1X.jpeg,C:\Users\ASUS\Desktop\Ders\blg521\data\02.03\2013\K1\10X\02_03-2013_12_13-09_56-K1-10X.jpeg,PS1,"[0.0, 0.0, 1.0, 0.0, 0.0, 0.0, 0.0, 0.0, 0.0, 0.0]"
02.03_2013,2,2.03,2013,2013-12-14,C:\Users\ASUS\Desktop\Ders\blg521\data\02.03\2013\K1\1X\02_03-2013_12_14-11_35-K1-1X.jpeg,C:\Users\ASUS\Desktop\Ders\blg521\data\02.03\2013\K1\10X\02_03-2013_12_14-11_34-K1-10X.jpeg,PS1,"[0.0, 0.0, 1.0, 0.0, 0.0, 0.0, 0.0, 0.0, 0.0, 0.0]"
02.03_2013,2,2.03,2013,2013-12-15,C:\Users\ASUS\Desktop\Ders\blg521\data\02.03\2013\K1\1X\02_03-2013_12_15-10_10-K1-1X.jpeg,C:\Users\ASUS\Desktop\Ders\blg521\data\02.03\2013\K1\10X\02_03-2013_12_15-10_08-K1-10X.jpeg,PS1,"[0.0, 0.0, 1.0, 0.0, 0.0, 0.0, 0.0, 0.0, 0.0, 0.0]"
02.03_2013,2,2.03,2013,2013-12-16,C:\Users\ASUS\Desktop\Ders\blg521\data\02.03\2013\K1\1X\02_03-2013_12_16-10_08-K1-1X.jpeg,C:\Users\ASUS\Desktop\Ders\blg521\data\02.03\2013\K1\10X\02_03-2013_12_16-10_07-K1-10X.jpeg,PS1,"[0.0, 0.0, 1.0, 0.0, 0.0, 0.0, 0.0, 0.0, 0.0, 0.0]"
02.03_2013,2,2.03,2013,2013-12-17,C:\Users\ASUS\Desktop\Ders\blg521\data\02.03\2013\K1\1X\02_03-2013_12_17-10_06-K1-1X.jpeg,C:\Users\ASUS\Desktop\Ders\blg521\data\02.03\2013\K1\10X\02_03-2013_12_17-10_04-K1-10X.jpeg,PS1,"[0.0, 0.0, 1.0, 0.0, 0.0, 0.0, 0.0, 0.0, 0.0, 0.0]"
02.03_2013,2,2.03,2013,2013-12-18,C:\Users\ASUS\Desktop\Ders\blg521\data\02.03\2013\K1\1X\02_03-2013_12_18-10_04-K1-1X.jpeg,C:\Users\ASUS\Desktop\Ders\blg521\data\02.03\2013\K1\10X\02_03-2013_12_18-10_02-K1-10X.jpeg,PS1,"[0.0, 0.0, 1.0, 0.0, 0.0, 0.0, 0.0, 0.0, 0.0, 0.0]"
02.03_2013,2,2.03,2013,2013-12-19,C:\Users\ASUS\Desktop\Ders\blg521\data\02.03\2013\K1\1X\02_03-2013_12_19-10_59-K1-1X.jpeg,C:\Users\ASUS\Desktop\Ders\blg521\data\02.03\2013\K1\10X\02_03-2013_12_19-10_58-K1-10X.jpeg,PS1,"[0.0, 0.0, 1.0, 0.0, 0.0, 0.0, 0.0, 0.0, 0.0, 0.0]"
02.03_2013,2,2.03,2013,2013-12-20,C:\Users\ASUS\Desktop\Ders\blg521\data\02.03\2013\K1\1X\02_03-2013_12_20-10_04-K1-1X.jpeg,C:\Users\ASUS\Desktop\Ders\blg521\data\02.03\2013\K1\10X\02_03-2013_12_20-10_02-K1-10X.jpeg,PS1,"[0.0, 0.0, 1.0, 0.0, 0.0, 0.0, 0.0, 0.0, 0.0, 0.0]"
02.03_2013,2,2.03,2013,2013-12-23,C:\Users\ASUS\Desktop\Ders\blg521\data\02.03\2013\K1\1X\02_03-2013_12_23-09_52-K1-1X.jpeg,C:\Users\ASUS\Desktop\Ders\blg521\data\02.03\2013\K1\10X\02_03-2013_12_23-09_51-K1-10X.jpeg,PS1,"[0.0, 0.0, 1.0, 0.0, 0.0, 0.0, 0.0, 0.0, 0.0, 0.0]"
02.03_2013,2,2.03,2013,2013-12-24,C:\Users\ASUS\Desktop\Ders\blg521\data\02.03\2013\K1\1X\02_03-2013_12_24-09_52-K1-1X.jpeg,C:\Users\ASUS\Desktop\Ders\blg521\data\02.03\2013\K1\10X\02_03-2013_12_24-09_50-K1-10X.jpeg,PS1,"[0.0, 0.0, 1.0, 0.0, 0.0, 0.0, 0.0, 0.0, 0.0, 0.0]"
02.03_2013,2,2.03,2013,2013-12-25,C:\Users\ASUS\Desktop\Ders\blg521\data\02.03\2013\K1\1X\02_03-2013_12_25-10_50-K1-1X.jpeg,C:\Users\ASUS\Desktop\Ders\blg521\data\02.03\2013\K1\10X\02_03-2013_12_25-10_48-K1-10X.jpeg,PS1,"[0.0, 0.0, 1.0, 0.0, 0.0, 0.0, 0.0, 0.0, 0.0, 0.0]"
02.03_2013,2,2.03,2013,2013-12-26,C:\Users\ASUS\Desktop\Ders\blg521\data\02.03\2013\K1\1X\02_03-2013_12_26-10_01-K1-1X.jpeg,C:\Users\ASUS\Desktop\Ders\blg521\data\02.03\2013\K1\10X\02_03-2013_12_26-09_59-K1-10X.jpeg,PS1,"[0.0, 0.0, 1.0, 0.0, 0.0, 0.0, 0.0, 0.0, 0.0, 0.0]"
02.03_2013,2,2.03,2013,2013-12-28,C:\Users\ASUS\Desktop\Ders\blg521\data\02.03\2013\K1\1X\02_03-2013_12_28-11_02-K1-1X.jpeg,C:\Users\ASUS\Desktop\Ders\blg521\data\02.03\2013\K1\10X\02_03-2013_12_28-11_01-K1-10X.jpeg,PS1,"[0.0, 0.0, 1.0, 0.0, 0.0, 0.0, 0.0, 0.0, 0.0, 0.0]"
02.03_2013,2,2.03,2013,2013-12-29,C:\Users\ASUS\Desktop\Ders\blg521\data\02.03\2013\K1\1X\02_03-2013_12_29-11_07-K1-1X.jpeg,C:\Users\ASUS\Desktop\Ders\blg521\data\02.03\2013\K1\10X\02_03-2013_12_29-11_06-K1-10X.jpeg,PS1,"[0.0, 0.0, 1.0, 0.0, 0.0, 0.0, 0.0, 0.0, 0.0, 0.0]"
02.03_2013,2,2.03,2013,2013-12-30,C:\Users\ASUS\Desktop\Ders\blg521\data\02.03\2013\K1\1X\02_03-2013_12_30-09_52-K1-1X.jpeg,C:\Users\ASUS\Desktop\Ders\blg521\data\02.03\2013\K1\10X\02_03-2013_12_30-09_51-K1-10X.jpeg,PS1,"[0.0, 0.0, 1.0, 0.0, 0.0, 0.0, 0.0, 0.0, 0.0, 0.0]"
02.03_2013,2,2.03,2013,2013-12-31,C:\Users\ASUS\Desktop\Ders\blg521\data\02.03\2013\K1\1X\02_03-2013_12_31-11_51-K1-1X.jpeg,C:\Users\ASUS\Desktop\Ders\blg521\data\02.03\2013\K1\10X\02_03-2013_12_31-11_50-K1-10X.jpeg,PS1,"[0.0, 0.0, 1.0, 0.0, 0.0, 0.0, 0.0, 0.0, 0.0, 0.0]"
02.03_2014,3,2.03,2014,2014-08-18,C:\Users\ASUS\Desktop\Ders\blg521\data\02.03\2014\K1\1X\02_03-2014_08_18-10_00-K1-1X.jpeg,C:\Users\ASUS\Desktop\Ders\blg521\data\02.03\2014\K1\10X\02_03-2014_08_18-10_00-K1-10X.jpeg,Dormancy,"[1.0, 0.0, 0.0, 0.0, 0.0, 0.0, 0.0, 0.0, 0.0, 0.0]"
02.03_2014,3,2.03,2014,2014-08-19,C:\Users\ASUS\Desktop\Ders\blg521\data\02.03\2014\K1\1X\02_03-2014_08_19-10_00-K1-1X.jpeg,C:\Users\ASUS\Desktop\Ders\blg521\data\02.03\2014\K1\10X\02_03-2014_08_19-10_00-K1-10X.jpeg,Dormancy,"[1.0, 0.0, 0.0, 0.0, 0.0, 0.0, 0.0, 0.0, 0.0, 0.0]"
02.03_2014,3,2.03,2014,2014-08-20,C:\Users\ASUS\Desktop\Ders\blg521\data\02.03\2014\K1\1X\02_03-2014_08_20-10_00-K1-1X.jpeg,C:\Users\ASUS\Desktop\Ders\blg521\data\02.03\2014\K1\10X\02_03-2014_08_20-10_00-K1-10X.jpeg,Dormancy,"[1.0, 0.0, 0.0, 0.0, 0.0, 0.0, 0.0, 0.0, 0.0, 0.0]"
02.03_2014,3,2.03,2014,2014-08-21,C:\Users\ASUS\Desktop\Ders\blg521\data\02.03\2014\K1\1X\02_03-2014_08_21-10_00-K1-1X.jpeg,C:\Users\ASUS\Desktop\Ders\blg521\data\02.03\2014\K1\10X\02_03-2014_08_21-10_00-K1-10X.jpeg,Dormancy,"[1.0, 0.0, 0.0, 0.0, 0.0, 0.0, 0.0, 0.0, 0.0, 0.0]"
02.03_2014,3,2.03,2014,2014-08-22,C:\Users\ASUS\Desktop\Ders\blg521\data\02.03\2014\K1\1X\02_03-2014_08_22-09_01-K1-1X.jpeg,C:\Users\ASUS\Desktop\Ders\blg521\data\02.03\2014\K1\10X\02_03-2014_08_22-09_00-K1-10X.jpeg,Dormancy,"[1.0, 0.0, 0.0, 0.0, 0.0, 0.0, 0.0, 0.0, 0.0, 0.0]"
02.03_2014,3,2.03,2014,2014-08-23,C:\Users\ASUS\Desktop\Ders\blg521\data\02.03\2014\K1\1X\02_03-2014_08_23-10_00-K1-1X.jpeg,C:\Users\ASUS\Desktop\Ders\blg521\data\02.03\2014\K1\10X\02_03-2014_08_23-10_00-K1-10X.jpeg,Dormancy,"[1.0, 0.0, 0.0, 0.0, 0.0, 0.0, 0.0, 0.0, 0.0, 0.0]"
02.03_2014,3,2.03,2014,2014-08-24,C:\Users\ASUS\Desktop\Ders\blg521\data\02.03\2014\K1\1X\02_03-2014_08_24-09_30-K1-1X.jpeg,C:\Users\ASUS\Desktop\Ders\blg521\data\02.03\2014\K1\10X\02_03-2014_08_24-09_30-K1-10X.jpeg,Dormancy,"[1.0, 0.0, 0.0, 0.0, 0.0, 0.0, 0.0, 0.0, 0.0, 0.0]"
02.03_2014,3,2.03,2014,2014-08-25,C:\Users\ASUS\Desktop\Ders\blg521\data\02.03\2014\K1\1X\02_03-2014_08_25-09_30-K1-1X.jpeg,C:\Users\ASUS\Desktop\Ders\blg521\data\02.03\2014\K1\10X\02_03-2014_08_25-09_30-K1-10X.jpeg,Dormancy,"[1.0, 0.0, 0.0, 0.0, 0.0, 0.0, 0.0, 0.0, 0.0, 0.0]"
02.03_2014,3,2.03,2014,2014-08-26,C:\Users\ASUS\Desktop\Ders\blg521\data\02.03\2014\K1\1X\02_03-2014_08_26-10_00-K1-1X.jpeg,C:\Users\ASUS\Desktop\Ders\blg521\data\02.03\2014\K1\10X\02_03-2014_08_26-10_00-K1-10X.jpeg,Dormancy,"[1.0, 0.0, 0.0, 0.0, 0.0, 0.0, 0.0, 0.0, 0.0, 0.0]"
02.03_2014,3,2.03,2014,2014-08-28,C:\Users\ASUS\Desktop\Ders\blg521\data\02.03\2014\K1\1X\02_03-2014_08_28-10_00-K1-1X.jpeg,C:\Users\ASUS\Desktop\Ders\blg521\data\02.03\2014\K1\10X\02_03-2014_08_28-10_00-K1-10X.jpeg,Dormancy,"[1.0, 0.0, 0.0, 0.0, 0.0, 0.0, 0.0, 0.0, 0.0, 0.0]"
02.03_2014,3,2.03,2014,2014-08-29,C:\Users\ASUS\Desktop\Ders\blg521\data\02.03\2014\K1\1X\02_03-2014_08_29-09_30-K1-1X.jpeg,C:\Users\ASUS\Desktop\Ders\blg521\data\02.03\2014\K1\10X\02_03-2014_08_29-09_30-K1-10X.jpeg,Dormancy,"[1.0, 0.0, 0.0, 0.0, 0.0, 0.0, 0.0, 0.0, 0.0, 0.0]"
02.03_2014,3,2.03,2014,2014-08-30,C:\Users\ASUS\Desktop\Ders\blg521\data\02.03\2014\K1\1X\02_03-2014_08_30-10_00-K1-1X.jpeg,C:\Users\ASUS\Desktop\Ders\blg521\data\02.03\2014\K1\10X\02_03-2014_08_30-10_00-K1-10X.jpeg,Dormancy,"[1.0, 0.0, 0.0, 0.0, 0.0, 0.0, 0.0, 0.0, 0.0, 0.0]"
02.03_2014,3,2.03,2014,2014-08-31,C:\Users\ASUS\Desktop\Ders\blg521\data\02.03\2014\K1\1X\02_03-2014_08_31-10_00-K1-1X.jpeg,C:\Users\ASUS\Desktop\Ders\blg521\data\02.03\2014\K1\10X\02_03-2014_08_31-10_00-K1-10X.jpeg,Dormancy,"[1.0, 0.0, 0.0, 0.0, 0.0, 0.0, 0.0, 0.0, 0.0, 0.0]"
02.03_2014,3,2.03,2014,2014-09-01,C:\Users\ASUS\Desktop\Ders\blg521\data\02.03\2014\K1\1X\02_03-2014_09_01-10_00-K1-1X.jpeg,C:\Users\ASUS\Desktop\Ders\blg521\data\02.03\2014\K1\10X\02_03-2014_09_01-10_00-K1-10X.jpeg,Dormancy,"[1.0, 0.0, 0.0, 0.0, 0.0, 0.0, 0.0, 0.0, 0.0, 0.0]"
02.03_2014,3,2.03,2014,2014-09-02,C:\Users\ASUS\Desktop\Ders\blg521\data\02.03\2014\K1\1X\02_03-2014_09_02-10_00-K1-1X.jpeg,C:\Users\ASUS\Desktop\Ders\blg521\data\02.03\2014\K1\10X\02_03-2014_09_02-10_00-K1-10X.jpeg,Dormancy,"[1.0, 0.0, 0.0, 0.0, 0.0, 0.0, 0.0, 0.0, 0.0, 0.0]"
02.03_2014,3,2.03,2014,2014-09-03,C:\Users\ASUS\Desktop\Ders\blg521\data\02.03\2014\K1\1X\02_03-2014_09_03-10_00-K1-1X.jpeg,C:\Users\ASUS\Desktop\Ders\blg521\data\02.03\2014\K1\10X\02_03-2014_09_03-10_00-K1-10X.jpeg,Dormancy,"[1.0, 0.0, 0.0, 0.0, 0.0, 0.0, 0.0, 0.0, 0.0, 0.0]"
02.03_2014,3,2.03,2014,2014-09-04,C:\Users\ASUS\Desktop\Ders\blg521\data\02.03\2014\K1\1X\02_03-2014_09_04-10_00-K1-1X.jpeg,C:\Users\ASUS\Desktop\Ders\blg521\data\02.03\2014\K1\10X\02_03-2014_09_04-10_00-K1-10X.jpeg,Dormancy,"[1.0, 0.0, 0.0, 0.0, 0.0, 0.0, 0.0, 0.0, 0.0, 0.0]"
02.03_2014,3,2.03,2014,2014-09-05,C:\Users\ASUS\Desktop\Ders\blg521\data\02.03\2014\K1\1X\02_03-2014_09_05-10_00-K1-1X.jpeg,C:\Users\ASUS\Desktop\Ders\blg521\data\02.03\2014\K1\10X\02_03-2014_09_05-10_00-K1-10X.jpeg,Dormancy,"[1.0, 0.0, 0.0, 0.0, 0.0, 0.0, 0.0, 0.0, 0.0, 0.0]"
02.03_2014,3,2.03,2014,2014-09-06,C:\Users\ASUS\Desktop\Ders\blg521\data\02.03\2014\K1\1X\02_03-2014_09_06-09_00-K1-1X.jpeg,C:\Users\ASUS\Desktop\Ders\blg521\data\02.03\2014\K1\10X\02_03-2014_09_06-09_00-K1-10X.jpeg,Dormancy,"[1.0, 0.0, 0.0, 0.0, 0.0, 0.0, 0.0, 0.0, 0.0, 0.0]"
02.03_2014,3,2.03,2014,2014-09-07,C:\Users\ASUS\Desktop\Ders\blg521\data\02.03\2014\K1\1X\02_03-2014_09_07-10_00-K1-1X.jpeg,C:\Users\ASUS\Desktop\Ders\blg521\data\02.03\2014\K1\10X\02_03-2014_09_07-10_00-K1-10X.jpeg,Dormancy,"[1.0, 0.0, 0.0, 0.0, 0.0, 0.0, 0.0, 0.0, 0.0, 0.0]"
02.03_2014,3,2.03,2014,2014-09-08,C:\Users\ASUS\Desktop\Ders\blg521\data\02.03\2014\K1\1X\02_03-2014_09_08-11_11-K1-1X.jpeg,C:\Users\ASUS\Desktop\Ders\blg521\data\02.03\2014\K1\10X\02_03-2014_09_08-11_11-K1-10X.jpeg,Dormancy,"[1.0, 0.0, 0.0, 0.0, 0.0, 0.0, 0.0, 0.0, 0.0, 0.0]"
02.03_2014,3,2.03,2014,2014-09-09,C:\Users\ASUS\Desktop\Ders\blg521\data\02.03\2014\K1\1X\02_03-2014_09_09-09_30-K1-1X.jpeg,C:\Users\ASUS\Desktop\Ders\blg521\data\02.03\2014\K1\10X\02_03-2014_09_09-09_30-K1-10X.jpeg,Dormancy,"[1.0, 0.0, 0.0, 0.0, 0.0, 0.0, 0.0, 0.0, 0.0, 0.0]"
02.03_2014,3,2.03,2014,2014-09-10,C:\Users\ASUS\Desktop\Ders\blg521\data\02.03\2014\K1\1X\02_03-2014_09_10-11_20-K1-1X.jpeg,C:\Users\ASUS\Desktop\Ders\blg521\data\02.03\2014\K1\10X\02_03-2014_09_10-11_20-K1-10X.jpeg,Dormancy,"[1.0, 0.0, 0.0, 0.0, 0.0, 0.0, 0.0, 0.0, 0.0, 0.0]"
02.03_2014,3,2.03,2014,2014-09-11,C:\Users\ASUS\Desktop\Ders\blg521\data\02.03\2014\K1\1X\02_03-2014_09_11-10_00-K1-1X.jpeg,C:\Users\ASUS\Desktop\Ders\blg521\data\02.03\2014\K1\10X\02_03-2014_09_11-10_00-K1-10X.jpeg,Dormancy,"[1.0, 0.0, 0.0, 0.0, 0.0, 0.0, 0.0, 0.0, 0.0, 0.0]"
02.03_2014,3,2.03,2014,2014-09-12,C:\Users\ASUS\Desktop\Ders\blg521\data\02.03\2014\K1\1X\02_03-2014_09_12-11_45-K1-1X.jpeg,C:\Users\ASUS\Desktop\Ders\blg521\data\02.03\2014\K1\10X\02_03-2014_09_12-11_45-K1-10X.jpeg,Dormancy,"[1.0, 0.0, 0.0, 0.0, 0.0, 0.0, 0.0, 0.0, 0.0, 0.0]"
02.03_2014,3,2.03,2014,2014-09-13,C:\Users\ASUS\Desktop\Ders\blg521\data\02.03\2014\K1\1X\02_03-2014_09_13-10_00-K1-1X.jpeg,C:\Users\ASUS\Desktop\Ders\blg521\data\02.03\2014\K1\10X\02_03-2014_09_13-10_00-K1-10X.jpeg,Dormancy,"[1.0, 0.0, 0.0, 0.0, 0.0, 0.0, 0.0, 0.0, 0.0, 0.0]"
02.03_2014,3,2.03,2014,2014-09-14,C:\Users\ASUS\Desktop\Ders\blg521\data\02.03\2014\K1\1X\02_03-2014_09_14-10_37-K1-1X.jpeg,C:\Users\ASUS\Desktop\Ders\blg521\data\02.03\2014\K1\10X\02_03-2014_09_14-10_37-K1-10X.jpeg,Dormancy,"[1.0, 0.0, 0.0, 0.0, 0.0, 0.0, 0.0, 0.0, 0.0, 0.0]"
02.03_2014,3,2.03,2014,2014-09-15,C:\Users\ASUS\Desktop\Ders\blg521\data\02.03\2014\K1\1X\02_03-2014_09_15-10_00-K1-1X.jpeg,C:\Users\ASUS\Desktop\Ders\blg521\data\02.03\2014\K1\10X\02_03-2014_09_15-10_00-K1-10X.jpeg,Dormancy,"[1.0, 0.0, 0.0, 0.0, 0.0, 0.0, 0.0, 0.0, 0.0, 0.0]"
02.03_2014,3,2.03,2014,2014-09-16,C:\Users\ASUS\Desktop\Ders\blg521\data\02.03\2014\K1\1X\02_03-2014_09_16-10_00-K1-1X.jpeg,C:\Users\ASUS\Desktop\Ders\blg521\data\02.03\2014\K1\10X\02_03-2014_09_16-10_00-K1-10X.jpeg,Dormancy,"[1.0, 0.0, 0.0, 0.0, 0.0, 0.0, 0.0, 0.0, 0.0, 0.0]"
02.03_2014,3,2.03,2014,2014-09-17,C:\Users\ASUS\Desktop\Ders\blg521\data\02.03\2014\K1\1X\02_03-2014_09_17-10_39-K1-1X.jpeg,C:\Users\ASUS\Desktop\Ders\blg521\data\02.03\2014\K1\10X\02_03-2014_09_17-10_39-K1-10X.jpeg,Dormancy,"[1.0, 0.0, 0.0, 0.0, 0.0, 0.0, 0.0, 0.0, 0.0, 0.0]"
02.03_2014,3,2.03,2014,2014-09-19,C:\Users\ASUS\Desktop\Ders\blg521\data\02.03\2014\K1\1X\02_03-2014_09_19-09_30-K1-1X.jpeg,C:\Users\ASUS\Desktop\Ders\blg521\data\02.03\2014\K1\10X\02_03-2014_09_19-09_30-K1-10X.jpeg,Dormancy,"[1.0, 0.0, 0.0, 0.0, 0.0, 0.0, 0.0, 0.0, 0.0, 0.0]"
02.03_2014,3,2.03,2014,2014-09-20,C:\Users\ASUS\Desktop\Ders\blg521\data\02.03\2014\K1\1X\02_03-2014_09_20-10_00-K1-1X.jpeg,C:\Users\ASUS\Desktop\Ders\blg521\data\02.03\2014\K1\10X\02_03-2014_09_20-10_00-K1-10X.jpeg,Dormancy,"[1.0, 0.0, 0.0, 0.0, 0.0, 0.0, 0.0, 0.0, 0.0, 0.0]"
02.03_2014,3,2.03,2014,2014-09-21,C:\Users\ASUS\Desktop\Ders\blg521\data\02.03\2014\K1\1X\02_03-2014_09_21-10_00-K1-1X.jpeg,C:\Users\ASUS\Desktop\Ders\blg521\data\02.03\2014\K1\10X\02_03-2014_09_21-10_00-K1-10X.jpeg,Dormancy,"[1.0, 0.0, 0.0, 0.0, 0.0, 0.0, 0.0, 0.0, 0.0, 0.0]"
02.03_2014,3,2.03,2014,2014-09-22,C:\Users\ASUS\Desktop\Ders\blg521\data\02.03\2014\K1\1X\02_03-2014_09_22-10_20-K1-1X.jpeg,C:\Users\ASUS\Desktop\Ders\blg521\data\02.03\2014\K1\10X\02_03-2014_09_22-10_20-K1-10X.jpeg,Dormancy,"[1.0, 0.0, 0.0, 0.0, 0.0, 0.0, 0.0, 0.0, 0.0, 0.0]"
02.03_2014,3,2.03,2014,2014-09-23,C:\Users\ASUS\Desktop\Ders\blg521\data\02.03\2014\K1\1X\02_03-2014_09_23-10_00-K1-1X.jpeg,C:\Users\ASUS\Desktop\Ders\blg521\data\02.03\2014\K1\10X\02_03-2014_09_23-10_00-K1-10X.jpeg,Dormancy,"[1.0, 0.0, 0.0, 0.0, 0.0, 0.0, 0.0, 0.0, 0.0, 0.0]"
02.03_2014,3,2.03,2014,2014-09-24,C:\Users\ASUS\Desktop\Ders\blg521\data\02.03\2014\K1\1X\02_03-2014_09_24-10_00-K1-1X.jpeg,C:\Users\ASUS\Desktop\Ders\blg521\data\02.03\2014\K1\10X\02_03-2014_09_24-10_00-K1-10X.jpeg,Dormancy,"[1.0, 0.0, 0.0, 0.0, 0.0, 0.0, 0.0, 0.0, 0.0, 0.0]"
02.03_2014,3,2.03,2014,2014-09-25,C:\Users\ASUS\Desktop\Ders\blg521\data\02.03\2014\K1\1X\02_03-2014_09_25-10_06-K1-1X.jpeg,C:\Users\ASUS\Desktop\Ders\blg521\data\02.03\2014\K1\10X\02_03-2014_09_25-10_06-K1-10X.jpeg,Dormancy,"[1.0, 0.0, 0.0, 0.0, 0.0, 0.0, 0.0, 0.0, 0.0, 0.0]"
02.03_2014,3,2.03,2014,2014-10-06,C:\Users\ASUS\Desktop\Ders\blg521\data\02.03\2014\K1\1X\02_03-2014_10_06-10_00-K1-1X.jpeg,C:\Users\ASUS\Desktop\Ders\blg521\data\02.03\2014\K1\10X\02_03-2014_10_06-10_00-K1-10X.jpeg,Dormancy,"[1.0, 0.0, 0.0, 0.0, 0.0, 0.0, 0.0, 0.0, 0.0, 0.0]"
02.03_2014,3,2.03,2014,2014-10-07,C:\Users\ASUS\Desktop\Ders\blg521\data\02.03\2014\K1\1X\02_03-2014_10_07-10_40-K1-1X.jpeg,C:\Users\ASUS\Desktop\Ders\blg521\data\02.03\2014\K1\10X\02_03-2014_10_07-10_40-K1-10X.jpeg,Dormancy,"[1.0, 0.0, 0.0, 0.0, 0.0, 0.0, 0.0, 0.0, 0.0, 0.0]"
02.03_2014,3,2.03,2014,2014-10-18,C:\Users\ASUS\Desktop\Ders\blg521\data\02.03\2014\K1\1X\02_03-2014_10_18-10_42-K1-1X.jpeg,C:\Users\ASUS\Desktop\Ders\blg521\data\02.03\2014\K1\10X\02_03-2014_10_18-10_42-K1-10X.jpeg,Dormancy,"[1.0, 0.0, 0.0, 0.0, 0.0, 0.0, 0.0, 0.0, 0.0, 0.0]"
02.03_2014,3,2.03,2014,2014-10-19,C:\Users\ASUS\Desktop\Ders\blg521\data\02.03\2014\K1\1X\02_03-2014_10_19-10_10-K1-1X.jpeg,C:\Users\ASUS\Desktop\Ders\blg521\data\02.03\2014\K1\10X\02_03-2014_10_19-10_10-K1-10X.jpeg,Dormancy,"[1.0, 0.0, 0.0, 0.0, 0.0, 0.0, 0.0, 0.0, 0.0, 0.0]"
02.03_2014,3,2.03,2014,2014-10-20,C:\Users\ASUS\Desktop\Ders\blg521\data\02.03\2014\K1\1X\02_03-2014_10_20-09_00-K1-1X.jpeg,C:\Users\ASUS\Desktop\Ders\blg521\data\02.03\2014\K1\10X\02_03-2014_10_20-09_00-K1-10X.jpeg,Dormancy,"[1.0, 0.0, 0.0, 0.0, 0.0, 0.0, 0.0, 0.0, 0.0, 0.0]"
02.03_2014,3,2.03,2014,2014-10-21,C:\Users\ASUS\Desktop\Ders\blg521\data\02.03\2014\K1\1X\02_03-2014_10_21-10_04-K1-1X.jpeg,C:\Users\ASUS\Desktop\Ders\blg521\data\02.03\2014\K1\10X\02_03-2014_10_21-10_04-K1-10X.jpeg,Dormancy,"[1.0, 0.0, 0.0, 0.0, 0.0, 0.0, 0.0, 0.0, 0.0, 0.0]"
02.03_2014,3,2.03,2014,2014-10-22,C:\Users\ASUS\Desktop\Ders\blg521\data\02.03\2014\K1\1X\02_03-2014_10_22-10_00-K1-1X.jpeg,C:\Users\ASUS\Desktop\Ders\blg521\data\02.03\2014\K1\10X\02_03-2014_10_22-10_00-K1-10X.jpeg,Dormancy,"[1.0, 0.0, 0.0, 0.0, 0.0, 0.0, 0.0, 0.0, 0.0, 0.0]"
02.03_2014,3,2.03,2014,2014-10-23,C:\Users\ASUS\Desktop\Ders\blg521\data\02.03\2014\K1\1X\02_03-2014_10_23-10_00-K1-1X.jpeg,C:\Users\ASUS\Desktop\Ders\blg521\data\02.03\2014\K1\10X\02_03-2014_10_23-10_00-K1-10X.jpeg,Dormancy,"[1.0, 0.0, 0.0, 0.0, 0.0, 0.0, 0.0, 0.0, 0.0, 0.0]"
02.03_2014,3,2.03,2014,2014-10-24,C:\Users\ASUS\Desktop\Ders\blg521\data\02.03\2014\K1\1X\02_03-2014_10_24-10_07-K1-1X.jpeg,C:\Users\ASUS\Desktop\Ders\blg521\data\02.03\2014\K1\10X\02_03-2014_10_24-10_07-K1-10X.jpeg,Dormancy,"[1.0, 0.0, 0.0, 0.0, 0.0, 0.0, 0.0, 0.0, 0.0, 0.0]"
02.03_2014,3,2.03,2014,2014-10-25,C:\Users\ASUS\Desktop\Ders\blg521\data\02.03\2014\K1\1X\02_03-2014_10_25-10_00-K1-1X.jpeg,C:\Users\ASUS\Desktop\Ders\blg521\data\02.03\2014\K1\10X\02_03-2014_10_25-10_00-K1-10X.jpeg,Dormancy,"[1.0, 0.0, 0.0, 0.0, 0.0, 0.0, 0.0, 0.0, 0.0, 0.0]"
02.03_2014,3,2.03,2014,2014-10-26,C:\Users\ASUS\Desktop\Ders\blg521\data\02.03\2014\K1\1X\02_03-2014_10_26-09_30-K1-1X.jpeg,C:\Users\ASUS\Desktop\Ders\blg521\data\02.03\2014\K1\10X\02_03-2014_10_26-09_30-K1-10X.jpeg,Dormancy,"[1.0, 0.0, 0.0, 0.0, 0.0, 0.0, 0.0, 0.0, 0.0, 0.0]"
02.03_2014,3,2.03,2014,2014-10-27,C:\Users\ASUS\Desktop\Ders\blg521\data\02.03\2014\K1\1X\02_03-2014_10_27-10_00-K1-1X.jpeg,C:\Users\ASUS\Desktop\Ders\blg521\data\02.03\2014\K1\10X\02_03-2014_10_27-10_00-K1-10X.jpeg,Dormancy,"[1.0, 0.0, 0.0, 0.0, 0.0, 0.0, 0.0, 0.0, 0.0, 0.0]"
02.03_2014,3,2.03,2014,2014-10-28,C:\Users\ASUS\Desktop\Ders\blg521\data\02.03\2014\K1\1X\02_03-2014_10_28-08_30-K1-1X.jpeg,C:\Users\ASUS\Desktop\Ders\blg521\data\02.03\2014\K1\10X\02_03-2014_10_28-08_30-K1-10X.jpeg,Dormancy,"[1.0, 0.0, 0.0, 0.0, 0.0, 0.0, 0.0, 0.0, 0.0, 0.0]"
02.03_2014,3,2.03,2014,2014-10-29,C:\Users\ASUS\Desktop\Ders\blg521\data\02.03\2014\K1\1X\02_03-2014_10_29-10_25-K1-1X.jpeg,C:\Users\ASUS\Desktop\Ders\blg521\data\02.03\2014\K1\10X\02_03-2014_10_29-10_25-K1-10X.jpeg,Dormancy,"[1.0, 0.0, 0.0, 0.0, 0.0, 0.0, 0.0, 0.0, 0.0, 0.0]"
02.03_2014,3,2.03,2014,2014-10-30,C:\Users\ASUS\Desktop\Ders\blg521\data\02.03\2014\K1\1X\02_03-2014_10_30-10_00-K1-1X.jpeg,C:\Users\ASUS\Desktop\Ders\blg521\data\02.03\2014\K1\10X\02_03-2014_10_30-10_00-K1-10X.jpeg,Dormancy,"[1.0, 0.0, 0.0, 0.0, 0.0, 0.0, 0.0, 0.0, 0.0, 0.0]"
02.03_2014,3,2.03,2014,2014-10-31,C:\Users\ASUS\Desktop\Ders\blg521\data\02.03\2014\K1\1X\02_03-2014_10_31-09_30-K1-1X.jpeg,C:\Users\ASUS\Desktop\Ders\blg521\data\02.03\2014\K1\10X\02_03-2014_10_31-09_30-K1-10X.jpeg,Dormancy,"[1.0, 0.0, 0.0, 0.0, 0.0, 0.0, 0.0, 0.0, 0.0, 0.0]"
02.03_2014,3,2.03,2014,2014-11-01,C:\Users\ASUS\Desktop\Ders\blg521\data\02.03\2014\K1\1X\02_03-2014_11_01-10_00-K1-1X.jpeg,C:\Users\ASUS\Desktop\Ders\blg521\data\02.03\2014\K1\10X\02_03-2014_11_01-10_00-K1-10X.jpeg,Dormancy,"[1.0, 0.0, 0.0, 0.0, 0.0, 0.0, 0.0, 0.0, 0.0, 0.0]"
02.03_2014,3,2.03,2014,2014-11-02,C:\Users\ASUS\Desktop\Ders\blg521\data\02.03\2014\K1\1X\02_03-2014_11_02-10_00-K1-1X.jpeg,C:\Users\ASUS\Desktop\Ders\blg521\data\02.03\2014\K1\10X\02_03-2014_11_02-10_00-K1-10X.jpeg,Dormancy,"[1.0, 0.0, 0.0, 0.0, 0.0, 0.0, 0.0, 0.0, 0.0, 0.0]"
02.03_2014,3,2.03,2014,2014-11-03,C:\Users\ASUS\Desktop\Ders\blg521\data\02.03\2014\K1\1X\02_03-2014_11_03-10_00-K1-1X.jpeg,C:\Users\ASUS\Desktop\Ders\blg521\data\02.03\2014\K1\10X\02_03-2014_11_03-10_00-K1-10X.jpeg,Dormancy,"[1.0, 0.0, 0.0, 0.0, 0.0, 0.0, 0.0, 0.0, 0.0, 0.0]"
02.03_2014,3,2.03,2014,2014-11-04,C:\Users\ASUS\Desktop\Ders\blg521\data\02.03\2014\K1\1X\02_03-2014_11_04-10_43-K1-1X.jpeg,C:\Users\ASUS\Desktop\Ders\blg521\data\02.03\2014\K1\10X\02_03-2014_11_04-10_43-K1-10X.jpeg,Dormancy,"[1.0, 0.0, 0.0, 0.0, 0.0, 0.0, 0.0, 0.0, 0.0, 0.0]"
02.03_2014,3,2.03,2014,2014-11-05,C:\Users\ASUS\Desktop\Ders\blg521\data\02.03\2014\K1\1X\02_03-2014_11_05-10_00-K1-1X.jpeg,C:\Users\ASUS\Desktop\Ders\blg521\data\02.03\2014\K1\10X\02_03-2014_11_05-10_00-K1-10X.jpeg,Dormancy,"[1.0, 0.0, 0.0, 0.0, 0.0, 0.0, 0.0, 0.0, 0.0, 0.0]"
02.03_2014,3,2.03,2014,2014-11-06,C:\Users\ASUS\Desktop\Ders\blg521\data\02.03\2014\K1\1X\02_03-2014_11_06-10_00-K1-1X.jpeg,C:\Users\ASUS\Desktop\Ders\blg521\data\02.03\2014\K1\10X\02_03-2014_11_06-10_00-K1-10X.jpeg,Dormancy,"[1.0, 0.0, 0.0, 0.0, 0.0, 0.0, 0.0, 0.0, 0.0, 0.0]"
02.03_2014,3,2.03,2014,2014-11-07,C:\Users\ASUS\Desktop\Ders\blg521\data\02.03\2014\K1\1X\02_03-2014_11_07-10_02-K1-1X.jpeg,C:\Users\ASUS\Desktop\Ders\blg521\data\02.03\2014\K1\10X\02_03-2014_11_07-10_01-K1-10X.jpeg,Dormancy,"[1.0, 0.0, 0.0, 0.0, 0.0, 0.0, 0.0, 0.0, 0.0, 0.0]"
02.03_2014,3,2.03,2014,2014-11-08,C:\Users\ASUS\Desktop\Ders\blg521\data\02.03\2014\K1\1X\02_03-2014_11_08-09_30-K1-1X.jpeg,C:\Users\ASUS\Desktop\Ders\blg521\data\02.03\2014\K1\10X\02_03-2014_11_08-09_30-K1-10X.jpeg,Dormancy,"[1.0, 0.0, 0.0, 0.0, 0.0, 0.0, 0.0, 0.0, 0.0, 0.0]"
02.03_2014,3,2.03,2014,2014-11-09,C:\Users\ASUS\Desktop\Ders\blg521\data\02.03\2014\K1\1X\02_03-2014_11_09-09_30-K1-1X.jpeg,C:\Users\ASUS\Desktop\Ders\blg521\data\02.03\2014\K1\10X\02_03-2014_11_09-09_30-K1-10X.jpeg,Dormancy,"[1.0, 0.0, 0.0, 0.0, 0.0, 0.0, 0.0, 0.0, 0.0, 0.0]"
02.03_2014,3,2.03,2014,2014-11-10,C:\Users\ASUS\Desktop\Ders\blg521\data\02.03\2014\K1\1X\02_03-2014_11_10-09_30-K1-1X.jpeg,C:\Users\ASUS\Desktop\Ders\blg521\data\02.03\2014\K1\10X\02_03-2014_11_10-09_30-K1-10X.jpeg,Dormancy,"[1.0, 0.0, 0.0, 0.0, 0.0, 0.0, 0.0, 0.0, 0.0, 0.0]"
02.03_2014,3,2.03,2014,2014-11-11,C:\Users\ASUS\Desktop\Ders\blg521\data\02.03\2014\K1\1X\02_03-2014_11_11-09_30-K1-1X.jpeg,C:\Users\ASUS\Desktop\Ders\blg521\data\02.03\2014\K1\10X\02_03-2014_11_11-09_30-K1-10X.jpeg,Dormancy,"[1.0, 0.0, 0.0, 0.0, 0.0, 0.0, 0.0, 0.0, 0.0, 0.0]"
02.03_2014,3,2.03,2014,2014-11-12,C:\Users\ASUS\Desktop\Ders\blg521\data\02.03\2014\K1\1X\02_03-2014_11_12-09_30-K1-1X.jpeg,C:\Users\ASUS\Desktop\Ders\blg521\data\02.03\2014\K1\10X\02_03-2014_11_12-09_30-K1-10X.jpeg,Dormancy,"[1.0, 0.0, 0.0, 0.0, 0.0, 0.0, 0.0, 0.0, 0.0, 0.0]"
02.03_2014,3,2.03,2014,2014-11-13,C:\Users\ASUS\Desktop\Ders\blg521\data\02.03\2014\K1\1X\02_03-2014_11_13-10_00-K1-1X.jpeg,C:\Users\ASUS\Desktop\Ders\blg521\data\02.03\2014\K1\10X\02_03-2014_11_13-10_00-K1-10X.jpeg,Dormancy,"[1.0, 0.0, 0.0, 0.0, 0.0, 0.0, 0.0, 0.0, 0.0, 0.0]"
02.03_2014,3,2.03,2014,2014-11-14,C:\Users\ASUS\Desktop\Ders\blg521\data\02.03\2014\K1\1X\02_03-2014_11_14-10_05-K1-1X.jpeg,C:\Users\ASUS\Desktop\Ders\blg521\data\02.03\2014\K1\10X\02_03-2014_11_14-10_05-K1-10X.jpeg,Dormancy,"[1.0, 0.0, 0.0, 0.0, 0.0, 0.0, 0.0, 0.0, 0.0, 0.0]"
02.03_2014,3,2.03,2014,2014-11-15,C:\Users\ASUS\Desktop\Ders\blg521\data\02.03\2014\K1\1X\02_03-2014_11_15-10_05-K1-1X.jpeg,C:\Users\ASUS\Desktop\Ders\blg521\data\02.03\2014\K1\10X\02_03-2014_11_15-10_05-K1-10X.jpeg,PS0,"[0.0, 1.0, 0.0, 0.0, 0.0, 0.0, 0.0, 0.0, 0.0, 0.0]"
02.03_2014,3,2.03,2014,2014-11-16,C:\Users\ASUS\Desktop\Ders\blg521\data\02.03\2014\K1\1X\02_03-2014_11_16-10_00-K1-1X.jpeg,C:\Users\ASUS\Desktop\Ders\blg521\data\02.03\2014\K1\10X\02_03-2014_11_16-10_00-K1-10X.jpeg,PS0,"[0.0, 1.0, 0.0, 0.0, 0.0, 0.0, 0.0, 0.0, 0.0, 0.0]"
02.03_2014,3,2.03,2014,2014-11-17,C:\Users\ASUS\Desktop\Ders\blg521\data\02.03\2014\K1\1X\02_03-2014_11_17-09_59-K1-1X.jpeg,C:\Users\ASUS\Desktop\Ders\blg521\data\02.03\2014\K1\10X\02_03-2014_11_17-10_00-K1-10X.jpeg,PS0,"[0.0, 1.0, 0.0, 0.0, 0.0, 0.0, 0.0, 0.0, 0.0, 0.0]"
02.03_2014,3,2.03,2014,2014-11-18,C:\Users\ASUS\Desktop\Ders\blg521\data\02.03\2014\K1\1X\02_03-2014_11_18-10_00-K1-1X.jpeg,C:\Users\ASUS\Desktop\Ders\blg521\data\02.03\2014\K1\10X\02_03-2014_11_18-10_00-K1-10X.jpeg,PS0,"[0.0, 1.0, 0.0, 0.0, 0.0, 0.0, 0.0, 0.0, 0.0, 0.0]"
02.03_2014,3,2.03,2014,2014-11-19,C:\Users\ASUS\Desktop\Ders\blg521\data\02.03\2014\K1\1X\02_03-2014_11_19-10_00-K1-1X.jpeg,C:\Users\ASUS\Desktop\Ders\blg521\data\02.03\2014\K1\10X\02_03-2014_11_19-10_00-K1-10X.jpeg,PS0,"[0.0, 1.0, 0.0, 0.0, 0.0, 0.0, 0.0, 0.0, 0.0, 0.0]"
02.03_2014,3,2.03,2014,2014-11-20,C:\Users\ASUS\Desktop\Ders\blg521\data\02.03\2014\K1\1X\02_03-2014_11_20-10_00-K1-1X.jpeg,C:\Users\ASUS\Desktop\Ders\blg521\data\02.03\2014\K1\10X\02_03-2014_11_20-10_00-K1-10X.jpeg,PS0,"[0.0, 1.0, 0.0, 0.0, 0.0, 0.0, 0.0, 0.0, 0.0, 0.0]"
02.03_2014,3,2.03,2014,2014-11-21,C:\Users\ASUS\Desktop\Ders\blg521\data\02.03\2014\K1\1X\02_03-2014_11_21-10_01-K1-1X.jpeg,C:\Users\ASUS\Desktop\Ders\blg521\data\02.03\2014\K1\10X\02_03-2014_11_21-10_01-K1-10X.jpeg,PS0,"[0.0, 1.0, 0.0, 0.0, 0.0, 0.0, 0.0, 0.0, 0.0, 0.0]"
02.03_2014,3,2.03,2014,2014-11-22,C:\Users\ASUS\Desktop\Ders\blg521\data\02.03\2014\K1\1X\02_03-2014_11_22-10_01-K1-1X.jpeg,C:\Users\ASUS\Desktop\Ders\blg521\data\02.03\2014\K1\10X\02_03-2014_11_22-10_01-K1-10X.jpeg,PS0,"[0.0, 1.0, 0.0, 0.0, 0.0, 0.0, 0.0, 0.0, 0.0, 0.0]"
02.03_2014,3,2.03,2014,2014-11-23,C:\Users\ASUS\Desktop\Ders\blg521\data\02.03\2014\K1\1X\02_03-2014_11_23-10_02-K1-1X.jpeg,C:\Users\ASUS\Desktop\Ders\blg521\data\02.03\2014\K1\10X\02_03-2014_11_23-10_02-K1-10X.jpeg,PS0,"[0.0, 1.0, 0.0, 0.0, 0.0, 0.0, 0.0, 0.0, 0.0, 0.0]"
02.03_2014,3,2.03,2014,2014-11-24,C:\Users\ASUS\Desktop\Ders\blg521\data\02.03\2014\K1\1X\02_03-2014_11_24-10_00-K1-1X.jpeg,C:\Users\ASUS\Desktop\Ders\blg521\data\02.03\2014\K1\10X\02_03-2014_11_24-10_00-K1-10X.jpeg,PS0,"[0.0, 1.0, 0.0, 0.0, 0.0, 0.0, 0.0, 0.0, 0.0, 0.0]"
02.03_2014,3,2.03,2014,2014-11-25,C:\Users\ASUS\Desktop\Ders\blg521\data\02.03\2014\K1\1X\02_03-2014_11_25-10_31-K1-1X.jpeg,C:\Users\ASUS\Desktop\Ders\blg521\data\02.03\2014\K1\10X\02_03-2014_11_25-10_31-K1-10X.jpeg,PS0,"[0.0, 1.0, 0.0, 0.0, 0.0, 0.0, 0.0, 0.0, 0.0, 0.0]"
02.03_2014,3,2.03,2014,2014-11-26,C:\Users\ASUS\Desktop\Ders\blg521\data\02.03\2014\K1\1X\02_03-2014_11_26-10_31-K1-1X.jpeg,C:\Users\ASUS\Desktop\Ders\blg521\data\02.03\2014\K1\10X\02_03-2014_11_26-10_31-K1-10X.jpeg,PS0,"[0.0, 1.0, 0.0, 0.0, 0.0, 0.0, 0.0, 0.0, 0.0, 0.0]"
02.03_2014,3,2.03,2014,2014-11-27,C:\Users\ASUS\Desktop\Ders\blg521\data\02.03\2014\K1\1X\02_03-2014_11_27-10_00-K1-1X.jpeg,C:\Users\ASUS\Desktop\Ders\blg521\data\02.03\2014\K1\10X\02_03-2014_11_27-10_00-K1-10X.jpeg,PS0,"[0.0, 1.0, 0.0, 0.0, 0.0, 0.0, 0.0, 0.0, 0.0, 0.0]"
02.03_2014,3,2.03,2014,2014-11-28,C:\Users\ASUS\Desktop\Ders\blg521\data\02.03\2014\K1\1X\02_03-2014_11_28-10_00-K1-1X.jpeg,C:\Users\ASUS\Desktop\Ders\blg521\data\02.03\2014\K1\10X\02_03-2014_11_28-10_00-K1-10X.jpeg,PS0,"[0.0, 1.0, 0.0, 0.0, 0.0, 0.0, 0.0, 0.0, 0.0, 0.0]"
02.03_2014,3,2.03,2014,2014-11-29,C:\Users\ASUS\Desktop\Ders\blg521\data\02.03\2014\K1\1X\02_03-2014_11_29-10_00-K1-1X.jpeg,C:\Users\ASUS\Desktop\Ders\blg521\data\02.03\2014\K1\10X\02_03-2014_11_29-10_00-K1-10X.jpeg,PS0,"[0.0, 1.0, 0.0, 0.0, 0.0, 0.0, 0.0, 0.0, 0.0, 0.0]"
02.03_2014,3,2.03,2014,2014-11-30,C:\Users\ASUS\Desktop\Ders\blg521\data\02.03\2014\K1\1X\02_03-2014_11_30-10_00-K1-1X.jpeg,C:\Users\ASUS\Desktop\Ders\blg521\data\02.03\2014\K1\10X\02_03-2014_11_30-10_00-K1-10X.jpeg,PS0,"[0.0, 1.0, 0.0, 0.0, 0.0, 0.0, 0.0, 0.0, 0.0, 0.0]"
02.03_2014,3,2.03,2014,2014-12-01,C:\Users\ASUS\Desktop\Ders\blg521\data\02.03\2014\K1\1X\02_03-2014_12_01-09_30-K1-1X.jpeg,C:\Users\ASUS\Desktop\Ders\blg521\data\02.03\2014\K1\10X\02_03-2014_12_01-09_30-K1-10X.jpeg,PS0,"[0.0, 1.0, 0.0, 0.0, 0.0, 0.0, 0.0, 0.0, 0.0, 0.0]"
02.03_2014,3,2.03,2014,2014-12-03,C:\Users\ASUS\Desktop\Ders\blg521\data\02.03\2014\K1\1X\02_03-2014_12_03-10_45-K1-1X.jpeg,C:\Users\ASUS\Desktop\Ders\blg521\data\02.03\2014\K1\10X\02_03-2014_12_03-10_45-K1-10X.jpeg,PS0,"[0.0, 1.0, 0.0, 0.0, 0.0, 0.0, 0.0, 0.0, 0.0, 0.0]"
02.03_2014,3,2.03,2014,2014-12-04,C:\Users\ASUS\Desktop\Ders\blg521\data\02.03\2014\K1\1X\02_03-2014_12_04-10_00-K1-1X.jpeg,C:\Users\ASUS\Desktop\Ders\blg521\data\02.03\2014\K1\10X\02_03-2014_12_04-10_00-K1-10X.jpeg,PS0,"[0.0, 0.75, 0.25, 0.0, 0.0, 0.0, 0.0, 0.0, 0.0, 0.0]"
02.03_2014,3,2.03,2014,2014-12-05,C:\Users\ASUS\Desktop\Ders\blg521\data\02.03\2014\K1\1X\02_03-2014_12_05-10_00-K1-1X.jpeg,C:\Users\ASUS\Desktop\Ders\blg521\data\02.03\2014\K1\10X\02_03-2014_12_05-10_00-K1-10X.jpeg,PS0,"[0.0, 0.5, 0.5, 0.0, 0.0, 0.0, 0.0, 0.0, 0.0, 0.0]"
02.03_2014,3,2.03,2014,2014-12-06,C:\Users\ASUS\Desktop\Ders\blg521\data\02.03\2014\K1\1X\02_03-2014_12_06-10_00-K1-1X.jpeg,C:\Users\ASUS\Desktop\Ders\blg521\data\02.03\2014\K1\10X\02_03-2014_12_06-10_00-K1-10X.jpeg,PS1,"[0.0, 0.25, 0.75, 0.0, 0.0, 0.0, 0.0, 0.0, 0.0, 0.0]"
02.03_2014,3,2.03,2014,2014-12-07,C:\Users\ASUS\Desktop\Ders\blg521\data\02.03\2014\K1\1X\02_03-2014_12_07-10_00-K1-1X.jpeg,C:\Users\ASUS\Desktop\Ders\blg521\data\02.03\2014\K1\10X\02_03-2014_12_07-10_00-K1-10X.jpeg,PS1,"[0.0, 0.0, 1.0, 0.0, 0.0, 0.0, 0.0, 0.0, 0.0, 0.0]"
02.03_2014,3,2.03,2014,2014-12-08,C:\Users\ASUS\Desktop\Ders\blg521\data\02.03\2014\K1\1X\02_03-2014_12_08-10_00-K1-1X.jpeg,C:\Users\ASUS\Desktop\Ders\blg521\data\02.03\2014\K1\10X\02_03-2014_12_08-10_00-K1-10X.jpeg,PS1,"[0.0, 0.0, 1.0, 0.0, 0.0, 0.0, 0.0, 0.0, 0.0, 0.0]"
02.03_2014,3,2.03,2014,2014-12-09,C:\Users\ASUS\Desktop\Ders\blg521\data\02.03\2014\K1\1X\02_03-2014_12_09-10_35-K1-1X.jpeg,C:\Users\ASUS\Desktop\Ders\blg521\data\02.03\2014\K1\10X\02_03-2014_12_09-10_35-K1-10X.jpeg,PS1,"[0.0, 0.0, 1.0, 0.0, 0.0, 0.0, 0.0, 0.0, 0.0, 0.0]"
02.03_2014,3,2.03,2014,2014-12-10,C:\Users\ASUS\Desktop\Ders\blg521\data\02.03\2014\K1\1X\02_03-2014_12_10-10_00-K1-1X.jpeg,C:\Users\ASUS\Desktop\Ders\blg521\data\02.03\2014\K1\10X\02_03-2014_12_10-10_00-K1-10X.jpeg,PS1,"[0.0, 0.0, 1.0, 0.0, 0.0, 0.0, 0.0, 0.0, 0.0, 0.0]"
02.03_2014,3,2.03,2014,2014-12-11,C:\Users\ASUS\Desktop\Ders\blg521\data\02.03\2014\K1\1X\02_03-2014_12_11-10_00-K1-1X.jpeg,C:\Users\ASUS\Desktop\Ders\blg521\data\02.03\2014\K1\10X\02_03-2014_12_11-10_00-K1-10X.jpeg,PS1,"[0.0, 0.0, 1.0, 0.0, 0.0, 0.0, 0.0, 0.0, 0.0, 0.0]"
02.03_2014,3,2.03,2014,2014-12-12,C:\Users\ASUS\Desktop\Ders\blg521\data\02.03\2014\K1\1X\02_03-2014_12_12-10_00-K1-1X.jpeg,C:\Users\ASUS\Desktop\Ders\blg521\data\02.03\2014\K1\10X\02_03-2014_12_12-10_00-K1-10X.jpeg,PS1,"[0.0, 0.0, 1.0, 0.0, 0.0, 0.0, 0.0, 0.0, 0.0, 0.0]"
02.03_2014,3,2.03,2014,2014-12-13,C:\Users\ASUS\Desktop\Ders\blg521\data\02.03\2014\K1\1X\02_03-2014_12_13-11_21-K1-1X.jpeg,C:\Users\ASUS\Desktop\Ders\blg521\data\02.03\2014\K1\10X\02_03-2014_12_13-11_21-K1-10X.jpeg,PS1,"[0.0, 0.0, 1.0, 0.0, 0.0, 0.0, 0.0, 0.0, 0.0, 0.0]"
02.03_2014,3,2.03,2014,2014-12-14,C:\Users\ASUS\Desktop\Ders\blg521\data\02.03\2014\K1\1X\02_03-2014_12_14-10_00-K1-1X.jpeg,C:\Users\ASUS\Desktop\Ders\blg521\data\02.03\2014\K1\10X\02_03-2014_12_14-10_00-K1-10X.jpeg,PS1,"[0.0, 0.0, 1.0, 0.0, 0.0, 0.0, 0.0, 0.0, 0.0, 0.0]"
02.03_2014,3,2.03,2014,2014-12-15,C:\Users\ASUS\Desktop\Ders\blg521\data\02.03\2014\K1\1X\02_03-2014_12_15-10_00-K1-1X.jpeg,C:\Users\ASUS\Desktop\Ders\blg521\data\02.03\2014\K1\10X\02_03-2014_12_15-10_00-K1-10X.jpeg,PS1,"[0.0, 0.0, 1.0, 0.0, 0.0, 0.0, 0.0, 0.0, 0.0, 0.0]"
02.03_2014,3,2.03,2014,2014-12-16,C:\Users\ASUS\Desktop\Ders\blg521\data\02.03\2014\K1\1X\02_03-2014_12_16-10_00-K1-1X.jpeg,C:\Users\ASUS\Desktop\Ders\blg521\data\02.03\2014\K1\10X\02_03-2014_12_16-10_00-K1-10X.jpeg,PS1,"[0.0, 0.0, 1.0, 0.0, 0.0, 0.0, 0.0, 0.0, 0.0, 0.0]"
02.03_2014,3,2.03,2014,2014-12-17,C:\Users\ASUS\Desktop\Ders\blg521\data\02.03\2014\K1\1X\02_03-2014_12_17-10_50-K1-1X.jpeg,C:\Users\ASUS\Desktop\Ders\blg521\data\02.03\2014\K1\10X\02_03-2014_12_17-10_50-K1-10X.jpeg,PS1,"[0.0, 0.0, 1.0, 0.0, 0.0, 0.0, 0.0, 0.0, 0.0, 0.0]"
02.03_2014,3,2.03,2014,2014-12-18,C:\Users\ASUS\Desktop\Ders\blg521\data\02.03\2014\K1\1X\02_03-2014_12_18-10_51-K1-1X.jpeg,C:\Users\ASUS\Desktop\Ders\blg521\data\02.03\2014\K1\10X\02_03-2014_12_18-10_51-K1-10X.jpeg,PS1,"[0.0, 0.0, 1.0, 0.0, 0.0, 0.0, 0.0, 0.0, 0.0, 0.0]"
02.03_2014,3,2.03,2014,2014-12-19,C:\Users\ASUS\Desktop\Ders\blg521\data\02.03\2014\K1\1X\02_03-2014_12_19-10_00-K1-1X.jpeg,C:\Users\ASUS\Desktop\Ders\blg521\data\02.03\2014\K1\10X\02_03-2014_12_19-10_00-K1-10X.jpeg,PS1,"[0.0, 0.0, 1.0, 0.0, 0.0, 0.0, 0.0, 0.0, 0.0, 0.0]"
02.03_2014,3,2.03,2014,2014-12-20,C:\Users\ASUS\Desktop\Ders\blg521\data\02.03\2014\K1\1X\02_03-2014_12_20-10_00-K1-1X.jpeg,C:\Users\ASUS\Desktop\Ders\blg521\data\02.03\2014\K1\10X\02_03-2014_12_20-10_00-K1-10X.jpeg,PS1,"[0.0, 0.0, 1.0, 0.0, 0.0, 0.0, 0.0, 0.0, 0.0, 0.0]"
02.03_2014,3,2.03,2014,2014-12-21,C:\Users\ASUS\Desktop\Ders\blg521\data\02.03\2014\K1\1X\02_03-2014_12_21-10_00-K1-1X.jpeg,C:\Users\ASUS\Desktop\Ders\blg521\data\02.03\2014\K1\10X\02_03-2014_12_21-10_00-K1-10X.jpeg,PS1,"[0.0, 0.0, 1.0, 0.0, 0.0, 0.0, 0.0, 0.0, 0.0, 0.0]"
02.03_2014,3,2.03,2014,2014-12-22,C:\Users\ASUS\Desktop\Ders\blg521\data\02.03\2014\K1\1X\02_03-2014_12_22-10_00-K1-1X.jpeg,C:\Users\ASUS\Desktop\Ders\blg521\data\02.03\2014\K1\10X\02_03-2014_12_22-10_00-K1-10X.jpeg,PS1,"[0.0, 0.0, 1.0, 0.0, 0.0, 0.0, 0.0, 0.0, 0.0, 0.0]"
02.03_2014,3,2.03,2014,2014-12-23,C:\Users\ASUS\Desktop\Ders\blg521\data\02.03\2014\K1\1X\02_03-2014_12_23-10_00-K1-1X.jpeg,C:\Users\ASUS\Desktop\Ders\blg521\data\02.03\2014\K1\10X\02_03-2014_12_23-10_00-K1-10X.jpeg,PS1,"[0.0, 0.0, 1.0, 0.0, 0.0, 0.0, 0.0, 0.0, 0.0, 0.0]"
02.03_2014,3,2.03,2014,2014-12-24,C:\Users\ASUS\Desktop\Ders\blg521\data\02.03\2014\K1\1X\02_03-2014_12_24-10_00-K1-1X.jpeg,C:\Users\ASUS\Desktop\Ders\blg521\data\02.03\2014\K1\10X\02_03-2014_12_24-10_00-K1-10X.jpeg,PS1,"[0.0, 0.0, 1.0, 0.0, 0.0, 0.0, 0.0, 0.0, 0.0, 0.0]"
02.03_2014,3,2.03,2014,2014-12-25,C:\Users\ASUS\Desktop\Ders\blg521\data\02.03\2014\K1\1X\02_03-2014_12_25-08_30-K1-1X.jpeg,C:\Users\ASUS\Desktop\Ders\blg521\data\02.03\2014\K1\10X\02_03-2014_12_25-08_30-K1-10X.jpeg,PS1,"[0.0, 0.0, 1.0, 0.0, 0.0, 0.0, 0.0, 0.0, 0.0, 0.0]"
02.03_2014,3,2.03,2014,2014-12-26,C:\Users\ASUS\Desktop\Ders\blg521\data\02.03\2014\K1\1X\02_03-2014_12_26-10_00-K1-1X.jpeg,C:\Users\ASUS\Desktop\Ders\blg521\data\02.03\2014\K1\10X\02_03-2014_12_26-10_00-K1-10X.jpeg,PS1,"[0.0, 0.0, 0.75, 0.25, 0.0, 0.0, 0.0, 0.0, 0.0, 0.0]"
02.03_2014,3,2.03,2014,2014-12-27,C:\Users\ASUS\Desktop\Ders\blg521\data\02.03\2014\K1\1X\02_03-2014_12_27-09_31-K1-1X.jpeg,C:\Users\ASUS\Desktop\Ders\blg521\data\02.03\2014\K1\10X\02_03-2014_12_27-09_31-K1-10X.jpeg,PS1,"[0.0, 0.0, 0.5, 0.5, 0.0, 0.0, 0.0, 0.0, 0.0, 0.0]"
02.03_2014,3,2.03,2014,2014-12-28,C:\Users\ASUS\Desktop\Ders\blg521\data\02.03\2014\K1\1X\02_03-2014_12_28-10_00-K1-1X.jpeg,C:\Users\ASUS\Desktop\Ders\blg521\data\02.03\2014\K1\10X\02_03-2014_12_28-10_00-K1-10X.jpeg,PS2,"[0.0, 0.0, 0.25, 0.75, 0.0, 0.0, 0.0, 0.0, 0.0, 0.0]"
02.03_2014,3,2.03,2014,2014-12-29,C:\Users\ASUS\Desktop\Ders\blg521\data\02.03\2014\K1\1X\02_03-2014_12_29-10_00-K1-1X.jpeg,C:\Users\ASUS\Desktop\Ders\blg521\data\02.03\2014\K1\10X\02_03-2014_12_29-10_00-K1-10X.jpeg,PS2,"[0.0, 0.0, 0.0, 1.0, 0.0, 0.0, 0.0, 0.0, 0.0, 0.0]"
02.03_2014,3,2.03,2014,2014-12-30,C:\Users\ASUS\Desktop\Ders\blg521\data\02.03\2014\K1\1X\02_03-2014_12_30-09_00-K1-1X.jpeg,C:\Users\ASUS\Desktop\Ders\blg521\data\02.03\2014\K1\10X\02_03-2014_12_30-09_00-K1-10X.jpeg,PS2,"[0.0, 0.0, 0.0, 1.0, 0.0, 0.0, 0.0, 0.0, 0.0, 0.0]"
02.03_2014,3,2.03,2014,2014-12-31,C:\Users\ASUS\Desktop\Ders\blg521\data\02.03\2014\K1\1X\02_03-2014_12_31-11_07-K1-1X.jpeg,C:\Users\ASUS\Desktop\Ders\blg521\data\02.03\2014\K1\10X\02_03-2014_12_31-11_07-K1-10X.jpeg,PS2,"[0.0, 0.0, 0.0, 1.0, 0.0, 0.0, 0.0, 0.0, 0.0, 0.0]"
02.04_2013,4,2.04,2013,2013-10-09,C:\Users\ASUS\Desktop\Ders\blg521\data\02.04\2013\K1\1X\02_04-2013_10_09-10_10-K1-1X.jpeg,C:\Users\ASUS\Desktop\Ders\blg521\data\02.04\2013\K1\10X\02_04-2013_10_09-10_09-K1-10X.jpeg,Dormancy,"[1.0, 0.0, 0.0, 0.0, 0.0, 0.0, 0.0, 0.0, 0.0, 0.0]"
02.04_2013,4,2.04,2013,2013-10-10,C:\Users\ASUS\Desktop\Ders\blg521\data\02.04\2013\K1\1X\02_04-2013_10_10-10_03-K1-1X.jpeg,C:\Users\ASUS\Desktop\Ders\blg521\data\02.04\2013\K1\10X\02_04-2013_10_10-10_02-K1-10X.jpeg,Dormancy,"[1.0, 0.0, 0.0, 0.0, 0.0, 0.0, 0.0, 0.0, 0.0, 0.0]"
02.04_2013,4,2.04,2013,2013-10-11,C:\Users\ASUS\Desktop\Ders\blg521\data\02.04\2013\K1\1X\02_04-2013_10_11-09_50-K1-1X.jpeg,C:\Users\ASUS\Desktop\Ders\blg521\data\02.04\2013\K1\10X\02_04-2013_10_11-09_49-K1-10X.jpeg,Dormancy,"[1.0, 0.0, 0.0, 0.0, 0.0, 0.0, 0.0, 0.0, 0.0, 0.0]"
02.04_2013,4,2.04,2013,2013-10-14,C:\Users\ASUS\Desktop\Ders\blg521\data\02.04\2013\K1\1X\02_04-2013_10_14-10_12-K1-1X.jpeg,C:\Users\ASUS\Desktop\Ders\blg521\data\02.04\2013\K1\10X\02_04-2013_10_14-10_11-K1-10X.jpeg,Dormancy,"[1.0, 0.0, 0.0, 0.0, 0.0, 0.0, 0.0, 0.0, 0.0, 0.0]"
02.04_2013,4,2.04,2013,2013-10-15,C:\Users\ASUS\Desktop\Ders\blg521\data\02.04\2013\K1\1X\02_04-2013_10_15-09_58-K1-1X.jpeg,C:\Users\ASUS\Desktop\Ders\blg521\data\02.04\2013\K1\10X\02_04-2013_10_15-09_57-K1-10X.jpeg,Dormancy,"[1.0, 0.0, 0.0, 0.0, 0.0, 0.0, 0.0, 0.0, 0.0, 0.0]"
02.04_2013,4,2.04,2013,2013-10-16,C:\Users\ASUS\Desktop\Ders\blg521\data\02.04\2013\K1\1X\02_04-2013_10_16-10_15-K1-1X.jpeg,C:\Users\ASUS\Desktop\Ders\blg521\data\02.04\2013\K1\10X\02_04-2013_10_16-10_14-K1-10X.jpeg,Dormancy,"[1.0, 0.0, 0.0, 0.0, 0.0, 0.0, 0.0, 0.0, 0.0, 0.0]"
02.04_2013,4,2.04,2013,2013-10-17,C:\Users\ASUS\Desktop\Ders\blg521\data\02.04\2013\K1\1X\02_04-2013_10_17-10_03-K1-1X.jpeg,C:\Users\ASUS\Desktop\Ders\blg521\data\02.04\2013\K1\10X\02_04-2013_10_17-10_02-K1-10X.jpeg,Dormancy,"[1.0, 0.0, 0.0, 0.0, 0.0, 0.0, 0.0, 0.0, 0.0, 0.0]"
02.04_2013,4,2.04,2013,2013-10-18,C:\Users\ASUS\Desktop\Ders\blg521\data\02.04\2013\K1\1X\02_04-2013_10_18-09_48-K1-1X.jpeg,C:\Users\ASUS\Desktop\Ders\blg521\data\02.04\2013\K1\10X\02_04-2013_10_18-09_47-K1-10X.jpeg,Dormancy,"[1.0, 0.0, 0.0, 0.0, 0.0, 0.0, 0.0, 0.0, 0.0, 0.0]"
02.04_2013,4,2.04,2013,2013-10-19,C:\Users\ASUS\Desktop\Ders\blg521\data\02.04\2013\K1\1X\02_04-2013_10_19-10_05-K1-1X.jpeg,C:\Users\ASUS\Desktop\Ders\blg521\data\02.04\2013\K1\10X\02_04-2013_10_19-10_04-K1-10X.jpeg,Dormancy,"[1.0, 0.0, 0.0, 0.0, 0.0, 0.0, 0.0, 0.0, 0.0, 0.0]"
02.04_2013,4,2.04,2013,2013-10-20,C:\Users\ASUS\Desktop\Ders\blg521\data\02.04\2013\K1\1X\02_04-2013_10_20-09_49-K1-1X.jpeg,C:\Users\ASUS\Desktop\Ders\blg521\data\02.04\2013\K1\10X\02_04-2013_10_20-09_49-K1-10X.jpeg,Dormancy,"[1.0, 0.0, 0.0, 0.0, 0.0, 0.0, 0.0, 0.0, 0.0, 0.0]"
02.04_2013,4,2.04,2013,2013-10-21,C:\Users\ASUS\Desktop\Ders\blg521\data\02.04\2013\K1\1X\02_04-2013_10_21-10_06-K1-1X.jpeg,C:\Users\ASUS\Desktop\Ders\blg521\data\02.04\2013\K1\10X\02_04-2013_10_21-10_05-K1-10X.jpeg,Dormancy,"[1.0, 0.0, 0.0, 0.0, 0.0, 0.0, 0.0, 0.0, 0.0, 0.0]"
02.04_2013,4,2.04,2013,2013-11-06,C:\Users\ASUS\Desktop\Ders\blg521\data\02.04\2013\K1\1X\02_04-2013_11_06-10_12-K1-1X.jpeg,C:\Users\ASUS\Desktop\Ders\blg521\data\02.04\2013\K1\10X\02_04-2013_11_06-10_11-K1-10X.jpeg,Dormancy,"[1.0, 0.0, 0.0, 0.0, 0.0, 0.0, 0.0, 0.0, 0.0, 0.0]"
02.04_2013,4,2.04,2013,2013-11-07,C:\Users\ASUS\Desktop\Ders\blg521\data\02.04\2013\K1\1X\02_04-2013_11_07-09_56-K1-1X.jpeg,C:\Users\ASUS\Desktop\Ders\blg521\data\02.04\2013\K1\10X\02_04-2013_11_07-09_55-K1-10X.jpeg,Dormancy,"[1.0, 0.0, 0.0, 0.0, 0.0, 0.0, 0.0, 0.0, 0.0, 0.0]"
02.04_2013,4,2.04,2013,2013-11-08,C:\Users\ASUS\Desktop\Ders\blg521\data\02.04\2013\K1\1X\02_04-2013_11_08-10_05-K1-1X.jpeg,C:\Users\ASUS\Desktop\Ders\blg521\data\02.04\2013\K1\10X\02_04-2013_11_08-10_04-K1-10X.jpeg,Dormancy,"[1.0, 0.0, 0.0, 0.0, 0.0, 0.0, 0.0, 0.0, 0.0, 0.0]"
02.04_2013,4,2.04,2013,2013-11-09,C:\Users\ASUS\Desktop\Ders\blg521\data\02.04\2013\K1\1X\02_04-2013_11_09-09_48-K1-1X.jpeg,C:\Users\ASUS\Desktop\Ders\blg521\data\02.04\2013\K1\10X\02_04-2013_11_09-09_47-K1-10X.jpeg,Dormancy,"[1.0, 0.0, 0.0, 0.0, 0.0, 0.0, 0.0, 0.0, 0.0, 0.0]"
02.04_2013,4,2.04,2013,2013-11-14,C:\Users\ASUS\Desktop\Ders\blg521\data\02.04\2013\K1\1X\02_04-2013_11_14-10_08-K1-1X.jpeg,C:\Users\ASUS\Desktop\Ders\blg521\data\02.04\2013\K1\10X\02_04-2013_11_14-10_07-K1-10X.jpeg,Dormancy,"[1.0, 0.0, 0.0, 0.0, 0.0, 0.0, 0.0, 0.0, 0.0, 0.0]"
02.04_2013,4,2.04,2013,2013-11-15,C:\Users\ASUS\Desktop\Ders\blg521\data\02.04\2013\K1\1X\02_04-2013_11_15-10_01-K1-1X.jpeg,C:\Users\ASUS\Desktop\Ders\blg521\data\02.04\2013\K1\10X\02_04-2013_11_15-10_00-K1-10X.jpeg,Dormancy,"[1.0, 0.0, 0.0, 0.0, 0.0, 0.0, 0.0, 0.0, 0.0, 0.0]"
02.04_2013,4,2.04,2013,2013-11-17,C:\Users\ASUS\Desktop\Ders\blg521\data\02.04\2013\K1\1X\02_04-2013_11_17-09_59-K1-1X.jpeg,C:\Users\ASUS\Desktop\Ders\blg521\data\02.04\2013\K1\10X\02_04-2013_11_17-09_58-K1-10X.jpeg,Dormancy,"[1.0, 0.0, 0.0, 0.0, 0.0, 0.0, 0.0, 0.0, 0.0, 0.0]"
02.04_2013,4,2.04,2013,2013-11-18,C:\Users\ASUS\Desktop\Ders\blg521\data\02.04\2013\K1\1X\02_04-2013_11_18-10_13-K1-1X.jpeg,C:\Users\ASUS\Desktop\Ders\blg521\data\02.04\2013\K1\10X\02_04-2013_11_18-10_12-K1-10X.jpeg,Dormancy,"[1.0, 0.0, 0.0, 0.0, 0.0, 0.0, 0.0, 0.0, 0.0, 0.0]"
02.04_2013,4,2.04,2013,2013-11-19,,C:\Users\ASUS\Desktop\Ders\blg521\data\02.04\2013\K1\10X\02_04-2013_11_19-09_54-K1-10X.jpeg,Dormancy,"[1.0, 0.0, 0.0, 0.0, 0.0, 0.0, 0.0, 0.0, 0.0, 0.0]"
02.04_2013,4,2.04,2013,2013-11-21,C:\Users\ASUS\Desktop\Ders\blg521\data\02.04\2013\K1\1X\02_04-2013_11_21-10_15-K1-1X.jpeg,C:\Users\ASUS\Desktop\Ders\blg521\data\02.04\2013\K1\10X\02_04-2013_11_21-10_14-K1-10X.jpeg,Dormancy,"[1.0, 0.0, 0.0, 0.0, 0.0, 0.0, 0.0, 0.0, 0.0, 0.0]"
02.04_2013,4,2.04,2013,2013-11-22,C:\Users\ASUS\Desktop\Ders\blg521\data\02.04\2013\K1\1X\02_04-2013_11_22-10_16-K1-1X.jpeg,C:\Users\ASUS\Desktop\Ders\blg521\data\02.04\2013\K1\10X\02_04-2013_11_22-10_15-K1-10X.jpeg,Dormancy,"[1.0, 0.0, 0.0, 0.0, 0.0, 0.0, 0.0, 0.0, 0.0, 0.0]"
02.04_2013,4,2.04,2013,2013-11-24,C:\Users\ASUS\Desktop\Ders\blg521\data\02.04\2013\K1\1X\02_04-2013_11_24-09_46-K1-1X.jpeg,C:\Users\ASUS\Desktop\Ders\blg521\data\02.04\2013\K1\10X\02_04-2013_11_24-09_45-K1-10X.jpeg,PS0,"[0.0, 1.0, 0.0, 0.0, 0.0, 0.0, 0.0, 0.0, 0.0, 0.0]"
02.04_2013,4,2.04,2013,2013-11-25,C:\Users\ASUS\Desktop\Ders\blg521\data\02.04\2013\K1\1X\02_04-2013_11_25-09_59-K1-1X.jpeg,C:\Users\ASUS\Desktop\Ders\blg521\data\02.04\2013\K1\10X\02_04-2013_11_25-09_58-K1-10X.jpeg,PS0,"[0.0, 1.0, 0.0, 0.0, 0.0, 0.0, 0.0, 0.0, 0.0, 0.0]"
02.04_2013,4,2.04,2013,2013-11-26,C:\Users\ASUS\Desktop\Ders\blg521\data\02.04\2013\K1\1X\02_04-2013_11_26-10_07-K1-1X.jpeg,C:\Users\ASUS\Desktop\Ders\blg521\data\02.04\2013\K1\10X\02_04-2013_11_26-10_06-K1-10X.jpeg,PS0,"[0.0, 1.0, 0.0, 0.0, 0.0, 0.0, 0.0, 0.0, 0.0, 0.0]"
02.04_2013,4,2.04,2013,2013-11-27,C:\Users\ASUS\Desktop\Ders\blg521\data\02.04\2013\K1\1X\02_04-2013_11_27-09_50-K1-1X.jpeg,C:\Users\ASUS\Desktop\Ders\blg521\data\02.04\2013\K1\10X\02_04-2013_11_27-09_49-K1-10X.jpeg,PS0,"[0.0, 1.0, 0.0, 0.0, 0.0, 0.0, 0.0, 0.0, 0.0, 0.0]"
02.04_2013,4,2.04,2013,2013-11-28,C:\Users\ASUS\Desktop\Ders\blg521\data\02.04\2013\K1\1X\02_04-2013_11_28-10_05-K1-1X.jpeg,C:\Users\ASUS\Desktop\Ders\blg521\data\02.04\2013\K1\10X\02_04-2013_11_28-10_05-K1-10X.jpeg,PS0,"[0.0, 1.0, 0.0, 0.0, 0.0, 0.0, 0.0, 0.0, 0.0, 0.0]"
02.04_2013,4,2.04,2013,2013-11-30,C:\Users\ASUS\Desktop\Ders\blg521\data\02.04\2013\K1\1X\02_04-2013_11_30-10_08-K1-1X.jpeg,C:\Users\ASUS\Desktop\Ders\blg521\data\02.04\2013\K1\10X\02_04-2013_11_30-10_07-K1-10X.jpeg,PS0,"[0.0, 1.0, 0.0, 0.0, 0.0, 0.0, 0.0, 0.0, 0.0, 0.0]"
02.04_2013,4,2.04,2013,2013-12-03,C:\Users\ASUS\Desktop\Ders\blg521\data\02.04\2013\K1\1X\02_04-2013_12_03-10_06-K1-1X.jpeg,C:\Users\ASUS\Desktop\Ders\blg521\data\02.04\2013\K1\10X\02_04-2013_12_03-10_05-K1-10X.jpeg,PS0,"[0.0, 1.0, 0.0, 0.0, 0.0, 0.0, 0.0, 0.0, 0.0, 0.0]"
02.04_2013,4,2.04,2013,2013-12-15,C:\Users\ASUS\Desktop\Ders\blg521\data\02.04\2013\K1\1X\02_04-2013_12_15-10_05-K1-1X.jpeg,C:\Users\ASUS\Desktop\Ders\blg521\data\02.04\2013\K1\10X\02_04-2013_12_15-10_03-K1-10X.jpeg,PS0,"[0.0, 0.5, 0.5, 0.0, 0.0, 0.0, 0.0, 0.0, 0.0, 0.0]"
02.04_2013,4,2.04,2013,2013-12-16,C:\Users\ASUS\Desktop\Ders\blg521\data\02.04\2013\K1\1X\02_04-2013_12_16-10_04-K1-1X.jpeg,C:\Users\ASUS\Desktop\Ders\blg521\data\02.04\2013\K1\10X\02_04-2013_12_16-10_03-K1-10X.jpeg,PS1,"[0.0, 0.25, 0.75, 0.0, 0.0, 0.0, 0.0, 0.0, 0.0, 0.0]"
02.04_2013,4,2.04,2013,2013-12-17,C:\Users\ASUS\Desktop\Ders\blg521\data\02.04\2013\K1\1X\02_04-2013_12_17-10_04-K1-1X.jpeg,C:\Users\ASUS\Desktop\Ders\blg521\data\02.04\2013\K1\10X\02_04-2013_12_17-10_02-K1-10X.jpeg,PS1,"[0.0, 0.0, 1.0, 0.0, 0.0, 0.0, 0.0, 0.0, 0.0, 0.0]"
02.04_2013,4,2.04,2013,2013-12-18,C:\Users\ASUS\Desktop\Ders\blg521\data\02.04\2013\K1\1X\02_04-2013_12_18-10_03-K1-1X.jpeg,C:\Users\ASUS\Desktop\Ders\blg521\data\02.04\2013\K1\10X\02_04-2013_12_18-10_02-K1-10X.jpeg,PS1,"[0.0, 0.0, 1.0, 0.0, 0.0, 0.0, 0.0, 0.0, 0.0, 0.0]"
02.04_2013,4,2.04,2013,2013-12-19,C:\Users\ASUS\Desktop\Ders\blg521\data\02.04\2013\K1\1X\02_04-2013_12_19-10_04-K1-1X.jpeg,C:\Users\ASUS\Desktop\Ders\blg521\data\02.04\2013\K1\10X\02_04-2013_12_19-10_02-K1-10X.jpeg,PS1,"[0.0, 0.0, 1.0, 0.0, 0.0, 0.0, 0.0, 0.0, 0.0, 0.0]"
02.04_2013,4,2.04,2013,2013-12-20,C:\Users\ASUS\Desktop\Ders\blg521\data\02.04\2013\K1\1X\02_04-2013_12_20-10_03-K1-1X.jpeg,C:\Users\ASUS\Desktop\Ders\blg521\data\02.04\2013\K1\10X\02_04-2013_12_20-10_02-K1-10X.jpeg,PS1,"[0.0, 0.0, 1.0, 0.0, 0.0, 0.0, 0.0, 0.0, 0.0, 0.0]"
02.04_2013,4,2.04,2013,2013-12-21,C:\Users\ASUS\Desktop\Ders\blg521\data\02.04\2013\K1\1X\02_04-2013_12_21-10_03-K1-1X.jpeg,C:\Users\ASUS\Desktop\Ders\blg521\data\02.04\2013\K1\10X\02_04-2013_12_21-10_01-K1-10X.jpeg,PS1,"[0.0, 0.0, 1.0, 0.0, 0.0, 0.0, 0.0, 0.0, 0.0, 0.0]"
02.04_2013,4,2.04,2013,2013-12-23,C:\Users\ASUS\Desktop\Ders\blg521\data\02.04\2013\K1\1X\02_04-2013_12_23-10_02-K1-1X.jpeg,C:\Users\ASUS\Desktop\Ders\blg521\data\02.04\2013\K1\10X\02_04-2013_12_23-10_00-K1-10X.jpeg,PS1,"[0.0, 0.0, 1.0, 0.0, 0.0, 0.0, 0.0, 0.0, 0.0, 0.0]"
02.04_2013,4,2.04,2013,2013-12-24,C:\Users\ASUS\Desktop\Ders\blg521\data\02.04\2013\K1\1X\02_04-2013_12_24-09_53-K1-1X.jpeg,,PS1,"[0.0, 0.0, 1.0, 0.0, 0.0, 0.0, 0.0, 0.0, 0.0, 0.0]"
02.04_2013,4,2.04,2013,2013-12-25,C:\Users\ASUS\Desktop\Ders\blg521\data\02.04\2013\K1\1X\02_04-2013_12_25-09_52-K1-1X.jpeg,C:\Users\ASUS\Desktop\Ders\blg521\data\02.04\2013\K1\10X\02_04-2013_12_25-09_51-K1-10X.jpeg,PS1,"[0.0, 0.0, 1.0, 0.0, 0.0, 0.0, 0.0, 0.0, 0.0, 0.0]"
02.04_2013,4,2.04,2013,2013-12-26,C:\Users\ASUS\Desktop\Ders\blg521\data\02.04\2013\K1\1X\02_04-2013_12_26-09_48-K1-1X.jpeg,C:\Users\ASUS\Desktop\Ders\blg521\data\02.04\2013\K1\10X\02_04-2013_12_26-09_47-K1-10X.jpeg,PS1,"[0.0, 0.0, 1.0, 0.0, 0.0, 0.0, 0.0, 0.0, 0.0, 0.0]"
02.04_2013,4,2.04,2013,2013-12-27,C:\Users\ASUS\Desktop\Ders\blg521\data\02.04\2013\K1\1X\02_04-2013_12_27-09_45-K1-1X.jpeg,C:\Users\ASUS\Desktop\Ders\blg521\data\02.04\2013\K1\10X\02_04-2013_12_27-10_16-K1-10X.jpeg,PS1,"[0.0, 0.0, 1.0, 0.0, 0.0, 0.0, 0.0, 0.0, 0.0, 0.0]"
02.04_2013,4,2.04,2013,2013-12-28,C:\Users\ASUS\Desktop\Ders\blg521\data\02.04\2013\K1\1X\02_04-2013_12_28-10_16-K1-1X.jpeg,C:\Users\ASUS\Desktop\Ders\blg521\data\02.04\2013\K1\10X\02_04-2013_12_28-10_15-K1-10X.jpeg,PS1,"[0.0, 0.0, 1.0, 0.0, 0.0, 0.0, 0.0, 0.0, 0.0, 0.0]"
02.04_2013,4,2.04,2013,2013-12-29,C:\Users\ASUS\Desktop\Ders\blg521\data\02.04\2013\K1\1X\02_04-2013_12_29-10_14-K1-1X.jpeg,C:\Users\ASUS\Desktop\Ders\blg521\data\02.04\2013\K1\10X\02_04-2013_12_29-10_12-K1-10X.jpeg,PS1,"[0.0, 0.0, 1.0, 0.0, 0.0, 0.0, 0.0, 0.0, 0.0, 0.0]"
02.04_2013,4,2.04,2013,2013-12-30,C:\Users\ASUS\Desktop\Ders\blg521\data\02.04\2013\K1\1X\02_04-2013_12_30-10_08-K1-1X.jpeg,C:\Users\ASUS\Desktop\Ders\blg521\data\02.04\2013\K1\10X\02_04-2013_12_30-10_06-K1-10X.jpeg,PS1,"[0.0, 0.0, 1.0, 0.0, 0.0, 0.0, 0.0, 0.0, 0.0, 0.0]"
02.04_2013,4,2.04,2013,2013-12-31,C:\Users\ASUS\Desktop\Ders\blg521\data\02.04\2013\K1\1X\02_04-2013_12_31-10_03-K1-1X.jpeg,C:\Users\ASUS\Desktop\Ders\blg521\data\02.04\2013\K1\10X\02_04-2013_12_31-10_01-K1-10X.jpeg,PS1,"[0.0, 0.0, 1.0, 0.0, 0.0, 0.0, 0.0, 0.0, 0.0, 0.0]"
02.05_2013,5,2.05,2013,2013-08-19,,C:\Users\ASUS\Desktop\Ders\blg521\data\02.05\2013\K1\10X\02_05-2013_08_19-10_04-K1-10X.jpeg,Dormancy,"[1.0, 0.0, 0.0, 0.0, 0.0, 0.0, 0.0, 0.0, 0.0, 0.0]"
02.05_2013,5,2.05,2013,2013-08-22,C:\Users\ASUS\Desktop\Ders\blg521\data\02.05\2013\K1\1X\02_05-2013_08_22-10_11-K1-1X.jpeg,C:\Users\ASUS\Desktop\Ders\blg521\data\02.05\2013\K1\10X\02_05-2013_08_22-10_10-K1-10X.jpeg,Dormancy,"[1.0, 0.0, 0.0, 0.0, 0.0, 0.0, 0.0, 0.0, 0.0, 0.0]"
02.05_2013,5,2.05,2013,2013-08-23,,C:\Users\ASUS\Desktop\Ders\blg521\data\02.05\2013\K1\10X\02_05-2013_08_23-09_52-K1-10X.jpeg,Dormancy,"[1.0, 0.0, 0.0, 0.0, 0.0, 0.0, 0.0, 0.0, 0.0, 0.0]"
02.05_2013,5,2.05,2013,2013-08-25,C:\Users\ASUS\Desktop\Ders\blg521\data\02.05\2013\K1\1X\02_05-2013_08_25-09_54-K1-1X.jpeg,C:\Users\ASUS\Desktop\Ders\blg521\data\02.05\2013\K1\10X\02_05-2013_08_25-09_53-K1-10X.jpeg,Dormancy,"[1.0, 0.0, 0.0, 0.0, 0.0, 0.0, 0.0, 0.0, 0.0, 0.0]"
02.05_2013,5,2.05,2013,2013-08-26,,C:\Users\ASUS\Desktop\Ders\blg521\data\02.05\2013\K1\10X\02_05-2013_08_26-10_16-K1-10X.jpeg,Dormancy,"[1.0, 0.0, 0.0, 0.0, 0.0, 0.0, 0.0, 0.0, 0.0, 0.0]"
02.05_2013,5,2.05,2013,2013-08-27,C:\Users\ASUS\Desktop\Ders\blg521\data\02.05\2013\K1\1X\02_05-2013_08_27-09_55-K1-1X.jpeg,C:\Users\ASUS\Desktop\Ders\blg521\data\02.05\2013\K1\10X\02_05-2013_08_27-09_54-K1-10X.jpeg,Dormancy,"[1.0, 0.0, 0.0, 0.0, 0.0, 0.0, 0.0, 0.0, 0.0, 0.0]"
02.05_2013,5,2.05,2013,2013-08-28,C:\Users\ASUS\Desktop\Ders\blg521\data\02.05\2013\K1\1X\02_05-2013_08_28-11_16-K1-1X.jpeg,C:\Users\ASUS\Desktop\Ders\blg521\data\02.05\2013\K1\10X\02_05-2013_08_28-11_15-K1-10X.jpeg,Dormancy,"[1.0, 0.0, 0.0, 0.0, 0.0, 0.0, 0.0, 0.0, 0.0, 0.0]"
02.05_2013,5,2.05,2013,2013-08-29,C:\Users\ASUS\Desktop\Ders\blg521\data\02.05\2013\K1\1X\02_05-2013_08_29-09_59-K1-1X.jpeg,C:\Users\ASUS\Desktop\Ders\blg521\data\02.05\2013\K1\10X\02_05-2013_08_29-09_58-K1-10X.jpeg,Dormancy,"[1.0, 0.0, 0.0, 0.0, 0.0, 0.0, 0.0, 0.0, 0.0, 0.0]"
02.05_2013,5,2.05,2013,2013-08-30,,C:\Users\ASUS\Desktop\Ders\blg521\data\02.05\2013\K1\10X\02_05-2013_08_30-09_59-K1-10X.jpeg,Dormancy,"[1.0, 0.0, 0.0, 0.0, 0.0, 0.0, 0.0, 0.0, 0.0, 0.0]"
02.05_2013,5,2.05,2013,2013-09-03,C:\Users\ASUS\Desktop\Ders\blg521\data\02.05\2013\K1\1X\02_05-2013_09_03-11_45-K1-1X.jpeg,C:\Users\ASUS\Desktop\Ders\blg521\data\02.05\2013\K1\10X\02_05-2013_09_03-11_44-K1-10X.jpeg,Dormancy,"[1.0, 0.0, 0.0, 0.0, 0.0, 0.0, 0.0, 0.0, 0.0, 0.0]"
02.05_2013,5,2.05,2013,2013-09-04,C:\Users\ASUS\Desktop\Ders\blg521\data\02.05\2013\K1\1X\02_05-2013_09_04-09_57-K1-1X.jpeg,C:\Users\ASUS\Desktop\Ders\blg521\data\02.05\2013\K1\10X\02_05-2013_09_04-09_56-K1-10X.jpeg,Dormancy,"[1.0, 0.0, 0.0, 0.0, 0.0, 0.0, 0.0, 0.0, 0.0, 0.0]"
02.05_2013,5,2.05,2013,2013-09-05,C:\Users\ASUS\Desktop\Ders\blg521\data\02.05\2013\K1\1X\02_05-2013_09_05-09_54-K1-1X.jpeg,C:\Users\ASUS\Desktop\Ders\blg521\data\02.05\2013\K1\10X\02_05-2013_09_05-09_53-K1-10X.jpeg,Dormancy,"[1.0, 0.0, 0.0, 0.0, 0.0, 0.0, 0.0, 0.0, 0.0, 0.0]"
02.05_2013,5,2.05,2013,2013-09-06,C:\Users\ASUS\Desktop\Ders\blg521\data\02.05\2013\K1\1X\02_05-2013_09_06-10_01-K1-1X.jpeg,C:\Users\ASUS\Desktop\Ders\blg521\data\02.05\2013\K1\10X\02_05-2013_09_06-10_00-K1-10X.jpeg,Dormancy,"[1.0, 0.0, 0.0, 0.0, 0.0, 0.0, 0.0, 0.0, 0.0, 0.0]"
02.05_2013,5,2.05,2013,2013-09-07,C:\Users\ASUS\Desktop\Ders\blg521\data\02.05\2013\K1\1X\02_05-2013_09_07-09_51-K1-1X.jpeg,C:\Users\ASUS\Desktop\Ders\blg521\data\02.05\2013\K1\10X\02_05-2013_09_07-09_50-K1-10X.jpeg,Dormancy,"[1.0, 0.0, 0.0, 0.0, 0.0, 0.0, 0.0, 0.0, 0.0, 0.0]"
02.05_2013,5,2.05,2013,2013-09-08,C:\Users\ASUS\Desktop\Ders\blg521\data\02.05\2013\K1\1X\02_05-2013_09_08-10_12-K1-1X.jpeg,C:\Users\ASUS\Desktop\Ders\blg521\data\02.05\2013\K1\10X\02_05-2013_09_08-10_11-K1-10X.jpeg,Dormancy,"[1.0, 0.0, 0.0, 0.0, 0.0, 0.0, 0.0, 0.0, 0.0, 0.0]"
02.05_2013,5,2.05,2013,2013-09-09,C:\Users\ASUS\Desktop\Ders\blg521\data\02.05\2013\K1\1X\02_05-2013_09_09-10_02-K1-1X.jpeg,C:\Users\ASUS\Desktop\Ders\blg521\data\02.05\2013\K1\10X\02_05-2013_09_09-10_01-K1-10X.jpeg,Dormancy,"[1.0, 0.0, 0.0, 0.0, 0.0, 0.0, 0.0, 0.0, 0.0, 0.0]"
02.05_2013,5,2.05,2013,2013-09-10,C:\Users\ASUS\Desktop\Ders\blg521\data\02.05\2013\K1\1X\02_05-2013_09_10-10_06-K1-1X.jpeg,C:\Users\ASUS\Desktop\Ders\blg521\data\02.05\2013\K1\10X\02_05-2013_09_10-10_05-K1-10X.jpeg,Dormancy,"[1.0, 0.0, 0.0, 0.0, 0.0, 0.0, 0.0, 0.0, 0.0, 0.0]"
02.05_2013,5,2.05,2013,2013-09-11,C:\Users\ASUS\Desktop\Ders\blg521\data\02.05\2013\K1\1X\02_05-2013_09_11-10_03-K1-1X.jpeg,C:\Users\ASUS\Desktop\Ders\blg521\data\02.05\2013\K1\10X\02_05-2013_09_11-10_03-K1-10X.jpeg,Dormancy,"[1.0, 0.0, 0.0, 0.0, 0.0, 0.0, 0.0, 0.0, 0.0, 0.0]"
02.05_2013,5,2.05,2013,2013-09-12,C:\Users\ASUS\Desktop\Ders\blg521\data\02.05\2013\K1\1X\02_05-2013_09_12-10_12-K1-1X.jpeg,C:\Users\ASUS\Desktop\Ders\blg521\data\02.05\2013\K1\10X\02_05-2013_09_12-10_11-K1-10X.jpeg,Dormancy,"[1.0, 0.0, 0.0, 0.0, 0.0, 0.0, 0.0, 0.0, 0.0, 0.0]"
02.05_2013,5,2.05,2013,2013-09-13,C:\Users\ASUS\Desktop\Ders\blg521\data\02.05\2013\K1\1X\02_05-2013_09_13-10_11-K1-1X.jpeg,C:\Users\ASUS\Desktop\Ders\blg521\data\02.05\2013\K1\10X\02_05-2013_09_13-10_10-K1-10X.jpeg,Dormancy,"[1.0, 0.0, 0.0, 0.0, 0.0, 0.0, 0.0, 0.0, 0.0, 0.0]"
02.05_2013,5,2.05,2013,2013-09-14,C:\Users\ASUS\Desktop\Ders\blg521\data\02.05\2013\K1\1X\02_05-2013_09_14-10_10-K1-1X.jpeg,C:\Users\ASUS\Desktop\Ders\blg521\data\02.05\2013\K1\10X\02_05-2013_09_14-10_09-K1-10X.jpeg,Dormancy,"[1.0, 0.0, 0.0, 0.0, 0.0, 0.0, 0.0, 0.0, 0.0, 0.0]"
02.05_2013,5,2.05,2013,2013-09-19,C:\Users\ASUS\Desktop\Ders\blg521\data\02.05\2013\K1\1X\02_05-2013_09_19-10_59-K1-1X.jpeg,C:\Users\ASUS\Desktop\Ders\blg521\data\02.05\2013\K1\10X\02_05-2013_09_19-10_58-K1-10X.jpeg,Dormancy,"[1.0, 0.0, 0.0, 0.0, 0.0, 0.0, 0.0, 0.0, 0.0, 0.0]"
02.05_2013,5,2.05,2013,2013-09-20,C:\Users\ASUS\Desktop\Ders\blg521\data\02.05\2013\K1\1X\02_05-2013_09_20-09_45-K1-1X.jpeg,C:\Users\ASUS\Desktop\Ders\blg521\data\02.05\2013\K1\10X\02_05-2013_09_20-10_15-K1-10X.jpeg,Dormancy,"[1.0, 0.0, 0.0, 0.0, 0.0, 0.0, 0.0, 0.0, 0.0, 0.0]"
02.05_2013,5,2.05,2013,2013-09-21,C:\Users\ASUS\Desktop\Ders\blg521\data\02.05\2013\K1\1X\02_05-2013_09_21-10_01-K1-1X.jpeg,C:\Users\ASUS\Desktop\Ders\blg521\data\02.05\2013\K1\10X\02_05-2013_09_21-10_00-K1-10X.jpeg,Dormancy,"[1.0, 0.0, 0.0, 0.0, 0.0, 0.0, 0.0, 0.0, 0.0, 0.0]"
02.05_2013,5,2.05,2013,2013-09-22,C:\Users\ASUS\Desktop\Ders\blg521\data\02.05\2013\K1\1X\02_05-2013_09_22-09_48-K1-1X.jpeg,C:\Users\ASUS\Desktop\Ders\blg521\data\02.05\2013\K1\10X\02_05-2013_09_22-09_47-K1-10X.jpeg,Dormancy,"[1.0, 0.0, 0.0, 0.0, 0.0, 0.0, 0.0, 0.0, 0.0, 0.0]"
02.05_2013,5,2.05,2013,2013-09-23,C:\Users\ASUS\Desktop\Ders\blg521\data\02.05\2013\K1\1X\02_05-2013_09_23-09_53-K1-1X.jpeg,C:\Users\ASUS\Desktop\Ders\blg521\data\02.05\2013\K1\10X\02_05-2013_09_23-09_51-K1-10X.jpeg,Dormancy,"[1.0, 0.0, 0.0, 0.0, 0.0, 0.0, 0.0, 0.0, 0.0, 0.0]"
02.05_2013,5,2.05,2013,2013-09-24,C:\Users\ASUS\Desktop\Ders\blg521\data\02.05\2013\K1\1X\02_05-2013_09_24-10_05-K1-1X.jpeg,C:\Users\ASUS\Desktop\Ders\blg521\data\02.05\2013\K1\10X\02_05-2013_09_24-10_03-K1-10X.jpeg,Dormancy,"[1.0, 0.0, 0.0, 0.0, 0.0, 0.0, 0.0, 0.0, 0.0, 0.0]"
02.05_2013,5,2.05,2013,2013-09-25,C:\Users\ASUS\Desktop\Ders\blg521\data\02.05\2013\K1\1X\02_05-2013_09_25-09_44-K1-1X.jpeg,C:\Users\ASUS\Desktop\Ders\blg521\data\02.05\2013\K1\10X\02_05-2013_09_25-10_15-K1-10X.jpeg,Dormancy,"[1.0, 0.0, 0.0, 0.0, 0.0, 0.0, 0.0, 0.0, 0.0, 0.0]"
02.05_2013,5,2.05,2013,2013-09-26,C:\Users\ASUS\Desktop\Ders\blg521\data\02.05\2013\K1\1X\02_05-2013_09_26-09_45-K1-1X.jpeg,C:\Users\ASUS\Desktop\Ders\blg521\data\02.05\2013\K1\10X\02_05-2013_09_26-10_16-K1-10X.jpeg,Dormancy,"[1.0, 0.0, 0.0, 0.0, 0.0, 0.0, 0.0, 0.0, 0.0, 0.0]"
02.05_2013,5,2.05,2013,2013-09-27,C:\Users\ASUS\Desktop\Ders\blg521\data\02.05\2013\K1\1X\02_05-2013_09_27-09_47-K1-1X.jpeg,C:\Users\ASUS\Desktop\Ders\blg521\data\02.05\2013\K1\10X\02_05-2013_09_27-09_46-K1-10X.jpeg,Dormancy,"[1.0, 0.0, 0.0, 0.0, 0.0, 0.0, 0.0, 0.0, 0.0, 0.0]"
02.05_2013,5,2.05,2013,2013-09-28,C:\Users\ASUS\Desktop\Ders\blg521\data\02.05\2013\K1\1X\02_05-2013_09_28-09_56-K1-1X.jpeg,C:\Users\ASUS\Desktop\Ders\blg521\data\02.05\2013\K1\10X\02_05-2013_09_28-09_55-K1-10X.jpeg,Dormancy,"[1.0, 0.0, 0.0, 0.0, 0.0, 0.0, 0.0, 0.0, 0.0, 0.0]"
02.05_2013,5,2.05,2013,2013-09-29,C:\Users\ASUS\Desktop\Ders\blg521\data\02.05\2013\K1\1X\02_05-2013_09_29-09_55-K1-1X.jpeg,C:\Users\ASUS\Desktop\Ders\blg521\data\02.05\2013\K1\10X\02_05-2013_09_29-09_54-K1-10X.jpeg,Dormancy,"[1.0, 0.0, 0.0, 0.0, 0.0, 0.0, 0.0, 0.0, 0.0, 0.0]"
02.05_2013,5,2.05,2013,2013-09-30,C:\Users\ASUS\Desktop\Ders\blg521\data\02.05\2013\K1\1X\02_05-2013_09_30-09_57-K1-1X.jpeg,C:\Users\ASUS\Desktop\Ders\blg521\data\02.05\2013\K1\10X\02_05-2013_09_30-09_56-K1-10X.jpeg,Dormancy,"[1.0, 0.0, 0.0, 0.0, 0.0, 0.0, 0.0, 0.0, 0.0, 0.0]"
02.05_2013,5,2.05,2013,2013-10-01,C:\Users\ASUS\Desktop\Ders\blg521\data\02.05\2013\K1\1X\02_05-2013_10_01-10_04-K1-1X.jpeg,C:\Users\ASUS\Desktop\Ders\blg521\data\02.05\2013\K1\10X\02_05-2013_10_01-10_01-K1-10X.jpeg,Dormancy,"[1.0, 0.0, 0.0, 0.0, 0.0, 0.0, 0.0, 0.0, 0.0, 0.0]"
02.05_2013,5,2.05,2013,2013-10-02,C:\Users\ASUS\Desktop\Ders\blg521\data\02.05\2013\K1\1X\02_05-2013_10_02-10_13-K1-1X.jpeg,C:\Users\ASUS\Desktop\Ders\blg521\data\02.05\2013\K1\10X\02_05-2013_10_02-10_10-K1-10X.jpeg,Dormancy,"[1.0, 0.0, 0.0, 0.0, 0.0, 0.0, 0.0, 0.0, 0.0, 0.0]"
02.05_2013,5,2.05,2013,2013-10-09,C:\Users\ASUS\Desktop\Ders\blg521\data\02.05\2013\K1\1X\02_05-2013_10_09-10_08-K1-1X.jpeg,C:\Users\ASUS\Desktop\Ders\blg521\data\02.05\2013\K1\10X\02_05-2013_10_09-10_07-K1-10X.jpeg,Dormancy,"[1.0, 0.0, 0.0, 0.0, 0.0, 0.0, 0.0, 0.0, 0.0, 0.0]"
02.05_2013,5,2.05,2013,2013-10-10,C:\Users\ASUS\Desktop\Ders\blg521\data\02.05\2013\K1\1X\02_05-2013_10_10-09_56-K1-1X.jpeg,C:\Users\ASUS\Desktop\Ders\blg521\data\02.05\2013\K1\10X\02_05-2013_10_10-09_55-K1-10X.jpeg,Dormancy,"[1.0, 0.0, 0.0, 0.0, 0.0, 0.0, 0.0, 0.0, 0.0, 0.0]"
02.05_2013,5,2.05,2013,2013-10-11,C:\Users\ASUS\Desktop\Ders\blg521\data\02.05\2013\K1\1X\02_05-2013_10_11-09_46-K1-1X.jpeg,C:\Users\ASUS\Desktop\Ders\blg521\data\02.05\2013\K1\10X\02_05-2013_10_11-09_45-K1-10X.jpeg,Dormancy,"[1.0, 0.0, 0.0, 0.0, 0.0, 0.0, 0.0, 0.0, 0.0, 0.0]"
02.05_2013,5,2.05,2013,2013-10-14,C:\Users\ASUS\Desktop\Ders\blg521\data\02.05\2013\K1\1X\02_05-2013_10_14-10_09-K1-1X.jpeg,C:\Users\ASUS\Desktop\Ders\blg521\data\02.05\2013\K1\10X\02_05-2013_10_14-10_08-K1-10X.jpeg,Dormancy,"[1.0, 0.0, 0.0, 0.0, 0.0, 0.0, 0.0, 0.0, 0.0, 0.0]"
02.05_2013,5,2.05,2013,2013-10-15,C:\Users\ASUS\Desktop\Ders\blg521\data\02.05\2013\K1\1X\02_05-2013_10_15-09_52-K1-1X.jpeg,C:\Users\ASUS\Desktop\Ders\blg521\data\02.05\2013\K1\10X\02_05-2013_10_15-09_51-K1-10X.jpeg,Dormancy,"[1.0, 0.0, 0.0, 0.0, 0.0, 0.0, 0.0, 0.0, 0.0, 0.0]"
02.05_2013,5,2.05,2013,2013-10-16,C:\Users\ASUS\Desktop\Ders\blg521\data\02.05\2013\K1\1X\02_05-2013_10_16-10_07-K1-1X.jpeg,C:\Users\ASUS\Desktop\Ders\blg521\data\02.05\2013\K1\10X\02_05-2013_10_16-10_06-K1-10X.jpeg,Dormancy,"[1.0, 0.0, 0.0, 0.0, 0.0, 0.0, 0.0, 0.0, 0.0, 0.0]"
02.05_2013,5,2.05,2013,2013-10-17,C:\Users\ASUS\Desktop\Ders\blg521\data\02.05\2013\K1\1X\02_05-2013_10_17-09_49-K1-1X.jpeg,C:\Users\ASUS\Desktop\Ders\blg521\data\02.05\2013\K1\10X\02_05-2013_10_17-09_49-K1-10X.jpeg,Dormancy,"[1.0, 0.0, 0.0, 0.0, 0.0, 0.0, 0.0, 0.0, 0.0, 0.0]"
02.05_2013,5,2.05,2013,2013-10-18,C:\Users\ASUS\Desktop\Ders\blg521\data\02.05\2013\K1\1X\02_05-2013_10_18-10_06-K1-1X.jpeg,C:\Users\ASUS\Desktop\Ders\blg521\data\02.05\2013\K1\10X\02_05-2013_10_18-10_05-K1-10X.jpeg,Dormancy,"[1.0, 0.0, 0.0, 0.0, 0.0, 0.0, 0.0, 0.0, 0.0, 0.0]"
02.05_2013,5,2.05,2013,2013-10-19,C:\Users\ASUS\Desktop\Ders\blg521\data\02.05\2013\K1\1X\02_05-2013_10_19-09_53-K1-1X.jpeg,C:\Users\ASUS\Desktop\Ders\blg521\data\02.05\2013\K1\10X\02_05-2013_10_19-09_52-K1-10X.jpeg,Dormancy,"[1.0, 0.0, 0.0, 0.0, 0.0, 0.0, 0.0, 0.0, 0.0, 0.0]"
02.05_2013,5,2.05,2013,2013-10-20,C:\Users\ASUS\Desktop\Ders\blg521\data\02.05\2013\K1\1X\02_05-2013_10_20-10_11-K1-1X.jpeg,C:\Users\ASUS\Desktop\Ders\blg521\data\02.05\2013\K1\10X\02_05-2013_10_20-10_10-K1-10X.jpeg,Dormancy,"[1.0, 0.0, 0.0, 0.0, 0.0, 0.0, 0.0, 0.0, 0.0, 0.0]"
02.05_2013,5,2.05,2013,2013-10-21,C:\Users\ASUS\Desktop\Ders\blg521\data\02.05\2013\K1\1X\02_05-2013_10_21-09_59-K1-1X.jpeg,C:\Users\ASUS\Desktop\Ders\blg521\data\02.05\2013\K1\10X\02_05-2013_10_21-09_58-K1-10X.jpeg,Dormancy,"[1.0, 0.0, 0.0, 0.0, 0.0, 0.0, 0.0, 0.0, 0.0, 0.0]"
02.05_2013,5,2.05,2013,2013-10-26,C:\Users\ASUS\Desktop\Ders\blg521\data\02.05\2013\K1\1X\02_05-2013_10_26-10_05-K1-1X.jpeg,,Dormancy,"[1.0, 0.0, 0.0, 0.0, 0.0, 0.0, 0.0, 0.0, 0.0, 0.0]"
02.05_2013,5,2.05,2013,2013-10-27,C:\Users\ASUS\Desktop\Ders\blg521\data\02.05\2013\K1\1X\02_05-2013_10_27-09_48-K1-1X.jpeg,C:\Users\ASUS\Desktop\Ders\blg521\data\02.05\2013\K1\10X\02_05-2013_10_27-09_47-K1-10X.jpeg,Dormancy,"[1.0, 0.0, 0.0, 0.0, 0.0, 0.0, 0.0, 0.0, 0.0, 0.0]"
02.05_2013,5,2.05,2013,2013-10-28,C:\Users\ASUS\Desktop\Ders\blg521\data\02.05\2013\K1\1X\02_05-2013_10_28-09_59-K1-1X.jpeg,,Dormancy,"[1.0, 0.0, 0.0, 0.0, 0.0, 0.0, 0.0, 0.0, 0.0, 0.0]"
02.05_2013,5,2.05,2013,2013-10-31,C:\Users\ASUS\Desktop\Ders\blg521\data\02.05\2013\K1\1X\02_05-2013_10_31-10_01-K1-1X.jpeg,C:\Users\ASUS\Desktop\Ders\blg521\data\02.05\2013\K1\10X\02_05-2013_10_31-10_00-K1-10X.jpeg,Dormancy,"[1.0, 0.0, 0.0, 0.0, 0.0, 0.0, 0.0, 0.0, 0.0, 0.0]"
02.05_2013,5,2.05,2013,2013-11-01,,C:\Users\ASUS\Desktop\Ders\blg521\data\02.05\2013\K1\10X\02_05-2013_11_01-09_46-K1-10X.jpeg,Dormancy,"[1.0, 0.0, 0.0, 0.0, 0.0, 0.0, 0.0, 0.0, 0.0, 0.0]"
02.05_2013,5,2.05,2013,2013-11-05,C:\Users\ASUS\Desktop\Ders\blg521\data\02.05\2013\K1\1X\02_05-2013_11_05-09_50-K1-1X.jpeg,C:\Users\ASUS\Desktop\Ders\blg521\data\02.05\2013\K1\10X\02_05-2013_11_05-09_50-K1-10X.jpeg,Dormancy,"[1.0, 0.0, 0.0, 0.0, 0.0, 0.0, 0.0, 0.0, 0.0, 0.0]"
02.05_2013,5,2.05,2013,2013-11-06,C:\Users\ASUS\Desktop\Ders\blg521\data\02.05\2013\K1\1X\02_05-2013_11_06-09_51-K1-1X.jpeg,C:\Users\ASUS\Desktop\Ders\blg521\data\02.05\2013\K1\10X\02_05-2013_11_06-09_51-K1-10X.jpeg,Dormancy,"[1.0, 0.0, 0.0, 0.0, 0.0, 0.0, 0.0, 0.0, 0.0, 0.0]"
02.05_2013,5,2.05,2013,2013-11-07,C:\Users\ASUS\Desktop\Ders\blg521\data\02.05\2013\K1\1X\02_05-2013_11_07-09_52-K1-1X.jpeg,C:\Users\ASUS\Desktop\Ders\blg521\data\02.05\2013\K1\10X\02_05-2013_11_07-09_52-K1-10X.jpeg,Dormancy,"[1.0, 0.0, 0.0, 0.0, 0.0, 0.0, 0.0, 0.0, 0.0, 0.0]"
02.05_2013,5,2.05,2013,2013-11-08,C:\Users\ASUS\Desktop\Ders\blg521\data\02.05\2013\K1\1X\02_05-2013_11_08-09_52-K1-1X.jpeg,C:\Users\ASUS\Desktop\Ders\blg521\data\02.05\2013\K1\10X\02_05-2013_11_08-09_52-K1-10X.jpeg,Dormancy,"[1.0, 0.0, 0.0, 0.0, 0.0, 0.0, 0.0, 0.0, 0.0, 0.0]"
02.05_2013,5,2.05,2013,2013-11-09,C:\Users\ASUS\Desktop\Ders\blg521\data\02.05\2013\K1\1X\02_05-2013_11_09-09_56-K1-1X.jpeg,C:\Users\ASUS\Desktop\Ders\blg521\data\02.05\2013\K1\10X\02_05-2013_11_09-09_55-K1-10X.jpeg,Dormancy,"[1.0, 0.0, 0.0, 0.0, 0.0, 0.0, 0.0, 0.0, 0.0, 0.0]"
02.05_2013,5,2.05,2013,2013-11-11,C:\Users\ASUS\Desktop\Ders\blg521\data\02.05\2013\K1\1X\02_05-2013_11_11-09_50-K1-1X.jpeg,C:\Users\ASUS\Desktop\Ders\blg521\data\02.05\2013\K1\10X\02_05-2013_11_11-09_49-K1-10X.jpeg,Dormancy,"[1.0, 0.0, 0.0, 0.0, 0.0, 0.0, 0.0, 0.0, 0.0, 0.0]"
02.05_2013,5,2.05,2013,2013-11-12,C:\Users\ASUS\Desktop\Ders\blg521\data\02.05\2013\K1\1X\02_05-2013_11_12-09_56-K1-1X.jpeg,C:\Users\ASUS\Desktop\Ders\blg521\data\02.05\2013\K1\10X\02_05-2013_11_12-09_55-K1-10X.jpeg,Dormancy,"[1.0, 0.0, 0.0, 0.0, 0.0, 0.0, 0.0, 0.0, 0.0, 0.0]"
02.05_2013,5,2.05,2013,2013-11-13,C:\Users\ASUS\Desktop\Ders\blg521\data\02.05\2013\K1\1X\02_05-2013_11_13-10_02-K1-1X.jpeg,C:\Users\ASUS\Desktop\Ders\blg521\data\02.05\2013\K1\10X\02_05-2013_11_13-10_01-K1-10X.jpeg,Dormancy,"[1.0, 0.0, 0.0, 0.0, 0.0, 0.0, 0.0, 0.0, 0.0, 0.0]"
02.05_2013,5,2.05,2013,2013-11-14,C:\Users\ASUS\Desktop\Ders\blg521\data\02.05\2013\K1\1X\02_05-2013_11_14-10_07-K1-1X.jpeg,C:\Users\ASUS\Desktop\Ders\blg521\data\02.05\2013\K1\10X\02_05-2013_11_14-10_06-K1-10X.jpeg,Dormancy,"[1.0, 0.0, 0.0, 0.0, 0.0, 0.0, 0.0, 0.0, 0.0, 0.0]"
02.05_2013,5,2.05,2013,2013-11-17,C:\Users\ASUS\Desktop\Ders\blg521\data\02.05\2013\K1\1X\02_05-2013_11_17-09_56-K1-1X.jpeg,C:\Users\ASUS\Desktop\Ders\blg521\data\02.05\2013\K1\10X\02_05-2013_11_17-09_55-K1-10X.jpeg,PS0,"[0.0, 1.0, 0.0, 0.0, 0.0, 0.0, 0.0, 0.0, 0.0, 0.0]"
02.05_2013,5,2.05,2013,2013-11-18,C:\Users\ASUS\Desktop\Ders\blg521\data\02.05\2013\K1\1X\02_05-2013_11_18-10_03-K1-1X.jpeg,C:\Users\ASUS\Desktop\Ders\blg521\data\02.05\2013\K1\10X\02_05-2013_11_18-10_02-K1-10X.jpeg,PS0,"[0.0, 1.0, 0.0, 0.0, 0.0, 0.0, 0.0, 0.0, 0.0, 0.0]"
02.05_2013,5,2.05,2013,2013-11-22,C:\Users\ASUS\Desktop\Ders\blg521\data\02.05\2013\K1\1X\02_05-2013_11_22-10_00-K1-1X.jpeg,C:\Users\ASUS\Desktop\Ders\blg521\data\02.05\2013\K1\10X\02_05-2013_11_22-09_59-K1-10X.jpeg,PS0,"[0.0, 1.0, 0.0, 0.0, 0.0, 0.0, 0.0, 0.0, 0.0, 0.0]"
02.05_2013,5,2.05,2013,2013-11-24,C:\Users\ASUS\Desktop\Ders\blg521\data\02.05\2013\K1\1X\02_05-2013_11_24-09_45-K1-1X.jpeg,C:\Users\ASUS\Desktop\Ders\blg521\data\02.05\2013\K1\10X\02_05-2013_11_24-09_45-K1-10X.jpeg,PS0,"[0.0, 1.0, 0.0, 0.0, 0.0, 0.0, 0.0, 0.0, 0.0, 0.0]"
02.05_2013,5,2.05,2013,2013-11-25,C:\Users\ASUS\Desktop\Ders\blg521\data\02.05\2013\K1\1X\02_05-2013_11_25-10_00-K1-1X.jpeg,C:\Users\ASUS\Desktop\Ders\blg521\data\02.05\2013\K1\10X\02_05-2013_11_25-09_59-K1-10X.jpeg,PS0,"[0.0, 1.0, 0.0, 0.0, 0.0, 0.0, 0.0, 0.0, 0.0, 0.0]"
02.05_2013,5,2.05,2013,2013-11-26,C:\Users\ASUS\Desktop\Ders\blg521\data\02.05\2013\K1\1X\02_05-2013_11_26-10_08-K1-1X.jpeg,C:\Users\ASUS\Desktop\Ders\blg521\data\02.05\2013\K1\10X\02_05-2013_11_26-10_07-K1-10X.jpeg,PS0,"[0.0, 1.0, 0.0, 0.0, 0.0, 0.0, 0.0, 0.0, 0.0, 0.0]"
02.05_2013,5,2.05,2013,2013-11-27,C:\Users\ASUS\Desktop\Ders\blg521\data\02.05\2013\K1\1X\02_05-2013_11_27-09_49-K1-1X.jpeg,C:\Users\ASUS\Desktop\Ders\blg521\data\02.05\2013\K1\10X\02_05-2013_11_27-09_48-K1-10X.jpeg,PS0,"[0.0, 1.0, 0.0, 0.0, 0.0, 0.0, 0.0, 0.0, 0.0, 0.0]"
02.05_2013,5,2.05,2013,2013-11-28,C:\Users\ASUS\Desktop\Ders\blg521\data\02.05\2013\K1\1X\02_05-2013_11_28-10_22-K1-1X.jpeg,C:\Users\ASUS\Desktop\Ders\blg521\data\02.05\2013\K1\10X\02_05-2013_11_28-09_48-K1-10X.jpeg,PS0,"[0.0, 1.0, 0.0, 0.0, 0.0, 0.0, 0.0, 0.0, 0.0, 0.0]"
02.05_2013,5,2.05,2013,2013-11-30,C:\Users\ASUS\Desktop\Ders\blg521\data\02.05\2013\K1\1X\02_05-2013_11_30-10_10-K1-1X.jpeg,C:\Users\ASUS\Desktop\Ders\blg521\data\02.05\2013\K1\10X\02_05-2013_11_30-10_09-K1-10X.jpeg,PS0,"[0.0, 1.0, 0.0, 0.0, 0.0, 0.0, 0.0, 0.0, 0.0, 0.0]"
02.05_2013,5,2.05,2013,2013-12-06,C:\Users\ASUS\Desktop\Ders\blg521\data\02.05\2013\K1\1X\02_05-2013_12_06-10_54-K1-1X.jpeg,C:\Users\ASUS\Desktop\Ders\blg521\data\02.05\2013\K1\10X\02_05-2013_12_06-10_53-K1-10X.jpeg,PS0,"[0.0, 1.0, 0.0, 0.0, 0.0, 0.0, 0.0, 0.0, 0.0, 0.0]"
02.05_2013,5,2.05,2013,2013-12-20,C:\Users\ASUS\Desktop\Ders\blg521\data\02.05\2013\K1\1X\02_05-2013_12_20-09_49-K1-1X.jpeg,C:\Users\ASUS\Desktop\Ders\blg521\data\02.05\2013\K1\10X\02_05-2013_12_20-09_48-K1-10X.jpeg,PS0,"[0.0, 1.0, 0.0, 0.0, 0.0, 0.0, 0.0, 0.0, 0.0, 0.0]"
02.05_2013,5,2.05,2013,2013-12-25,C:\Users\ASUS\Desktop\Ders\blg521\data\02.05\2013\K1\1X\02_05-2013_12_25-09_58-K1-1X.jpeg,C:\Users\ASUS\Desktop\Ders\blg521\data\02.05\2013\K1\10X\02_05-2013_12_25-09_56-K1-10X.jpeg,PS0,"[0.0, 0.5, 0.5, 0.0, 0.0, 0.0, 0.0, 0.0, 0.0, 0.0]"
02.05_2013,5,2.05,2013,2013-12-26,C:\Users\ASUS\Desktop\Ders\blg521\data\02.05\2013\K1\1X\02_05-2013_12_26-09_59-K1-1X.jpeg,C:\Users\ASUS\Desktop\Ders\blg521\data\02.05\2013\K1\10X\02_05-2013_12_26-09_58-K1-10X.jpeg,PS1,"[0.0, 0.25, 0.75, 0.0, 0.0, 0.0, 0.0, 0.0, 0.0, 0.0]"
02.05_2013,5,2.05,2013,2013-12-27,C:\Users\ASUS\Desktop\Ders\blg521\data\02.05\2013\K1\1X\02_05-2013_12_27-10_00-K1-1X.jpeg,C:\Users\ASUS\Desktop\Ders\blg521\data\02.05\2013\K1\10X\02_05-2013_12_27-09_59-K1-10X.jpeg,PS1,"[0.0, 0.0, 1.0, 0.0, 0.0, 0.0, 0.0, 0.0, 0.0, 0.0]"
02.05_2013,5,2.05,2013,2013-12-28,C:\Users\ASUS\Desktop\Ders\blg521\data\02.05\2013\K1\1X\02_05-2013_12_28-11_05-K1-1X.jpeg,C:\Users\ASUS\Desktop\Ders\blg521\data\02.05\2013\K1\10X\02_05-2013_12_28-11_03-K1-10X.jpeg,PS1,"[0.0, 0.0, 1.0, 0.0, 0.0, 0.0, 0.0, 0.0, 0.0, 0.0]"
02.05_2013,5,2.05,2013,2013-12-29,C:\Users\ASUS\Desktop\Ders\blg521\data\02.05\2013\K1\1X\02_05-2013_12_29-10_16-K1-1X.jpeg,C:\Users\ASUS\Desktop\Ders\blg521\data\02.05\2013\K1\10X\02_05-2013_12_29-10_14-K1-10X.jpeg,PS1,"[0.0, 0.0, 1.0, 0.0, 0.0, 0.0, 0.0, 0.0, 0.0, 0.0]"
02.05_2013,5,2.05,2013,2013-12-30,C:\Users\ASUS\Desktop\Ders\blg521\data\02.05\2013\K1\1X\02_05-2013_12_30-09_44-K1-1X.jpeg,C:\Users\ASUS\Desktop\Ders\blg521\data\02.05\2013\K1\10X\02_05-2013_12_30-10_15-K1-10X.jpeg,PS1,"[0.0, 0.0, 1.0, 0.0, 0.0, 0.0, 0.0, 0.0, 0.0, 0.0]"
02.05_2013,5,2.05,2013,2013-12-31,C:\Users\ASUS\Desktop\Ders\blg521\data\02.05\2013\K1\1X\02_05-2013_12_31-10_16-K1-1X.jpeg,C:\Users\ASUS\Desktop\Ders\blg521\data\02.05\2013\K1\10X\02_05-2013_12_31-10_15-K1-10X.jpeg,PS1,"[0.0, 0.0, 1.0, 0.0, 0.0, 0.0, 0.0, 0.0, 0.0, 0.0]"
02.06_2016,6,2.06,2016,2016-08-14,C:\Users\ASUS\Desktop\Ders\blg521\data\02.06\2016\K1\1X\02_06-2016_08_14-10_00-K1-1X.jpeg,C:\Users\ASUS\Desktop\Ders\blg521\data\02.06\2016\K1\10X\02_06-2016_08_14-10_00-K1-10X.jpeg,Dormancy,"[1.0, 0.0, 0.0, 0.0, 0.0, 0.0, 0.0, 0.0, 0.0, 0.0]"
02.06_2016,6,2.06,2016,2016-08-15,C:\Users\ASUS\Desktop\Ders\blg521\data\02.06\2016\K1\1X\02_06-2016_08_15-10_01-K1-1X.jpeg,C:\Users\ASUS\Desktop\Ders\blg521\data\02.06\2016\K1\10X\02_06-2016_08_15-10_00-K1-10X.jpeg,Dormancy,"[1.0, 0.0, 0.0, 0.0, 0.0, 0.0, 0.0, 0.0, 0.0, 0.0]"
02.06_2016,6,2.06,2016,2016-08-16,C:\Users\ASUS\Desktop\Ders\blg521\data\02.06\2016\K1\1X\02_06-2016_08_16-10_00-K1-1X.jpeg,C:\Users\ASUS\Desktop\Ders\blg521\data\02.06\2016\K1\10X\02_06-2016_08_16-10_00-K1-10X.jpeg,Dormancy,"[1.0, 0.0, 0.0, 0.0, 0.0, 0.0, 0.0, 0.0, 0.0, 0.0]"
02.06_2016,6,2.06,2016,2016-08-17,C:\Users\ASUS\Desktop\Ders\blg521\data\02.06\2016\K1\1X\02_06-2016_08_17-10_00-K1-1X.jpeg,C:\Users\ASUS\Desktop\Ders\blg521\data\02.06\2016\K1\10X\02_06-2016_08_17-10_00-K1-10X.jpeg,Dormancy,"[1.0, 0.0, 0.0, 0.0, 0.0, 0.0, 0.0, 0.0, 0.0, 0.0]"
02.06_2016,6,2.06,2016,2016-08-18,C:\Users\ASUS\Desktop\Ders\blg521\data\02.06\2016\K1\1X\02_06-2016_08_18-10_00-K1-1X.jpeg,C:\Users\ASUS\Desktop\Ders\blg521\data\02.06\2016\K1\10X\02_06-2016_08_18-10_00-K1-10X.jpeg,Dormancy,"[1.0, 0.0, 0.0, 0.0, 0.0, 0.0, 0.0, 0.0, 0.0, 0.0]"
02.06_2016,6,2.06,2016,2016-08-19,C:\Users\ASUS\Desktop\Ders\blg521\data\02.06\2016\K1\1X\02_06-2016_08_19-10_00-K1-1X.jpeg,C:\Users\ASUS\Desktop\Ders\blg521\data\02.06\2016\K1\10X\02_06-2016_08_19-10_00-K1-10X.jpeg,Dormancy,"[1.0, 0.0, 0.0, 0.0, 0.0, 0.0, 0.0, 0.0, 0.0, 0.0]"
02.06_2016,6,2.06,2016,2016-08-20,C:\Users\ASUS\Desktop\Ders\blg521\data\02.06\2016\K1\1X\02_06-2016_08_20-10_00-K1-1X.jpeg,C:\Users\ASUS\Desktop\Ders\blg521\data\02.06\2016\K1\10X\02_06-2016_08_20-10_00-K1-10X.jpeg,Dormancy,"[1.0, 0.0, 0.0, 0.0, 0.0, 0.0, 0.0, 0.0, 0.0, 0.0]"
02.06_2016,6,2.06,2016,2016-08-21,C:\Users\ASUS\Desktop\Ders\blg521\data\02.06\2016\K1\1X\02_06-2016_08_21-10_00-K1-1X.jpeg,C:\Users\ASUS\Desktop\Ders\blg521\data\02.06\2016\K1\10X\02_06-2016_08_21-10_00-K1-10X.jpeg,Dormancy,"[1.0, 0.0, 0.0, 0.0, 0.0, 0.0, 0.0, 0.0, 0.0, 0.0]"
02.06_2016,6,2.06,2016,2016-08-22,C:\Users\ASUS\Desktop\Ders\blg521\data\02.06\2016\K1\1X\02_06-2016_08_22-10_00-K1-1X.jpeg,C:\Users\ASUS\Desktop\Ders\blg521\data\02.06\2016\K1\10X\02_06-2016_08_22-10_00-K1-10X.jpeg,Dormancy,"[1.0, 0.0, 0.0, 0.0, 0.0, 0.0, 0.0, 0.0, 0.0, 0.0]"
02.06_2016,6,2.06,2016,2016-08-23,C:\Users\ASUS\Desktop\Ders\blg521\data\02.06\2016\K1\1X\02_06-2016_08_23-10_00-K1-1X.jpeg,C:\Users\ASUS\Desktop\Ders\blg521\data\02.06\2016\K1\10X\02_06-2016_08_23-10_00-K1-10X.jpeg,Dormancy,"[1.0, 0.0, 0.0, 0.0, 0.0, 0.0, 0.0, 0.0, 0.0, 0.0]"
02.06_2016,6,2.06,2016,2016-08-24,C:\Users\ASUS\Desktop\Ders\blg521\data\02.06\2016\K1\1X\02_06-2016_08_24-10_00-K1-1X.jpeg,C:\Users\ASUS\Desktop\Ders\blg521\data\02.06\2016\K1\10X\02_06-2016_08_24-10_00-K1-10X.jpeg,Dormancy,"[1.0, 0.0, 0.0, 0.0, 0.0, 0.0, 0.0, 0.0, 0.0, 0.0]"
02.06_2016,6,2.06,2016,2016-08-25,C:\Users\ASUS\Desktop\Ders\blg521\data\02.06\2016\K1\1X\02_06-2016_08_25-10_00-K1-1X.jpeg,C:\Users\ASUS\Desktop\Ders\blg521\data\02.06\2016\K1\10X\02_06-2016_08_25-10_00-K1-10X.jpeg,Dormancy,"[1.0, 0.0, 0.0, 0.0, 0.0, 0.0, 0.0, 0.0, 0.0, 0.0]"
02.06_2016,6,2.06,2016,2016-08-26,C:\Users\ASUS\Desktop\Ders\blg521\data\02.06\2016\K1\1X\02_06-2016_08_26-10_00-K1-1X.jpeg,C:\Users\ASUS\Desktop\Ders\blg521\data\02.06\2016\K1\10X\02_06-2016_08_26-10_00-K1-10X.jpeg,Dormancy,"[1.0, 0.0, 0.0, 0.0, 0.0, 0.0, 0.0, 0.0, 0.0, 0.0]"
02.06_2016,6,2.06,2016,2016-08-27,C:\Users\ASUS\Desktop\Ders\blg521\data\02.06\2016\K1\1X\02_06-2016_08_27-10_00-K1-1X.jpeg,C:\Users\ASUS\Desktop\Ders\blg521\data\02.06\2016\K1\10X\02_06-2016_08_27-10_00-K1-10X.jpeg,Dormancy,"[1.0, 0.0, 0.0, 0.0, 0.0, 0.0, 0.0, 0.0, 0.0, 0.0]"
02.06_2016,6,2.06,2016,2016-08-28,C:\Users\ASUS\Desktop\Ders\blg521\data\02.06\2016\K1\1X\02_06-2016_08_28-10_00-K1-1X.jpeg,C:\Users\ASUS\Desktop\Ders\blg521\data\02.06\2016\K1\10X\02_06-2016_08_28-10_00-K1-10X.jpeg,Dormancy,"[1.0, 0.0, 0.0, 0.0, 0.0, 0.0, 0.0, 0.0, 0.0, 0.0]"
02.06_2016,6,2.06,2016,2016-08-29,C:\Users\ASUS\Desktop\Ders\blg521\data\02.06\2016\K1\1X\02_06-2016_08_29-10_00-K1-1X.jpeg,C:\Users\ASUS\Desktop\Ders\blg521\data\02.06\2016\K1\10X\02_06-2016_08_29-10_00-K1-10X.jpeg,Dormancy,"[1.0, 0.0, 0.0, 0.0, 0.0, 0.0, 0.0, 0.0, 0.0, 0.0]"
02.06_2016,6,2.06,2016,2016-08-30,C:\Users\ASUS\Desktop\Ders\blg521\data\02.06\2016\K1\1X\02_06-2016_08_30-10_00-K1-1X.jpeg,C:\Users\ASUS\Desktop\Ders\blg521\data\02.06\2016\K1\10X\02_06-2016_08_30-10_00-K1-10X.jpeg,Dormancy,"[1.0, 0.0, 0.0, 0.0, 0.0, 0.0, 0.0, 0.0, 0.0, 0.0]"
02.06_2016,6,2.06,2016,2016-08-31,C:\Users\ASUS\Desktop\Ders\blg521\data\02.06\2016\K1\1X\02_06-2016_08_31-10_00-K1-1X.jpeg,C:\Users\ASUS\Desktop\Ders\blg521\data\02.06\2016\K1\10X\02_06-2016_08_31-10_00-K1-10X.jpeg,Dormancy,"[1.0, 0.0, 0.0, 0.0, 0.0, 0.0, 0.0, 0.0, 0.0, 0.0]"
02.06_2016,6,2.06,2016,2016-09-01,C:\Users\ASUS\Desktop\Ders\blg521\data\02.06\2016\K1\1X\02_06-2016_09_01-10_00-K1-1X.jpeg,C:\Users\ASUS\Desktop\Ders\blg521\data\02.06\2016\K1\10X\02_06-2016_09_01-10_00-K1-10X.jpeg,Dormancy,"[1.0, 0.0, 0.0, 0.0, 0.0, 0.0, 0.0, 0.0, 0.0, 0.0]"
02.06_2016,6,2.06,2016,2016-09-02,C:\Users\ASUS\Desktop\Ders\blg521\data\02.06\2016\K1\1X\02_06-2016_09_02-10_00-K1-1X.jpeg,C:\Users\ASUS\Desktop\Ders\blg521\data\02.06\2016\K1\10X\02_06-2016_09_02-10_00-K1-10X.jpeg,Dormancy,"[1.0, 0.0, 0.0, 0.0, 0.0, 0.0, 0.0, 0.0, 0.0, 0.0]"
02.06_2016,6,2.06,2016,2016-09-03,C:\Users\ASUS\Desktop\Ders\blg521\data\02.06\2016\K1\1X\02_06-2016_09_03-10_00-K1-1X.jpeg,C:\Users\ASUS\Desktop\Ders\blg521\data\02.06\2016\K1\10X\02_06-2016_09_03-10_00-K1-10X.jpeg,Dormancy,"[1.0, 0.0, 0.0, 0.0, 0.0, 0.0, 0.0, 0.0, 0.0, 0.0]"
02.06_2016,6,2.06,2016,2016-09-04,C:\Users\ASUS\Desktop\Ders\blg521\data\02.06\2016\K1\1X\02_06-2016_09_04-10_00-K1-1X.jpeg,C:\Users\ASUS\Desktop\Ders\blg521\data\02.06\2016\K1\10X\02_06-2016_09_04-10_00-K1-10X.jpeg,Dormancy,"[1.0, 0.0, 0.0, 0.0, 0.0, 0.0, 0.0, 0.0, 0.0, 0.0]"
02.06_2016,6,2.06,2016,2016-09-05,C:\Users\ASUS\Desktop\Ders\blg521\data\02.06\2016\K1\1X\02_06-2016_09_05-10_00-K1-1X.jpeg,C:\Users\ASUS\Desktop\Ders\blg521\data\02.06\2016\K1\10X\02_06-2016_09_05-10_00-K1-10X.jpeg,Dormancy,"[1.0, 0.0, 0.0, 0.0, 0.0, 0.0, 0.0, 0.0, 0.0, 0.0]"
02.06_2016,6,2.06,2016,2016-09-06,C:\Users\ASUS\Desktop\Ders\blg521\data\02.06\2016\K1\1X\02_06-2016_09_06-10_00-K1-1X.jpeg,C:\Users\ASUS\Desktop\Ders\blg521\data\02.06\2016\K1\10X\02_06-2016_09_06-10_00-K1-10X.jpeg,Dormancy,"[1.0, 0.0, 0.0, 0.0, 0.0, 0.0, 0.0, 0.0, 0.0, 0.0]"
02.06_2016,6,2.06,2016,2016-09-07,C:\Users\ASUS\Desktop\Ders\blg521\data\02.06\2016\K1\1X\02_06-2016_09_07-10_00-K1-1X.jpeg,C:\Users\ASUS\Desktop\Ders\blg521\data\02.06\2016\K1\10X\02_06-2016_09_07-10_00-K1-10X.jpeg,Dormancy,"[1.0, 0.0, 0.0, 0.0, 0.0, 0.0, 0.0, 0.0, 0.0, 0.0]"
02.06_2016,6,2.06,2016,2016-09-08,C:\Users\ASUS\Desktop\Ders\blg521\data\02.06\2016\K1\1X\02_06-2016_09_08-10_00-K1-1X.jpeg,C:\Users\ASUS\Desktop\Ders\blg521\data\02.06\2016\K1\10X\02_06-2016_09_08-10_00-K1-10X.jpeg,Dormancy,"[1.0, 0.0, 0.0, 0.0, 0.0, 0.0, 0.0, 0.0, 0.0, 0.0]"
02.06_2016,6,2.06,2016,2016-09-09,C:\Users\ASUS\Desktop\Ders\blg521\data\02.06\2016\K1\1X\02_06-2016_09_09-10_00-K1-1X.jpeg,C:\Users\ASUS\Desktop\Ders\blg521\data\02.06\2016\K1\10X\02_06-2016_09_09-10_00-K1-10X.jpeg,Dormancy,"[1.0, 0.0, 0.0, 0.0, 0.0, 0.0, 0.0, 0.0, 0.0, 0.0]"
02.06_2016,6,2.06,2016,2016-09-10,C:\Users\ASUS\Desktop\Ders\blg521\data\02.06\2016\K1\1X\02_06-2016_09_10-10_00-K1-1X.jpeg,C:\Users\ASUS\Desktop\Ders\blg521\data\02.06\2016\K1\10X\02_06-2016_09_10-10_00-K1-10X.jpeg,Dormancy,"[1.0, 0.0, 0.0, 0.0, 0.0, 0.0, 0.0, 0.0, 0.0, 0.0]"
02.06_2016,6,2.06,2016,2016-09-11,C:\Users\ASUS\Desktop\Ders\blg521\data\02.06\2016\K1\1X\02_06-2016_09_11-09_30-K1-1X.jpeg,C:\Users\ASUS\Desktop\Ders\blg521\data\02.06\2016\K1\10X\02_06-2016_09_11-09_30-K1-10X.jpeg,Dormancy,"[1.0, 0.0, 0.0, 0.0, 0.0, 0.0, 0.0, 0.0, 0.0, 0.0]"
02.06_2016,6,2.06,2016,2016-09-12,C:\Users\ASUS\Desktop\Ders\blg521\data\02.06\2016\K1\1X\02_06-2016_09_12-10_00-K1-1X.jpeg,C:\Users\ASUS\Desktop\Ders\blg521\data\02.06\2016\K1\10X\02_06-2016_09_12-10_00-K1-10X.jpeg,Dormancy,"[1.0, 0.0, 0.0, 0.0, 0.0, 0.0, 0.0, 0.0, 0.0, 0.0]"
02.06_2016,6,2.06,2016,2016-09-13,C:\Users\ASUS\Desktop\Ders\blg521\data\02.06\2016\K1\1X\02_06-2016_09_13-10_00-K1-1X.jpeg,C:\Users\ASUS\Desktop\Ders\blg521\data\02.06\2016\K1\10X\02_06-2016_09_13-10_00-K1-10X.jpeg,Dormancy,"[1.0, 0.0, 0.0, 0.0, 0.0, 0.0, 0.0, 0.0, 0.0, 0.0]"
02.06_2016,6,2.06,2016,2016-09-14,C:\Users\ASUS\Desktop\Ders\blg521\data\02.06\2016\K1\1X\02_06-2016_09_14-10_00-K1-1X.jpeg,C:\Users\ASUS\Desktop\Ders\blg521\data\02.06\2016\K1\10X\02_06-2016_09_14-10_00-K1-10X.jpeg,Dormancy,"[1.0, 0.0, 0.0, 0.0, 0.0, 0.0, 0.0, 0.0, 0.0, 0.0]"
02.06_2016,6,2.06,2016,2016-09-15,C:\Users\ASUS\Desktop\Ders\blg521\data\02.06\2016\K1\1X\02_06-2016_09_15-10_00-K1-1X.jpeg,C:\Users\ASUS\Desktop\Ders\blg521\data\02.06\2016\K1\10X\02_06-2016_09_15-10_00-K1-10X.jpeg,Dormancy,"[1.0, 0.0, 0.0, 0.0, 0.0, 0.0, 0.0, 0.0, 0.0, 0.0]"
02.06_2016,6,2.06,2016,2016-09-16,C:\Users\ASUS\Desktop\Ders\blg521\data\02.06\2016\K1\1X\02_06-2016_09_16-10_00-K1-1X.jpeg,C:\Users\ASUS\Desktop\Ders\blg521\data\02.06\2016\K1\10X\02_06-2016_09_16-10_00-K1-10X.jpeg,Dormancy,"[1.0, 0.0, 0.0, 0.0, 0.0, 0.0, 0.0, 0.0, 0.0, 0.0]"
02.06_2016,6,2.06,2016,2016-09-17,C:\Users\ASUS\Desktop\Ders\blg521\data\02.06\2016\K1\1X\02_06-2016_09_17-10_00-K1-1X.jpeg,C:\Users\ASUS\Desktop\Ders\blg521\data\02.06\2016\K1\10X\02_06-2016_09_17-10_00-K1-10X.jpeg,Dormancy,"[1.0, 0.0, 0.0, 0.0, 0.0, 0.0, 0.0, 0.0, 0.0, 0.0]"
02.06_2016,6,2.06,2016,2016-09-18,C:\Users\ASUS\Desktop\Ders\blg521\data\02.06\2016\K1\1X\02_06-2016_09_18-10_00-K1-1X.jpeg,C:\Users\ASUS\Desktop\Ders\blg521\data\02.06\2016\K1\10X\02_06-2016_09_18-10_00-K1-10X.jpeg,Dormancy,"[1.0, 0.0, 0.0, 0.0, 0.0, 0.0, 0.0, 0.0, 0.0, 0.0]"
02.06_2016,6,2.06,2016,2016-09-19,C:\Users\ASUS\Desktop\Ders\blg521\data\02.06\2016\K1\1X\02_06-2016_09_19-10_00-K1-1X.jpeg,C:\Users\ASUS\Desktop\Ders\blg521\data\02.06\2016\K1\10X\02_06-2016_09_19-10_00-K1-10X.jpeg,Dormancy,"[1.0, 0.0, 0.0, 0.0, 0.0, 0.0, 0.0, 0.0, 0.0, 0.0]"
02.06_2016,6,2.06,2016,2016-09-20,C:\Users\ASUS\Desktop\Ders\blg521\data\02.06\2016\K1\1X\02_06-2016_09_20-10_00-K1-1X.jpeg,C:\Users\ASUS\Desktop\Ders\blg521\data\02.06\2016\K1\10X\02_06-2016_09_20-10_00-K1-10X.jpeg,Dormancy,"[1.0, 0.0, 0.0, 0.0, 0.0, 0.0, 0.0, 0.0, 0.0, 0.0]"
02.06_2016,6,2.06,2016,2016-09-21,C:\Users\ASUS\Desktop\Ders\blg521\data\02.06\2016\K1\1X\02_06-2016_09_21-10_00-K1-1X.jpeg,C:\Users\ASUS\Desktop\Ders\blg521\data\02.06\2016\K1\10X\02_06-2016_09_21-10_00-K1-10X.jpeg,Dormancy,"[1.0, 0.0, 0.0, 0.0, 0.0, 0.0, 0.0, 0.0, 0.0, 0.0]"
02.06_2016,6,2.06,2016,2016-09-22,C:\Users\ASUS\Desktop\Ders\blg521\data\02.06\2016\K1\1X\02_06-2016_09_22-10_00-K1-1X.jpeg,C:\Users\ASUS\Desktop\Ders\blg521\data\02.06\2016\K1\10X\02_06-2016_09_22-10_00-K1-10X.jpeg,Dormancy,"[1.0, 0.0, 0.0, 0.0, 0.0, 0.0, 0.0, 0.0, 0.0, 0.0]"
02.06_2016,6,2.06,2016,2016-09-23,C:\Users\ASUS\Desktop\Ders\blg521\data\02.06\2016\K1\1X\02_06-2016_09_23-10_00-K1-1X.jpeg,C:\Users\ASUS\Desktop\Ders\blg521\data\02.06\2016\K1\10X\02_06-2016_09_23-10_00-K1-10X.jpeg,Dormancy,"[1.0, 0.0, 0.0, 0.0, 0.0, 0.0, 0.0, 0.0, 0.0, 0.0]"
02.06_2016,6,2.06,2016,2016-09-24,C:\Users\ASUS\Desktop\Ders\blg521\data\02.06\2016\K1\1X\02_06-2016_09_24-10_00-K1-1X.jpeg,C:\Users\ASUS\Desktop\Ders\blg521\data\02.06\2016\K1\10X\02_06-2016_09_24-10_00-K1-10X.jpeg,Dormancy,"[1.0, 0.0, 0.0, 0.0, 0.0, 0.0, 0.0, 0.0, 0.0, 0.0]"
02.06_2016,6,2.06,2016,2016-09-25,C:\Users\ASUS\Desktop\Ders\blg521\data\02.06\2016\K1\1X\02_06-2016_09_25-10_00-K1-1X.jpeg,C:\Users\ASUS\Desktop\Ders\blg521\data\02.06\2016\K1\10X\02_06-2016_09_25-10_00-K1-10X.jpeg,Dormancy,"[1.0, 0.0, 0.0, 0.0, 0.0, 0.0, 0.0, 0.0, 0.0, 0.0]"
02.06_2016,6,2.06,2016,2016-09-26,C:\Users\ASUS\Desktop\Ders\blg521\data\02.06\2016\K1\1X\02_06-2016_09_26-10_00-K1-1X.jpeg,C:\Users\ASUS\Desktop\Ders\blg521\data\02.06\2016\K1\10X\02_06-2016_09_26-10_00-K1-10X.jpeg,Dormancy,"[1.0, 0.0, 0.0, 0.0, 0.0, 0.0, 0.0, 0.0, 0.0, 0.0]"
02.06_2016,6,2.06,2016,2016-09-27,C:\Users\ASUS\Desktop\Ders\blg521\data\02.06\2016\K1\1X\02_06-2016_09_27-10_00-K1-1X.jpeg,C:\Users\ASUS\Desktop\Ders\blg521\data\02.06\2016\K1\10X\02_06-2016_09_27-10_00-K1-10X.jpeg,Dormancy,"[1.0, 0.0, 0.0, 0.0, 0.0, 0.0, 0.0, 0.0, 0.0, 0.0]"
02.06_2016,6,2.06,2016,2016-09-28,C:\Users\ASUS\Desktop\Ders\blg521\data\02.06\2016\K1\1X\02_06-2016_09_28-10_00-K1-1X.jpeg,C:\Users\ASUS\Desktop\Ders\blg521\data\02.06\2016\K1\10X\02_06-2016_09_28-10_00-K1-10X.jpeg,Dormancy,"[1.0, 0.0, 0.0, 0.0, 0.0, 0.0, 0.0, 0.0, 0.0, 0.0]"
02.06_2016,6,2.06,2016,2016-09-29,C:\Users\ASUS\Desktop\Ders\blg521\data\02.06\2016\K1\1X\02_06-2016_09_29-10_00-K1-1X.jpeg,C:\Users\ASUS\Desktop\Ders\blg521\data\02.06\2016\K1\10X\02_06-2016_09_29-10_00-K1-10X.jpeg,Dormancy,"[1.0, 0.0, 0.0, 0.0, 0.0, 0.0, 0.0, 0.0, 0.0, 0.0]"
02.06_2016,6,2.06,2016,2016-09-30,C:\Users\ASUS\Desktop\Ders\blg521\data\02.06\2016\K1\1X\02_06-2016_09_30-10_00-K1-1X.jpeg,C:\Users\ASUS\Desktop\Ders\blg521\data\02.06\2016\K1\10X\02_06-2016_09_30-10_00-K1-10X.jpeg,Dormancy,"[1.0, 0.0, 0.0, 0.0, 0.0, 0.0, 0.0, 0.0, 0.0, 0.0]"
02.06_2016,6,2.06,2016,2016-10-01,C:\Users\ASUS\Desktop\Ders\blg521\data\02.06\2016\K1\1X\02_06-2016_10_01-10_00-K1-1X.jpeg,C:\Users\ASUS\Desktop\Ders\blg521\data\02.06\2016\K1\10X\02_06-2016_10_01-10_00-K1-10X.jpeg,Dormancy,"[1.0, 0.0, 0.0, 0.0, 0.0, 0.0, 0.0, 0.0, 0.0, 0.0]"
02.06_2016,6,2.06,2016,2016-10-02,C:\Users\ASUS\Desktop\Ders\blg521\data\02.06\2016\K1\1X\02_06-2016_10_02-10_00-K1-1X.jpeg,C:\Users\ASUS\Desktop\Ders\blg521\data\02.06\2016\K1\10X\02_06-2016_10_02-10_00-K1-10X.jpeg,Dormancy,"[1.0, 0.0, 0.0, 0.0, 0.0, 0.0, 0.0, 0.0, 0.0, 0.0]"
02.06_2016,6,2.06,2016,2016-10-03,C:\Users\ASUS\Desktop\Ders\blg521\data\02.06\2016\K1\1X\02_06-2016_10_03-10_00-K1-1X.jpeg,C:\Users\ASUS\Desktop\Ders\blg521\data\02.06\2016\K1\10X\02_06-2016_10_03-10_00-K1-10X.jpeg,Dormancy,"[1.0, 0.0, 0.0, 0.0, 0.0, 0.0, 0.0, 0.0, 0.0, 0.0]"
02.06_2016,6,2.06,2016,2016-10-04,C:\Users\ASUS\Desktop\Ders\blg521\data\02.06\2016\K1\1X\02_06-2016_10_04-10_00-K1-1X.jpeg,C:\Users\ASUS\Desktop\Ders\blg521\data\02.06\2016\K1\10X\02_06-2016_10_04-10_00-K1-10X.jpeg,Dormancy,"[1.0, 0.0, 0.0, 0.0, 0.0, 0.0, 0.0, 0.0, 0.0, 0.0]"
02.06_2016,6,2.06,2016,2016-10-05,C:\Users\ASUS\Desktop\Ders\blg521\data\02.06\2016\K1\1X\02_06-2016_10_05-10_00-K1-1X.jpeg,C:\Users\ASUS\Desktop\Ders\blg521\data\02.06\2016\K1\10X\02_06-2016_10_05-10_00-K1-10X.jpeg,Dormancy,"[1.0, 0.0, 0.0, 0.0, 0.0, 0.0, 0.0, 0.0, 0.0, 0.0]"
02.06_2016,6,2.06,2016,2016-10-06,C:\Users\ASUS\Desktop\Ders\blg521\data\02.06\2016\K1\1X\02_06-2016_10_06-10_00-K1-1X.jpeg,C:\Users\ASUS\Desktop\Ders\blg521\data\02.06\2016\K1\10X\02_06-2016_10_06-10_00-K1-10X.jpeg,Dormancy,"[1.0, 0.0, 0.0, 0.0, 0.0, 0.0, 0.0, 0.0, 0.0, 0.0]"
02.06_2016,6,2.06,2016,2016-10-07,C:\Users\ASUS\Desktop\Ders\blg521\data\02.06\2016\K1\1X\02_06-2016_10_07-10_00-K1-1X.jpeg,C:\Users\ASUS\Desktop\Ders\blg521\data\02.06\2016\K1\10X\02_06-2016_10_07-10_00-K1-10X.jpeg,Dormancy,"[1.0, 0.0, 0.0, 0.0, 0.0, 0.0, 0.0, 0.0, 0.0, 0.0]"
02.06_2016,6,2.06,2016,2016-10-08,C:\Users\ASUS\Desktop\Ders\blg521\data\02.06\2016\K1\1X\02_06-2016_10_08-10_00-K1-1X.jpeg,C:\Users\ASUS\Desktop\Ders\blg521\data\02.06\2016\K1\10X\02_06-2016_10_08-10_00-K1-10X.jpeg,Dormancy,"[1.0, 0.0, 0.0, 0.0, 0.0, 0.0, 0.0, 0.0, 0.0, 0.0]"
02.06_2016,6,2.06,2016,2016-10-09,C:\Users\ASUS\Desktop\Ders\blg521\data\02.06\2016\K1\1X\02_06-2016_10_09-10_00-K1-1X.jpeg,C:\Users\ASUS\Desktop\Ders\blg521\data\02.06\2016\K1\10X\02_06-2016_10_09-10_00-K1-10X.jpeg,Dormancy,"[1.0, 0.0, 0.0, 0.0, 0.0, 0.0, 0.0, 0.0, 0.0, 0.0]"
02.06_2016,6,2.06,2016,2016-10-10,C:\Users\ASUS\Desktop\Ders\blg521\data\02.06\2016\K1\1X\02_06-2016_10_10-10_30-K1-1X.jpeg,C:\Users\ASUS\Desktop\Ders\blg521\data\02.06\2016\K1\10X\02_06-2016_10_10-09_30-K1-10X.jpeg,Dormancy,"[1.0, 0.0, 0.0, 0.0, 0.0, 0.0, 0.0, 0.0, 0.0, 0.0]"
02.06_2016,6,2.06,2016,2016-10-11,C:\Users\ASUS\Desktop\Ders\blg521\data\02.06\2016\K1\1X\02_06-2016_10_11-10_30-K1-1X.jpeg,C:\Users\ASUS\Desktop\Ders\blg521\data\02.06\2016\K1\10X\02_06-2016_10_11-10_30-K1-10X.jpeg,Dormancy,"[1.0, 0.0, 0.0, 0.0, 0.0, 0.0, 0.0, 0.0, 0.0, 0.0]"
02.06_2016,6,2.06,2016,2016-10-12,C:\Users\ASUS\Desktop\Ders\blg521\data\02.06\2016\K1\1X\02_06-2016_10_12-09_30-K1-1X.jpeg,C:\Users\ASUS\Desktop\Ders\blg521\data\02.06\2016\K1\10X\02_06-2016_10_12-09_30-K1-10X.jpeg,Dormancy,"[1.0, 0.0, 0.0, 0.0, 0.0, 0.0, 0.0, 0.0, 0.0, 0.0]"
02.06_2016,6,2.06,2016,2016-10-13,C:\Users\ASUS\Desktop\Ders\blg521\data\02.06\2016\K1\1X\02_06-2016_10_13-09_30-K1-1X.jpeg,C:\Users\ASUS\Desktop\Ders\blg521\data\02.06\2016\K1\10X\02_06-2016_10_13-09_30-K1-10X.jpeg,Dormancy,"[1.0, 0.0, 0.0, 0.0, 0.0, 0.0, 0.0, 0.0, 0.0, 0.0]"
02.06_2016,6,2.06,2016,2016-10-14,C:\Users\ASUS\Desktop\Ders\blg521\data\02.06\2016\K1\1X\02_06-2016_10_14-10_00-K1-1X.jpeg,C:\Users\ASUS\Desktop\Ders\blg521\data\02.06\2016\K1\10X\02_06-2016_10_14-10_00-K1-10X.jpeg,Dormancy,"[1.0, 0.0, 0.0, 0.0, 0.0, 0.0, 0.0, 0.0, 0.0, 0.0]"
02.06_2016,6,2.06,2016,2016-10-15,C:\Users\ASUS\Desktop\Ders\blg521\data\02.06\2016\K1\1X\02_06-2016_10_15-10_00-K1-1X.jpeg,C:\Users\ASUS\Desktop\Ders\blg521\data\02.06\2016\K1\10X\02_06-2016_10_15-10_00-K1-10X.jpeg,Dormancy,"[1.0, 0.0, 0.0, 0.0, 0.0, 0.0, 0.0, 0.0, 0.0, 0.0]"
02.06_2016,6,2.06,2016,2016-10-16,C:\Users\ASUS\Desktop\Ders\blg521\data\02.06\2016\K1\1X\02_06-2016_10_16-10_00-K1-1X.jpeg,C:\Users\ASUS\Desktop\Ders\blg521\data\02.06\2016\K1\10X\02_06-2016_10_16-10_00-K1-10X.jpeg,Dormancy,"[1.0, 0.0, 0.0, 0.0, 0.0, 0.0, 0.0, 0.0, 0.0, 0.0]"
02.06_2016,6,2.06,2016,2016-10-17,C:\Users\ASUS\Desktop\Ders\blg521\data\02.06\2016\K1\1X\02_06-2016_10_17-10_00-K1-1X.jpeg,C:\Users\ASUS\Desktop\Ders\blg521\data\02.06\2016\K1\10X\02_06-2016_10_17-10_00-K1-10X.jpeg,Dormancy,"[1.0, 0.0, 0.0, 0.0, 0.0, 0.0, 0.0, 0.0, 0.0, 0.0]"
02.06_2016,6,2.06,2016,2016-10-18,C:\Users\ASUS\Desktop\Ders\blg521\data\02.06\2016\K1\1X\02_06-2016_10_18-10_00-K1-1X.jpeg,C:\Users\ASUS\Desktop\Ders\blg521\data\02.06\2016\K1\10X\02_06-2016_10_18-10_00-K1-10X.jpeg,Dormancy,"[1.0, 0.0, 0.0, 0.0, 0.0, 0.0, 0.0, 0.0, 0.0, 0.0]"
02.06_2016,6,2.06,2016,2016-10-19,C:\Users\ASUS\Desktop\Ders\blg521\data\02.06\2016\K1\1X\02_06-2016_10_19-10_00-K1-1X.jpeg,C:\Users\ASUS\Desktop\Ders\blg521\data\02.06\2016\K1\10X\02_06-2016_10_19-10_00-K1-10X.jpeg,Dormancy,"[1.0, 0.0, 0.0, 0.0, 0.0, 0.0, 0.0, 0.0, 0.0, 0.0]"
02.06_2016,6,2.06,2016,2016-10-20,C:\Users\ASUS\Desktop\Ders\blg521\data\02.06\2016\K1\1X\02_06-2016_10_20-10_00-K1-1X.jpeg,C:\Users\ASUS\Desktop\Ders\blg521\data\02.06\2016\K1\10X\02_06-2016_10_20-10_00-K1-10X.jpeg,Dormancy,"[1.0, 0.0, 0.0, 0.0, 0.0, 0.0, 0.0, 0.0, 0.0, 0.0]"
02.06_2016,6,2.06,2016,2016-10-21,C:\Users\ASUS\Desktop\Ders\blg521\data\02.06\2016\K1\1X\02_06-2016_10_21-10_00-K1-1X.jpeg,C:\Users\ASUS\Desktop\Ders\blg521\data\02.06\2016\K1\10X\02_06-2016_10_21-10_00-K1-10X.jpeg,Dormancy,"[1.0, 0.0, 0.0, 0.0, 0.0, 0.0, 0.0, 0.0, 0.0, 0.0]"
02.06_2016,6,2.06,2016,2016-10-22,C:\Users\ASUS\Desktop\Ders\blg521\data\02.06\2016\K1\1X\02_06-2016_10_22-10_24-K1-1X.jpeg,C:\Users\ASUS\Desktop\Ders\blg521\data\02.06\2016\K1\10X\02_06-2016_10_22-10_30-K1-10X.jpeg,Dormancy,"[1.0, 0.0, 0.0, 0.0, 0.0, 0.0, 0.0, 0.0, 0.0, 0.0]"
02.06_2016,6,2.06,2016,2016-10-24,C:\Users\ASUS\Desktop\Ders\blg521\data\02.06\2016\K1\1X\02_06-2016_10_24-10_00-K1-1X.jpeg,C:\Users\ASUS\Desktop\Ders\blg521\data\02.06\2016\K1\10X\02_06-2016_10_24-10_00-K1-10X.jpeg,Dormancy,"[1.0, 0.0, 0.0, 0.0, 0.0, 0.0, 0.0, 0.0, 0.0, 0.0]"
02.06_2016,6,2.06,2016,2016-10-25,C:\Users\ASUS\Desktop\Ders\blg521\data\02.06\2016\K1\1X\02_06-2016_10_25-10_00-K1-1X.jpeg,C:\Users\ASUS\Desktop\Ders\blg521\data\02.06\2016\K1\10X\02_06-2016_10_25-10_00-K1-10X.jpeg,Dormancy,"[1.0, 0.0, 0.0, 0.0, 0.0, 0.0, 0.0, 0.0, 0.0, 0.0]"
02.06_2016,6,2.06,2016,2016-10-26,C:\Users\ASUS\Desktop\Ders\blg521\data\02.06\2016\K1\1X\02_06-2016_10_26-10_00-K1-1X.jpeg,C:\Users\ASUS\Desktop\Ders\blg521\data\02.06\2016\K1\10X\02_06-2016_10_26-10_00-K1-10X.jpeg,Dormancy,"[1.0, 0.0, 0.0, 0.0, 0.0, 0.0, 0.0, 0.0, 0.0, 0.0]"
02.06_2016,6,2.06,2016,2016-10-28,C:\Users\ASUS\Desktop\Ders\blg521\data\02.06\2016\K1\1X\02_06-2016_10_28-10_00-K1-1X.jpeg,C:\Users\ASUS\Desktop\Ders\blg521\data\02.06\2016\K1\10X\02_06-2016_10_28-10_00-K1-10X.jpeg,Dormancy,"[1.0, 0.0, 0.0, 0.0, 0.0, 0.0, 0.0, 0.0, 0.0, 0.0]"
02.06_2016,6,2.06,2016,2016-10-29,C:\Users\ASUS\Desktop\Ders\blg521\data\02.06\2016\K1\1X\02_06-2016_10_29-10_32-K1-1X.jpeg,C:\Users\ASUS\Desktop\Ders\blg521\data\02.06\2016\K1\10X\02_06-2016_10_29-10_31-K1-10X.jpeg,Dormancy,"[1.0, 0.0, 0.0, 0.0, 0.0, 0.0, 0.0, 0.0, 0.0, 0.0]"
02.06_2016,6,2.06,2016,2016-10-30,C:\Users\ASUS\Desktop\Ders\blg521\data\02.06\2016\K1\1X\02_06-2016_10_30-10_00-K1-1X.jpeg,C:\Users\ASUS\Desktop\Ders\blg521\data\02.06\2016\K1\10X\02_06-2016_10_30-10_00-K1-10X.jpeg,Dormancy,"[1.0, 0.0, 0.0, 0.0, 0.0, 0.0, 0.0, 0.0, 0.0, 0.0]"
02.06_2016,6,2.06,2016,2016-10-31,C:\Users\ASUS\Desktop\Ders\blg521\data\02.06\2016\K1\1X\02_06-2016_10_31-11_15-K1-1X.jpeg,C:\Users\ASUS\Desktop\Ders\blg521\data\02.06\2016\K1\10X\02_06-2016_10_31-11_14-K1-10X.jpeg,Dormancy,"[1.0, 0.0, 0.0, 0.0, 0.0, 0.0, 0.0, 0.0, 0.0, 0.0]"
02.06_2016,6,2.06,2016,2016-11-02,C:\Users\ASUS\Desktop\Ders\blg521\data\02.06\2016\K1\1X\02_06-2016_11_02-10_00-K1-1X.jpeg,C:\Users\ASUS\Desktop\Ders\blg521\data\02.06\2016\K1\10X\02_06-2016_11_02-10_00-K1-10X.jpeg,Dormancy,"[1.0, 0.0, 0.0, 0.0, 0.0, 0.0, 0.0, 0.0, 0.0, 0.0]"
02.06_2016,6,2.06,2016,2016-11-03,C:\Users\ASUS\Desktop\Ders\blg521\data\02.06\2016\K1\1X\02_06-2016_11_03-10_00-K1-1X.jpeg,C:\Users\ASUS\Desktop\Ders\blg521\data\02.06\2016\K1\10X\02_06-2016_11_03-10_00-K1-10X.jpeg,Dormancy,"[1.0, 0.0, 0.0, 0.0, 0.0, 0.0, 0.0, 0.0, 0.0, 0.0]"
02.06_2016,6,2.06,2016,2016-11-04,C:\Users\ASUS\Desktop\Ders\blg521\data\02.06\2016\K1\1X\02_06-2016_11_04-10_00-K1-1X.jpeg,C:\Users\ASUS\Desktop\Ders\blg521\data\02.06\2016\K1\10X\02_06-2016_11_04-10_00-K1-10X.jpeg,Dormancy,"[1.0, 0.0, 0.0, 0.0, 0.0, 0.0, 0.0, 0.0, 0.0, 0.0]"
02.06_2016,6,2.06,2016,2016-11-05,C:\Users\ASUS\Desktop\Ders\blg521\data\02.06\2016\K1\1X\02_06-2016_11_05-10_00-K1-1X.jpeg,C:\Users\ASUS\Desktop\Ders\blg521\data\02.06\2016\K1\10X\02_06-2016_11_05-10_00-K1-10X.jpeg,Dormancy,"[1.0, 0.0, 0.0, 0.0, 0.0, 0.0, 0.0, 0.0, 0.0, 0.0]"
02.06_2016,6,2.06,2016,2016-11-06,C:\Users\ASUS\Desktop\Ders\blg521\data\02.06\2016\K1\1X\02_06-2016_11_06-10_00-K1-1X.jpeg,C:\Users\ASUS\Desktop\Ders\blg521\data\02.06\2016\K1\10X\02_06-2016_11_06-10_00-K1-10X.jpeg,Dormancy,"[1.0, 0.0, 0.0, 0.0, 0.0, 0.0, 0.0, 0.0, 0.0, 0.0]"
02.06_2016,6,2.06,2016,2016-11-07,C:\Users\ASUS\Desktop\Ders\blg521\data\02.06\2016\K1\1X\02_06-2016_11_07-10_00-K1-1X.jpeg,C:\Users\ASUS\Desktop\Ders\blg521\data\02.06\2016\K1\10X\02_06-2016_11_07-10_00-K1-10X.jpeg,Dormancy,"[1.0, 0.0, 0.0, 0.0, 0.0, 0.0, 0.0, 0.0, 0.0, 0.0]"
02.06_2016,6,2.06,2016,2016-11-09,C:\Users\ASUS\Desktop\Ders\blg521\data\02.06\2016\K1\1X\02_06-2016_11_09-10_00-K1-1X.jpeg,C:\Users\ASUS\Desktop\Ders\blg521\data\02.06\2016\K1\10X\02_06-2016_11_09-10_00-K1-10X.jpeg,Dormancy,"[1.0, 0.0, 0.0, 0.0, 0.0, 0.0, 0.0, 0.0, 0.0, 0.0]"
02.06_2016,6,2.06,2016,2016-11-10,C:\Users\ASUS\Desktop\Ders\blg521\data\02.06\2016\K1\1X\02_06-2016_11_10-10_00-K1-1X.jpeg,C:\Users\ASUS\Desktop\Ders\blg521\data\02.06\2016\K1\10X\02_06-2016_11_10-10_00-K1-10X.jpeg,Dormancy,"[1.0, 0.0, 0.0, 0.0, 0.0, 0.0, 0.0, 0.0, 0.0, 0.0]"
02.06_2016,6,2.06,2016,2016-11-11,C:\Users\ASUS\Desktop\Ders\blg521\data\02.06\2016\K1\1X\02_06-2016_11_11-10_00-K1-1X.jpeg,C:\Users\ASUS\Desktop\Ders\blg521\data\02.06\2016\K1\10X\02_06-2016_11_11-10_00-K1-10X.jpeg,Dormancy,"[1.0, 0.0, 0.0, 0.0, 0.0, 0.0, 0.0, 0.0, 0.0, 0.0]"
02.06_2016,6,2.06,2016,2016-11-12,C:\Users\ASUS\Desktop\Ders\blg521\data\02.06\2016\K1\1X\02_06-2016_11_12-10_00-K1-1X.jpeg,C:\Users\ASUS\Desktop\Ders\blg521\data\02.06\2016\K1\10X\02_06-2016_11_12-10_00-K1-10X.jpeg,PS0,"[0.0, 1.0, 0.0, 0.0, 0.0, 0.0, 0.0, 0.0, 0.0, 0.0]"
02.06_2016,6,2.06,2016,2016-11-13,C:\Users\ASUS\Desktop\Ders\blg521\data\02.06\2016\K1\1X\02_06-2016_11_13-10_00-K1-1X.jpeg,C:\Users\ASUS\Desktop\Ders\blg521\data\02.06\2016\K1\10X\02_06-2016_11_13-10_00-K1-10X.jpeg,PS0,"[0.0, 1.0, 0.0, 0.0, 0.0, 0.0, 0.0, 0.0, 0.0, 0.0]"
02.06_2016,6,2.06,2016,2016-11-14,C:\Users\ASUS\Desktop\Ders\blg521\data\02.06\2016\K1\1X\02_06-2016_11_14-10_00-K1-1X.jpeg,C:\Users\ASUS\Desktop\Ders\blg521\data\02.06\2016\K1\10X\02_06-2016_11_14-10_00-K1-10X.jpeg,PS0,"[0.0, 1.0, 0.0, 0.0, 0.0, 0.0, 0.0, 0.0, 0.0, 0.0]"
02.06_2016,6,2.06,2016,2016-11-15,C:\Users\ASUS\Desktop\Ders\blg521\data\02.06\2016\K1\1X\02_06-2016_11_15-10_00-K1-1X.jpeg,C:\Users\ASUS\Desktop\Ders\blg521\data\02.06\2016\K1\10X\02_06-2016_11_15-10_00-K1-10X.jpeg,PS0,"[0.0, 1.0, 0.0, 0.0, 0.0, 0.0, 0.0, 0.0, 0.0, 0.0]"
02.06_2016,6,2.06,2016,2016-11-16,C:\Users\ASUS\Desktop\Ders\blg521\data\02.06\2016\K1\1X\02_06-2016_11_16-10_53-K1-1X.jpeg,C:\Users\ASUS\Desktop\Ders\blg521\data\02.06\2016\K1\10X\02_06-2016_11_16-10_52-K1-10X.jpeg,PS0,"[0.0, 1.0, 0.0, 0.0, 0.0, 0.0, 0.0, 0.0, 0.0, 0.0]"
02.06_2016,6,2.06,2016,2016-11-17,C:\Users\ASUS\Desktop\Ders\blg521\data\02.06\2016\K1\1X\02_06-2016_11_17-10_00-K1-1X.jpeg,C:\Users\ASUS\Desktop\Ders\blg521\data\02.06\2016\K1\10X\02_06-2016_11_17-10_00-K1-10X.jpeg,PS0,"[0.0, 1.0, 0.0, 0.0, 0.0, 0.0, 0.0, 0.0, 0.0, 0.0]"
02.06_2016,6,2.06,2016,2016-11-18,C:\Users\ASUS\Desktop\Ders\blg521\data\02.06\2016\K1\1X\02_06-2016_11_18-10_00-K1-1X.jpeg,C:\Users\ASUS\Desktop\Ders\blg521\data\02.06\2016\K1\10X\02_06-2016_11_18-10_00-K1-10X.jpeg,PS0,"[0.0, 1.0, 0.0, 0.0, 0.0, 0.0, 0.0, 0.0, 0.0, 0.0]"
02.06_2016,6,2.06,2016,2016-11-19,C:\Users\ASUS\Desktop\Ders\blg521\data\02.06\2016\K1\1X\02_06-2016_11_19-10_00-K1-1X.jpeg,C:\Users\ASUS\Desktop\Ders\blg521\data\02.06\2016\K1\10X\02_06-2016_11_19-10_00-K1-10X.jpeg,PS0,"[0.0, 1.0, 0.0, 0.0, 0.0, 0.0, 0.0, 0.0, 0.0, 0.0]"
02.06_2016,6,2.06,2016,2016-11-20,C:\Users\ASUS\Desktop\Ders\blg521\data\02.06\2016\K1\1X\02_06-2016_11_20-10_00-K1-1X.jpeg,C:\Users\ASUS\Desktop\Ders\blg521\data\02.06\2016\K1\10X\02_06-2016_11_20-10_00-K1-10X.jpeg,PS0,"[0.0, 1.0, 0.0, 0.0, 0.0, 0.0, 0.0, 0.0, 0.0, 0.0]"
02.06_2016,6,2.06,2016,2016-11-21,C:\Users\ASUS\Desktop\Ders\blg521\data\02.06\2016\K1\1X\02_06-2016_11_21-10_00-K1-1X.jpeg,C:\Users\ASUS\Desktop\Ders\blg521\data\02.06\2016\K1\10X\02_06-2016_11_21-10_00-K1-10X.jpeg,PS0,"[0.0, 1.0, 0.0, 0.0, 0.0, 0.0, 0.0, 0.0, 0.0, 0.0]"
02.06_2016,6,2.06,2016,2016-11-22,C:\Users\ASUS\Desktop\Ders\blg521\data\02.06\2016\K1\1X\02_06-2016_11_22-10_00-K1-1X.jpeg,C:\Users\ASUS\Desktop\Ders\blg521\data\02.06\2016\K1\10X\02_06-2016_11_22-10_00-K1-10X.jpeg,PS0,"[0.0, 1.0, 0.0, 0.0, 0.0, 0.0, 0.0, 0.0, 0.0, 0.0]"
02.06_2016,6,2.06,2016,2016-11-23,C:\Users\ASUS\Desktop\Ders\blg521\data\02.06\2016\K1\1X\02_06-2016_11_23-10_00-K1-1X.jpeg,C:\Users\ASUS\Desktop\Ders\blg521\data\02.06\2016\K1\10X\02_06-2016_11_23-10_00-K1-10X.jpeg,PS0,"[0.0, 1.0, 0.0, 0.0, 0.0, 0.0, 0.0, 0.0, 0.0, 0.0]"
06.01_2013,7,6.01,2013,2013-08-16,,C:\Users\ASUS\Desktop\Ders\blg521\data\06.01\2013\K1\10X\06_01-2013_08_16-10_12-K1-10X.jpeg,Dormancy,"[1.0, 0.0, 0.0, 0.0, 0.0, 0.0, 0.0, 0.0, 0.0, 0.0]"
06.01_2013,7,6.01,2013,2013-08-19,C:\Users\ASUS\Desktop\Ders\blg521\data\06.01\2013\K1\1X\06_01-2013_08_19-10_13-K1-1X.jpeg,C:\Users\ASUS\Desktop\Ders\blg521\data\06.01\2013\K1\10X\06_01-2013_08_19-10_13-K1-10X.jpeg,Dormancy,"[1.0, 0.0, 0.0, 0.0, 0.0, 0.0, 0.0, 0.0, 0.0, 0.0]"
06.01_2013,7,6.01,2013,2013-08-20,C:\Users\ASUS\Desktop\Ders\blg521\data\06.01\2013\K1\1X\06_01-2013_08_20-09_52-K1-1X.jpeg,,Dormancy,"[1.0, 0.0, 0.0, 0.0, 0.0, 0.0, 0.0, 0.0, 0.0, 0.0]"
06.01_2013,7,6.01,2013,2013-08-21,C:\Users\ASUS\Desktop\Ders\blg521\data\06.01\2013\K1\1X\06_01-2013_08_21-09_59-K1-1X.jpeg,,Dormancy,"[1.0, 0.0, 0.0, 0.0, 0.0, 0.0, 0.0, 0.0, 0.0, 0.0]"
06.01_2013,7,6.01,2013,2013-08-22,,C:\Users\ASUS\Desktop\Ders\blg521\data\06.01\2013\K1\10X\06_01-2013_08_22-09_45-K1-10X.jpeg,Dormancy,"[1.0, 0.0, 0.0, 0.0, 0.0, 0.0, 0.0, 0.0, 0.0, 0.0]"
06.01_2013,7,6.01,2013,2013-08-24,C:\Users\ASUS\Desktop\Ders\blg521\data\06.01\2013\K1\1X\06_01-2013_08_24-09_59-K1-1X.jpeg,,Dormancy,"[1.0, 0.0, 0.0, 0.0, 0.0, 0.0, 0.0, 0.0, 0.0, 0.0]"
06.01_2013,7,6.01,2013,2013-08-25,,C:\Users\ASUS\Desktop\Ders\blg521\data\06.01\2013\K1\10X\06_01-2013_08_25-10_15-K1-10X.jpeg,Dormancy,"[1.0, 0.0, 0.0, 0.0, 0.0, 0.0, 0.0, 0.0, 0.0, 0.0]"
06.01_2013,7,6.01,2013,2013-08-26,C:\Users\ASUS\Desktop\Ders\blg521\data\06.01\2013\K1\1X\06_01-2013_08_26-10_00-K1-1X.jpeg,,Dormancy,"[1.0, 0.0, 0.0, 0.0, 0.0, 0.0, 0.0, 0.0, 0.0, 0.0]"
06.01_2013,7,6.01,2013,2013-08-27,,C:\Users\ASUS\Desktop\Ders\blg521\data\06.01\2013\K1\10X\06_01-2013_08_27-10_07-K1-10X.jpeg,Dormancy,"[1.0, 0.0, 0.0, 0.0, 0.0, 0.0, 0.0, 0.0, 0.0, 0.0]"
06.01_2013,7,6.01,2013,2013-08-28,C:\Users\ASUS\Desktop\Ders\blg521\data\06.01\2013\K1\1X\06_01-2013_08_28-11_17-K1-1X.jpeg,C:\Users\ASUS\Desktop\Ders\blg521\data\06.01\2013\K1\10X\06_01-2013_08_28-11_16-K1-10X.jpeg,Dormancy,"[1.0, 0.0, 0.0, 0.0, 0.0, 0.0, 0.0, 0.0, 0.0, 0.0]"
06.01_2013,7,6.01,2013,2013-08-29,C:\Users\ASUS\Desktop\Ders\blg521\data\06.01\2013\K1\1X\06_01-2013_08_29-09_52-K1-1X.jpeg,C:\Users\ASUS\Desktop\Ders\blg521\data\06.01\2013\K1\10X\06_01-2013_08_29-09_51-K1-10X.jpeg,Dormancy,"[1.0, 0.0, 0.0, 0.0, 0.0, 0.0, 0.0, 0.0, 0.0, 0.0]"
06.01_2013,7,6.01,2013,2013-08-30,C:\Users\ASUS\Desktop\Ders\blg521\data\06.01\2013\K1\1X\06_01-2013_08_30-09_51-K1-1X.jpeg,C:\Users\ASUS\Desktop\Ders\blg521\data\06.01\2013\K1\10X\06_01-2013_08_30-09_50-K1-10X.jpeg,Dormancy,"[1.0, 0.0, 0.0, 0.0, 0.0, 0.0, 0.0, 0.0, 0.0, 0.0]"
06.01_2013,7,6.01,2013,2013-08-31,C:\Users\ASUS\Desktop\Ders\blg521\data\06.01\2013\K1\1X\06_01-2013_08_31-10_05-K1-1X.jpeg,C:\Users\ASUS\Desktop\Ders\blg521\data\06.01\2013\K1\10X\06_01-2013_08_31-10_05-K1-10X.jpeg,Dormancy,"[1.0, 0.0, 0.0, 0.0, 0.0, 0.0, 0.0, 0.0, 0.0, 0.0]"
06.01_2013,7,6.01,2013,2013-09-01,C:\Users\ASUS\Desktop\Ders\blg521\data\06.01\2013\K1\1X\06_01-2013_09_01-10_02-K1-1X.jpeg,C:\Users\ASUS\Desktop\Ders\blg521\data\06.01\2013\K1\10X\06_01-2013_09_01-10_02-K1-10X.jpeg,Dormancy,"[1.0, 0.0, 0.0, 0.0, 0.0, 0.0, 0.0, 0.0, 0.0, 0.0]"
06.01_2013,7,6.01,2013,2013-09-03,C:\Users\ASUS\Desktop\Ders\blg521\data\06.01\2013\K1\1X\06_01-2013_09_03-09_59-K1-1X.jpeg,C:\Users\ASUS\Desktop\Ders\blg521\data\06.01\2013\K1\10X\06_01-2013_09_03-09_58-K1-10X.jpeg,Dormancy,"[1.0, 0.0, 0.0, 0.0, 0.0, 0.0, 0.0, 0.0, 0.0, 0.0]"
06.01_2013,7,6.01,2013,2013-09-04,C:\Users\ASUS\Desktop\Ders\blg521\data\06.01\2013\K1\1X\06_01-2013_09_04-10_03-K1-1X.jpeg,C:\Users\ASUS\Desktop\Ders\blg521\data\06.01\2013\K1\10X\06_01-2013_09_04-10_02-K1-10X.jpeg,Dormancy,"[1.0, 0.0, 0.0, 0.0, 0.0, 0.0, 0.0, 0.0, 0.0, 0.0]"
06.01_2013,7,6.01,2013,2013-09-05,C:\Users\ASUS\Desktop\Ders\blg521\data\06.01\2013\K1\1X\06_01-2013_09_05-09_58-K1-1X.jpeg,C:\Users\ASUS\Desktop\Ders\blg521\data\06.01\2013\K1\10X\06_01-2013_09_05-09_57-K1-10X.jpeg,Dormancy,"[1.0, 0.0, 0.0, 0.0, 0.0, 0.0, 0.0, 0.0, 0.0, 0.0]"
06.01_2013,7,6.01,2013,2013-09-06,C:\Users\ASUS\Desktop\Ders\blg521\data\06.01\2013\K1\1X\06_01-2013_09_06-09_57-K1-1X.jpeg,C:\Users\ASUS\Desktop\Ders\blg521\data\06.01\2013\K1\10X\06_01-2013_09_06-09_56-K1-10X.jpeg,Dormancy,"[1.0, 0.0, 0.0, 0.0, 0.0, 0.0, 0.0, 0.0, 0.0, 0.0]"
06.01_2013,7,6.01,2013,2013-09-07,C:\Users\ASUS\Desktop\Ders\blg521\data\06.01\2013\K1\1X\06_01-2013_09_07-10_08-K1-1X.jpeg,C:\Users\ASUS\Desktop\Ders\blg521\data\06.01\2013\K1\10X\06_01-2013_09_07-10_07-K1-10X.jpeg,Dormancy,"[1.0, 0.0, 0.0, 0.0, 0.0, 0.0, 0.0, 0.0, 0.0, 0.0]"
06.01_2013,7,6.01,2013,2013-09-08,C:\Users\ASUS\Desktop\Ders\blg521\data\06.01\2013\K1\1X\06_01-2013_09_08-10_19-K1-1X.jpeg,C:\Users\ASUS\Desktop\Ders\blg521\data\06.01\2013\K1\10X\06_01-2013_09_08-10_08-K1-10X.jpeg,Dormancy,"[1.0, 0.0, 0.0, 0.0, 0.0, 0.0, 0.0, 0.0, 0.0, 0.0]"
06.01_2013,7,6.01,2013,2013-09-09,C:\Users\ASUS\Desktop\Ders\blg521\data\06.01\2013\K1\1X\06_01-2013_09_09-10_06-K1-1X.jpeg,C:\Users\ASUS\Desktop\Ders\blg521\data\06.01\2013\K1\10X\06_01-2013_09_09-10_05-K1-10X.jpeg,Dormancy,"[1.0, 0.0, 0.0, 0.0, 0.0, 0.0, 0.0, 0.0, 0.0, 0.0]"
06.01_2013,7,6.01,2013,2013-09-10,C:\Users\ASUS\Desktop\Ders\blg521\data\06.01\2013\K1\1X\06_01-2013_09_10-09_48-K1-1X.jpeg,C:\Users\ASUS\Desktop\Ders\blg521\data\06.01\2013\K1\10X\06_01-2013_09_10-09_49-K1-10X.jpeg,Dormancy,"[1.0, 0.0, 0.0, 0.0, 0.0, 0.0, 0.0, 0.0, 0.0, 0.0]"
06.01_2013,7,6.01,2013,2013-09-11,C:\Users\ASUS\Desktop\Ders\blg521\data\06.01\2013\K1\1X\06_01-2013_09_11-09_49-K1-1X.jpeg,C:\Users\ASUS\Desktop\Ders\blg521\data\06.01\2013\K1\10X\06_01-2013_09_11-09_48-K1-10X.jpeg,Dormancy,"[1.0, 0.0, 0.0, 0.0, 0.0, 0.0, 0.0, 0.0, 0.0, 0.0]"
06.01_2013,7,6.01,2013,2013-09-12,C:\Users\ASUS\Desktop\Ders\blg521\data\06.01\2013\K1\1X\06_01-2013_09_12-10_11-K1-1X.jpeg,C:\Users\ASUS\Desktop\Ders\blg521\data\06.01\2013\K1\10X\06_01-2013_09_12-10_10-K1-10X.jpeg,Dormancy,"[1.0, 0.0, 0.0, 0.0, 0.0, 0.0, 0.0, 0.0, 0.0, 0.0]"
06.01_2013,7,6.01,2013,2013-09-13,C:\Users\ASUS\Desktop\Ders\blg521\data\06.01\2013\K1\1X\06_01-2013_09_13-10_05-K1-1X.jpeg,C:\Users\ASUS\Desktop\Ders\blg521\data\06.01\2013\K1\10X\06_01-2013_09_13-10_04-K1-10X.jpeg,Dormancy,"[1.0, 0.0, 0.0, 0.0, 0.0, 0.0, 0.0, 0.0, 0.0, 0.0]"
06.01_2013,7,6.01,2013,2013-09-14,C:\Users\ASUS\Desktop\Ders\blg521\data\06.01\2013\K1\1X\06_01-2013_09_14-10_06-K1-1X.jpeg,C:\Users\ASUS\Desktop\Ders\blg521\data\06.01\2013\K1\10X\06_01-2013_09_14-10_05-K1-10X.jpeg,Dormancy,"[1.0, 0.0, 0.0, 0.0, 0.0, 0.0, 0.0, 0.0, 0.0, 0.0]"
06.01_2013,7,6.01,2013,2013-09-15,C:\Users\ASUS\Desktop\Ders\blg521\data\06.01\2013\K1\1X\06_01-2013_09_15-10_06-K1-1X.jpeg,C:\Users\ASUS\Desktop\Ders\blg521\data\06.01\2013\K1\10X\06_01-2013_09_15-10_05-K1-10X.jpeg,Dormancy,"[1.0, 0.0, 0.0, 0.0, 0.0, 0.0, 0.0, 0.0, 0.0, 0.0]"
06.01_2013,7,6.01,2013,2013-09-16,C:\Users\ASUS\Desktop\Ders\blg521\data\06.01\2013\K1\1X\06_01-2013_09_16-10_03-K1-1X.jpeg,C:\Users\ASUS\Desktop\Ders\blg521\data\06.01\2013\K1\10X\06_01-2013_09_16-10_03-K1-10X.jpeg,Dormancy,"[1.0, 0.0, 0.0, 0.0, 0.0, 0.0, 0.0, 0.0, 0.0, 0.0]"
06.01_2013,7,6.01,2013,2013-09-17,C:\Users\ASUS\Desktop\Ders\blg521\data\06.01\2013\K1\1X\06_01-2013_09_17-09_59-K1-1X.jpeg,C:\Users\ASUS\Desktop\Ders\blg521\data\06.01\2013\K1\10X\06_01-2013_09_17-09_59-K1-10X.jpeg,Dormancy,"[1.0, 0.0, 0.0, 0.0, 0.0, 0.0, 0.0, 0.0, 0.0, 0.0]"
06.01_2013,7,6.01,2013,2013-09-18,C:\Users\ASUS\Desktop\Ders\blg521\data\06.01\2013\K1\1X\06_01-2013_09_18-09_57-K1-1X.jpeg,C:\Users\ASUS\Desktop\Ders\blg521\data\06.01\2013\K1\10X\06_01-2013_09_18-09_56-K1-10X.jpeg,Dormancy,"[1.0, 0.0, 0.0, 0.0, 0.0, 0.0, 0.0, 0.0, 0.0, 0.0]"
06.01_2013,7,6.01,2013,2013-09-19,C:\Users\ASUS\Desktop\Ders\blg521\data\06.01\2013\K1\1X\06_01-2013_09_19-11_39-K1-1X.jpeg,C:\Users\ASUS\Desktop\Ders\blg521\data\06.01\2013\K1\10X\06_01-2013_09_19-11_38-K1-10X.jpeg,Dormancy,"[1.0, 0.0, 0.0, 0.0, 0.0, 0.0, 0.0, 0.0, 0.0, 0.0]"
06.01_2013,7,6.01,2013,2013-09-20,C:\Users\ASUS\Desktop\Ders\blg521\data\06.01\2013\K1\1X\06_01-2013_09_20-09_45-K1-1X.jpeg,C:\Users\ASUS\Desktop\Ders\blg521\data\06.01\2013\K1\10X\06_01-2013_09_20-10_15-K1-10X.jpeg,Dormancy,"[1.0, 0.0, 0.0, 0.0, 0.0, 0.0, 0.0, 0.0, 0.0, 0.0]"
06.01_2013,7,6.01,2013,2013-09-21,C:\Users\ASUS\Desktop\Ders\blg521\data\06.01\2013\K1\1X\06_01-2013_09_21-10_13-K1-1X.jpeg,C:\Users\ASUS\Desktop\Ders\blg521\data\06.01\2013\K1\10X\06_01-2013_09_21-10_12-K1-10X.jpeg,Dormancy,"[1.0, 0.0, 0.0, 0.0, 0.0, 0.0, 0.0, 0.0, 0.0, 0.0]"
06.01_2013,7,6.01,2013,2013-09-22,C:\Users\ASUS\Desktop\Ders\blg521\data\06.01\2013\K1\1X\06_01-2013_09_22-10_10-K1-1X.jpeg,C:\Users\ASUS\Desktop\Ders\blg521\data\06.01\2013\K1\10X\06_01-2013_09_22-10_09-K1-10X.jpeg,Dormancy,"[1.0, 0.0, 0.0, 0.0, 0.0, 0.0, 0.0, 0.0, 0.0, 0.0]"
06.01_2013,7,6.01,2013,2013-09-23,C:\Users\ASUS\Desktop\Ders\blg521\data\06.01\2013\K1\1X\06_01-2013_09_23-10_06-K1-1X.jpeg,C:\Users\ASUS\Desktop\Ders\blg521\data\06.01\2013\K1\10X\06_01-2013_09_23-10_05-K1-10X.jpeg,Dormancy,"[1.0, 0.0, 0.0, 0.0, 0.0, 0.0, 0.0, 0.0, 0.0, 0.0]"
06.01_2013,7,6.01,2013,2013-09-24,C:\Users\ASUS\Desktop\Ders\blg521\data\06.01\2013\K1\1X\06_01-2013_09_24-10_00-K1-1X.jpeg,C:\Users\ASUS\Desktop\Ders\blg521\data\06.01\2013\K1\10X\06_01-2013_09_24-09_59-K1-10X.jpeg,Dormancy,"[1.0, 0.0, 0.0, 0.0, 0.0, 0.0, 0.0, 0.0, 0.0, 0.0]"
06.01_2013,7,6.01,2013,2013-09-25,C:\Users\ASUS\Desktop\Ders\blg521\data\06.01\2013\K1\1X\06_01-2013_09_25-09_46-K1-1X.jpeg,C:\Users\ASUS\Desktop\Ders\blg521\data\06.01\2013\K1\10X\06_01-2013_09_25-09_46-K1-10X.jpeg,Dormancy,"[1.0, 0.0, 0.0, 0.0, 0.0, 0.0, 0.0, 0.0, 0.0, 0.0]"
06.01_2013,7,6.01,2013,2013-09-26,C:\Users\ASUS\Desktop\Ders\blg521\data\06.01\2013\K1\1X\06_01-2013_09_26-10_14-K1-1X.jpeg,C:\Users\ASUS\Desktop\Ders\blg521\data\06.01\2013\K1\10X\06_01-2013_09_26-10_13-K1-10X.jpeg,Dormancy,"[1.0, 0.0, 0.0, 0.0, 0.0, 0.0, 0.0, 0.0, 0.0, 0.0]"
06.01_2013,7,6.01,2013,2013-09-27,C:\Users\ASUS\Desktop\Ders\blg521\data\06.01\2013\K1\1X\06_01-2013_09_27-09_48-K1-1X.jpeg,C:\Users\ASUS\Desktop\Ders\blg521\data\06.01\2013\K1\10X\06_01-2013_09_27-09_46-K1-10X.jpeg,Dormancy,"[1.0, 0.0, 0.0, 0.0, 0.0, 0.0, 0.0, 0.0, 0.0, 0.0]"
06.01_2013,7,6.01,2013,2013-09-28,C:\Users\ASUS\Desktop\Ders\blg521\data\06.01\2013\K1\1X\06_01-2013_09_28-10_01-K1-1X.jpeg,C:\Users\ASUS\Desktop\Ders\blg521\data\06.01\2013\K1\10X\06_01-2013_09_28-09_59-K1-10X.jpeg,Dormancy,"[1.0, 0.0, 0.0, 0.0, 0.0, 0.0, 0.0, 0.0, 0.0, 0.0]"
06.01_2013,7,6.01,2013,2013-09-29,C:\Users\ASUS\Desktop\Ders\blg521\data\06.01\2013\K1\1X\06_01-2013_09_29-10_05-K1-1X.jpeg,C:\Users\ASUS\Desktop\Ders\blg521\data\06.01\2013\K1\10X\06_01-2013_09_29-10_04-K1-10X.jpeg,Dormancy,"[1.0, 0.0, 0.0, 0.0, 0.0, 0.0, 0.0, 0.0, 0.0, 0.0]"
06.01_2013,7,6.01,2013,2013-09-30,C:\Users\ASUS\Desktop\Ders\blg521\data\06.01\2013\K1\1X\06_01-2013_09_30-09_49-K1-1X.jpeg,C:\Users\ASUS\Desktop\Ders\blg521\data\06.01\2013\K1\10X\06_01-2013_09_30-09_47-K1-10X.jpeg,Dormancy,"[1.0, 0.0, 0.0, 0.0, 0.0, 0.0, 0.0, 0.0, 0.0, 0.0]"
06.01_2013,7,6.01,2013,2013-10-01,C:\Users\ASUS\Desktop\Ders\blg521\data\06.01\2013\K1\1X\06_01-2013_10_01-09_44-K1-1X.jpeg,C:\Users\ASUS\Desktop\Ders\blg521\data\06.01\2013\K1\10X\06_01-2013_10_01-10_15-K1-10X.jpeg,Dormancy,"[1.0, 0.0, 0.0, 0.0, 0.0, 0.0, 0.0, 0.0, 0.0, 0.0]"
06.01_2013,7,6.01,2013,2013-10-02,C:\Users\ASUS\Desktop\Ders\blg521\data\06.01\2013\K1\1X\06_01-2013_10_02-09_48-K1-1X.jpeg,C:\Users\ASUS\Desktop\Ders\blg521\data\06.01\2013\K1\10X\06_01-2013_10_02-09_46-K1-10X.jpeg,Dormancy,"[1.0, 0.0, 0.0, 0.0, 0.0, 0.0, 0.0, 0.0, 0.0, 0.0]"
06.01_2013,7,6.01,2013,2013-10-09,C:\Users\ASUS\Desktop\Ders\blg521\data\06.01\2013\K1\1X\06_01-2013_10_09-10_01-K1-1X.jpeg,C:\Users\ASUS\Desktop\Ders\blg521\data\06.01\2013\K1\10X\06_01-2013_10_09-10_01-K1-10X.jpeg,Dormancy,"[1.0, 0.0, 0.0, 0.0, 0.0, 0.0, 0.0, 0.0, 0.0, 0.0]"
06.01_2013,7,6.01,2013,2013-10-10,C:\Users\ASUS\Desktop\Ders\blg521\data\06.01\2013\K1\1X\06_01-2013_10_10-09_36-K1-1X.jpeg,C:\Users\ASUS\Desktop\Ders\blg521\data\06.01\2013\K1\10X\06_01-2013_10_10-10_06-K1-10X.jpeg,Dormancy,"[1.0, 0.0, 0.0, 0.0, 0.0, 0.0, 0.0, 0.0, 0.0, 0.0]"
06.01_2013,7,6.01,2013,2013-10-11,C:\Users\ASUS\Desktop\Ders\blg521\data\06.01\2013\K1\1X\06_01-2013_10_11-09_46-K1-1X.jpeg,C:\Users\ASUS\Desktop\Ders\blg521\data\06.01\2013\K1\10X\06_01-2013_10_11-09_45-K1-10X.jpeg,Dormancy,"[1.0, 0.0, 0.0, 0.0, 0.0, 0.0, 0.0, 0.0, 0.0, 0.0]"
06.01_2013,7,6.01,2013,2013-10-14,C:\Users\ASUS\Desktop\Ders\blg521\data\06.01\2013\K1\1X\06_01-2013_10_14-09_58-K1-1X.jpeg,C:\Users\ASUS\Desktop\Ders\blg521\data\06.01\2013\K1\10X\06_01-2013_10_14-09_57-K1-10X.jpeg,Dormancy,"[1.0, 0.0, 0.0, 0.0, 0.0, 0.0, 0.0, 0.0, 0.0, 0.0]"
06.01_2013,7,6.01,2013,2013-10-15,C:\Users\ASUS\Desktop\Ders\blg521\data\06.01\2013\K1\1X\06_01-2013_10_15-10_08-K1-1X.jpeg,C:\Users\ASUS\Desktop\Ders\blg521\data\06.01\2013\K1\10X\06_01-2013_10_15-10_08-K1-10X.jpeg,Dormancy,"[1.0, 0.0, 0.0, 0.0, 0.0, 0.0, 0.0, 0.0, 0.0, 0.0]"
06.01_2013,7,6.01,2013,2013-10-16,C:\Users\ASUS\Desktop\Ders\blg521\data\06.01\2013\K1\1X\06_01-2013_10_16-09_47-K1-1X.jpeg,C:\Users\ASUS\Desktop\Ders\blg521\data\06.01\2013\K1\10X\06_01-2013_10_16-09_46-K1-10X.jpeg,Dormancy,"[1.0, 0.0, 0.0, 0.0, 0.0, 0.0, 0.0, 0.0, 0.0, 0.0]"
06.01_2013,7,6.01,2013,2013-10-17,C:\Users\ASUS\Desktop\Ders\blg521\data\06.01\2013\K1\1X\06_01-2013_10_17-09_57-K1-1X.jpeg,C:\Users\ASUS\Desktop\Ders\blg521\data\06.01\2013\K1\10X\06_01-2013_10_17-09_56-K1-10X.jpeg,Dormancy,"[1.0, 0.0, 0.0, 0.0, 0.0, 0.0, 0.0, 0.0, 0.0, 0.0]"
06.01_2013,7,6.01,2013,2013-10-18,C:\Users\ASUS\Desktop\Ders\blg521\data\06.01\2013\K1\1X\06_01-2013_10_18-10_07-K1-1X.jpeg,C:\Users\ASUS\Desktop\Ders\blg521\data\06.01\2013\K1\10X\06_01-2013_10_18-10_06-K1-10X.jpeg,Dormancy,"[1.0, 0.0, 0.0, 0.0, 0.0, 0.0, 0.0, 0.0, 0.0, 0.0]"
06.01_2013,7,6.01,2013,2013-10-19,C:\Users\ASUS\Desktop\Ders\blg521\data\06.01\2013\K1\1X\06_01-2013_10_19-09_46-K1-1X.jpeg,C:\Users\ASUS\Desktop\Ders\blg521\data\06.01\2013\K1\10X\06_01-2013_10_19-09_45-K1-10X.jpeg,Dormancy,"[1.0, 0.0, 0.0, 0.0, 0.0, 0.0, 0.0, 0.0, 0.0, 0.0]"
06.01_2013,7,6.01,2013,2013-10-21,C:\Users\ASUS\Desktop\Ders\blg521\data\06.01\2013\K1\1X\06_01-2013_10_21-10_13-K1-1X.jpeg,C:\Users\ASUS\Desktop\Ders\blg521\data\06.01\2013\K1\10X\06_01-2013_10_21-10_12-K1-10X.jpeg,Dormancy,"[1.0, 0.0, 0.0, 0.0, 0.0, 0.0, 0.0, 0.0, 0.0, 0.0]"
06.01_2013,7,6.01,2013,2013-10-25,C:\Users\ASUS\Desktop\Ders\blg521\data\06.01\2013\K1\1X\06_01-2013_10_25-09_46-K1-1X.jpeg,C:\Users\ASUS\Desktop\Ders\blg521\data\06.01\2013\K1\10X\06_01-2013_10_25-09_45-K1-10X.jpeg,Dormancy,"[1.0, 0.0, 0.0, 0.0, 0.0, 0.0, 0.0, 0.0, 0.0, 0.0]"
06.01_2013,7,6.01,2013,2013-10-26,C:\Users\ASUS\Desktop\Ders\blg521\data\06.01\2013\K1\1X\06_01-2013_10_26-09_55-K1-1X.jpeg,C:\Users\ASUS\Desktop\Ders\blg521\data\06.01\2013\K1\10X\06_01-2013_10_26-09_54-K1-10X.jpeg,Dormancy,"[1.0, 0.0, 0.0, 0.0, 0.0, 0.0, 0.0, 0.0, 0.0, 0.0]"
06.01_2013,7,6.01,2013,2013-10-28,C:\Users\ASUS\Desktop\Ders\blg521\data\06.01\2013\K1\1X\06_01-2013_10_28-09_46-K1-1X.jpeg,C:\Users\ASUS\Desktop\Ders\blg521\data\06.01\2013\K1\10X\06_01-2013_10_28-09_45-K1-10X.jpeg,Dormancy,"[1.0, 0.0, 0.0, 0.0, 0.0, 0.0, 0.0, 0.0, 0.0, 0.0]"
06.01_2013,7,6.01,2013,2013-10-31,,C:\Users\ASUS\Desktop\Ders\blg521\data\06.01\2013\K1\10X\06_01-2013_10_31-10_13-K1-10X.jpeg,Dormancy,"[1.0, 0.0, 0.0, 0.0, 0.0, 0.0, 0.0, 0.0, 0.0, 0.0]"
06.01_2013,7,6.01,2013,2013-11-01,C:\Users\ASUS\Desktop\Ders\blg521\data\06.01\2013\K1\1X\06_01-2013_11_01-09_53-K1-1X.jpeg,C:\Users\ASUS\Desktop\Ders\blg521\data\06.01\2013\K1\10X\06_01-2013_11_01-09_52-K1-10X.jpeg,Dormancy,"[1.0, 0.0, 0.0, 0.0, 0.0, 0.0, 0.0, 0.0, 0.0, 0.0]"
06.01_2013,7,6.01,2013,2013-11-02,C:\Users\ASUS\Desktop\Ders\blg521\data\06.01\2013\K1\1X\06_01-2013_11_02-10_03-K1-1X.jpeg,C:\Users\ASUS\Desktop\Ders\blg521\data\06.01\2013\K1\10X\06_01-2013_11_02-10_02-K1-10X.jpeg,Dormancy,"[1.0, 0.0, 0.0, 0.0, 0.0, 0.0, 0.0, 0.0, 0.0, 0.0]"
06.01_2013,7,6.01,2013,2013-11-05,C:\Users\ASUS\Desktop\Ders\blg521\data\06.01\2013\K1\1X\06_01-2013_11_05-10_03-K1-1X.jpeg,,Dormancy,"[1.0, 0.0, 0.0, 0.0, 0.0, 0.0, 0.0, 0.0, 0.0, 0.0]"
06.01_2013,7,6.01,2013,2013-11-06,C:\Users\ASUS\Desktop\Ders\blg521\data\06.01\2013\K1\1X\06_01-2013_11_06-10_13-K1-1X.jpeg,C:\Users\ASUS\Desktop\Ders\blg521\data\06.01\2013\K1\10X\06_01-2013_11_06-10_12-K1-10X.jpeg,Dormancy,"[1.0, 0.0, 0.0, 0.0, 0.0, 0.0, 0.0, 0.0, 0.0, 0.0]"
06.01_2013,7,6.01,2013,2013-11-07,,C:\Users\ASUS\Desktop\Ders\blg521\data\06.01\2013\K1\10X\06_01-2013_11_07-09_51-K1-10X.jpeg,Dormancy,"[1.0, 0.0, 0.0, 0.0, 0.0, 0.0, 0.0, 0.0, 0.0, 0.0]"
06.01_2013,7,6.01,2013,2013-11-10,,C:\Users\ASUS\Desktop\Ders\blg521\data\06.01\2013\K1\10X\06_01-2013_11_10-09_51-K1-10X.jpeg,Dormancy,"[1.0, 0.0, 0.0, 0.0, 0.0, 0.0, 0.0, 0.0, 0.0, 0.0]"
06.01_2013,7,6.01,2013,2013-11-12,C:\Users\ASUS\Desktop\Ders\blg521\data\06.01\2013\K1\1X\06_01-2013_11_12-10_13-K1-1X.jpeg,,Dormancy,"[1.0, 0.0, 0.0, 0.0, 0.0, 0.0, 0.0, 0.0, 0.0, 0.0]"
06.01_2013,7,6.01,2013,2013-11-13,C:\Users\ASUS\Desktop\Ders\blg521\data\06.01\2013\K1\1X\06_01-2013_11_13-09_52-K1-1X.jpeg,C:\Users\ASUS\Desktop\Ders\blg521\data\06.01\2013\K1\10X\06_01-2013_11_13-09_51-K1-10X.jpeg,Dormancy,"[1.0, 0.0, 0.0, 0.0, 0.0, 0.0, 0.0, 0.0, 0.0, 0.0]"
06.01_2013,7,6.01,2013,2013-11-14,C:\Users\ASUS\Desktop\Ders\blg521\data\06.01\2013\K1\1X\06_01-2013_11_14-10_03-K1-1X.jpeg,C:\Users\ASUS\Desktop\Ders\blg521\data\06.01\2013\K1\10X\06_01-2013_11_14-10_02-K1-10X.jpeg,PS0,"[0.0, 1.0, 0.0, 0.0, 0.0, 0.0, 0.0, 0.0, 0.0, 0.0]"
06.01_2013,7,6.01,2013,2013-11-15,C:\Users\ASUS\Desktop\Ders\blg521\data\06.01\2013\K1\1X\06_01-2013_11_15-10_14-K1-1X.jpeg,C:\Users\ASUS\Desktop\Ders\blg521\data\06.01\2013\K1\10X\06_01-2013_11_15-10_13-K1-10X.jpeg,PS0,"[0.0, 1.0, 0.0, 0.0, 0.0, 0.0, 0.0, 0.0, 0.0, 0.0]"
06.01_2013,7,6.01,2013,2013-11-16,C:\Users\ASUS\Desktop\Ders\blg521\data\06.01\2013\K1\1X\06_01-2013_11_16-09_53-K1-1X.jpeg,C:\Users\ASUS\Desktop\Ders\blg521\data\06.01\2013\K1\10X\06_01-2013_11_16-09_52-K1-10X.jpeg,PS0,"[0.0, 1.0, 0.0, 0.0, 0.0, 0.0, 0.0, 0.0, 0.0, 0.0]"
06.01_2013,7,6.01,2013,2013-11-17,C:\Users\ASUS\Desktop\Ders\blg521\data\06.01\2013\K1\1X\06_01-2013_11_17-10_03-K1-1X.jpeg,C:\Users\ASUS\Desktop\Ders\blg521\data\06.01\2013\K1\10X\06_01-2013_11_17-10_03-K1-10X.jpeg,PS0,"[0.0, 1.0, 0.0, 0.0, 0.0, 0.0, 0.0, 0.0, 0.0, 0.0]"
06.01_2013,7,6.01,2013,2013-11-18,C:\Users\ASUS\Desktop\Ders\blg521\data\06.01\2013\K1\1X\06_01-2013_11_18-10_14-K1-1X.jpeg,C:\Users\ASUS\Desktop\Ders\blg521\data\06.01\2013\K1\10X\06_01-2013_11_18-10_13-K1-10X.jpeg,PS0,"[0.0, 1.0, 0.0, 0.0, 0.0, 0.0, 0.0, 0.0, 0.0, 0.0]"
06.01_2013,7,6.01,2013,2013-11-19,C:\Users\ASUS\Desktop\Ders\blg521\data\06.01\2013\K1\1X\06_01-2013_11_19-09_57-K1-1X.jpeg,C:\Users\ASUS\Desktop\Ders\blg521\data\06.01\2013\K1\10X\06_01-2013_11_19-09_56-K1-10X.jpeg,PS0,"[0.0, 1.0, 0.0, 0.0, 0.0, 0.0, 0.0, 0.0, 0.0, 0.0]"
06.01_2013,7,6.01,2013,2013-11-20,C:\Users\ASUS\Desktop\Ders\blg521\data\06.01\2013\K1\1X\06_01-2013_11_20-10_08-K1-1X.jpeg,,PS0,"[0.0, 1.0, 0.0, 0.0, 0.0, 0.0, 0.0, 0.0, 0.0, 0.0]"
06.01_2013,7,6.01,2013,2013-11-21,C:\Users\ASUS\Desktop\Ders\blg521\data\06.01\2013\K1\1X\06_01-2013_11_21-09_48-K1-1X.jpeg,C:\Users\ASUS\Desktop\Ders\blg521\data\06.01\2013\K1\10X\06_01-2013_11_21-09_47-K1-10X.jpeg,PS0,"[0.0, 1.0, 0.0, 0.0, 0.0, 0.0, 0.0, 0.0, 0.0, 0.0]"
06.01_2013,7,6.01,2013,2013-11-22,C:\Users\ASUS\Desktop\Ders\blg521\data\06.01\2013\K1\1X\06_01-2013_11_22-10_16-K1-1X.jpeg,C:\Users\ASUS\Desktop\Ders\blg521\data\06.01\2013\K1\10X\06_01-2013_11_22-10_15-K1-10X.jpeg,PS0,"[0.0, 1.0, 0.0, 0.0, 0.0, 0.0, 0.0, 0.0, 0.0, 0.0]"
06.01_2013,7,6.01,2013,2013-11-24,C:\Users\ASUS\Desktop\Ders\blg521\data\06.01\2013\K1\1X\06_01-2013_11_24-10_03-K1-1X.jpeg,C:\Users\ASUS\Desktop\Ders\blg521\data\06.01\2013\K1\10X\06_01-2013_11_24-10_03-K1-10X.jpeg,PS0,"[0.0, 1.0, 0.0, 0.0, 0.0, 0.0, 0.0, 0.0, 0.0, 0.0]"
06.01_2013,7,6.01,2013,2013-11-25,C:\Users\ASUS\Desktop\Ders\blg521\data\06.01\2013\K1\1X\06_01-2013_11_25-10_11-K1-1X.jpeg,C:\Users\ASUS\Desktop\Ders\blg521\data\06.01\2013\K1\10X\06_01-2013_11_25-10_10-K1-10X.jpeg,PS0,"[0.0, 1.0, 0.0, 0.0, 0.0, 0.0, 0.0, 0.0, 0.0, 0.0]"
06.01_2013,7,6.01,2013,2013-11-26,C:\Users\ASUS\Desktop\Ders\blg521\data\06.01\2013\K1\1X\06_01-2013_11_26-10_00-K1-1X.jpeg,C:\Users\ASUS\Desktop\Ders\blg521\data\06.01\2013\K1\10X\06_01-2013_11_26-10_00-K1-10X.jpeg,PS0,"[0.0, 1.0, 0.0, 0.0, 0.0, 0.0, 0.0, 0.0, 0.0, 0.0]"
06.01_2013,7,6.01,2013,2013-11-27,C:\Users\ASUS\Desktop\Ders\blg521\data\06.01\2013\K1\1X\06_01-2013_11_27-10_15-K1-1X.jpeg,C:\Users\ASUS\Desktop\Ders\blg521\data\06.01\2013\K1\10X\06_01-2013_11_27-10_15-K1-10X.jpeg,PS0,"[0.0, 1.0, 0.0, 0.0, 0.0, 0.0, 0.0, 0.0, 0.0, 0.0]"
06.01_2013,7,6.01,2013,2013-11-28,C:\Users\ASUS\Desktop\Ders\blg521\data\06.01\2013\K1\1X\06_01-2013_11_28-10_06-K1-1X.jpeg,C:\Users\ASUS\Desktop\Ders\blg521\data\06.01\2013\K1\10X\06_01-2013_11_28-10_05-K1-10X.jpeg,PS0,"[0.0, 1.0, 0.0, 0.0, 0.0, 0.0, 0.0, 0.0, 0.0, 0.0]"
06.01_2013,7,6.01,2013,2013-11-30,C:\Users\ASUS\Desktop\Ders\blg521\data\06.01\2013\K1\1X\06_01-2013_11_30-10_16-K1-1X.jpeg,C:\Users\ASUS\Desktop\Ders\blg521\data\06.01\2013\K1\10X\06_01-2013_11_30-10_15-K1-10X.jpeg,PS0,"[0.0, 1.0, 0.0, 0.0, 0.0, 0.0, 0.0, 0.0, 0.0, 0.0]"
06.01_2013,7,6.01,2013,2013-12-03,C:\Users\ASUS\Desktop\Ders\blg521\data\06.01\2013\K1\1X\06_01-2013_12_03-09_45-K1-1X.jpeg,C:\Users\ASUS\Desktop\Ders\blg521\data\06.01\2013\K1\10X\06_01-2013_12_03-10_16-K1-10X.jpeg,PS0,"[0.0, 1.0, 0.0, 0.0, 0.0, 0.0, 0.0, 0.0, 0.0, 0.0]"
06.01_2013,7,6.01,2013,2013-12-04,C:\Users\ASUS\Desktop\Ders\blg521\data\06.01\2013\K1\1X\06_01-2013_12_04-10_01-K1-1X.jpeg,C:\Users\ASUS\Desktop\Ders\blg521\data\06.01\2013\K1\10X\06_01-2013_12_04-09_59-K1-10X.jpeg,PS0,"[0.0, 1.0, 0.0, 0.0, 0.0, 0.0, 0.0, 0.0, 0.0, 0.0]"
06.01_2013,7,6.01,2013,2013-12-05,C:\Users\ASUS\Desktop\Ders\blg521\data\06.01\2013\K1\1X\06_01-2013_12_05-10_02-K1-1X.jpeg,C:\Users\ASUS\Desktop\Ders\blg521\data\06.01\2013\K1\10X\06_01-2013_12_05-10_00-K1-10X.jpeg,PS0,"[0.0, 1.0, 0.0, 0.0, 0.0, 0.0, 0.0, 0.0, 0.0, 0.0]"
06.01_2013,7,6.01,2013,2013-12-07,C:\Users\ASUS\Desktop\Ders\blg521\data\06.01\2013\K1\1X\06_01-2013_12_07-09_57-K1-1X.jpeg,,PS0,"[0.0, 1.0, 0.0, 0.0, 0.0, 0.0, 0.0, 0.0, 0.0, 0.0]"
06.01_2013,7,6.01,2013,2013-12-08,C:\Users\ASUS\Desktop\Ders\blg521\data\06.01\2013\K1\1X\06_01-2013_12_08-09_48-K1-1X.jpeg,C:\Users\ASUS\Desktop\Ders\blg521\data\06.01\2013\K1\10X\06_01-2013_12_08-09_46-K1-10X.jpeg,PS0,"[0.0, 1.0, 0.0, 0.0, 0.0, 0.0, 0.0, 0.0, 0.0, 0.0]"
06.01_2013,7,6.01,2013,2013-12-09,C:\Users\ASUS\Desktop\Ders\blg521\data\06.01\2013\K1\1X\06_01-2013_12_09-09_57-K1-1X.jpeg,C:\Users\ASUS\Desktop\Ders\blg521\data\06.01\2013\K1\10X\06_01-2013_12_09-09_55-K1-10X.jpeg,PS0,"[0.0, 1.0, 0.0, 0.0, 0.0, 0.0, 0.0, 0.0, 0.0, 0.0]"
06.01_2013,7,6.01,2013,2013-12-10,C:\Users\ASUS\Desktop\Ders\blg521\data\06.01\2013\K1\1X\06_01-2013_12_10-09_00-K1-1X.jpeg,C:\Users\ASUS\Desktop\Ders\blg521\data\06.01\2013\K1\10X\06_01-2013_12_10-08_59-K1-10X.jpeg,PS0,"[0.0, 1.0, 0.0, 0.0, 0.0, 0.0, 0.0, 0.0, 0.0, 0.0]"
06.01_2013,7,6.01,2013,2013-12-11,C:\Users\ASUS\Desktop\Ders\blg521\data\06.01\2013\K1\1X\06_01-2013_12_11-09_59-K1-1X.jpeg,C:\Users\ASUS\Desktop\Ders\blg521\data\06.01\2013\K1\10X\06_01-2013_12_11-09_58-K1-10X.jpeg,PS0,"[0.0, 1.0, 0.0, 0.0, 0.0, 0.0, 0.0, 0.0, 0.0, 0.0]"
06.01_2013,7,6.01,2013,2013-12-12,C:\Users\ASUS\Desktop\Ders\blg521\data\06.01\2013\K1\1X\06_01-2013_12_12-10_14-K1-1X.jpeg,C:\Users\ASUS\Desktop\Ders\blg521\data\06.01\2013\K1\10X\06_01-2013_12_12-10_13-K1-10X.jpeg,PS0,"[0.0, 1.0, 0.0, 0.0, 0.0, 0.0, 0.0, 0.0, 0.0, 0.0]"
06.01_2013,7,6.01,2013,2013-12-13,C:\Users\ASUS\Desktop\Ders\blg521\data\06.01\2013\K1\1X\06_01-2013_12_13-09_47-K1-1X.jpeg,C:\Users\ASUS\Desktop\Ders\blg521\data\06.01\2013\K1\10X\06_01-2013_12_13-09_46-K1-10X.jpeg,PS0,"[0.0, 1.0, 0.0, 0.0, 0.0, 0.0, 0.0, 0.0, 0.0, 0.0]"
06.01_2013,7,6.01,2013,2013-12-14,C:\Users\ASUS\Desktop\Ders\blg521\data\06.01\2013\K1\1X\06_01-2013_12_14-09_59-K1-1X.jpeg,C:\Users\ASUS\Desktop\Ders\blg521\data\06.01\2013\K1\10X\06_01-2013_12_14-09_57-K1-10X.jpeg,PS0,"[0.0, 1.0, 0.0, 0.0, 0.0, 0.0, 0.0, 0.0, 0.0, 0.0]"
06.01_2013,7,6.01,2013,2013-12-15,C:\Users\ASUS\Desktop\Ders\blg521\data\06.01\2013\K1\1X\06_01-2013_12_15-09_59-K1-1X.jpeg,C:\Users\ASUS\Desktop\Ders\blg521\data\06.01\2013\K1\10X\06_01-2013_12_15-09_57-K1-10X.jpeg,PS0,"[0.0, 1.0, 0.0, 0.0, 0.0, 0.0, 0.0, 0.0, 0.0, 0.0]"
06.01_2013,7,6.01,2013,2013-12-16,C:\Users\ASUS\Desktop\Ders\blg521\data\06.01\2013\K1\1X\06_01-2013_12_16-10_00-K1-1X.jpeg,C:\Users\ASUS\Desktop\Ders\blg521\data\06.01\2013\K1\10X\06_01-2013_12_16-09_58-K1-10X.jpeg,PS0,"[0.0, 1.0, 0.0, 0.0, 0.0, 0.0, 0.0, 0.0, 0.0, 0.0]"
06.01_2013,7,6.01,2013,2013-12-17,C:\Users\ASUS\Desktop\Ders\blg521\data\06.01\2013\K1\1X\06_01-2013_12_17-10_09-K1-1X.jpeg,C:\Users\ASUS\Desktop\Ders\blg521\data\06.01\2013\K1\10X\06_01-2013_12_17-10_08-K1-10X.jpeg,PS0,"[0.0, 1.0, 0.0, 0.0, 0.0, 0.0, 0.0, 0.0, 0.0, 0.0]"
06.01_2013,7,6.01,2013,2013-12-18,C:\Users\ASUS\Desktop\Ders\blg521\data\06.01\2013\K1\1X\06_01-2013_12_18-10_07-K1-1X.jpeg,C:\Users\ASUS\Desktop\Ders\blg521\data\06.01\2013\K1\10X\06_01-2013_12_18-10_06-K1-10X.jpeg,PS0,"[0.0, 1.0, 0.0, 0.0, 0.0, 0.0, 0.0, 0.0, 0.0, 0.0]"
06.01_2013,7,6.01,2013,2013-12-19,C:\Users\ASUS\Desktop\Ders\blg521\data\06.01\2013\K1\1X\06_01-2013_12_19-09_52-K1-1X.jpeg,C:\Users\ASUS\Desktop\Ders\blg521\data\06.01\2013\K1\10X\06_01-2013_12_19-09_50-K1-10X.jpeg,PS0,"[0.0, 1.0, 0.0, 0.0, 0.0, 0.0, 0.0, 0.0, 0.0, 0.0]"
06.01_2013,7,6.01,2013,2013-12-21,C:\Users\ASUS\Desktop\Ders\blg521\data\06.01\2013\K1\1X\06_01-2013_12_21-09_44-K1-1X.jpeg,C:\Users\ASUS\Desktop\Ders\blg521\data\06.01\2013\K1\10X\06_01-2013_12_21-10_15-K1-10X.jpeg,PS0,"[0.0, 1.0, 0.0, 0.0, 0.0, 0.0, 0.0, 0.0, 0.0, 0.0]"
06.01_2013,7,6.01,2013,2013-12-23,C:\Users\ASUS\Desktop\Ders\blg521\data\06.01\2013\K1\1X\06_01-2013_12_23-09_44-K1-1X.jpeg,C:\Users\ASUS\Desktop\Ders\blg521\data\06.01\2013\K1\10X\06_01-2013_12_23-10_15-K1-10X.jpeg,PS0,"[0.0, 1.0, 0.0, 0.0, 0.0, 0.0, 0.0, 0.0, 0.0, 0.0]"
06.01_2013,7,6.01,2013,2013-12-24,C:\Users\ASUS\Desktop\Ders\blg521\data\06.01\2013\K1\1X\06_01-2013_12_24-10_07-K1-1X.jpeg,C:\Users\ASUS\Desktop\Ders\blg521\data\06.01\2013\K1\10X\06_01-2013_12_24-10_06-K1-10X.jpeg,PS0,"[0.0, 1.0, 0.0, 0.0, 0.0, 0.0, 0.0, 0.0, 0.0, 0.0]"
06.01_2013,7,6.01,2013,2013-12-25,C:\Users\ASUS\Desktop\Ders\blg521\data\06.01\2013\K1\1X\06_01-2013_12_25-10_08-K1-1X.jpeg,C:\Users\ASUS\Desktop\Ders\blg521\data\06.01\2013\K1\10X\06_01-2013_12_25-10_06-K1-10X.jpeg,PS0,"[0.0, 1.0, 0.0, 0.0, 0.0, 0.0, 0.0, 0.0, 0.0, 0.0]"
06.01_2013,7,6.01,2013,2013-12-26,C:\Users\ASUS\Desktop\Ders\blg521\data\06.01\2013\K1\1X\06_01-2013_12_26-10_08-K1-1X.jpeg,C:\Users\ASUS\Desktop\Ders\blg521\data\06.01\2013\K1\10X\06_01-2013_12_26-10_06-K1-10X.jpeg,PS0,"[0.0, 1.0, 0.0, 0.0, 0.0, 0.0, 0.0, 0.0, 0.0, 0.0]"
06.01_2013,7,6.01,2013,2013-12-27,C:\Users\ASUS\Desktop\Ders\blg521\data\06.01\2013\K1\1X\06_01-2013_12_27-10_05-K1-1X.jpeg,C:\Users\ASUS\Desktop\Ders\blg521\data\06.01\2013\K1\10X\06_01-2013_12_27-10_04-K1-10X.jpeg,PS0,"[0.0, 1.0, 0.0, 0.0, 0.0, 0.0, 0.0, 0.0, 0.0, 0.0]"
06.01_2013,7,6.01,2013,2013-12-28,C:\Users\ASUS\Desktop\Ders\blg521\data\06.01\2013\K1\1X\06_01-2013_12_28-10_06-K1-1X.jpeg,C:\Users\ASUS\Desktop\Ders\blg521\data\06.01\2013\K1\10X\06_01-2013_12_28-10_05-K1-10X.jpeg,PS0,"[0.0, 1.0, 0.0, 0.0, 0.0, 0.0, 0.0, 0.0, 0.0, 0.0]"
06.01_2013,7,6.01,2013,2013-12-29,C:\Users\ASUS\Desktop\Ders\blg521\data\06.01\2013\K1\1X\06_01-2013_12_29-10_05-K1-1X.jpeg,C:\Users\ASUS\Desktop\Ders\blg521\data\06.01\2013\K1\10X\06_01-2013_12_29-10_03-K1-10X.jpeg,PS0,"[0.0, 1.0, 0.0, 0.0, 0.0, 0.0, 0.0, 0.0, 0.0, 0.0]"
06.01_2013,7,6.01,2013,2013-12-30,C:\Users\ASUS\Desktop\Ders\blg521\data\06.01\2013\K1\1X\06_01-2013_12_30-10_06-K1-1X.jpeg,C:\Users\ASUS\Desktop\Ders\blg521\data\06.01\2013\K1\10X\06_01-2013_12_30-10_05-K1-10X.jpeg,PS0,"[0.0, 1.0, 0.0, 0.0, 0.0, 0.0, 0.0, 0.0, 0.0, 0.0]"
06.01_2013,7,6.01,2013,2013-12-31,C:\Users\ASUS\Desktop\Ders\blg521\data\06.01\2013\K1\1X\06_01-2013_12_31-10_08-K1-1X.jpeg,C:\Users\ASUS\Desktop\Ders\blg521\data\06.01\2013\K1\10X\06_01-2013_12_31-10_06-K1-10X.jpeg,PS0,"[0.0, 1.0, 0.0, 0.0, 0.0, 0.0, 0.0, 0.0, 0.0, 0.0]"
06.02_2013,8,6.02,2013,2013-09-20,C:\Users\ASUS\Desktop\Ders\blg521\data\06.02\2013\K1\1X\06_02-2013_09_20-09_51-K1-1X.jpeg,C:\Users\ASUS\Desktop\Ders\blg521\data\06.02\2013\K1\10X\06_02-2013_09_20-09_50-K1-10X.jpeg,Dormancy,"[1.0, 0.0, 0.0, 0.0, 0.0, 0.0, 0.0, 0.0, 0.0, 0.0]"
06.02_2013,8,6.02,2013,2013-09-21,C:\Users\ASUS\Desktop\Ders\blg521\data\06.02\2013\K1\1X\06_02-2013_09_21-09_56-K1-1X.jpeg,C:\Users\ASUS\Desktop\Ders\blg521\data\06.02\2013\K1\10X\06_02-2013_09_21-09_55-K1-10X.jpeg,Dormancy,"[1.0, 0.0, 0.0, 0.0, 0.0, 0.0, 0.0, 0.0, 0.0, 0.0]"
06.02_2013,8,6.02,2013,2013-09-22,C:\Users\ASUS\Desktop\Ders\blg521\data\06.02\2013\K1\1X\06_02-2013_09_22-10_01-K1-1X.jpeg,C:\Users\ASUS\Desktop\Ders\blg521\data\06.02\2013\K1\10X\06_02-2013_09_22-10_00-K1-10X.jpeg,Dormancy,"[1.0, 0.0, 0.0, 0.0, 0.0, 0.0, 0.0, 0.0, 0.0, 0.0]"
06.02_2013,8,6.02,2013,2013-09-23,C:\Users\ASUS\Desktop\Ders\blg521\data\06.02\2013\K1\1X\06_02-2013_09_23-11_58-K1-1X.jpeg,C:\Users\ASUS\Desktop\Ders\blg521\data\06.02\2013\K1\10X\06_02-2013_09_23-11_58-K1-10X.jpeg,Dormancy,"[1.0, 0.0, 0.0, 0.0, 0.0, 0.0, 0.0, 0.0, 0.0, 0.0]"
06.02_2013,8,6.02,2013,2013-09-24,C:\Users\ASUS\Desktop\Ders\blg521\data\06.02\2013\K1\1X\06_02-2013_09_24-09_59-K1-1X.jpeg,C:\Users\ASUS\Desktop\Ders\blg521\data\06.02\2013\K1\10X\06_02-2013_09_24-09_59-K1-10X.jpeg,Dormancy,"[1.0, 0.0, 0.0, 0.0, 0.0, 0.0, 0.0, 0.0, 0.0, 0.0]"
06.02_2013,8,6.02,2013,2013-09-25,C:\Users\ASUS\Desktop\Ders\blg521\data\06.02\2013\K1\1X\06_02-2013_09_25-10_03-K1-1X.jpeg,C:\Users\ASUS\Desktop\Ders\blg521\data\06.02\2013\K1\10X\06_02-2013_09_25-10_03-K1-10X.jpeg,Dormancy,"[1.0, 0.0, 0.0, 0.0, 0.0, 0.0, 0.0, 0.0, 0.0, 0.0]"
06.02_2013,8,6.02,2013,2013-09-26,C:\Users\ASUS\Desktop\Ders\blg521\data\06.02\2013\K1\1X\06_02-2013_09_26-10_08-K1-1X.jpeg,C:\Users\ASUS\Desktop\Ders\blg521\data\06.02\2013\K1\10X\06_02-2013_09_26-10_07-K1-10X.jpeg,Dormancy,"[1.0, 0.0, 0.0, 0.0, 0.0, 0.0, 0.0, 0.0, 0.0, 0.0]"
06.02_2013,8,6.02,2013,2013-09-27,C:\Users\ASUS\Desktop\Ders\blg521\data\06.02\2013\K1\1X\06_02-2013_09_27-10_12-K1-1X.jpeg,C:\Users\ASUS\Desktop\Ders\blg521\data\06.02\2013\K1\10X\06_02-2013_09_27-10_11-K1-10X.jpeg,Dormancy,"[1.0, 0.0, 0.0, 0.0, 0.0, 0.0, 0.0, 0.0, 0.0, 0.0]"
06.02_2013,8,6.02,2013,2013-09-28,C:\Users\ASUS\Desktop\Ders\blg521\data\06.02\2013\K1\1X\06_02-2013_09_28-09_45-K1-1X.jpeg,C:\Users\ASUS\Desktop\Ders\blg521\data\06.02\2013\K1\10X\06_02-2013_09_28-10_15-K1-10X.jpeg,Dormancy,"[1.0, 0.0, 0.0, 0.0, 0.0, 0.0, 0.0, 0.0, 0.0, 0.0]"
06.02_2013,8,6.02,2013,2013-09-29,C:\Users\ASUS\Desktop\Ders\blg521\data\06.02\2013\K1\1X\06_02-2013_09_29-09_49-K1-1X.jpeg,C:\Users\ASUS\Desktop\Ders\blg521\data\06.02\2013\K1\10X\06_02-2013_09_29-09_49-K1-10X.jpeg,Dormancy,"[1.0, 0.0, 0.0, 0.0, 0.0, 0.0, 0.0, 0.0, 0.0, 0.0]"
06.02_2013,8,6.02,2013,2013-09-30,C:\Users\ASUS\Desktop\Ders\blg521\data\06.02\2013\K1\1X\06_02-2013_09_30-09_54-K1-1X.jpeg,C:\Users\ASUS\Desktop\Ders\blg521\data\06.02\2013\K1\10X\06_02-2013_09_30-09_54-K1-10X.jpeg,Dormancy,"[1.0, 0.0, 0.0, 0.0, 0.0, 0.0, 0.0, 0.0, 0.0, 0.0]"
06.02_2013,8,6.02,2013,2013-10-01,C:\Users\ASUS\Desktop\Ders\blg521\data\06.02\2013\K1\1X\06_02-2013_10_01-10_03-K1-1X.jpeg,C:\Users\ASUS\Desktop\Ders\blg521\data\06.02\2013\K1\10X\06_02-2013_10_01-10_02-K1-10X.jpeg,Dormancy,"[1.0, 0.0, 0.0, 0.0, 0.0, 0.0, 0.0, 0.0, 0.0, 0.0]"
06.02_2013,8,6.02,2013,2013-10-02,C:\Users\ASUS\Desktop\Ders\blg521\data\06.02\2013\K1\1X\06_02-2013_10_02-10_14-K1-1X.jpeg,C:\Users\ASUS\Desktop\Ders\blg521\data\06.02\2013\K1\10X\06_02-2013_10_02-10_14-K1-10X.jpeg,Dormancy,"[1.0, 0.0, 0.0, 0.0, 0.0, 0.0, 0.0, 0.0, 0.0, 0.0]"
06.02_2013,8,6.02,2013,2013-10-09,C:\Users\ASUS\Desktop\Ders\blg521\data\06.02\2013\K1\1X\06_02-2013_10_09-09_56-K1-1X.jpeg,C:\Users\ASUS\Desktop\Ders\blg521\data\06.02\2013\K1\10X\06_02-2013_10_09-09_55-K1-10X.jpeg,Dormancy,"[1.0, 0.0, 0.0, 0.0, 0.0, 0.0, 0.0, 0.0, 0.0, 0.0]"
06.02_2013,8,6.02,2013,2013-10-10,C:\Users\ASUS\Desktop\Ders\blg521\data\06.02\2013\K1\1X\06_02-2013_10_10-10_00-K1-1X.jpeg,C:\Users\ASUS\Desktop\Ders\blg521\data\06.02\2013\K1\10X\06_02-2013_10_10-10_00-K1-10X.jpeg,Dormancy,"[1.0, 0.0, 0.0, 0.0, 0.0, 0.0, 0.0, 0.0, 0.0, 0.0]"
06.02_2013,8,6.02,2013,2013-10-11,C:\Users\ASUS\Desktop\Ders\blg521\data\06.02\2013\K1\1X\06_02-2013_10_11-09_50-K1-1X.jpeg,C:\Users\ASUS\Desktop\Ders\blg521\data\06.02\2013\K1\10X\06_02-2013_10_11-09_49-K1-10X.jpeg,Dormancy,"[1.0, 0.0, 0.0, 0.0, 0.0, 0.0, 0.0, 0.0, 0.0, 0.0]"
06.02_2013,8,6.02,2013,2013-10-14,C:\Users\ASUS\Desktop\Ders\blg521\data\06.02\2013\K1\1X\06_02-2013_10_14-10_15-K1-1X.jpeg,C:\Users\ASUS\Desktop\Ders\blg521\data\06.02\2013\K1\10X\06_02-2013_10_14-10_14-K1-10X.jpeg,Dormancy,"[1.0, 0.0, 0.0, 0.0, 0.0, 0.0, 0.0, 0.0, 0.0, 0.0]"
06.02_2013,8,6.02,2013,2013-10-15,C:\Users\ASUS\Desktop\Ders\blg521\data\06.02\2013\K1\1X\06_02-2013_10_15-09_48-K1-1X.jpeg,C:\Users\ASUS\Desktop\Ders\blg521\data\06.02\2013\K1\10X\06_02-2013_10_15-09_47-K1-10X.jpeg,Dormancy,"[1.0, 0.0, 0.0, 0.0, 0.0, 0.0, 0.0, 0.0, 0.0, 0.0]"
06.02_2013,8,6.02,2013,2013-10-16,C:\Users\ASUS\Desktop\Ders\blg521\data\06.02\2013\K1\1X\06_02-2013_10_16-09_51-K1-1X.jpeg,C:\Users\ASUS\Desktop\Ders\blg521\data\06.02\2013\K1\10X\06_02-2013_10_16-09_51-K1-10X.jpeg,Dormancy,"[1.0, 0.0, 0.0, 0.0, 0.0, 0.0, 0.0, 0.0, 0.0, 0.0]"
06.02_2013,8,6.02,2013,2013-10-17,C:\Users\ASUS\Desktop\Ders\blg521\data\06.02\2013\K1\1X\06_02-2013_10_17-09_54-K1-1X.jpeg,C:\Users\ASUS\Desktop\Ders\blg521\data\06.02\2013\K1\10X\06_02-2013_10_17-09_54-K1-10X.jpeg,Dormancy,"[1.0, 0.0, 0.0, 0.0, 0.0, 0.0, 0.0, 0.0, 0.0, 0.0]"
06.02_2013,8,6.02,2013,2013-10-18,C:\Users\ASUS\Desktop\Ders\blg521\data\06.02\2013\K1\1X\06_02-2013_10_18-09_57-K1-1X.jpeg,C:\Users\ASUS\Desktop\Ders\blg521\data\06.02\2013\K1\10X\06_02-2013_10_18-09_57-K1-10X.jpeg,Dormancy,"[1.0, 0.0, 0.0, 0.0, 0.0, 0.0, 0.0, 0.0, 0.0, 0.0]"
06.02_2013,8,6.02,2013,2013-10-19,C:\Users\ASUS\Desktop\Ders\blg521\data\06.02\2013\K1\1X\06_02-2013_10_19-09_45-K1-1X.jpeg,C:\Users\ASUS\Desktop\Ders\blg521\data\06.02\2013\K1\10X\06_02-2013_10_19-10_15-K1-10X.jpeg,Dormancy,"[1.0, 0.0, 0.0, 0.0, 0.0, 0.0, 0.0, 0.0, 0.0, 0.0]"
06.02_2013,8,6.02,2013,2013-10-20,C:\Users\ASUS\Desktop\Ders\blg521\data\06.02\2013\K1\1X\06_02-2013_10_20-09_55-K1-1X.jpeg,C:\Users\ASUS\Desktop\Ders\blg521\data\06.02\2013\K1\10X\06_02-2013_10_20-09_55-K1-10X.jpeg,Dormancy,"[1.0, 0.0, 0.0, 0.0, 0.0, 0.0, 0.0, 0.0, 0.0, 0.0]"
06.02_2013,8,6.02,2013,2013-10-21,C:\Users\ASUS\Desktop\Ders\blg521\data\06.02\2013\K1\1X\06_02-2013_10_21-09_59-K1-1X.jpeg,C:\Users\ASUS\Desktop\Ders\blg521\data\06.02\2013\K1\10X\06_02-2013_10_21-09_58-K1-10X.jpeg,Dormancy,"[1.0, 0.0, 0.0, 0.0, 0.0, 0.0, 0.0, 0.0, 0.0, 0.0]"
06.02_2013,8,6.02,2013,2013-10-25,C:\Users\ASUS\Desktop\Ders\blg521\data\06.02\2013\K1\1X\06_02-2013_10_25-10_09-K1-1X.jpeg,C:\Users\ASUS\Desktop\Ders\blg521\data\06.02\2013\K1\10X\06_02-2013_10_25-10_08-K1-10X.jpeg,Dormancy,"[1.0, 0.0, 0.0, 0.0, 0.0, 0.0, 0.0, 0.0, 0.0, 0.0]"
06.02_2013,8,6.02,2013,2013-10-26,C:\Users\ASUS\Desktop\Ders\blg521\data\06.02\2013\K1\1X\06_02-2013_10_26-10_12-K1-1X.jpeg,C:\Users\ASUS\Desktop\Ders\blg521\data\06.02\2013\K1\10X\06_02-2013_10_26-10_12-K1-10X.jpeg,Dormancy,"[1.0, 0.0, 0.0, 0.0, 0.0, 0.0, 0.0, 0.0, 0.0, 0.0]"
06.02_2013,8,6.02,2013,2013-10-27,C:\Users\ASUS\Desktop\Ders\blg521\data\06.02\2013\K1\1X\06_02-2013_10_27-09_46-K1-1X.jpeg,C:\Users\ASUS\Desktop\Ders\blg521\data\06.02\2013\K1\10X\06_02-2013_10_27-09_46-K1-10X.jpeg,Dormancy,"[1.0, 0.0, 0.0, 0.0, 0.0, 0.0, 0.0, 0.0, 0.0, 0.0]"
06.02_2013,8,6.02,2013,2013-10-28,C:\Users\ASUS\Desktop\Ders\blg521\data\06.02\2013\K1\1X\06_02-2013_10_28-09_49-K1-1X.jpeg,C:\Users\ASUS\Desktop\Ders\blg521\data\06.02\2013\K1\10X\06_02-2013_10_28-09_48-K1-10X.jpeg,Dormancy,"[1.0, 0.0, 0.0, 0.0, 0.0, 0.0, 0.0, 0.0, 0.0, 0.0]"
06.02_2013,8,6.02,2013,2013-11-06,C:\Users\ASUS\Desktop\Ders\blg521\data\06.02\2013\K1\1X\06_02-2013_11_06-10_12-K1-1X.jpeg,C:\Users\ASUS\Desktop\Ders\blg521\data\06.02\2013\K1\10X\06_02-2013_11_06-10_12-K1-10X.jpeg,Dormancy,"[1.0, 0.0, 0.0, 0.0, 0.0, 0.0, 0.0, 0.0, 0.0, 0.0]"
06.02_2013,8,6.02,2013,2013-11-07,C:\Users\ASUS\Desktop\Ders\blg521\data\06.02\2013\K1\1X\06_02-2013_11_07-10_14-K1-1X.jpeg,C:\Users\ASUS\Desktop\Ders\blg521\data\06.02\2013\K1\10X\06_02-2013_11_07-10_14-K1-10X.jpeg,Dormancy,"[1.0, 0.0, 0.0, 0.0, 0.0, 0.0, 0.0, 0.0, 0.0, 0.0]"
06.02_2013,8,6.02,2013,2013-11-08,C:\Users\ASUS\Desktop\Ders\blg521\data\06.02\2013\K1\1X\06_02-2013_11_08-09_46-K1-1X.jpeg,C:\Users\ASUS\Desktop\Ders\blg521\data\06.02\2013\K1\10X\06_02-2013_11_08-09_45-K1-10X.jpeg,Dormancy,"[1.0, 0.0, 0.0, 0.0, 0.0, 0.0, 0.0, 0.0, 0.0, 0.0]"
06.02_2013,8,6.02,2013,2013-11-09,C:\Users\ASUS\Desktop\Ders\blg521\data\06.02\2013\K1\1X\06_02-2013_11_09-09_49-K1-1X.jpeg,C:\Users\ASUS\Desktop\Ders\blg521\data\06.02\2013\K1\10X\06_02-2013_11_09-09_49-K1-10X.jpeg,Dormancy,"[1.0, 0.0, 0.0, 0.0, 0.0, 0.0, 0.0, 0.0, 0.0, 0.0]"
06.02_2013,8,6.02,2013,2013-11-11,C:\Users\ASUS\Desktop\Ders\blg521\data\06.02\2013\K1\1X\06_02-2013_11_11-09_55-K1-1X.jpeg,C:\Users\ASUS\Desktop\Ders\blg521\data\06.02\2013\K1\10X\06_02-2013_11_11-09_54-K1-10X.jpeg,Dormancy,"[1.0, 0.0, 0.0, 0.0, 0.0, 0.0, 0.0, 0.0, 0.0, 0.0]"
06.02_2013,8,6.02,2013,2013-11-12,C:\Users\ASUS\Desktop\Ders\blg521\data\06.02\2013\K1\1X\06_02-2013_11_12-09_57-K1-1X.jpeg,C:\Users\ASUS\Desktop\Ders\blg521\data\06.02\2013\K1\10X\06_02-2013_11_12-09_57-K1-10X.jpeg,Dormancy,"[1.0, 0.0, 0.0, 0.0, 0.0, 0.0, 0.0, 0.0, 0.0, 0.0]"
06.02_2013,8,6.02,2013,2013-11-13,C:\Users\ASUS\Desktop\Ders\blg521\data\06.02\2013\K1\1X\06_02-2013_11_13-09_59-K1-1X.jpeg,C:\Users\ASUS\Desktop\Ders\blg521\data\06.02\2013\K1\10X\06_02-2013_11_13-09_59-K1-10X.jpeg,Dormancy,"[1.0, 0.0, 0.0, 0.0, 0.0, 0.0, 0.0, 0.0, 0.0, 0.0]"
06.02_2013,8,6.02,2013,2013-11-14,C:\Users\ASUS\Desktop\Ders\blg521\data\06.02\2013\K1\1X\06_02-2013_11_14-10_01-K1-1X.jpeg,C:\Users\ASUS\Desktop\Ders\blg521\data\06.02\2013\K1\10X\06_02-2013_11_14-10_01-K1-10X.jpeg,Dormancy,"[1.0, 0.0, 0.0, 0.0, 0.0, 0.0, 0.0, 0.0, 0.0, 0.0]"
06.02_2013,8,6.02,2013,2013-11-15,C:\Users\ASUS\Desktop\Ders\blg521\data\06.02\2013\K1\1X\06_02-2013_11_15-09_56-K1-1X.jpeg,C:\Users\ASUS\Desktop\Ders\blg521\data\06.02\2013\K1\10X\06_02-2013_11_15-09_56-K1-10X.jpeg,Dormancy,"[1.0, 0.0, 0.0, 0.0, 0.0, 0.0, 0.0, 0.0, 0.0, 0.0]"
06.02_2013,8,6.02,2013,2013-11-17,C:\Users\ASUS\Desktop\Ders\blg521\data\06.02\2013\K1\1X\06_02-2013_11_17-10_01-K1-1X.jpeg,C:\Users\ASUS\Desktop\Ders\blg521\data\06.02\2013\K1\10X\06_02-2013_11_17-10_00-K1-10X.jpeg,Dormancy,"[1.0, 0.0, 0.0, 0.0, 0.0, 0.0, 0.0, 0.0, 0.0, 0.0]"
06.02_2013,8,6.02,2013,2013-11-18,C:\Users\ASUS\Desktop\Ders\blg521\data\06.02\2013\K1\1X\06_02-2013_11_18-10_01-K1-1X.jpeg,C:\Users\ASUS\Desktop\Ders\blg521\data\06.02\2013\K1\10X\06_02-2013_11_18-10_01-K1-10X.jpeg,Dormancy,"[1.0, 0.0, 0.0, 0.0, 0.0, 0.0, 0.0, 0.0, 0.0, 0.0]"
06.02_2013,8,6.02,2013,2013-11-19,C:\Users\ASUS\Desktop\Ders\blg521\data\06.02\2013\K1\1X\06_02-2013_11_19-10_03-K1-1X.jpeg,C:\Users\ASUS\Desktop\Ders\blg521\data\06.02\2013\K1\10X\06_02-2013_11_19-10_03-K1-10X.jpeg,Dormancy,"[1.0, 0.0, 0.0, 0.0, 0.0, 0.0, 0.0, 0.0, 0.0, 0.0]"
06.02_2013,8,6.02,2013,2013-11-21,C:\Users\ASUS\Desktop\Ders\blg521\data\06.02\2013\K1\1X\06_02-2013_11_21-10_07-K1-1X.jpeg,C:\Users\ASUS\Desktop\Ders\blg521\data\06.02\2013\K1\10X\06_02-2013_11_21-10_07-K1-10X.jpeg,Dormancy,"[1.0, 0.0, 0.0, 0.0, 0.0, 0.0, 0.0, 0.0, 0.0, 0.0]"
06.02_2013,8,6.02,2013,2013-11-22,C:\Users\ASUS\Desktop\Ders\blg521\data\06.02\2013\K1\1X\06_02-2013_11_22-08_05-K1-1X.jpeg,C:\Users\ASUS\Desktop\Ders\blg521\data\06.02\2013\K1\10X\06_02-2013_11_22-08_05-K1-10X.jpeg,Dormancy,"[1.0, 0.0, 0.0, 0.0, 0.0, 0.0, 0.0, 0.0, 0.0, 0.0]"
06.02_2013,8,6.02,2013,2013-11-24,C:\Users\ASUS\Desktop\Ders\blg521\data\06.02\2013\K1\1X\06_02-2013_11_24-09_59-K1-1X.jpeg,C:\Users\ASUS\Desktop\Ders\blg521\data\06.02\2013\K1\10X\06_02-2013_11_24-09_59-K1-10X.jpeg,Dormancy,"[1.0, 0.0, 0.0, 0.0, 0.0, 0.0, 0.0, 0.0, 0.0, 0.0]"
06.02_2013,8,6.02,2013,2013-11-25,C:\Users\ASUS\Desktop\Ders\blg521\data\06.02\2013\K1\1X\06_02-2013_11_25-11_28-K1-1X.jpeg,C:\Users\ASUS\Desktop\Ders\blg521\data\06.02\2013\K1\10X\06_02-2013_11_25-11_27-K1-10X.jpeg,Dormancy,"[1.0, 0.0, 0.0, 0.0, 0.0, 0.0, 0.0, 0.0, 0.0, 0.0]"
06.02_2013,8,6.02,2013,2013-11-26,C:\Users\ASUS\Desktop\Ders\blg521\data\06.02\2013\K1\1X\06_02-2013_11_26-11_19-K1-1X.jpeg,C:\Users\ASUS\Desktop\Ders\blg521\data\06.02\2013\K1\10X\06_02-2013_11_26-11_18-K1-10X.jpeg,Dormancy,"[1.0, 0.0, 0.0, 0.0, 0.0, 0.0, 0.0, 0.0, 0.0, 0.0]"
06.02_2013,8,6.02,2013,2013-11-30,C:\Users\ASUS\Desktop\Ders\blg521\data\06.02\2013\K1\1X\06_02-2013_11_30-10_00-K1-1X.jpeg,C:\Users\ASUS\Desktop\Ders\blg521\data\06.02\2013\K1\10X\06_02-2013_11_30-09_59-K1-10X.jpeg,Dormancy,"[1.0, 0.0, 0.0, 0.0, 0.0, 0.0, 0.0, 0.0, 0.0, 0.0]"
06.02_2013,8,6.02,2013,2013-12-02,C:\Users\ASUS\Desktop\Ders\blg521\data\06.02\2013\K1\1X\06_02-2013_12_02-11_29-K1-1X.jpeg,C:\Users\ASUS\Desktop\Ders\blg521\data\06.02\2013\K1\10X\06_02-2013_12_02-11_29-K1-10X.jpeg,Dormancy,"[1.0, 0.0, 0.0, 0.0, 0.0, 0.0, 0.0, 0.0, 0.0, 0.0]"
06.02_2013,8,6.02,2013,2013-12-03,C:\Users\ASUS\Desktop\Ders\blg521\data\06.02\2013\K1\1X\06_02-2013_12_03-09_48-K1-1X.jpeg,C:\Users\ASUS\Desktop\Ders\blg521\data\06.02\2013\K1\10X\06_02-2013_12_03-09_47-K1-10X.jpeg,Dormancy,"[1.0, 0.0, 0.0, 0.0, 0.0, 0.0, 0.0, 0.0, 0.0, 0.0]"
06.02_2013,8,6.02,2013,2013-12-04,C:\Users\ASUS\Desktop\Ders\blg521\data\06.02\2013\K1\1X\06_02-2013_12_04-10_13-K1-1X.jpeg,C:\Users\ASUS\Desktop\Ders\blg521\data\06.02\2013\K1\10X\06_02-2013_12_04-10_12-K1-10X.jpeg,Dormancy,"[1.0, 0.0, 0.0, 0.0, 0.0, 0.0, 0.0, 0.0, 0.0, 0.0]"
06.02_2013,8,6.02,2013,2013-12-05,C:\Users\ASUS\Desktop\Ders\blg521\data\06.02\2013\K1\1X\06_02-2013_12_05-09_52-K1-1X.jpeg,C:\Users\ASUS\Desktop\Ders\blg521\data\06.02\2013\K1\10X\06_02-2013_12_05-09_51-K1-10X.jpeg,Dormancy,"[1.0, 0.0, 0.0, 0.0, 0.0, 0.0, 0.0, 0.0, 0.0, 0.0]"
06.02_2013,8,6.02,2013,2013-12-06,C:\Users\ASUS\Desktop\Ders\blg521\data\06.02\2013\K1\1X\06_02-2013_12_06-10_03-K1-1X.jpeg,C:\Users\ASUS\Desktop\Ders\blg521\data\06.02\2013\K1\10X\06_02-2013_12_06-10_02-K1-10X.jpeg,Dormancy,"[1.0, 0.0, 0.0, 0.0, 0.0, 0.0, 0.0, 0.0, 0.0, 0.0]"
06.02_2013,8,6.02,2013,2013-12-08,C:\Users\ASUS\Desktop\Ders\blg521\data\06.02\2013\K1\1X\06_02-2013_12_08-10_04-K1-1X.jpeg,C:\Users\ASUS\Desktop\Ders\blg521\data\06.02\2013\K1\10X\06_02-2013_12_08-10_03-K1-10X.jpeg,Dormancy,"[1.0, 0.0, 0.0, 0.0, 0.0, 0.0, 0.0, 0.0, 0.0, 0.0]"
06.02_2013,8,6.02,2013,2013-12-09,C:\Users\ASUS\Desktop\Ders\blg521\data\06.02\2013\K1\1X\06_02-2013_12_09-09_48-K1-1X.jpeg,C:\Users\ASUS\Desktop\Ders\blg521\data\06.02\2013\K1\10X\06_02-2013_12_09-09_47-K1-10X.jpeg,Dormancy,"[1.0, 0.0, 0.0, 0.0, 0.0, 0.0, 0.0, 0.0, 0.0, 0.0]"
06.02_2013,8,6.02,2013,2013-12-11,C:\Users\ASUS\Desktop\Ders\blg521\data\06.02\2013\K1\1X\06_02-2013_12_11-09_57-K1-1X.jpeg,C:\Users\ASUS\Desktop\Ders\blg521\data\06.02\2013\K1\10X\06_02-2013_12_11-09_57-K1-10X.jpeg,Dormancy,"[1.0, 0.0, 0.0, 0.0, 0.0, 0.0, 0.0, 0.0, 0.0, 0.0]"
06.02_2013,8,6.02,2013,2013-12-12,C:\Users\ASUS\Desktop\Ders\blg521\data\06.02\2013\K1\1X\06_02-2013_12_12-09_53-K1-1X.jpeg,C:\Users\ASUS\Desktop\Ders\blg521\data\06.02\2013\K1\10X\06_02-2013_12_12-09_52-K1-10X.jpeg,Dormancy,"[1.0, 0.0, 0.0, 0.0, 0.0, 0.0, 0.0, 0.0, 0.0, 0.0]"
06.02_2013,8,6.02,2013,2013-12-13,C:\Users\ASUS\Desktop\Ders\blg521\data\06.02\2013\K1\1X\06_02-2013_12_13-09_58-K1-1X.jpeg,C:\Users\ASUS\Desktop\Ders\blg521\data\06.02\2013\K1\10X\06_02-2013_12_13-09_57-K1-10X.jpeg,Dormancy,"[1.0, 0.0, 0.0, 0.0, 0.0, 0.0, 0.0, 0.0, 0.0, 0.0]"
06.02_2013,8,6.02,2013,2013-12-14,C:\Users\ASUS\Desktop\Ders\blg521\data\06.02\2013\K1\1X\06_02-2013_12_14-10_00-K1-1X.jpeg,C:\Users\ASUS\Desktop\Ders\blg521\data\06.02\2013\K1\10X\06_02-2013_12_14-10_00-K1-10X.jpeg,Dormancy,"[1.0, 0.0, 0.0, 0.0, 0.0, 0.0, 0.0, 0.0, 0.0, 0.0]"
06.02_2013,8,6.02,2013,2013-12-15,C:\Users\ASUS\Desktop\Ders\blg521\data\06.02\2013\K1\1X\06_02-2013_12_15-10_12-K1-1X.jpeg,C:\Users\ASUS\Desktop\Ders\blg521\data\06.02\2013\K1\10X\06_02-2013_12_15-10_11-K1-10X.jpeg,Dormancy,"[1.0, 0.0, 0.0, 0.0, 0.0, 0.0, 0.0, 0.0, 0.0, 0.0]"
06.02_2013,8,6.02,2013,2013-12-16,C:\Users\ASUS\Desktop\Ders\blg521\data\06.02\2013\K1\1X\06_02-2013_12_16-10_16-K1-1X.jpeg,C:\Users\ASUS\Desktop\Ders\blg521\data\06.02\2013\K1\10X\06_02-2013_12_16-10_10-K1-10X.jpeg,Dormancy,"[1.0, 0.0, 0.0, 0.0, 0.0, 0.0, 0.0, 0.0, 0.0, 0.0]"
06.02_2013,8,6.02,2013,2013-12-17,C:\Users\ASUS\Desktop\Ders\blg521\data\06.02\2013\K1\1X\06_02-2013_12_17-11_29-K1-1X.jpeg,C:\Users\ASUS\Desktop\Ders\blg521\data\06.02\2013\K1\10X\06_02-2013_12_17-11_28-K1-10X.jpeg,Dormancy,"[1.0, 0.0, 0.0, 0.0, 0.0, 0.0, 0.0, 0.0, 0.0, 0.0]"
06.02_2013,8,6.02,2013,2013-12-18,C:\Users\ASUS\Desktop\Ders\blg521\data\06.02\2013\K1\1X\06_02-2013_12_18-10_54-K1-1X.jpeg,C:\Users\ASUS\Desktop\Ders\blg521\data\06.02\2013\K1\10X\06_02-2013_12_18-10_53-K1-10X.jpeg,Dormancy,"[1.0, 0.0, 0.0, 0.0, 0.0, 0.0, 0.0, 0.0, 0.0, 0.0]"
06.02_2013,8,6.02,2013,2013-12-19,C:\Users\ASUS\Desktop\Ders\blg521\data\06.02\2013\K1\1X\06_02-2013_12_19-11_37-K1-1X.jpeg,C:\Users\ASUS\Desktop\Ders\blg521\data\06.02\2013\K1\10X\06_02-2013_12_19-11_36-K1-10X.jpeg,PS0,"[0.0, 1.0, 0.0, 0.0, 0.0, 0.0, 0.0, 0.0, 0.0, 0.0]"
06.02_2013,8,6.02,2013,2013-12-22,C:\Users\ASUS\Desktop\Ders\blg521\data\06.02\2013\K1\1X\06_02-2013_12_22-10_24-K1-1X.jpeg,,PS0,"[0.0, 1.0, 0.0, 0.0, 0.0, 0.0, 0.0, 0.0, 0.0, 0.0]"
06.02_2013,8,6.02,2013,2013-12-23,C:\Users\ASUS\Desktop\Ders\blg521\data\06.02\2013\K1\1X\06_02-2013_12_23-09_54-K1-1X.jpeg,C:\Users\ASUS\Desktop\Ders\blg521\data\06.02\2013\K1\10X\06_02-2013_12_23-09_48-K1-10X.jpeg,PS0,"[0.0, 1.0, 0.0, 0.0, 0.0, 0.0, 0.0, 0.0, 0.0, 0.0]"
06.02_2013,8,6.02,2013,2013-12-24,C:\Users\ASUS\Desktop\Ders\blg521\data\06.02\2013\K1\1X\06_02-2013_12_24-09_57-K1-1X.jpeg,C:\Users\ASUS\Desktop\Ders\blg521\data\06.02\2013\K1\10X\06_02-2013_12_24-09_56-K1-10X.jpeg,PS0,"[0.0, 1.0, 0.0, 0.0, 0.0, 0.0, 0.0, 0.0, 0.0, 0.0]"
06.02_2013,8,6.02,2013,2013-12-25,C:\Users\ASUS\Desktop\Ders\blg521\data\06.02\2013\K1\1X\06_02-2013_12_25-10_06-K1-1X.jpeg,C:\Users\ASUS\Desktop\Ders\blg521\data\06.02\2013\K1\10X\06_02-2013_12_25-10_06-K1-10X.jpeg,PS0,"[0.0, 1.0, 0.0, 0.0, 0.0, 0.0, 0.0, 0.0, 0.0, 0.0]"
06.02_2013,8,6.02,2013,2013-12-26,C:\Users\ASUS\Desktop\Ders\blg521\data\06.02\2013\K1\1X\06_02-2013_12_26-09_47-K1-1X.jpeg,C:\Users\ASUS\Desktop\Ders\blg521\data\06.02\2013\K1\10X\06_02-2013_12_26-09_46-K1-10X.jpeg,PS0,"[0.0, 1.0, 0.0, 0.0, 0.0, 0.0, 0.0, 0.0, 0.0, 0.0]"
06.02_2013,8,6.02,2013,2013-12-27,C:\Users\ASUS\Desktop\Ders\blg521\data\06.02\2013\K1\1X\06_02-2013_12_27-10_14-K1-1X.jpeg,C:\Users\ASUS\Desktop\Ders\blg521\data\06.02\2013\K1\10X\06_02-2013_12_27-10_14-K1-10X.jpeg,PS0,"[0.0, 1.0, 0.0, 0.0, 0.0, 0.0, 0.0, 0.0, 0.0, 0.0]"
06.02_2013,8,6.02,2013,2013-12-28,C:\Users\ASUS\Desktop\Ders\blg521\data\06.02\2013\K1\1X\06_02-2013_12_28-10_15-K1-1X.jpeg,C:\Users\ASUS\Desktop\Ders\blg521\data\06.02\2013\K1\10X\06_02-2013_12_28-10_14-K1-10X.jpeg,PS0,"[0.0, 1.0, 0.0, 0.0, 0.0, 0.0, 0.0, 0.0, 0.0, 0.0]"
06.02_2013,8,6.02,2013,2013-12-30,C:\Users\ASUS\Desktop\Ders\blg521\data\06.02\2013\K1\1X\06_02-2013_12_30-10_09-K1-1X.jpeg,C:\Users\ASUS\Desktop\Ders\blg521\data\06.02\2013\K1\10X\06_02-2013_12_30-10_08-K1-10X.jpeg,PS0,"[0.0, 1.0, 0.0, 0.0, 0.0, 0.0, 0.0, 0.0, 0.0, 0.0]"
06.02_2013,8,6.02,2013,2013-12-31,C:\Users\ASUS\Desktop\Ders\blg521\data\06.02\2013\K1\1X\06_02-2013_12_31-10_13-K1-1X.jpeg,C:\Users\ASUS\Desktop\Ders\blg521\data\06.02\2013\K1\10X\06_02-2013_12_31-10_12-K1-10X.jpeg,PS0,"[0.0, 1.0, 0.0, 0.0, 0.0, 0.0, 0.0, 0.0, 0.0, 0.0]"
06.02_2016,9,6.02,2016,2016-06-25,C:\Users\ASUS\Desktop\Ders\blg521\data\06.02\2016\K1\1X\06_02-2016_06_25-10_00-K1-1X.jpeg,C:\Users\ASUS\Desktop\Ders\blg521\data\06.02\2016\K1\10X\06_02-2016_06_25-10_00-K1-10X.jpeg,Dormancy,"[1.0, 0.0, 0.0, 0.0, 0.0, 0.0, 0.0, 0.0, 0.0, 0.0]"
06.02_2016,9,6.02,2016,2016-06-27,C:\Users\ASUS\Desktop\Ders\blg521\data\06.02\2016\K1\1X\06_02-2016_06_27-10_00-K1-1X.jpeg,C:\Users\ASUS\Desktop\Ders\blg521\data\06.02\2016\K1\10X\06_02-2016_06_27-10_00-K1-10X.jpeg,Dormancy,"[1.0, 0.0, 0.0, 0.0, 0.0, 0.0, 0.0, 0.0, 0.0, 0.0]"
06.02_2016,9,6.02,2016,2016-06-28,C:\Users\ASUS\Desktop\Ders\blg521\data\06.02\2016\K1\1X\06_02-2016_06_28-10_14-K1-1X.jpeg,C:\Users\ASUS\Desktop\Ders\blg521\data\06.02\2016\K1\10X\06_02-2016_06_28-10_13-K1-10X.jpeg,Dormancy,"[1.0, 0.0, 0.0, 0.0, 0.0, 0.0, 0.0, 0.0, 0.0, 0.0]"
06.02_2016,9,6.02,2016,2016-06-30,C:\Users\ASUS\Desktop\Ders\blg521\data\06.02\2016\K1\1X\06_02-2016_06_30-10_00-K1-1X.jpeg,C:\Users\ASUS\Desktop\Ders\blg521\data\06.02\2016\K1\10X\06_02-2016_06_30-10_00-K1-10X.jpeg,Dormancy,"[1.0, 0.0, 0.0, 0.0, 0.0, 0.0, 0.0, 0.0, 0.0, 0.0]"
06.02_2016,9,6.02,2016,2016-07-01,C:\Users\ASUS\Desktop\Ders\blg521\data\06.02\2016\K1\1X\06_02-2016_07_01-11_19-K1-1X.jpeg,C:\Users\ASUS\Desktop\Ders\blg521\data\06.02\2016\K1\10X\06_02-2016_07_01-11_18-K1-10X.jpeg,Dormancy,"[1.0, 0.0, 0.0, 0.0, 0.0, 0.0, 0.0, 0.0, 0.0, 0.0]"
06.02_2016,9,6.02,2016,2016-07-02,C:\Users\ASUS\Desktop\Ders\blg521\data\06.02\2016\K1\1X\06_02-2016_07_02-10_10-K1-1X.jpeg,C:\Users\ASUS\Desktop\Ders\blg521\data\06.02\2016\K1\10X\06_02-2016_07_02-10_09-K1-10X.jpeg,Dormancy,"[1.0, 0.0, 0.0, 0.0, 0.0, 0.0, 0.0, 0.0, 0.0, 0.0]"
06.02_2016,9,6.02,2016,2016-07-10,C:\Users\ASUS\Desktop\Ders\blg521\data\06.02\2016\K1\1X\06_02-2016_07_10-11_42-K1-1X.jpeg,C:\Users\ASUS\Desktop\Ders\blg521\data\06.02\2016\K1\10X\06_02-2016_07_10-11_41-K1-10X.jpeg,Dormancy,"[1.0, 0.0, 0.0, 0.0, 0.0, 0.0, 0.0, 0.0, 0.0, 0.0]"
06.02_2016,9,6.02,2016,2016-07-14,C:\Users\ASUS\Desktop\Ders\blg521\data\06.02\2016\K1\1X\06_02-2016_07_14-10_00-K1-1X.jpeg,C:\Users\ASUS\Desktop\Ders\blg521\data\06.02\2016\K1\10X\06_02-2016_07_14-10_00-K1-10X.jpeg,Dormancy,"[1.0, 0.0, 0.0, 0.0, 0.0, 0.0, 0.0, 0.0, 0.0, 0.0]"
06.02_2016,9,6.02,2016,2016-07-15,C:\Users\ASUS\Desktop\Ders\blg521\data\06.02\2016\K1\1X\06_02-2016_07_15-10_07-K1-1X.jpeg,C:\Users\ASUS\Desktop\Ders\blg521\data\06.02\2016\K1\10X\06_02-2016_07_15-10_07-K1-10X.jpeg,Dormancy,"[1.0, 0.0, 0.0, 0.0, 0.0, 0.0, 0.0, 0.0, 0.0, 0.0]"
06.02_2016,9,6.02,2016,2016-07-16,C:\Users\ASUS\Desktop\Ders\blg521\data\06.02\2016\K1\1X\06_02-2016_07_16-10_19-K1-1X.jpeg,C:\Users\ASUS\Desktop\Ders\blg521\data\06.02\2016\K1\10X\06_02-2016_07_16-10_18-K1-10X.jpeg,Dormancy,"[1.0, 0.0, 0.0, 0.0, 0.0, 0.0, 0.0, 0.0, 0.0, 0.0]"
06.02_2016,9,6.02,2016,2016-07-19,C:\Users\ASUS\Desktop\Ders\blg521\data\06.02\2016\K1\1X\06_02-2016_07_19-09_30-K1-1X.jpeg,C:\Users\ASUS\Desktop\Ders\blg521\data\06.02\2016\K1\10X\06_02-2016_07_19-09_30-K1-10X.jpeg,Dormancy,"[1.0, 0.0, 0.0, 0.0, 0.0, 0.0, 0.0, 0.0, 0.0, 0.0]"
06.02_2016,9,6.02,2016,2016-07-20,C:\Users\ASUS\Desktop\Ders\blg521\data\06.02\2016\K1\1X\06_02-2016_07_20-10_00-K1-1X.jpeg,C:\Users\ASUS\Desktop\Ders\blg521\data\06.02\2016\K1\10X\06_02-2016_07_20-10_00-K1-10X.jpeg,Dormancy,"[1.0, 0.0, 0.0, 0.0, 0.0, 0.0, 0.0, 0.0, 0.0, 0.0]"
06.02_2016,9,6.02,2016,2016-07-21,C:\Users\ASUS\Desktop\Ders\blg521\data\06.02\2016\K1\1X\06_02-2016_07_21-10_00-K1-1X.jpeg,C:\Users\ASUS\Desktop\Ders\blg521\data\06.02\2016\K1\10X\06_02-2016_07_21-10_00-K1-10X.jpeg,Dormancy,"[1.0, 0.0, 0.0, 0.0, 0.0, 0.0, 0.0, 0.0, 0.0, 0.0]"
06.02_2016,9,6.02,2016,2016-07-22,C:\Users\ASUS\Desktop\Ders\blg521\data\06.02\2016\K1\1X\06_02-2016_07_22-10_00-K1-1X.jpeg,C:\Users\ASUS\Desktop\Ders\blg521\data\06.02\2016\K1\10X\06_02-2016_07_22-10_00-K1-10X.jpeg,Dormancy,"[1.0, 0.0, 0.0, 0.0, 0.0, 0.0, 0.0, 0.0, 0.0, 0.0]"
06.02_2016,9,6.02,2016,2016-07-23,C:\Users\ASUS\Desktop\Ders\blg521\data\06.02\2016\K1\1X\06_02-2016_07_23-10_00-K1-1X.jpeg,C:\Users\ASUS\Desktop\Ders\blg521\data\06.02\2016\K1\10X\06_02-2016_07_23-10_00-K1-10X.jpeg,Dormancy,"[1.0, 0.0, 0.0, 0.0, 0.0, 0.0, 0.0, 0.0, 0.0, 0.0]"
06.02_2016,9,6.02,2016,2016-07-24,C:\Users\ASUS\Desktop\Ders\blg521\data\06.02\2016\K1\1X\06_02-2016_07_24-09_30-K1-1X.jpeg,C:\Users\ASUS\Desktop\Ders\blg521\data\06.02\2016\K1\10X\06_02-2016_07_24-09_30-K1-10X.jpeg,Dormancy,"[1.0, 0.0, 0.0, 0.0, 0.0, 0.0, 0.0, 0.0, 0.0, 0.0]"
06.02_2016,9,6.02,2016,2016-07-25,C:\Users\ASUS\Desktop\Ders\blg521\data\06.02\2016\K1\1X\06_02-2016_07_25-10_00-K1-1X.jpeg,C:\Users\ASUS\Desktop\Ders\blg521\data\06.02\2016\K1\10X\06_02-2016_07_25-10_00-K1-10X.jpeg,Dormancy,"[1.0, 0.0, 0.0, 0.0, 0.0, 0.0, 0.0, 0.0, 0.0, 0.0]"
06.02_2016,9,6.02,2016,2016-07-26,C:\Users\ASUS\Desktop\Ders\blg521\data\06.02\2016\K1\1X\06_02-2016_07_26-09_30-K1-1X.jpeg,C:\Users\ASUS\Desktop\Ders\blg521\data\06.02\2016\K1\10X\06_02-2016_07_26-09_30-K1-10X.jpeg,Dormancy,"[1.0, 0.0, 0.0, 0.0, 0.0, 0.0, 0.0, 0.0, 0.0, 0.0]"
06.02_2016,9,6.02,2016,2016-07-27,C:\Users\ASUS\Desktop\Ders\blg521\data\06.02\2016\K1\1X\06_02-2016_07_27-10_00-K1-1X.jpeg,C:\Users\ASUS\Desktop\Ders\blg521\data\06.02\2016\K1\10X\06_02-2016_07_27-10_00-K1-10X.jpeg,Dormancy,"[1.0, 0.0, 0.0, 0.0, 0.0, 0.0, 0.0, 0.0, 0.0, 0.0]"
06.02_2016,9,6.02,2016,2016-07-28,C:\Users\ASUS\Desktop\Ders\blg521\data\06.02\2016\K1\1X\06_02-2016_07_28-10_00-K1-1X.jpeg,C:\Users\ASUS\Desktop\Ders\blg521\data\06.02\2016\K1\10X\06_02-2016_07_28-10_00-K1-10X.jpeg,Dormancy,"[1.0, 0.0, 0.0, 0.0, 0.0, 0.0, 0.0, 0.0, 0.0, 0.0]"
06.02_2016,9,6.02,2016,2016-07-29,C:\Users\ASUS\Desktop\Ders\blg521\data\06.02\2016\K1\1X\06_02-2016_07_29-10_00-K1-1X.jpeg,C:\Users\ASUS\Desktop\Ders\blg521\data\06.02\2016\K1\10X\06_02-2016_07_29-10_00-K1-10X.jpeg,Dormancy,"[1.0, 0.0, 0.0, 0.0, 0.0, 0.0, 0.0, 0.0, 0.0, 0.0]"
06.02_2016,9,6.02,2016,2016-07-30,C:\Users\ASUS\Desktop\Ders\blg521\data\06.02\2016\K1\1X\06_02-2016_07_30-10_00-K1-1X.jpeg,C:\Users\ASUS\Desktop\Ders\blg521\data\06.02\2016\K1\10X\06_02-2016_07_30-10_00-K1-10X.jpeg,Dormancy,"[1.0, 0.0, 0.0, 0.0, 0.0, 0.0, 0.0, 0.0, 0.0, 0.0]"
06.02_2016,9,6.02,2016,2016-08-01,C:\Users\ASUS\Desktop\Ders\blg521\data\06.02\2016\K1\1X\06_02-2016_08_01-09_30-K1-1X.jpeg,C:\Users\ASUS\Desktop\Ders\blg521\data\06.02\2016\K1\10X\06_02-2016_08_01-09_30-K1-10X.jpeg,Dormancy,"[1.0, 0.0, 0.0, 0.0, 0.0, 0.0, 0.0, 0.0, 0.0, 0.0]"
06.02_2016,9,6.02,2016,2016-08-03,C:\Users\ASUS\Desktop\Ders\blg521\data\06.02\2016\K1\1X\06_02-2016_08_03-11_34-K1-1X.jpeg,C:\Users\ASUS\Desktop\Ders\blg521\data\06.02\2016\K1\10X\06_02-2016_08_03-11_33-K1-10X.jpeg,Dormancy,"[1.0, 0.0, 0.0, 0.0, 0.0, 0.0, 0.0, 0.0, 0.0, 0.0]"
06.02_2016,9,6.02,2016,2016-08-04,C:\Users\ASUS\Desktop\Ders\blg521\data\06.02\2016\K1\1X\06_02-2016_08_04-10_00-K1-1X.jpeg,C:\Users\ASUS\Desktop\Ders\blg521\data\06.02\2016\K1\10X\06_02-2016_08_04-10_00-K1-10X.jpeg,Dormancy,"[1.0, 0.0, 0.0, 0.0, 0.0, 0.0, 0.0, 0.0, 0.0, 0.0]"
06.02_2016,9,6.02,2016,2016-08-05,C:\Users\ASUS\Desktop\Ders\blg521\data\06.02\2016\K1\1X\06_02-2016_08_05-10_00-K1-1X.jpeg,C:\Users\ASUS\Desktop\Ders\blg521\data\06.02\2016\K1\10X\06_02-2016_08_05-10_00-K1-10X.jpeg,Dormancy,"[1.0, 0.0, 0.0, 0.0, 0.0, 0.0, 0.0, 0.0, 0.0, 0.0]"
06.02_2016,9,6.02,2016,2016-08-06,C:\Users\ASUS\Desktop\Ders\blg521\data\06.02\2016\K1\1X\06_02-2016_08_06-10_00-K1-1X.jpeg,C:\Users\ASUS\Desktop\Ders\blg521\data\06.02\2016\K1\10X\06_02-2016_08_06-10_00-K1-10X.jpeg,Dormancy,"[1.0, 0.0, 0.0, 0.0, 0.0, 0.0, 0.0, 0.0, 0.0, 0.0]"
06.02_2016,9,6.02,2016,2016-08-08,C:\Users\ASUS\Desktop\Ders\blg521\data\06.02\2016\K1\1X\06_02-2016_08_08-09_30-K1-1X.jpeg,C:\Users\ASUS\Desktop\Ders\blg521\data\06.02\2016\K1\10X\06_02-2016_08_08-09_30-K1-10X.jpeg,Dormancy,"[1.0, 0.0, 0.0, 0.0, 0.0, 0.0, 0.0, 0.0, 0.0, 0.0]"
06.02_2016,9,6.02,2016,2016-08-10,C:\Users\ASUS\Desktop\Ders\blg521\data\06.02\2016\K1\1X\06_02-2016_08_10-10_29-K1-1X.jpeg,C:\Users\ASUS\Desktop\Ders\blg521\data\06.02\2016\K1\10X\06_02-2016_08_10-10_28-K1-10X.jpeg,Dormancy,"[1.0, 0.0, 0.0, 0.0, 0.0, 0.0, 0.0, 0.0, 0.0, 0.0]"
06.02_2016,9,6.02,2016,2016-08-11,C:\Users\ASUS\Desktop\Ders\blg521\data\06.02\2016\K1\1X\06_02-2016_08_11-10_00-K1-1X.jpeg,C:\Users\ASUS\Desktop\Ders\blg521\data\06.02\2016\K1\10X\06_02-2016_08_11-10_00-K1-10X.jpeg,Dormancy,"[1.0, 0.0, 0.0, 0.0, 0.0, 0.0, 0.0, 0.0, 0.0, 0.0]"
06.02_2016,9,6.02,2016,2016-08-12,C:\Users\ASUS\Desktop\Ders\blg521\data\06.02\2016\K1\1X\06_02-2016_08_12-11_45-K1-1X.jpeg,C:\Users\ASUS\Desktop\Ders\blg521\data\06.02\2016\K1\10X\06_02-2016_08_12-11_44-K1-10X.jpeg,Dormancy,"[1.0, 0.0, 0.0, 0.0, 0.0, 0.0, 0.0, 0.0, 0.0, 0.0]"
06.02_2016,9,6.02,2016,2016-08-13,C:\Users\ASUS\Desktop\Ders\blg521\data\06.02\2016\K1\1X\06_02-2016_08_13-10_18-K1-1X.jpeg,C:\Users\ASUS\Desktop\Ders\blg521\data\06.02\2016\K1\10X\06_02-2016_08_13-10_17-K1-10X.jpeg,Dormancy,"[1.0, 0.0, 0.0, 0.0, 0.0, 0.0, 0.0, 0.0, 0.0, 0.0]"
06.02_2016,9,6.02,2016,2016-08-15,C:\Users\ASUS\Desktop\Ders\blg521\data\06.02\2016\K1\1X\06_02-2016_08_15-10_00-K1-1X.jpeg,C:\Users\ASUS\Desktop\Ders\blg521\data\06.02\2016\K1\10X\06_02-2016_08_15-10_00-K1-10X.jpeg,Dormancy,"[1.0, 0.0, 0.0, 0.0, 0.0, 0.0, 0.0, 0.0, 0.0, 0.0]"
06.02_2016,9,6.02,2016,2016-08-16,C:\Users\ASUS\Desktop\Ders\blg521\data\06.02\2016\K1\1X\06_02-2016_08_16-10_00-K1-1X.jpeg,C:\Users\ASUS\Desktop\Ders\blg521\data\06.02\2016\K1\10X\06_02-2016_08_16-10_00-K1-10X.jpeg,Dormancy,"[1.0, 0.0, 0.0, 0.0, 0.0, 0.0, 0.0, 0.0, 0.0, 0.0]"
06.02_2016,9,6.02,2016,2016-08-17,C:\Users\ASUS\Desktop\Ders\blg521\data\06.02\2016\K1\1X\06_02-2016_08_17-10_00-K1-1X.jpeg,C:\Users\ASUS\Desktop\Ders\blg521\data\06.02\2016\K1\10X\06_02-2016_08_17-10_00-K1-10X.jpeg,Dormancy,"[1.0, 0.0, 0.0, 0.0, 0.0, 0.0, 0.0, 0.0, 0.0, 0.0]"
06.02_2016,9,6.02,2016,2016-08-18,C:\Users\ASUS\Desktop\Ders\blg521\data\06.02\2016\K1\1X\06_02-2016_08_18-10_00-K1-1X.jpeg,C:\Users\ASUS\Desktop\Ders\blg521\data\06.02\2016\K1\10X\06_02-2016_08_18-10_00-K1-10X.jpeg,Dormancy,"[1.0, 0.0, 0.0, 0.0, 0.0, 0.0, 0.0, 0.0, 0.0, 0.0]"
06.02_2016,9,6.02,2016,2016-08-19,C:\Users\ASUS\Desktop\Ders\blg521\data\06.02\2016\K1\1X\06_02-2016_08_19-10_00-K1-1X.jpeg,C:\Users\ASUS\Desktop\Ders\blg521\data\06.02\2016\K1\10X\06_02-2016_08_19-10_00-K1-10X.jpeg,Dormancy,"[1.0, 0.0, 0.0, 0.0, 0.0, 0.0, 0.0, 0.0, 0.0, 0.0]"
06.02_2016,9,6.02,2016,2016-08-20,C:\Users\ASUS\Desktop\Ders\blg521\data\06.02\2016\K1\1X\06_02-2016_08_20-10_00-K1-1X.jpeg,C:\Users\ASUS\Desktop\Ders\blg521\data\06.02\2016\K1\10X\06_02-2016_08_20-10_00-K1-10X.jpeg,Dormancy,"[1.0, 0.0, 0.0, 0.0, 0.0, 0.0, 0.0, 0.0, 0.0, 0.0]"
06.02_2016,9,6.02,2016,2016-08-21,C:\Users\ASUS\Desktop\Ders\blg521\data\06.02\2016\K1\1X\06_02-2016_08_21-09_30-K1-1X.jpeg,C:\Users\ASUS\Desktop\Ders\blg521\data\06.02\2016\K1\10X\06_02-2016_08_21-09_30-K1-10X.jpeg,Dormancy,"[1.0, 0.0, 0.0, 0.0, 0.0, 0.0, 0.0, 0.0, 0.0, 0.0]"
06.02_2016,9,6.02,2016,2016-08-22,C:\Users\ASUS\Desktop\Ders\blg521\data\06.02\2016\K1\1X\06_02-2016_08_22-10_00-K1-1X.jpeg,C:\Users\ASUS\Desktop\Ders\blg521\data\06.02\2016\K1\10X\06_02-2016_08_22-10_00-K1-10X.jpeg,Dormancy,"[1.0, 0.0, 0.0, 0.0, 0.0, 0.0, 0.0, 0.0, 0.0, 0.0]"
06.02_2016,9,6.02,2016,2016-08-23,C:\Users\ASUS\Desktop\Ders\blg521\data\06.02\2016\K1\1X\06_02-2016_08_23-10_00-K1-1X.jpeg,C:\Users\ASUS\Desktop\Ders\blg521\data\06.02\2016\K1\10X\06_02-2016_08_23-10_00-K1-10X.jpeg,Dormancy,"[1.0, 0.0, 0.0, 0.0, 0.0, 0.0, 0.0, 0.0, 0.0, 0.0]"
06.02_2016,9,6.02,2016,2016-08-24,C:\Users\ASUS\Desktop\Ders\blg521\data\06.02\2016\K1\1X\06_02-2016_08_24-10_00-K1-1X.jpeg,C:\Users\ASUS\Desktop\Ders\blg521\data\06.02\2016\K1\10X\06_02-2016_08_24-10_00-K1-10X.jpeg,Dormancy,"[1.0, 0.0, 0.0, 0.0, 0.0, 0.0, 0.0, 0.0, 0.0, 0.0]"
06.02_2016,9,6.02,2016,2016-08-25,C:\Users\ASUS\Desktop\Ders\blg521\data\06.02\2016\K1\1X\06_02-2016_08_25-10_00-K1-1X.jpeg,C:\Users\ASUS\Desktop\Ders\blg521\data\06.02\2016\K1\10X\06_02-2016_08_25-10_00-K1-10X.jpeg,Dormancy,"[1.0, 0.0, 0.0, 0.0, 0.0, 0.0, 0.0, 0.0, 0.0, 0.0]"
06.02_2016,9,6.02,2016,2016-08-26,C:\Users\ASUS\Desktop\Ders\blg521\data\06.02\2016\K1\1X\06_02-2016_08_26-10_00-K1-1X.jpeg,C:\Users\ASUS\Desktop\Ders\blg521\data\06.02\2016\K1\10X\06_02-2016_08_26-10_00-K1-10X.jpeg,Dormancy,"[1.0, 0.0, 0.0, 0.0, 0.0, 0.0, 0.0, 0.0, 0.0, 0.0]"
06.02_2016,9,6.02,2016,2016-08-27,C:\Users\ASUS\Desktop\Ders\blg521\data\06.02\2016\K1\1X\06_02-2016_08_27-10_00-K1-1X.jpeg,C:\Users\ASUS\Desktop\Ders\blg521\data\06.02\2016\K1\10X\06_02-2016_08_27-10_00-K1-10X.jpeg,Dormancy,"[1.0, 0.0, 0.0, 0.0, 0.0, 0.0, 0.0, 0.0, 0.0, 0.0]"
06.02_2016,9,6.02,2016,2016-08-29,C:\Users\ASUS\Desktop\Ders\blg521\data\06.02\2016\K1\1X\06_02-2016_08_29-10_00-K1-1X.jpeg,C:\Users\ASUS\Desktop\Ders\blg521\data\06.02\2016\K1\10X\06_02-2016_08_29-10_00-K1-10X.jpeg,Dormancy,"[1.0, 0.0, 0.0, 0.0, 0.0, 0.0, 0.0, 0.0, 0.0, 0.0]"
06.02_2016,9,6.02,2016,2016-08-30,C:\Users\ASUS\Desktop\Ders\blg521\data\06.02\2016\K1\1X\06_02-2016_08_30-10_00-K1-1X.jpeg,C:\Users\ASUS\Desktop\Ders\blg521\data\06.02\2016\K1\10X\06_02-2016_08_30-10_00-K1-10X.jpeg,Dormancy,"[1.0, 0.0, 0.0, 0.0, 0.0, 0.0, 0.0, 0.0, 0.0, 0.0]"
06.02_2016,9,6.02,2016,2016-08-31,C:\Users\ASUS\Desktop\Ders\blg521\data\06.02\2016\K1\1X\06_02-2016_08_31-10_00-K1-1X.jpeg,C:\Users\ASUS\Desktop\Ders\blg521\data\06.02\2016\K1\10X\06_02-2016_08_31-10_00-K1-10X.jpeg,Dormancy,"[1.0, 0.0, 0.0, 0.0, 0.0, 0.0, 0.0, 0.0, 0.0, 0.0]"
06.02_2016,9,6.02,2016,2016-09-01,C:\Users\ASUS\Desktop\Ders\blg521\data\06.02\2016\K1\1X\06_02-2016_09_01-10_00-K1-1X.jpeg,C:\Users\ASUS\Desktop\Ders\blg521\data\06.02\2016\K1\10X\06_02-2016_09_01-10_00-K1-10X.jpeg,Dormancy,"[1.0, 0.0, 0.0, 0.0, 0.0, 0.0, 0.0, 0.0, 0.0, 0.0]"
06.02_2016,9,6.02,2016,2016-09-03,C:\Users\ASUS\Desktop\Ders\blg521\data\06.02\2016\K1\1X\06_02-2016_09_03-10_00-K1-1X.jpeg,C:\Users\ASUS\Desktop\Ders\blg521\data\06.02\2016\K1\10X\06_02-2016_09_03-10_00-K1-10X.jpeg,Dormancy,"[1.0, 0.0, 0.0, 0.0, 0.0, 0.0, 0.0, 0.0, 0.0, 0.0]"
06.02_2016,9,6.02,2016,2016-09-04,C:\Users\ASUS\Desktop\Ders\blg521\data\06.02\2016\K1\1X\06_02-2016_09_04-09_30-K1-1X.jpeg,C:\Users\ASUS\Desktop\Ders\blg521\data\06.02\2016\K1\10X\06_02-2016_09_04-09_30-K1-10X.jpeg,Dormancy,"[1.0, 0.0, 0.0, 0.0, 0.0, 0.0, 0.0, 0.0, 0.0, 0.0]"
06.02_2016,9,6.02,2016,2016-09-05,C:\Users\ASUS\Desktop\Ders\blg521\data\06.02\2016\K1\1X\06_02-2016_09_05-09_33-K1-1X.jpeg,C:\Users\ASUS\Desktop\Ders\blg521\data\06.02\2016\K1\10X\06_02-2016_09_05-09_32-K1-10X.jpeg,Dormancy,"[1.0, 0.0, 0.0, 0.0, 0.0, 0.0, 0.0, 0.0, 0.0, 0.0]"
06.02_2016,9,6.02,2016,2016-09-06,C:\Users\ASUS\Desktop\Ders\blg521\data\06.02\2016\K1\1X\06_02-2016_09_06-10_01-K1-1X.jpeg,C:\Users\ASUS\Desktop\Ders\blg521\data\06.02\2016\K1\10X\06_02-2016_09_06-10_00-K1-10X.jpeg,Dormancy,"[1.0, 0.0, 0.0, 0.0, 0.0, 0.0, 0.0, 0.0, 0.0, 0.0]"
06.02_2016,9,6.02,2016,2016-09-07,C:\Users\ASUS\Desktop\Ders\blg521\data\06.02\2016\K1\1X\06_02-2016_09_07-10_00-K1-1X.jpeg,C:\Users\ASUS\Desktop\Ders\blg521\data\06.02\2016\K1\10X\06_02-2016_09_07-10_00-K1-10X.jpeg,Dormancy,"[1.0, 0.0, 0.0, 0.0, 0.0, 0.0, 0.0, 0.0, 0.0, 0.0]"
06.02_2016,9,6.02,2016,2016-09-08,C:\Users\ASUS\Desktop\Ders\blg521\data\06.02\2016\K1\1X\06_02-2016_09_08-10_00-K1-1X.jpeg,C:\Users\ASUS\Desktop\Ders\blg521\data\06.02\2016\K1\10X\06_02-2016_09_08-10_00-K1-10X.jpeg,Dormancy,"[1.0, 0.0, 0.0, 0.0, 0.0, 0.0, 0.0, 0.0, 0.0, 0.0]"
06.02_2016,9,6.02,2016,2016-09-09,C:\Users\ASUS\Desktop\Ders\blg521\data\06.02\2016\K1\1X\06_02-2016_09_09-10_00-K1-1X.jpeg,C:\Users\ASUS\Desktop\Ders\blg521\data\06.02\2016\K1\10X\06_02-2016_09_09-10_00-K1-10X.jpeg,Dormancy,"[1.0, 0.0, 0.0, 0.0, 0.0, 0.0, 0.0, 0.0, 0.0, 0.0]"
06.02_2016,9,6.02,2016,2016-09-10,C:\Users\ASUS\Desktop\Ders\blg521\data\06.02\2016\K1\1X\06_02-2016_09_10-10_00-K1-1X.jpeg,C:\Users\ASUS\Desktop\Ders\blg521\data\06.02\2016\K1\10X\06_02-2016_09_10-10_00-K1-10X.jpeg,Dormancy,"[1.0, 0.0, 0.0, 0.0, 0.0, 0.0, 0.0, 0.0, 0.0, 0.0]"
06.02_2016,9,6.02,2016,2016-09-12,C:\Users\ASUS\Desktop\Ders\blg521\data\06.02\2016\K1\1X\06_02-2016_09_12-11_08-K1-1X.jpeg,C:\Users\ASUS\Desktop\Ders\blg521\data\06.02\2016\K1\10X\06_02-2016_09_12-11_07-K1-10X.jpeg,Dormancy,"[1.0, 0.0, 0.0, 0.0, 0.0, 0.0, 0.0, 0.0, 0.0, 0.0]"
06.02_2016,9,6.02,2016,2016-09-14,C:\Users\ASUS\Desktop\Ders\blg521\data\06.02\2016\K1\1X\06_02-2016_09_14-11_37-K1-1X.jpeg,C:\Users\ASUS\Desktop\Ders\blg521\data\06.02\2016\K1\10X\06_02-2016_09_14-11_36-K1-10X.jpeg,Dormancy,"[1.0, 0.0, 0.0, 0.0, 0.0, 0.0, 0.0, 0.0, 0.0, 0.0]"
06.02_2016,9,6.02,2016,2016-09-15,C:\Users\ASUS\Desktop\Ders\blg521\data\06.02\2016\K1\1X\06_02-2016_09_15-09_59-K1-1X.jpeg,C:\Users\ASUS\Desktop\Ders\blg521\data\06.02\2016\K1\10X\06_02-2016_09_15-10_00-K1-10X.jpeg,Dormancy,"[1.0, 0.0, 0.0, 0.0, 0.0, 0.0, 0.0, 0.0, 0.0, 0.0]"
06.02_2016,9,6.02,2016,2016-09-16,C:\Users\ASUS\Desktop\Ders\blg521\data\06.02\2016\K1\1X\06_02-2016_09_16-10_00-K1-1X.jpeg,C:\Users\ASUS\Desktop\Ders\blg521\data\06.02\2016\K1\10X\06_02-2016_09_16-10_00-K1-10X.jpeg,Dormancy,"[1.0, 0.0, 0.0, 0.0, 0.0, 0.0, 0.0, 0.0, 0.0, 0.0]"
06.02_2016,9,6.02,2016,2016-09-17,C:\Users\ASUS\Desktop\Ders\blg521\data\06.02\2016\K1\1X\06_02-2016_09_17-10_00-K1-1X.jpeg,C:\Users\ASUS\Desktop\Ders\blg521\data\06.02\2016\K1\10X\06_02-2016_09_17-10_00-K1-10X.jpeg,Dormancy,"[1.0, 0.0, 0.0, 0.0, 0.0, 0.0, 0.0, 0.0, 0.0, 0.0]"
06.02_2016,9,6.02,2016,2016-09-19,C:\Users\ASUS\Desktop\Ders\blg521\data\06.02\2016\K1\1X\06_02-2016_09_19-11_28-K1-1X.jpeg,C:\Users\ASUS\Desktop\Ders\blg521\data\06.02\2016\K1\10X\06_02-2016_09_19-11_27-K1-10X.jpeg,Dormancy,"[1.0, 0.0, 0.0, 0.0, 0.0, 0.0, 0.0, 0.0, 0.0, 0.0]"
06.02_2016,9,6.02,2016,2016-09-20,C:\Users\ASUS\Desktop\Ders\blg521\data\06.02\2016\K1\1X\06_02-2016_09_20-10_00-K1-1X.jpeg,C:\Users\ASUS\Desktop\Ders\blg521\data\06.02\2016\K1\10X\06_02-2016_09_20-10_00-K1-10X.jpeg,Dormancy,"[1.0, 0.0, 0.0, 0.0, 0.0, 0.0, 0.0, 0.0, 0.0, 0.0]"
06.02_2016,9,6.02,2016,2016-09-21,C:\Users\ASUS\Desktop\Ders\blg521\data\06.02\2016\K1\1X\06_02-2016_09_21-10_00-K1-1X.jpeg,C:\Users\ASUS\Desktop\Ders\blg521\data\06.02\2016\K1\10X\06_02-2016_09_21-10_00-K1-10X.jpeg,Dormancy,"[1.0, 0.0, 0.0, 0.0, 0.0, 0.0, 0.0, 0.0, 0.0, 0.0]"
06.02_2016,9,6.02,2016,2016-09-23,C:\Users\ASUS\Desktop\Ders\blg521\data\06.02\2016\K1\1X\06_02-2016_09_23-10_00-K1-1X.jpeg,C:\Users\ASUS\Desktop\Ders\blg521\data\06.02\2016\K1\10X\06_02-2016_09_23-10_00-K1-10X.jpeg,PS0,"[0.0, 1.0, 0.0, 0.0, 0.0, 0.0, 0.0, 0.0, 0.0, 0.0]"
06.02_2016,9,6.02,2016,2016-09-24,C:\Users\ASUS\Desktop\Ders\blg521\data\06.02\2016\K1\1X\06_02-2016_09_24-10_00-K1-1X.jpeg,C:\Users\ASUS\Desktop\Ders\blg521\data\06.02\2016\K1\10X\06_02-2016_09_24-10_00-K1-10X.jpeg,PS0,"[0.0, 1.0, 0.0, 0.0, 0.0, 0.0, 0.0, 0.0, 0.0, 0.0]"
06.02_2016,9,6.02,2016,2016-09-26,C:\Users\ASUS\Desktop\Ders\blg521\data\06.02\2016\K1\1X\06_02-2016_09_26-10_00-K1-1X.jpeg,C:\Users\ASUS\Desktop\Ders\blg521\data\06.02\2016\K1\10X\06_02-2016_09_26-10_00-K1-10X.jpeg,PS0,"[0.0, 1.0, 0.0, 0.0, 0.0, 0.0, 0.0, 0.0, 0.0, 0.0]"
06.02_2016,9,6.02,2016,2016-09-27,C:\Users\ASUS\Desktop\Ders\blg521\data\06.02\2016\K1\1X\06_02-2016_09_27-10_00-K1-1X.jpeg,C:\Users\ASUS\Desktop\Ders\blg521\data\06.02\2016\K1\10X\06_02-2016_09_27-10_00-K1-10X.jpeg,PS0,"[0.0, 1.0, 0.0, 0.0, 0.0, 0.0, 0.0, 0.0, 0.0, 0.0]"
06.02_2016,9,6.02,2016,2016-09-28,C:\Users\ASUS\Desktop\Ders\blg521\data\06.02\2016\K1\1X\06_02-2016_09_28-10_17-K1-1X.jpeg,C:\Users\ASUS\Desktop\Ders\blg521\data\06.02\2016\K1\10X\06_02-2016_09_28-10_16-K1-10X.jpeg,PS0,"[0.0, 1.0, 0.0, 0.0, 0.0, 0.0, 0.0, 0.0, 0.0, 0.0]"
06.02_2016,9,6.02,2016,2016-09-29,C:\Users\ASUS\Desktop\Ders\blg521\data\06.02\2016\K1\1X\06_02-2016_09_29-10_00-K1-1X.jpeg,C:\Users\ASUS\Desktop\Ders\blg521\data\06.02\2016\K1\10X\06_02-2016_09_29-10_00-K1-10X.jpeg,PS0,"[0.0, 1.0, 0.0, 0.0, 0.0, 0.0, 0.0, 0.0, 0.0, 0.0]"
06.02_2016,9,6.02,2016,2016-09-30,C:\Users\ASUS\Desktop\Ders\blg521\data\06.02\2016\K1\1X\06_02-2016_09_30-10_00-K1-1X.jpeg,C:\Users\ASUS\Desktop\Ders\blg521\data\06.02\2016\K1\10X\06_02-2016_09_30-10_00-K1-10X.jpeg,PS0,"[0.0, 1.0, 0.0, 0.0, 0.0, 0.0, 0.0, 0.0, 0.0, 0.0]"
06.02_2016,9,6.02,2016,2016-10-01,C:\Users\ASUS\Desktop\Ders\blg521\data\06.02\2016\K1\1X\06_02-2016_10_01-10_00-K1-1X.jpeg,C:\Users\ASUS\Desktop\Ders\blg521\data\06.02\2016\K1\10X\06_02-2016_10_01-10_00-K1-10X.jpeg,PS0,"[0.0, 1.0, 0.0, 0.0, 0.0, 0.0, 0.0, 0.0, 0.0, 0.0]"
06.02_2016,9,6.02,2016,2016-10-02,C:\Users\ASUS\Desktop\Ders\blg521\data\06.02\2016\K1\1X\06_02-2016_10_02-10_00-K1-1X.jpeg,C:\Users\ASUS\Desktop\Ders\blg521\data\06.02\2016\K1\10X\06_02-2016_10_02-10_00-K1-10X.jpeg,PS0,"[0.0, 1.0, 0.0, 0.0, 0.0, 0.0, 0.0, 0.0, 0.0, 0.0]"
06.02_2016,9,6.02,2016,2016-10-03,C:\Users\ASUS\Desktop\Ders\blg521\data\06.02\2016\K1\1X\06_02-2016_10_03-10_00-K1-1X.jpeg,C:\Users\ASUS\Desktop\Ders\blg521\data\06.02\2016\K1\10X\06_02-2016_10_03-10_00-K1-10X.jpeg,PS0,"[0.0, 1.0, 0.0, 0.0, 0.0, 0.0, 0.0, 0.0, 0.0, 0.0]"
06.02_2016,9,6.02,2016,2016-10-04,C:\Users\ASUS\Desktop\Ders\blg521\data\06.02\2016\K1\1X\06_02-2016_10_04-10_00-K1-1X.jpeg,C:\Users\ASUS\Desktop\Ders\blg521\data\06.02\2016\K1\10X\06_02-2016_10_04-10_00-K1-10X.jpeg,PS0,"[0.0, 1.0, 0.0, 0.0, 0.0, 0.0, 0.0, 0.0, 0.0, 0.0]"
06.02_2016,9,6.02,2016,2016-10-05,C:\Users\ASUS\Desktop\Ders\blg521\data\06.02\2016\K1\1X\06_02-2016_10_05-10_00-K1-1X.jpeg,C:\Users\ASUS\Desktop\Ders\blg521\data\06.02\2016\K1\10X\06_02-2016_10_05-10_00-K1-10X.jpeg,PS0,"[0.0, 1.0, 0.0, 0.0, 0.0, 0.0, 0.0, 0.0, 0.0, 0.0]"
06.02_2016,9,6.02,2016,2016-10-06,C:\Users\ASUS\Desktop\Ders\blg521\data\06.02\2016\K1\1X\06_02-2016_10_06-10_00-K1-1X.jpeg,C:\Users\ASUS\Desktop\Ders\blg521\data\06.02\2016\K1\10X\06_02-2016_10_06-10_00-K1-10X.jpeg,PS0,"[0.0, 1.0, 0.0, 0.0, 0.0, 0.0, 0.0, 0.0, 0.0, 0.0]"
06.02_2016,9,6.02,2016,2016-10-07,C:\Users\ASUS\Desktop\Ders\blg521\data\06.02\2016\K1\1X\06_02-2016_10_07-10_00-K1-1X.jpeg,C:\Users\ASUS\Desktop\Ders\blg521\data\06.02\2016\K1\10X\06_02-2016_10_07-10_00-K1-10X.jpeg,PS0,"[0.0, 1.0, 0.0, 0.0, 0.0, 0.0, 0.0, 0.0, 0.0, 0.0]"
06.02_2016,9,6.02,2016,2016-10-08,C:\Users\ASUS\Desktop\Ders\blg521\data\06.02\2016\K1\1X\06_02-2016_10_08-10_00-K1-1X.jpeg,C:\Users\ASUS\Desktop\Ders\blg521\data\06.02\2016\K1\10X\06_02-2016_10_08-10_00-K1-10X.jpeg,PS0,"[0.0, 1.0, 0.0, 0.0, 0.0, 0.0, 0.0, 0.0, 0.0, 0.0]"
06.02_2016,9,6.02,2016,2016-10-09,C:\Users\ASUS\Desktop\Ders\blg521\data\06.02\2016\K1\1X\06_02-2016_10_09-10_00-K1-1X.jpeg,C:\Users\ASUS\Desktop\Ders\blg521\data\06.02\2016\K1\10X\06_02-2016_10_09-10_00-K1-10X.jpeg,PS0,"[0.0, 1.0, 0.0, 0.0, 0.0, 0.0, 0.0, 0.0, 0.0, 0.0]"
06.02_2016,9,6.02,2016,2016-10-10,C:\Users\ASUS\Desktop\Ders\blg521\data\06.02\2016\K1\1X\06_02-2016_10_10-10_00-K1-1X.jpeg,C:\Users\ASUS\Desktop\Ders\blg521\data\06.02\2016\K1\10X\06_02-2016_10_10-10_00-K1-10X.jpeg,PS0,"[0.0, 1.0, 0.0, 0.0, 0.0, 0.0, 0.0, 0.0, 0.0, 0.0]"
06.02_2016,9,6.02,2016,2016-10-11,C:\Users\ASUS\Desktop\Ders\blg521\data\06.02\2016\K1\1X\06_02-2016_10_11-10_00-K1-1X.jpeg,C:\Users\ASUS\Desktop\Ders\blg521\data\06.02\2016\K1\10X\06_02-2016_10_11-10_00-K1-10X.jpeg,PS0,"[0.0, 1.0, 0.0, 0.0, 0.0, 0.0, 0.0, 0.0, 0.0, 0.0]"
06.02_2016,9,6.02,2016,2016-10-12,C:\Users\ASUS\Desktop\Ders\blg521\data\06.02\2016\K1\1X\06_02-2016_10_12-10_00-K1-1X.jpeg,C:\Users\ASUS\Desktop\Ders\blg521\data\06.02\2016\K1\10X\06_02-2016_10_12-10_00-K1-10X.jpeg,PS0,"[0.0, 1.0, 0.0, 0.0, 0.0, 0.0, 0.0, 0.0, 0.0, 0.0]"
06.02_2016,9,6.02,2016,2016-10-13,C:\Users\ASUS\Desktop\Ders\blg521\data\06.02\2016\K1\1X\06_02-2016_10_13-10_00-K1-1X.jpeg,C:\Users\ASUS\Desktop\Ders\blg521\data\06.02\2016\K1\10X\06_02-2016_10_13-10_00-K1-10X.jpeg,PS0,"[0.0, 1.0, 0.0, 0.0, 0.0, 0.0, 0.0, 0.0, 0.0, 0.0]"
06.02_2016,9,6.02,2016,2016-10-14,C:\Users\ASUS\Desktop\Ders\blg521\data\06.02\2016\K1\1X\06_02-2016_10_14-10_00-K1-1X.jpeg,C:\Users\ASUS\Desktop\Ders\blg521\data\06.02\2016\K1\10X\06_02-2016_10_14-10_00-K1-10X.jpeg,PS0,"[0.0, 1.0, 0.0, 0.0, 0.0, 0.0, 0.0, 0.0, 0.0, 0.0]"
06.02_2016,9,6.02,2016,2016-10-15,C:\Users\ASUS\Desktop\Ders\blg521\data\06.02\2016\K1\1X\06_02-2016_10_15-10_00-K1-1X.jpeg,C:\Users\ASUS\Desktop\Ders\blg521\data\06.02\2016\K1\10X\06_02-2016_10_15-10_00-K1-10X.jpeg,PS0,"[0.0, 1.0, 0.0, 0.0, 0.0, 0.0, 0.0, 0.0, 0.0, 0.0]"
06.02_2016,9,6.02,2016,2016-10-16,C:\Users\ASUS\Desktop\Ders\blg521\data\06.02\2016\K1\1X\06_02-2016_10_16-10_00-K1-1X.jpeg,C:\Users\ASUS\Desktop\Ders\blg521\data\06.02\2016\K1\10X\06_02-2016_10_16-10_00-K1-10X.jpeg,PS0,"[0.0, 1.0, 0.0, 0.0, 0.0, 0.0, 0.0, 0.0, 0.0, 0.0]"
06.02_2016,9,6.02,2016,2016-10-17,C:\Users\ASUS\Desktop\Ders\blg521\data\06.02\2016\K1\1X\06_02-2016_10_17-10_00-K1-1X.jpeg,C:\Users\ASUS\Desktop\Ders\blg521\data\06.02\2016\K1\10X\06_02-2016_10_17-10_00-K1-10X.jpeg,PS0,"[0.0, 1.0, 0.0, 0.0, 0.0, 0.0, 0.0, 0.0, 0.0, 0.0]"
06.02_2016,9,6.02,2016,2016-10-18,C:\Users\ASUS\Desktop\Ders\blg521\data\06.02\2016\K1\1X\06_02-2016_10_18-10_00-K1-1X.jpeg,C:\Users\ASUS\Desktop\Ders\blg521\data\06.02\2016\K1\10X\06_02-2016_10_18-10_00-K1-10X.jpeg,PS0,"[0.0, 1.0, 0.0, 0.0, 0.0, 0.0, 0.0, 0.0, 0.0, 0.0]"
06.02_2016,9,6.02,2016,2016-10-19,C:\Users\ASUS\Desktop\Ders\blg521\data\06.02\2016\K1\1X\06_02-2016_10_19-10_00-K1-1X.jpeg,C:\Users\ASUS\Desktop\Ders\blg521\data\06.02\2016\K1\10X\06_02-2016_10_19-10_00-K1-10X.jpeg,PS0,"[0.0, 1.0, 0.0, 0.0, 0.0, 0.0, 0.0, 0.0, 0.0, 0.0]"
06.02_2016,9,6.02,2016,2016-10-20,C:\Users\ASUS\Desktop\Ders\blg521\data\06.02\2016\K1\1X\06_02-2016_10_20-10_30-K1-1X.jpeg,C:\Users\ASUS\Desktop\Ders\blg521\data\06.02\2016\K1\10X\06_02-2016_10_20-10_00-K1-10X.jpeg,PS0,"[0.0, 1.0, 0.0, 0.0, 0.0, 0.0, 0.0, 0.0, 0.0, 0.0]"
06.02_2016,9,6.02,2016,2016-10-21,C:\Users\ASUS\Desktop\Ders\blg521\data\06.02\2016\K1\1X\06_02-2016_10_21-10_00-K1-1X.jpeg,C:\Users\ASUS\Desktop\Ders\blg521\data\06.02\2016\K1\10X\06_02-2016_10_21-10_00-K1-10X.jpeg,PS0,"[0.0, 1.0, 0.0, 0.0, 0.0, 0.0, 0.0, 0.0, 0.0, 0.0]"
06.02_2016,9,6.02,2016,2016-10-23,C:\Users\ASUS\Desktop\Ders\blg521\data\06.02\2016\K1\1X\06_02-2016_10_23-10_28-K1-1X.jpeg,C:\Users\ASUS\Desktop\Ders\blg521\data\06.02\2016\K1\10X\06_02-2016_10_23-10_27-K1-10X.jpeg,PS0,"[0.0, 1.0, 0.0, 0.0, 0.0, 0.0, 0.0, 0.0, 0.0, 0.0]"
06.02_2016,9,6.02,2016,2016-10-24,C:\Users\ASUS\Desktop\Ders\blg521\data\06.02\2016\K1\1X\06_02-2016_10_24-10_00-K1-1X.jpeg,C:\Users\ASUS\Desktop\Ders\blg521\data\06.02\2016\K1\10X\06_02-2016_10_24-10_00-K1-10X.jpeg,PS0,"[0.0, 1.0, 0.0, 0.0, 0.0, 0.0, 0.0, 0.0, 0.0, 0.0]"
06.02_2016,9,6.02,2016,2016-10-27,C:\Users\ASUS\Desktop\Ders\blg521\data\06.02\2016\K1\1X\06_02-2016_10_27-10_00-K1-1X.jpeg,C:\Users\ASUS\Desktop\Ders\blg521\data\06.02\2016\K1\10X\06_02-2016_10_27-10_00-K1-10X.jpeg,PS0,"[0.0, 1.0, 0.0, 0.0, 0.0, 0.0, 0.0, 0.0, 0.0, 0.0]"
06.02_2016,9,6.02,2016,2016-10-28,C:\Users\ASUS\Desktop\Ders\blg521\data\06.02\2016\K1\1X\06_02-2016_10_28-10_00-K1-1X.jpeg,C:\Users\ASUS\Desktop\Ders\blg521\data\06.02\2016\K1\10X\06_02-2016_10_28-10_00-K1-10X.jpeg,PS0,"[0.0, 1.0, 0.0, 0.0, 0.0, 0.0, 0.0, 0.0, 0.0, 0.0]"
06.02_2016,9,6.02,2016,2016-10-31,C:\Users\ASUS\Desktop\Ders\blg521\data\06.02\2016\K1\1X\06_02-2016_10_31-10_00-K1-1X.jpeg,C:\Users\ASUS\Desktop\Ders\blg521\data\06.02\2016\K1\10X\06_02-2016_10_31-10_00-K1-10X.jpeg,PS0,"[0.0, 1.0, 0.0, 0.0, 0.0, 0.0, 0.0, 0.0, 0.0, 0.0]"
06.02_2016,9,6.02,2016,2016-11-01,C:\Users\ASUS\Desktop\Ders\blg521\data\06.02\2016\K1\1X\06_02-2016_11_01-10_00-K1-1X.jpeg,C:\Users\ASUS\Desktop\Ders\blg521\data\06.02\2016\K1\10X\06_02-2016_11_01-10_00-K1-10X.jpeg,PS0,"[0.0, 1.0, 0.0, 0.0, 0.0, 0.0, 0.0, 0.0, 0.0, 0.0]"
06.02_2016,9,6.02,2016,2016-11-02,C:\Users\ASUS\Desktop\Ders\blg521\data\06.02\2016\K1\1X\06_02-2016_11_02-10_00-K1-1X.jpeg,C:\Users\ASUS\Desktop\Ders\blg521\data\06.02\2016\K1\10X\06_02-2016_11_02-10_00-K1-10X.jpeg,PS0,"[0.0, 1.0, 0.0, 0.0, 0.0, 0.0, 0.0, 0.0, 0.0, 0.0]"
06.02_2016,9,6.02,2016,2016-11-03,C:\Users\ASUS\Desktop\Ders\blg521\data\06.02\2016\K1\1X\06_02-2016_11_03-10_00-K1-1X.jpeg,C:\Users\ASUS\Desktop\Ders\blg521\data\06.02\2016\K1\10X\06_02-2016_11_03-10_00-K1-10X.jpeg,PS0,"[0.0, 1.0, 0.0, 0.0, 0.0, 0.0, 0.0, 0.0, 0.0, 0.0]"
06.02_2016,9,6.02,2016,2016-11-04,C:\Users\ASUS\Desktop\Ders\blg521\data\06.02\2016\K1\1X\06_02-2016_11_04-10_00-K1-1X.jpeg,C:\Users\ASUS\Desktop\Ders\blg521\data\06.02\2016\K1\10X\06_02-2016_11_04-10_00-K1-10X.jpeg,PS0,"[0.0, 1.0, 0.0, 0.0, 0.0, 0.0, 0.0, 0.0, 0.0, 0.0]"
06.02_2016,9,6.02,2016,2016-11-05,C:\Users\ASUS\Desktop\Ders\blg521\data\06.02\2016\K1\1X\06_02-2016_11_05-10_00-K1-1X.jpeg,C:\Users\ASUS\Desktop\Ders\blg521\data\06.02\2016\K1\10X\06_02-2016_11_05-10_00-K1-10X.jpeg,PS0,"[0.0, 1.0, 0.0, 0.0, 0.0, 0.0, 0.0, 0.0, 0.0, 0.0]"
06.02_2016,9,6.02,2016,2016-11-06,C:\Users\ASUS\Desktop\Ders\blg521\data\06.02\2016\K1\1X\06_02-2016_11_06-10_00-K1-1X.jpeg,C:\Users\ASUS\Desktop\Ders\blg521\data\06.02\2016\K1\10X\06_02-2016_11_06-10_00-K1-10X.jpeg,PS0,"[0.0, 1.0, 0.0, 0.0, 0.0, 0.0, 0.0, 0.0, 0.0, 0.0]"
06.02_2016,9,6.02,2016,2016-11-07,C:\Users\ASUS\Desktop\Ders\blg521\data\06.02\2016\K1\1X\06_02-2016_11_07-09_30-K1-1X.jpeg,C:\Users\ASUS\Desktop\Ders\blg521\data\06.02\2016\K1\10X\06_02-2016_11_07-09_30-K1-10X.jpeg,PS0,"[0.0, 1.0, 0.0, 0.0, 0.0, 0.0, 0.0, 0.0, 0.0, 0.0]"
06.02_2016,9,6.02,2016,2016-11-08,C:\Users\ASUS\Desktop\Ders\blg521\data\06.02\2016\K1\1X\06_02-2016_11_08-10_00-K1-1X.jpeg,C:\Users\ASUS\Desktop\Ders\blg521\data\06.02\2016\K1\10X\06_02-2016_11_08-10_00-K1-10X.jpeg,PS0,"[0.0, 1.0, 0.0, 0.0, 0.0, 0.0, 0.0, 0.0, 0.0, 0.0]"
06.02_2016,9,6.02,2016,2016-11-09,C:\Users\ASUS\Desktop\Ders\blg521\data\06.02\2016\K1\1X\06_02-2016_11_09-10_00-K1-1X.jpeg,C:\Users\ASUS\Desktop\Ders\blg521\data\06.02\2016\K1\10X\06_02-2016_11_09-10_00-K1-10X.jpeg,PS0,"[0.0, 1.0, 0.0, 0.0, 0.0, 0.0, 0.0, 0.0, 0.0, 0.0]"
06.02_2016,9,6.02,2016,2016-11-10,C:\Users\ASUS\Desktop\Ders\blg521\data\06.02\2016\K1\1X\06_02-2016_11_10-10_20-K1-1X.jpeg,C:\Users\ASUS\Desktop\Ders\blg521\data\06.02\2016\K1\10X\06_02-2016_11_10-10_19-K1-10X.jpeg,PS0,"[0.0, 1.0, 0.0, 0.0, 0.0, 0.0, 0.0, 0.0, 0.0, 0.0]"
06.02_2016,9,6.02,2016,2016-11-11,C:\Users\ASUS\Desktop\Ders\blg521\data\06.02\2016\K1\1X\06_02-2016_11_11-10_00-K1-1X.jpeg,C:\Users\ASUS\Desktop\Ders\blg521\data\06.02\2016\K1\10X\06_02-2016_11_11-10_00-K1-10X.jpeg,PS0,"[0.0, 1.0, 0.0, 0.0, 0.0, 0.0, 0.0, 0.0, 0.0, 0.0]"
06.02_2016,9,6.02,2016,2016-11-12,C:\Users\ASUS\Desktop\Ders\blg521\data\06.02\2016\K1\1X\06_02-2016_11_12-09_30-K1-1X.jpeg,C:\Users\ASUS\Desktop\Ders\blg521\data\06.02\2016\K1\10X\06_02-2016_11_12-09_30-K1-10X.jpeg,PS0,"[0.0, 1.0, 0.0, 0.0, 0.0, 0.0, 0.0, 0.0, 0.0, 0.0]"
06.02_2016,9,6.02,2016,2016-11-14,C:\Users\ASUS\Desktop\Ders\blg521\data\06.02\2016\K1\1X\06_02-2016_11_14-10_05-K1-1X.jpeg,C:\Users\ASUS\Desktop\Ders\blg521\data\06.02\2016\K1\10X\06_02-2016_11_14-10_04-K1-10X.jpeg,PS0,"[0.0, 1.0, 0.0, 0.0, 0.0, 0.0, 0.0, 0.0, 0.0, 0.0]"
06.02_2016,9,6.02,2016,2016-11-15,C:\Users\ASUS\Desktop\Ders\blg521\data\06.02\2016\K1\1X\06_02-2016_11_15-09_30-K1-1X.jpeg,C:\Users\ASUS\Desktop\Ders\blg521\data\06.02\2016\K1\10X\06_02-2016_11_15-09_30-K1-10X.jpeg,PS0,"[0.0, 1.0, 0.0, 0.0, 0.0, 0.0, 0.0, 0.0, 0.0, 0.0]"
06.02_2016,9,6.02,2016,2016-11-16,C:\Users\ASUS\Desktop\Ders\blg521\data\06.02\2016\K1\1X\06_02-2016_11_16-11_03-K1-1X.jpeg,C:\Users\ASUS\Desktop\Ders\blg521\data\06.02\2016\K1\10X\06_02-2016_11_16-11_02-K1-10X.jpeg,PS0,"[0.0, 1.0, 0.0, 0.0, 0.0, 0.0, 0.0, 0.0, 0.0, 0.0]"
06.02_2016,9,6.02,2016,2016-11-17,C:\Users\ASUS\Desktop\Ders\blg521\data\06.02\2016\K1\1X\06_02-2016_11_17-10_00-K1-1X.jpeg,C:\Users\ASUS\Desktop\Ders\blg521\data\06.02\2016\K1\10X\06_02-2016_11_17-10_00-K1-10X.jpeg,PS0,"[0.0, 1.0, 0.0, 0.0, 0.0, 0.0, 0.0, 0.0, 0.0, 0.0]"
06.02_2016,9,6.02,2016,2016-11-18,C:\Users\ASUS\Desktop\Ders\blg521\data\06.02\2016\K1\1X\06_02-2016_11_18-09_30-K1-1X.jpeg,C:\Users\ASUS\Desktop\Ders\blg521\data\06.02\2016\K1\10X\06_02-2016_11_18-09_30-K1-10X.jpeg,PS0,"[0.0, 1.0, 0.0, 0.0, 0.0, 0.0, 0.0, 0.0, 0.0, 0.0]"
06.02_2016,9,6.02,2016,2016-11-19,C:\Users\ASUS\Desktop\Ders\blg521\data\06.02\2016\K1\1X\06_02-2016_11_19-09_30-K1-1X.jpeg,C:\Users\ASUS\Desktop\Ders\blg521\data\06.02\2016\K1\10X\06_02-2016_11_19-09_30-K1-10X.jpeg,PS0,"[0.0, 1.0, 0.0, 0.0, 0.0, 0.0, 0.0, 0.0, 0.0, 0.0]"
06.02_2016,9,6.02,2016,2016-11-21,C:\Users\ASUS\Desktop\Ders\blg521\data\06.02\2016\K1\1X\06_02-2016_11_21-10_00-K1-1X.jpeg,C:\Users\ASUS\Desktop\Ders\blg521\data\06.02\2016\K1\10X\06_02-2016_11_21-10_00-K1-10X.jpeg,PS0,"[0.0, 1.0, 0.0, 0.0, 0.0, 0.0, 0.0, 0.0, 0.0, 0.0]"
06.02_2016,9,6.02,2016,2016-11-22,C:\Users\ASUS\Desktop\Ders\blg521\data\06.02\2016\K1\1X\06_02-2016_11_22-10_00-K1-1X.jpeg,C:\Users\ASUS\Desktop\Ders\blg521\data\06.02\2016\K1\10X\06_02-2016_11_22-10_00-K1-10X.jpeg,PS0,"[0.0, 1.0, 0.0, 0.0, 0.0, 0.0, 0.0, 0.0, 0.0, 0.0]"
06.02_2016,9,6.02,2016,2016-11-23,C:\Users\ASUS\Desktop\Ders\blg521\data\06.02\2016\K1\1X\06_02-2016_11_23-10_00-K1-1X.jpeg,C:\Users\ASUS\Desktop\Ders\blg521\data\06.02\2016\K1\10X\06_02-2016_11_23-10_00-K1-10X.jpeg,PS0,"[0.0, 1.0, 0.0, 0.0, 0.0, 0.0, 0.0, 0.0, 0.0, 0.0]"
06.02_2016,9,6.02,2016,2016-11-24,C:\Users\ASUS\Desktop\Ders\blg521\data\06.02\2016\K1\1X\06_02-2016_11_24-10_00-K1-1X.jpeg,C:\Users\ASUS\Desktop\Ders\blg521\data\06.02\2016\K1\10X\06_02-2016_11_24-10_00-K1-10X.jpeg,PS0,"[0.0, 1.0, 0.0, 0.0, 0.0, 0.0, 0.0, 0.0, 0.0, 0.0]"
06.02_2016,9,6.02,2016,2016-11-25,C:\Users\ASUS\Desktop\Ders\blg521\data\06.02\2016\K1\1X\06_02-2016_11_25-10_00-K1-1X.jpeg,C:\Users\ASUS\Desktop\Ders\blg521\data\06.02\2016\K1\10X\06_02-2016_11_25-10_00-K1-10X.jpeg,PS0,"[0.0, 1.0, 0.0, 0.0, 0.0, 0.0, 0.0, 0.0, 0.0, 0.0]"
06.02_2016,9,6.02,2016,2016-11-26,C:\Users\ASUS\Desktop\Ders\blg521\data\06.02\2016\K1\1X\06_02-2016_11_26-10_16-K1-1X.jpeg,C:\Users\ASUS\Desktop\Ders\blg521\data\06.02\2016\K1\10X\06_02-2016_11_26-10_15-K1-10X.jpeg,PS0,"[0.0, 1.0, 0.0, 0.0, 0.0, 0.0, 0.0, 0.0, 0.0, 0.0]"
06.02_2016,9,6.02,2016,2016-12-07,C:\Users\ASUS\Desktop\Ders\blg521\data\06.02\2016\K1\1X\06_02-2016_12_07-11_58-K1-1X.jpeg,C:\Users\ASUS\Desktop\Ders\blg521\data\06.02\2016\K1\10X\06_02-2016_12_07-11_57-K1-10X.jpeg,PS0,"[0.0, 1.0, 0.0, 0.0, 0.0, 0.0, 0.0, 0.0, 0.0, 0.0]"
06.02_2016,9,6.02,2016,2016-12-11,C:\Users\ASUS\Desktop\Ders\blg521\data\06.02\2016\K1\1X\06_02-2016_12_11-11_59-K1-1X.jpeg,C:\Users\ASUS\Desktop\Ders\blg521\data\06.02\2016\K1\10X\06_02-2016_12_11-11_58-K1-10X.jpeg,PS0,"[0.0, 1.0, 0.0, 0.0, 0.0, 0.0, 0.0, 0.0, 0.0, 0.0]"
06.02_2016,9,6.02,2016,2016-12-13,C:\Users\ASUS\Desktop\Ders\blg521\data\06.02\2016\K1\1X\06_02-2016_12_13-10_00-K1-1X.jpeg,C:\Users\ASUS\Desktop\Ders\blg521\data\06.02\2016\K1\10X\06_02-2016_12_13-10_00-K1-10X.jpeg,PS0,"[0.0, 1.0, 0.0, 0.0, 0.0, 0.0, 0.0, 0.0, 0.0, 0.0]"
06.02_2016,9,6.02,2016,2016-12-17,C:\Users\ASUS\Desktop\Ders\blg521\data\06.02\2016\K1\1X\06_02-2016_12_17-10_00-K1-1X.jpeg,C:\Users\ASUS\Desktop\Ders\blg521\data\06.02\2016\K1\10X\06_02-2016_12_17-10_00-K1-10X.jpeg,PS0,"[0.0, 1.0, 0.0, 0.0, 0.0, 0.0, 0.0, 0.0, 0.0, 0.0]"
06.02_2016,9,6.02,2016,2016-12-19,C:\Users\ASUS\Desktop\Ders\blg521\data\06.02\2016\K1\1X\06_02-2016_12_19-09_30-K1-1X.jpeg,C:\Users\ASUS\Desktop\Ders\blg521\data\06.02\2016\K1\10X\06_02-2016_12_19-09_30-K1-10X.jpeg,PS0,"[0.0, 1.0, 0.0, 0.0, 0.0, 0.0, 0.0, 0.0, 0.0, 0.0]"
06.02_2016,9,6.02,2016,2016-12-23,C:\Users\ASUS\Desktop\Ders\blg521\data\06.02\2016\K1\1X\06_02-2016_12_23-11_02-K1-1X.jpeg,C:\Users\ASUS\Desktop\Ders\blg521\data\06.02\2016\K1\10X\06_02-2016_12_23-11_01-K1-10X.jpeg,PS0,"[0.0, 1.0, 0.0, 0.0, 0.0, 0.0, 0.0, 0.0, 0.0, 0.0]"
06.02_2016,9,6.02,2016,2016-12-26,C:\Users\ASUS\Desktop\Ders\blg521\data\06.02\2016\K1\1X\06_02-2016_12_26-10_01-K1-1X.jpeg,C:\Users\ASUS\Desktop\Ders\blg521\data\06.02\2016\K1\10X\06_02-2016_12_26-10_00-K1-10X.jpeg,PS0,"[0.0, 1.0, 0.0, 0.0, 0.0, 0.0, 0.0, 0.0, 0.0, 0.0]"
11.03_2016,10,11.03,2016,2016-08-29,C:\Users\ASUS\Desktop\Ders\blg521\data\11.03\2016\K1\1X\11_03-2016_08_29-10_00-K1-1X.jpeg,C:\Users\ASUS\Desktop\Ders\blg521\data\11.03\2016\K1\10X\11_03-2016_08_29-10_00-K1-10X.jpeg,Dormancy,"[1.0, 0.0, 0.0, 0.0, 0.0, 0.0, 0.0, 0.0, 0.0, 0.0]"
11.03_2016,10,11.03,2016,2016-08-30,C:\Users\ASUS\Desktop\Ders\blg521\data\11.03\2016\K1\1X\11_03-2016_08_30-10_00-K1-1X.jpeg,C:\Users\ASUS\Desktop\Ders\blg521\data\11.03\2016\K1\10X\11_03-2016_08_30-10_00-K1-10X.jpeg,Dormancy,"[1.0, 0.0, 0.0, 0.0, 0.0, 0.0, 0.0, 0.0, 0.0, 0.0]"
11.03_2016,10,11.03,2016,2016-08-31,C:\Users\ASUS\Desktop\Ders\blg521\data\11.03\2016\K1\1X\11_03-2016_08_31-10_00-K1-1X.jpeg,C:\Users\ASUS\Desktop\Ders\blg521\data\11.03\2016\K1\10X\11_03-2016_08_31-10_00-K1-10X.jpeg,Dormancy,"[1.0, 0.0, 0.0, 0.0, 0.0, 0.0, 0.0, 0.0, 0.0, 0.0]"
11.03_2016,10,11.03,2016,2016-09-01,C:\Users\ASUS\Desktop\Ders\blg521\data\11.03\2016\K1\1X\11_03-2016_09_01-10_00-K1-1X.jpeg,C:\Users\ASUS\Desktop\Ders\blg521\data\11.03\2016\K1\10X\11_03-2016_09_01-10_00-K1-10X.jpeg,Dormancy,"[1.0, 0.0, 0.0, 0.0, 0.0, 0.0, 0.0, 0.0, 0.0, 0.0]"
11.03_2016,10,11.03,2016,2016-09-02,C:\Users\ASUS\Desktop\Ders\blg521\data\11.03\2016\K1\1X\11_03-2016_09_02-10_00-K1-1X.jpeg,C:\Users\ASUS\Desktop\Ders\blg521\data\11.03\2016\K1\10X\11_03-2016_09_02-10_00-K1-10X.jpeg,Dormancy,"[1.0, 0.0, 0.0, 0.0, 0.0, 0.0, 0.0, 0.0, 0.0, 0.0]"
11.03_2016,10,11.03,2016,2016-09-03,C:\Users\ASUS\Desktop\Ders\blg521\data\11.03\2016\K1\1X\11_03-2016_09_03-10_00-K1-1X.jpeg,C:\Users\ASUS\Desktop\Ders\blg521\data\11.03\2016\K1\10X\11_03-2016_09_03-10_00-K1-10X.jpeg,Dormancy,"[1.0, 0.0, 0.0, 0.0, 0.0, 0.0, 0.0, 0.0, 0.0, 0.0]"
11.03_2016,10,11.03,2016,2016-09-04,C:\Users\ASUS\Desktop\Ders\blg521\data\11.03\2016\K1\1X\11_03-2016_09_04-10_00-K1-1X.jpeg,C:\Users\ASUS\Desktop\Ders\blg521\data\11.03\2016\K1\10X\11_03-2016_09_04-10_00-K1-10X.jpeg,Dormancy,"[1.0, 0.0, 0.0, 0.0, 0.0, 0.0, 0.0, 0.0, 0.0, 0.0]"
11.03_2016,10,11.03,2016,2016-09-05,C:\Users\ASUS\Desktop\Ders\blg521\data\11.03\2016\K1\1X\11_03-2016_09_05-10_00-K1-1X.jpeg,C:\Users\ASUS\Desktop\Ders\blg521\data\11.03\2016\K1\10X\11_03-2016_09_05-10_00-K1-10X.jpeg,Dormancy,"[1.0, 0.0, 0.0, 0.0, 0.0, 0.0, 0.0, 0.0, 0.0, 0.0]"
11.03_2016,10,11.03,2016,2016-09-06,C:\Users\ASUS\Desktop\Ders\blg521\data\11.03\2016\K1\1X\11_03-2016_09_06-10_00-K1-1X.jpeg,C:\Users\ASUS\Desktop\Ders\blg521\data\11.03\2016\K1\10X\11_03-2016_09_06-10_00-K1-10X.jpeg,Dormancy,"[1.0, 0.0, 0.0, 0.0, 0.0, 0.0, 0.0, 0.0, 0.0, 0.0]"
11.03_2016,10,11.03,2016,2016-09-07,C:\Users\ASUS\Desktop\Ders\blg521\data\11.03\2016\K1\1X\11_03-2016_09_07-10_00-K1-1X.jpeg,C:\Users\ASUS\Desktop\Ders\blg521\data\11.03\2016\K1\10X\11_03-2016_09_07-10_00-K1-10X.jpeg,Dormancy,"[1.0, 0.0, 0.0, 0.0, 0.0, 0.0, 0.0, 0.0, 0.0, 0.0]"
11.03_2016,10,11.03,2016,2016-09-08,C:\Users\ASUS\Desktop\Ders\blg521\data\11.03\2016\K1\1X\11_03-2016_09_08-10_00-K1-1X.jpeg,C:\Users\ASUS\Desktop\Ders\blg521\data\11.03\2016\K1\10X\11_03-2016_09_08-10_00-K1-10X.jpeg,Dormancy,"[1.0, 0.0, 0.0, 0.0, 0.0, 0.0, 0.0, 0.0, 0.0, 0.0]"
11.03_2016,10,11.03,2016,2016-09-09,C:\Users\ASUS\Desktop\Ders\blg521\data\11.03\2016\K1\1X\11_03-2016_09_09-10_00-K1-1X.jpeg,C:\Users\ASUS\Desktop\Ders\blg521\data\11.03\2016\K1\10X\11_03-2016_09_09-10_00-K1-10X.jpeg,Dormancy,"[1.0, 0.0, 0.0, 0.0, 0.0, 0.0, 0.0, 0.0, 0.0, 0.0]"
11.03_2016,10,11.03,2016,2016-09-10,C:\Users\ASUS\Desktop\Ders\blg521\data\11.03\2016\K1\1X\11_03-2016_09_10-10_00-K1-1X.jpeg,C:\Users\ASUS\Desktop\Ders\blg521\data\11.03\2016\K1\10X\11_03-2016_09_10-10_00-K1-10X.jpeg,Dormancy,"[1.0, 0.0, 0.0, 0.0, 0.0, 0.0, 0.0, 0.0, 0.0, 0.0]"
11.03_2016,10,11.03,2016,2016-09-11,C:\Users\ASUS\Desktop\Ders\blg521\data\11.03\2016\K1\1X\11_03-2016_09_11-10_00-K1-1X.jpeg,C:\Users\ASUS\Desktop\Ders\blg521\data\11.03\2016\K1\10X\11_03-2016_09_11-10_00-K1-10X.jpeg,Dormancy,"[1.0, 0.0, 0.0, 0.0, 0.0, 0.0, 0.0, 0.0, 0.0, 0.0]"
11.03_2016,10,11.03,2016,2016-09-12,C:\Users\ASUS\Desktop\Ders\blg521\data\11.03\2016\K1\1X\11_03-2016_09_12-10_00-K1-1X.jpeg,C:\Users\ASUS\Desktop\Ders\blg521\data\11.03\2016\K1\10X\11_03-2016_09_12-10_00-K1-10X.jpeg,Dormancy,"[1.0, 0.0, 0.0, 0.0, 0.0, 0.0, 0.0, 0.0, 0.0, 0.0]"
11.03_2016,10,11.03,2016,2016-09-13,C:\Users\ASUS\Desktop\Ders\blg521\data\11.03\2016\K1\1X\11_03-2016_09_13-10_00-K1-1X.jpeg,C:\Users\ASUS\Desktop\Ders\blg521\data\11.03\2016\K1\10X\11_03-2016_09_13-10_00-K1-10X.jpeg,Dormancy,"[1.0, 0.0, 0.0, 0.0, 0.0, 0.0, 0.0, 0.0, 0.0, 0.0]"
11.03_2016,10,11.03,2016,2016-09-14,C:\Users\ASUS\Desktop\Ders\blg521\data\11.03\2016\K1\1X\11_03-2016_09_14-10_00-K1-1X.jpeg,C:\Users\ASUS\Desktop\Ders\blg521\data\11.03\2016\K1\10X\11_03-2016_09_14-10_00-K1-10X.jpeg,Dormancy,"[1.0, 0.0, 0.0, 0.0, 0.0, 0.0, 0.0, 0.0, 0.0, 0.0]"
11.03_2016,10,11.03,2016,2016-09-15,C:\Users\ASUS\Desktop\Ders\blg521\data\11.03\2016\K1\1X\11_03-2016_09_15-10_00-K1-1X.jpeg,C:\Users\ASUS\Desktop\Ders\blg521\data\11.03\2016\K1\10X\11_03-2016_09_15-10_00-K1-10X.jpeg,Dormancy,"[1.0, 0.0, 0.0, 0.0, 0.0, 0.0, 0.0, 0.0, 0.0, 0.0]"
11.03_2016,10,11.03,2016,2016-09-16,C:\Users\ASUS\Desktop\Ders\blg521\data\11.03\2016\K1\1X\11_03-2016_09_16-10_00-K1-1X.jpeg,C:\Users\ASUS\Desktop\Ders\blg521\data\11.03\2016\K1\10X\11_03-2016_09_16-10_00-K1-10X.jpeg,Dormancy,"[1.0, 0.0, 0.0, 0.0, 0.0, 0.0, 0.0, 0.0, 0.0, 0.0]"
11.03_2016,10,11.03,2016,2016-09-17,C:\Users\ASUS\Desktop\Ders\blg521\data\11.03\2016\K1\1X\11_03-2016_09_17-10_00-K1-1X.jpeg,C:\Users\ASUS\Desktop\Ders\blg521\data\11.03\2016\K1\10X\11_03-2016_09_17-10_00-K1-10X.jpeg,Dormancy,"[1.0, 0.0, 0.0, 0.0, 0.0, 0.0, 0.0, 0.0, 0.0, 0.0]"
11.03_2016,10,11.03,2016,2016-09-18,C:\Users\ASUS\Desktop\Ders\blg521\data\11.03\2016\K1\1X\11_03-2016_09_18-10_00-K1-1X.jpeg,C:\Users\ASUS\Desktop\Ders\blg521\data\11.03\2016\K1\10X\11_03-2016_09_18-10_00-K1-10X.jpeg,Dormancy,"[1.0, 0.0, 0.0, 0.0, 0.0, 0.0, 0.0, 0.0, 0.0, 0.0]"
11.03_2016,10,11.03,2016,2016-09-19,C:\Users\ASUS\Desktop\Ders\blg521\data\11.03\2016\K1\1X\11_03-2016_09_19-10_00-K1-1X.jpeg,C:\Users\ASUS\Desktop\Ders\blg521\data\11.03\2016\K1\10X\11_03-2016_09_19-10_00-K1-10X.jpeg,Dormancy,"[1.0, 0.0, 0.0, 0.0, 0.0, 0.0, 0.0, 0.0, 0.0, 0.0]"
11.03_2016,10,11.03,2016,2016-09-20,C:\Users\ASUS\Desktop\Ders\blg521\data\11.03\2016\K1\1X\11_03-2016_09_20-10_00-K1-1X.jpeg,C:\Users\ASUS\Desktop\Ders\blg521\data\11.03\2016\K1\10X\11_03-2016_09_20-10_00-K1-10X.jpeg,Dormancy,"[1.0, 0.0, 0.0, 0.0, 0.0, 0.0, 0.0, 0.0, 0.0, 0.0]"
11.03_2016,10,11.03,2016,2016-09-21,C:\Users\ASUS\Desktop\Ders\blg521\data\11.03\2016\K1\1X\11_03-2016_09_21-10_00-K1-1X.jpeg,C:\Users\ASUS\Desktop\Ders\blg521\data\11.03\2016\K1\10X\11_03-2016_09_21-10_00-K1-10X.jpeg,Dormancy,"[1.0, 0.0, 0.0, 0.0, 0.0, 0.0, 0.0, 0.0, 0.0, 0.0]"
11.03_2016,10,11.03,2016,2016-09-22,C:\Users\ASUS\Desktop\Ders\blg521\data\11.03\2016\K1\1X\11_03-2016_09_22-10_00-K1-1X.jpeg,C:\Users\ASUS\Desktop\Ders\blg521\data\11.03\2016\K1\10X\11_03-2016_09_22-10_00-K1-10X.jpeg,Dormancy,"[1.0, 0.0, 0.0, 0.0, 0.0, 0.0, 0.0, 0.0, 0.0, 0.0]"
11.03_2016,10,11.03,2016,2016-09-23,C:\Users\ASUS\Desktop\Ders\blg521\data\11.03\2016\K1\1X\11_03-2016_09_23-10_00-K1-1X.jpeg,C:\Users\ASUS\Desktop\Ders\blg521\data\11.03\2016\K1\10X\11_03-2016_09_23-10_00-K1-10X.jpeg,Dormancy,"[1.0, 0.0, 0.0, 0.0, 0.0, 0.0, 0.0, 0.0, 0.0, 0.0]"
11.03_2016,10,11.03,2016,2016-09-24,C:\Users\ASUS\Desktop\Ders\blg521\data\11.03\2016\K1\1X\11_03-2016_09_24-10_00-K1-1X.jpeg,C:\Users\ASUS\Desktop\Ders\blg521\data\11.03\2016\K1\10X\11_03-2016_09_24-10_00-K1-10X.jpeg,Dormancy,"[1.0, 0.0, 0.0, 0.0, 0.0, 0.0, 0.0, 0.0, 0.0, 0.0]"
11.03_2016,10,11.03,2016,2016-09-25,C:\Users\ASUS\Desktop\Ders\blg521\data\11.03\2016\K1\1X\11_03-2016_09_25-10_00-K1-1X.jpeg,C:\Users\ASUS\Desktop\Ders\blg521\data\11.03\2016\K1\10X\11_03-2016_09_25-10_00-K1-10X.jpeg,Dormancy,"[1.0, 0.0, 0.0, 0.0, 0.0, 0.0, 0.0, 0.0, 0.0, 0.0]"
11.03_2016,10,11.03,2016,2016-09-26,C:\Users\ASUS\Desktop\Ders\blg521\data\11.03\2016\K1\1X\11_03-2016_09_26-10_00-K1-1X.jpeg,C:\Users\ASUS\Desktop\Ders\blg521\data\11.03\2016\K1\10X\11_03-2016_09_26-10_00-K1-10X.jpeg,Dormancy,"[1.0, 0.0, 0.0, 0.0, 0.0, 0.0, 0.0, 0.0, 0.0, 0.0]"
11.03_2016,10,11.03,2016,2016-09-27,C:\Users\ASUS\Desktop\Ders\blg521\data\11.03\2016\K1\1X\11_03-2016_09_27-10_00-K1-1X.jpeg,C:\Users\ASUS\Desktop\Ders\blg521\data\11.03\2016\K1\10X\11_03-2016_09_27-10_00-K1-10X.jpeg,Dormancy,"[1.0, 0.0, 0.0, 0.0, 0.0, 0.0, 0.0, 0.0, 0.0, 0.0]"
11.03_2016,10,11.03,2016,2016-09-28,C:\Users\ASUS\Desktop\Ders\blg521\data\11.03\2016\K1\1X\11_03-2016_09_28-10_00-K1-1X.jpeg,C:\Users\ASUS\Desktop\Ders\blg521\data\11.03\2016\K1\10X\11_03-2016_09_28-10_00-K1-10X.jpeg,Dormancy,"[1.0, 0.0, 0.0, 0.0, 0.0, 0.0, 0.0, 0.0, 0.0, 0.0]"
11.03_2016,10,11.03,2016,2016-09-29,C:\Users\ASUS\Desktop\Ders\blg521\data\11.03\2016\K1\1X\11_03-2016_09_29-10_00-K1-1X.jpeg,C:\Users\ASUS\Desktop\Ders\blg521\data\11.03\2016\K1\10X\11_03-2016_09_29-10_00-K1-10X.jpeg,Dormancy,"[1.0, 0.0, 0.0, 0.0, 0.0, 0.0, 0.0, 0.0, 0.0, 0.0]"
11.03_2016,10,11.03,2016,2016-09-30,C:\Users\ASUS\Desktop\Ders\blg521\data\11.03\2016\K1\1X\11_03-2016_09_30-10_00-K1-1X.jpeg,C:\Users\ASUS\Desktop\Ders\blg521\data\11.03\2016\K1\10X\11_03-2016_09_30-10_00-K1-10X.jpeg,Dormancy,"[1.0, 0.0, 0.0, 0.0, 0.0, 0.0, 0.0, 0.0, 0.0, 0.0]"
11.03_2016,10,11.03,2016,2016-10-01,C:\Users\ASUS\Desktop\Ders\blg521\data\11.03\2016\K1\1X\11_03-2016_10_01-10_00-K1-1X.jpeg,C:\Users\ASUS\Desktop\Ders\blg521\data\11.03\2016\K1\10X\11_03-2016_10_01-10_00-K1-10X.jpeg,Dormancy,"[1.0, 0.0, 0.0, 0.0, 0.0, 0.0, 0.0, 0.0, 0.0, 0.0]"
11.03_2016,10,11.03,2016,2016-10-02,C:\Users\ASUS\Desktop\Ders\blg521\data\11.03\2016\K1\1X\11_03-2016_10_02-10_00-K1-1X.jpeg,C:\Users\ASUS\Desktop\Ders\blg521\data\11.03\2016\K1\10X\11_03-2016_10_02-10_00-K1-10X.jpeg,Dormancy,"[1.0, 0.0, 0.0, 0.0, 0.0, 0.0, 0.0, 0.0, 0.0, 0.0]"
11.03_2016,10,11.03,2016,2016-10-03,C:\Users\ASUS\Desktop\Ders\blg521\data\11.03\2016\K1\1X\11_03-2016_10_03-10_00-K1-1X.jpeg,C:\Users\ASUS\Desktop\Ders\blg521\data\11.03\2016\K1\10X\11_03-2016_10_03-10_00-K1-10X.jpeg,Dormancy,"[1.0, 0.0, 0.0, 0.0, 0.0, 0.0, 0.0, 0.0, 0.0, 0.0]"
11.03_2016,10,11.03,2016,2016-10-04,C:\Users\ASUS\Desktop\Ders\blg521\data\11.03\2016\K1\1X\11_03-2016_10_04-10_00-K1-1X.jpeg,C:\Users\ASUS\Desktop\Ders\blg521\data\11.03\2016\K1\10X\11_03-2016_10_04-10_00-K1-10X.jpeg,Dormancy,"[1.0, 0.0, 0.0, 0.0, 0.0, 0.0, 0.0, 0.0, 0.0, 0.0]"
11.03_2016,10,11.03,2016,2016-10-05,C:\Users\ASUS\Desktop\Ders\blg521\data\11.03\2016\K1\1X\11_03-2016_10_05-10_00-K1-1X.jpeg,C:\Users\ASUS\Desktop\Ders\blg521\data\11.03\2016\K1\10X\11_03-2016_10_05-10_00-K1-10X.jpeg,Dormancy,"[1.0, 0.0, 0.0, 0.0, 0.0, 0.0, 0.0, 0.0, 0.0, 0.0]"
11.03_2016,10,11.03,2016,2016-10-06,C:\Users\ASUS\Desktop\Ders\blg521\data\11.03\2016\K1\1X\11_03-2016_10_06-10_00-K1-1X.jpeg,C:\Users\ASUS\Desktop\Ders\blg521\data\11.03\2016\K1\10X\11_03-2016_10_06-10_00-K1-10X.jpeg,Dormancy,"[1.0, 0.0, 0.0, 0.0, 0.0, 0.0, 0.0, 0.0, 0.0, 0.0]"
11.03_2016,10,11.03,2016,2016-10-07,C:\Users\ASUS\Desktop\Ders\blg521\data\11.03\2016\K1\1X\11_03-2016_10_07-10_00-K1-1X.jpeg,C:\Users\ASUS\Desktop\Ders\blg521\data\11.03\2016\K1\10X\11_03-2016_10_07-10_00-K1-10X.jpeg,Dormancy,"[1.0, 0.0, 0.0, 0.0, 0.0, 0.0, 0.0, 0.0, 0.0, 0.0]"
11.03_2016,10,11.03,2016,2016-10-08,C:\Users\ASUS\Desktop\Ders\blg521\data\11.03\2016\K1\1X\11_03-2016_10_08-10_00-K1-1X.jpeg,C:\Users\ASUS\Desktop\Ders\blg521\data\11.03\2016\K1\10X\11_03-2016_10_08-10_00-K1-10X.jpeg,Dormancy,"[1.0, 0.0, 0.0, 0.0, 0.0, 0.0, 0.0, 0.0, 0.0, 0.0]"
11.03_2016,10,11.03,2016,2016-10-09,C:\Users\ASUS\Desktop\Ders\blg521\data\11.03\2016\K1\1X\11_03-2016_10_09-10_00-K1-1X.jpeg,C:\Users\ASUS\Desktop\Ders\blg521\data\11.03\2016\K1\10X\11_03-2016_10_09-10_00-K1-10X.jpeg,Dormancy,"[1.0, 0.0, 0.0, 0.0, 0.0, 0.0, 0.0, 0.0, 0.0, 0.0]"
11.03_2016,10,11.03,2016,2016-10-10,C:\Users\ASUS\Desktop\Ders\blg521\data\11.03\2016\K1\1X\11_03-2016_10_10-10_30-K1-1X.jpeg,C:\Users\ASUS\Desktop\Ders\blg521\data\11.03\2016\K1\10X\11_03-2016_10_10-10_30-K1-10X.jpeg,Dormancy,"[1.0, 0.0, 0.0, 0.0, 0.0, 0.0, 0.0, 0.0, 0.0, 0.0]"
11.03_2016,10,11.03,2016,2016-10-11,C:\Users\ASUS\Desktop\Ders\blg521\data\11.03\2016\K1\1X\11_03-2016_10_11-10_30-K1-1X.jpeg,C:\Users\ASUS\Desktop\Ders\blg521\data\11.03\2016\K1\10X\11_03-2016_10_11-10_30-K1-10X.jpeg,Dormancy,"[1.0, 0.0, 0.0, 0.0, 0.0, 0.0, 0.0, 0.0, 0.0, 0.0]"
11.03_2016,10,11.03,2016,2016-10-12,C:\Users\ASUS\Desktop\Ders\blg521\data\11.03\2016\K1\1X\11_03-2016_10_12-11_00-K1-1X.jpeg,C:\Users\ASUS\Desktop\Ders\blg521\data\11.03\2016\K1\10X\11_03-2016_10_12-11_00-K1-10X.jpeg,Dormancy,"[1.0, 0.0, 0.0, 0.0, 0.0, 0.0, 0.0, 0.0, 0.0, 0.0]"
11.03_2016,10,11.03,2016,2016-10-13,C:\Users\ASUS\Desktop\Ders\blg521\data\11.03\2016\K1\1X\11_03-2016_10_13-10_00-K1-1X.jpeg,C:\Users\ASUS\Desktop\Ders\blg521\data\11.03\2016\K1\10X\11_03-2016_10_13-10_30-K1-10X.jpeg,Dormancy,"[1.0, 0.0, 0.0, 0.0, 0.0, 0.0, 0.0, 0.0, 0.0, 0.0]"
11.03_2016,10,11.03,2016,2016-10-14,C:\Users\ASUS\Desktop\Ders\blg521\data\11.03\2016\K1\1X\11_03-2016_10_14-10_00-K1-1X.jpeg,C:\Users\ASUS\Desktop\Ders\blg521\data\11.03\2016\K1\10X\11_03-2016_10_14-10_00-K1-10X.jpeg,Dormancy,"[1.0, 0.0, 0.0, 0.0, 0.0, 0.0, 0.0, 0.0, 0.0, 0.0]"
11.03_2016,10,11.03,2016,2016-10-15,C:\Users\ASUS\Desktop\Ders\blg521\data\11.03\2016\K1\1X\11_03-2016_10_15-10_00-K1-1X.jpeg,C:\Users\ASUS\Desktop\Ders\blg521\data\11.03\2016\K1\10X\11_03-2016_10_15-10_00-K1-10X.jpeg,Dormancy,"[1.0, 0.0, 0.0, 0.0, 0.0, 0.0, 0.0, 0.0, 0.0, 0.0]"
11.03_2016,10,11.03,2016,2016-10-16,C:\Users\ASUS\Desktop\Ders\blg521\data\11.03\2016\K1\1X\11_03-2016_10_16-10_00-K1-1X.jpeg,C:\Users\ASUS\Desktop\Ders\blg521\data\11.03\2016\K1\10X\11_03-2016_10_16-10_00-K1-10X.jpeg,Dormancy,"[1.0, 0.0, 0.0, 0.0, 0.0, 0.0, 0.0, 0.0, 0.0, 0.0]"
11.03_2016,10,11.03,2016,2016-10-17,C:\Users\ASUS\Desktop\Ders\blg521\data\11.03\2016\K1\1X\11_03-2016_10_17-10_00-K1-1X.jpeg,C:\Users\ASUS\Desktop\Ders\blg521\data\11.03\2016\K1\10X\11_03-2016_10_17-10_00-K1-10X.jpeg,Dormancy,"[1.0, 0.0, 0.0, 0.0, 0.0, 0.0, 0.0, 0.0, 0.0, 0.0]"
11.03_2016,10,11.03,2016,2016-10-18,C:\Users\ASUS\Desktop\Ders\blg521\data\11.03\2016\K1\1X\11_03-2016_10_18-10_00-K1-1X.jpeg,C:\Users\ASUS\Desktop\Ders\blg521\data\11.03\2016\K1\10X\11_03-2016_10_18-10_00-K1-10X.jpeg,Dormancy,"[1.0, 0.0, 0.0, 0.0, 0.0, 0.0, 0.0, 0.0, 0.0, 0.0]"
11.03_2016,10,11.03,2016,2016-10-19,C:\Users\ASUS\Desktop\Ders\blg521\data\11.03\2016\K1\1X\11_03-2016_10_19-10_00-K1-1X.jpeg,C:\Users\ASUS\Desktop\Ders\blg521\data\11.03\2016\K1\10X\11_03-2016_10_19-10_00-K1-10X.jpeg,Dormancy,"[1.0, 0.0, 0.0, 0.0, 0.0, 0.0, 0.0, 0.0, 0.0, 0.0]"
11.03_2016,10,11.03,2016,2016-10-20,C:\Users\ASUS\Desktop\Ders\blg521\data\11.03\2016\K1\1X\11_03-2016_10_20-10_00-K1-1X.jpeg,C:\Users\ASUS\Desktop\Ders\blg521\data\11.03\2016\K1\10X\11_03-2016_10_20-10_00-K1-10X.jpeg,Dormancy,"[1.0, 0.0, 0.0, 0.0, 0.0, 0.0, 0.0, 0.0, 0.0, 0.0]"
11.03_2016,10,11.03,2016,2016-10-21,C:\Users\ASUS\Desktop\Ders\blg521\data\11.03\2016\K1\1X\11_03-2016_10_21-10_00-K1-1X.jpeg,C:\Users\ASUS\Desktop\Ders\blg521\data\11.03\2016\K1\10X\11_03-2016_10_21-10_00-K1-10X.jpeg,Dormancy,"[1.0, 0.0, 0.0, 0.0, 0.0, 0.0, 0.0, 0.0, 0.0, 0.0]"
11.03_2016,10,11.03,2016,2016-10-22,C:\Users\ASUS\Desktop\Ders\blg521\data\11.03\2016\K1\1X\11_03-2016_10_22-09_30-K1-1X.jpeg,C:\Users\ASUS\Desktop\Ders\blg521\data\11.03\2016\K1\10X\11_03-2016_10_22-09_30-K1-10X.jpeg,Dormancy,"[1.0, 0.0, 0.0, 0.0, 0.0, 0.0, 0.0, 0.0, 0.0, 0.0]"
11.03_2016,10,11.03,2016,2016-10-24,C:\Users\ASUS\Desktop\Ders\blg521\data\11.03\2016\K1\1X\11_03-2016_10_24-10_00-K1-1X.jpeg,C:\Users\ASUS\Desktop\Ders\blg521\data\11.03\2016\K1\10X\11_03-2016_10_24-10_00-K1-10X.jpeg,Dormancy,"[1.0, 0.0, 0.0, 0.0, 0.0, 0.0, 0.0, 0.0, 0.0, 0.0]"
11.03_2016,10,11.03,2016,2016-10-25,C:\Users\ASUS\Desktop\Ders\blg521\data\11.03\2016\K1\1X\11_03-2016_10_25-10_00-K1-1X.jpeg,C:\Users\ASUS\Desktop\Ders\blg521\data\11.03\2016\K1\10X\11_03-2016_10_25-10_00-K1-10X.jpeg,Dormancy,"[1.0, 0.0, 0.0, 0.0, 0.0, 0.0, 0.0, 0.0, 0.0, 0.0]"
11.03_2016,10,11.03,2016,2016-10-29,C:\Users\ASUS\Desktop\Ders\blg521\data\11.03\2016\K1\1X\11_03-2016_10_29-10_00-K1-1X.jpeg,C:\Users\ASUS\Desktop\Ders\blg521\data\11.03\2016\K1\10X\11_03-2016_10_29-10_00-K1-10X.jpeg,Dormancy,"[1.0, 0.0, 0.0, 0.0, 0.0, 0.0, 0.0, 0.0, 0.0, 0.0]"
11.03_2016,10,11.03,2016,2016-10-30,C:\Users\ASUS\Desktop\Ders\blg521\data\11.03\2016\K1\1X\11_03-2016_10_30-10_00-K1-1X.jpeg,C:\Users\ASUS\Desktop\Ders\blg521\data\11.03\2016\K1\10X\11_03-2016_10_30-10_00-K1-10X.jpeg,Dormancy,"[1.0, 0.0, 0.0, 0.0, 0.0, 0.0, 0.0, 0.0, 0.0, 0.0]"
11.03_2016,10,11.03,2016,2016-10-31,C:\Users\ASUS\Desktop\Ders\blg521\data\11.03\2016\K1\1X\11_03-2016_10_31-10_00-K1-1X.jpeg,C:\Users\ASUS\Desktop\Ders\blg521\data\11.03\2016\K1\10X\11_03-2016_10_31-10_00-K1-10X.jpeg,Dormancy,"[1.0, 0.0, 0.0, 0.0, 0.0, 0.0, 0.0, 0.0, 0.0, 0.0]"
11.03_2016,10,11.03,2016,2016-11-01,C:\Users\ASUS\Desktop\Ders\blg521\data\11.03\2016\K1\1X\11_03-2016_11_01-10_00-K1-1X.jpeg,C:\Users\ASUS\Desktop\Ders\blg521\data\11.03\2016\K1\10X\11_03-2016_11_01-10_00-K1-10X.jpeg,Dormancy,"[1.0, 0.0, 0.0, 0.0, 0.0, 0.0, 0.0, 0.0, 0.0, 0.0]"
11.03_2016,10,11.03,2016,2016-11-02,C:\Users\ASUS\Desktop\Ders\blg521\data\11.03\2016\K1\1X\11_03-2016_11_02-10_00-K1-1X.jpeg,C:\Users\ASUS\Desktop\Ders\blg521\data\11.03\2016\K1\10X\11_03-2016_11_02-10_00-K1-10X.jpeg,Dormancy,"[1.0, 0.0, 0.0, 0.0, 0.0, 0.0, 0.0, 0.0, 0.0, 0.0]"
11.03_2016,10,11.03,2016,2016-11-03,C:\Users\ASUS\Desktop\Ders\blg521\data\11.03\2016\K1\1X\11_03-2016_11_03-10_00-K1-1X.jpeg,C:\Users\ASUS\Desktop\Ders\blg521\data\11.03\2016\K1\10X\11_03-2016_11_03-10_00-K1-10X.jpeg,Dormancy,"[1.0, 0.0, 0.0, 0.0, 0.0, 0.0, 0.0, 0.0, 0.0, 0.0]"
11.03_2016,10,11.03,2016,2016-11-04,C:\Users\ASUS\Desktop\Ders\blg521\data\11.03\2016\K1\1X\11_03-2016_11_04-10_00-K1-1X.jpeg,C:\Users\ASUS\Desktop\Ders\blg521\data\11.03\2016\K1\10X\11_03-2016_11_04-10_00-K1-10X.jpeg,Dormancy,"[1.0, 0.0, 0.0, 0.0, 0.0, 0.0, 0.0, 0.0, 0.0, 0.0]"
11.03_2016,10,11.03,2016,2016-11-05,C:\Users\ASUS\Desktop\Ders\blg521\data\11.03\2016\K1\1X\11_03-2016_11_05-10_00-K1-1X.jpeg,C:\Users\ASUS\Desktop\Ders\blg521\data\11.03\2016\K1\10X\11_03-2016_11_05-10_00-K1-10X.jpeg,Dormancy,"[1.0, 0.0, 0.0, 0.0, 0.0, 0.0, 0.0, 0.0, 0.0, 0.0]"
11.03_2016,10,11.03,2016,2016-11-10,C:\Users\ASUS\Desktop\Ders\blg521\data\11.03\2016\K1\1X\11_03-2016_11_10-10_00-K1-1X.jpeg,C:\Users\ASUS\Desktop\Ders\blg521\data\11.03\2016\K1\10X\11_03-2016_11_10-10_00-K1-10X.jpeg,Dormancy,"[1.0, 0.0, 0.0, 0.0, 0.0, 0.0, 0.0, 0.0, 0.0, 0.0]"
11.03_2016,10,11.03,2016,2016-11-25,C:\Users\ASUS\Desktop\Ders\blg521\data\11.03\2016\K1\1X\11_03-2016_11_25-10_00-K1-1X.jpeg,C:\Users\ASUS\Desktop\Ders\blg521\data\11.03\2016\K1\10X\11_03-2016_11_25-10_00-K1-10X.jpeg,Dormancy,"[1.0, 0.0, 0.0, 0.0, 0.0, 0.0, 0.0, 0.0, 0.0, 0.0]"
11.03_2016,10,11.03,2016,2016-11-26,C:\Users\ASUS\Desktop\Ders\blg521\data\11.03\2016\K1\1X\11_03-2016_11_26-10_00-K1-1X.jpeg,C:\Users\ASUS\Desktop\Ders\blg521\data\11.03\2016\K1\10X\11_03-2016_11_26-10_00-K1-10X.jpeg,Dormancy,"[1.0, 0.0, 0.0, 0.0, 0.0, 0.0, 0.0, 0.0, 0.0, 0.0]"
11.03_2016,10,11.03,2016,2016-11-27,C:\Users\ASUS\Desktop\Ders\blg521\data\11.03\2016\K1\1X\11_03-2016_11_27-10_00-K1-1X.jpeg,C:\Users\ASUS\Desktop\Ders\blg521\data\11.03\2016\K1\10X\11_03-2016_11_27-10_00-K1-10X.jpeg,PS0,"[0.0, 1.0, 0.0, 0.0, 0.0, 0.0, 0.0, 0.0, 0.0, 0.0]"
11.03_2016,10,11.03,2016,2016-11-28,C:\Users\ASUS\Desktop\Ders\blg521\data\11.03\2016\K1\1X\11_03-2016_11_28-10_00-K1-1X.jpeg,C:\Users\ASUS\Desktop\Ders\blg521\data\11.03\2016\K1\10X\11_03-2016_11_28-10_00-K1-10X.jpeg,PS0,"[0.0, 1.0, 0.0, 0.0, 0.0, 0.0, 0.0, 0.0, 0.0, 0.0]"
11.03_2016,10,11.03,2016,2016-11-29,C:\Users\ASUS\Desktop\Ders\blg521\data\11.03\2016\K1\1X\11_03-2016_11_29-10_00-K1-1X.jpeg,C:\Users\ASUS\Desktop\Ders\blg521\data\11.03\2016\K1\10X\11_03-2016_11_29-10_00-K1-10X.jpeg,PS0,"[0.0, 1.0, 0.0, 0.0, 0.0, 0.0, 0.0, 0.0, 0.0, 0.0]"
11.03_2016,10,11.03,2016,2016-11-30,C:\Users\ASUS\Desktop\Ders\blg521\data\11.03\2016\K1\1X\11_03-2016_11_30-10_00-K1-1X.jpeg,C:\Users\ASUS\Desktop\Ders\blg521\data\11.03\2016\K1\10X\11_03-2016_11_30-10_00-K1-10X.jpeg,PS0,"[0.0, 1.0, 0.0, 0.0, 0.0, 0.0, 0.0, 0.0, 0.0, 0.0]"
11.03_2016,10,11.03,2016,2016-12-01,C:\Users\ASUS\Desktop\Ders\blg521\data\11.03\2016\K1\1X\11_03-2016_12_01-10_00-K1-1X.jpeg,C:\Users\ASUS\Desktop\Ders\blg521\data\11.03\2016\K1\10X\11_03-2016_12_01-10_00-K1-10X.jpeg,PS0,"[0.0, 1.0, 0.0, 0.0, 0.0, 0.0, 0.0, 0.0, 0.0, 0.0]"
11.03_2016,10,11.03,2016,2016-12-02,C:\Users\ASUS\Desktop\Ders\blg521\data\11.03\2016\K1\1X\11_03-2016_12_02-10_00-K1-1X.jpeg,C:\Users\ASUS\Desktop\Ders\blg521\data\11.03\2016\K1\10X\11_03-2016_12_02-10_00-K1-10X.jpeg,PS0,"[0.0, 1.0, 0.0, 0.0, 0.0, 0.0, 0.0, 0.0, 0.0, 0.0]"
11.03_2016,10,11.03,2016,2016-12-03,C:\Users\ASUS\Desktop\Ders\blg521\data\11.03\2016\K1\1X\11_03-2016_12_03-10_00-K1-1X.jpeg,C:\Users\ASUS\Desktop\Ders\blg521\data\11.03\2016\K1\10X\11_03-2016_12_03-10_00-K1-10X.jpeg,PS0,"[0.0, 1.0, 0.0, 0.0, 0.0, 0.0, 0.0, 0.0, 0.0, 0.0]"
11.03_2016,10,11.03,2016,2016-12-04,C:\Users\ASUS\Desktop\Ders\blg521\data\11.03\2016\K1\1X\11_03-2016_12_04-10_00-K1-1X.jpeg,C:\Users\ASUS\Desktop\Ders\blg521\data\11.03\2016\K1\10X\11_03-2016_12_04-10_00-K1-10X.jpeg,PS0,"[0.0, 1.0, 0.0, 0.0, 0.0, 0.0, 0.0, 0.0, 0.0, 0.0]"
11.03_2016,10,11.03,2016,2016-12-05,C:\Users\ASUS\Desktop\Ders\blg521\data\11.03\2016\K1\1X\11_03-2016_12_05-10_00-K1-1X.jpeg,C:\Users\ASUS\Desktop\Ders\blg521\data\11.03\2016\K1\10X\11_03-2016_12_05-10_00-K1-10X.jpeg,PS0,"[0.0, 1.0, 0.0, 0.0, 0.0, 0.0, 0.0, 0.0, 0.0, 0.0]"
11.03_2016,10,11.03,2016,2016-12-08,C:\Users\ASUS\Desktop\Ders\blg521\data\11.03\2016\K1\1X\11_03-2016_12_08-10_00-K1-1X.jpeg,C:\Users\ASUS\Desktop\Ders\blg521\data\11.03\2016\K1\10X\11_03-2016_12_08-10_00-K1-10X.jpeg,PS0,"[0.0, 1.0, 0.0, 0.0, 0.0, 0.0, 0.0, 0.0, 0.0, 0.0]"
11.03_2016,10,11.03,2016,2016-12-09,C:\Users\ASUS\Desktop\Ders\blg521\data\11.03\2016\K1\1X\11_03-2016_12_09-10_00-K1-1X.jpeg,C:\Users\ASUS\Desktop\Ders\blg521\data\11.03\2016\K1\10X\11_03-2016_12_09-10_00-K1-10X.jpeg,PS0,"[0.0, 1.0, 0.0, 0.0, 0.0, 0.0, 0.0, 0.0, 0.0, 0.0]"
11.03_2016,10,11.03,2016,2016-12-10,C:\Users\ASUS\Desktop\Ders\blg521\data\11.03\2016\K1\1X\11_03-2016_12_10-10_00-K1-1X.jpeg,C:\Users\ASUS\Desktop\Ders\blg521\data\11.03\2016\K1\10X\11_03-2016_12_10-10_00-K1-10X.jpeg,PS0,"[0.0, 1.0, 0.0, 0.0, 0.0, 0.0, 0.0, 0.0, 0.0, 0.0]"
11.03_2016,10,11.03,2016,2016-12-11,C:\Users\ASUS\Desktop\Ders\blg521\data\11.03\2016\K1\1X\11_03-2016_12_11-10_00-K1-1X.jpeg,C:\Users\ASUS\Desktop\Ders\blg521\data\11.03\2016\K1\10X\11_03-2016_12_11-10_00-K1-10X.jpeg,PS0,"[0.0, 1.0, 0.0, 0.0, 0.0, 0.0, 0.0, 0.0, 0.0, 0.0]"
11.03_2016,10,11.03,2016,2016-12-12,C:\Users\ASUS\Desktop\Ders\blg521\data\11.03\2016\K1\1X\11_03-2016_12_12-10_00-K1-1X.jpeg,C:\Users\ASUS\Desktop\Ders\blg521\data\11.03\2016\K1\10X\11_03-2016_12_12-10_00-K1-10X.jpeg,PS0,"[0.0, 1.0, 0.0, 0.0, 0.0, 0.0, 0.0, 0.0, 0.0, 0.0]"
11.03_2016,10,11.03,2016,2016-12-13,C:\Users\ASUS\Desktop\Ders\blg521\data\11.03\2016\K1\1X\11_03-2016_12_13-10_00-K1-1X.jpeg,C:\Users\ASUS\Desktop\Ders\blg521\data\11.03\2016\K1\10X\11_03-2016_12_13-10_00-K1-10X.jpeg,PS0,"[0.0, 1.0, 0.0, 0.0, 0.0, 0.0, 0.0, 0.0, 0.0, 0.0]"
11.03_2016,10,11.03,2016,2016-12-14,C:\Users\ASUS\Desktop\Ders\blg521\data\11.03\2016\K1\1X\11_03-2016_12_14-10_00-K1-1X.jpeg,C:\Users\ASUS\Desktop\Ders\blg521\data\11.03\2016\K1\10X\11_03-2016_12_14-10_00-K1-10X.jpeg,PS0,"[0.0, 1.0, 0.0, 0.0, 0.0, 0.0, 0.0, 0.0, 0.0, 0.0]"
11.03_2016,10,11.03,2016,2016-12-15,C:\Users\ASUS\Desktop\Ders\blg521\data\11.03\2016\K1\1X\11_03-2016_12_15-10_00-K1-1X.jpeg,C:\Users\ASUS\Desktop\Ders\blg521\data\11.03\2016\K1\10X\11_03-2016_12_15-10_00-K1-10X.jpeg,PS0,"[0.0, 1.0, 0.0, 0.0, 0.0, 0.0, 0.0, 0.0, 0.0, 0.0]"
11.03_2016,10,11.03,2016,2016-12-16,C:\Users\ASUS\Desktop\Ders\blg521\data\11.03\2016\K1\1X\11_03-2016_12_16-10_00-K1-1X.jpeg,C:\Users\ASUS\Desktop\Ders\blg521\data\11.03\2016\K1\10X\11_03-2016_12_16-10_00-K1-10X.jpeg,PS0,"[0.0, 1.0, 0.0, 0.0, 0.0, 0.0, 0.0, 0.0, 0.0, 0.0]"
11.03_2016,10,11.03,2016,2016-12-17,C:\Users\ASUS\Desktop\Ders\blg521\data\11.03\2016\K1\1X\11_03-2016_12_17-10_00-K1-1X.jpeg,C:\Users\ASUS\Desktop\Ders\blg521\data\11.03\2016\K1\10X\11_03-2016_12_17-10_00-K1-10X.jpeg,PS0,"[0.0, 1.0, 0.0, 0.0, 0.0, 0.0, 0.0, 0.0, 0.0, 0.0]"
11.03_2016,10,11.03,2016,2016-12-18,C:\Users\ASUS\Desktop\Ders\blg521\data\11.03\2016\K1\1X\11_03-2016_12_18-10_00-K1-1X.jpeg,C:\Users\ASUS\Desktop\Ders\blg521\data\11.03\2016\K1\10X\11_03-2016_12_18-10_00-K1-10X.jpeg,PS0,"[0.0, 1.0, 0.0, 0.0, 0.0, 0.0, 0.0, 0.0, 0.0, 0.0]"
11.03_2016,10,11.03,2016,2016-12-19,C:\Users\ASUS\Desktop\Ders\blg521\data\11.03\2016\K1\1X\11_03-2016_12_19-10_00-K1-1X.jpeg,C:\Users\ASUS\Desktop\Ders\blg521\data\11.03\2016\K1\10X\11_03-2016_12_19-10_00-K1-10X.jpeg,PS0,"[0.0, 1.0, 0.0, 0.0, 0.0, 0.0, 0.0, 0.0, 0.0, 0.0]"
11.03_2016,10,11.03,2016,2016-12-20,C:\Users\ASUS\Desktop\Ders\blg521\data\11.03\2016\K1\1X\11_03-2016_12_20-10_00-K1-1X.jpeg,C:\Users\ASUS\Desktop\Ders\blg521\data\11.03\2016\K1\10X\11_03-2016_12_20-10_00-K1-10X.jpeg,PS0,"[0.0, 1.0, 0.0, 0.0, 0.0, 0.0, 0.0, 0.0, 0.0, 0.0]"
11.03_2016,10,11.03,2016,2016-12-21,C:\Users\ASUS\Desktop\Ders\blg521\data\11.03\2016\K1\1X\11_03-2016_12_21-10_00-K1-1X.jpeg,C:\Users\ASUS\Desktop\Ders\blg521\data\11.03\2016\K1\10X\11_03-2016_12_21-10_00-K1-10X.jpeg,PS0,"[0.0, 1.0, 0.0, 0.0, 0.0, 0.0, 0.0, 0.0, 0.0, 0.0]"
11.03_2016,10,11.03,2016,2016-12-22,C:\Users\ASUS\Desktop\Ders\blg521\data\11.03\2016\K1\1X\11_03-2016_12_22-10_00-K1-1X.jpeg,C:\Users\ASUS\Desktop\Ders\blg521\data\11.03\2016\K1\10X\11_03-2016_12_22-10_00-K1-10X.jpeg,PS0,"[0.0, 1.0, 0.0, 0.0, 0.0, 0.0, 0.0, 0.0, 0.0, 0.0]"
