RelPath,Status,Detail,Width,Height,MeanR,MeanG,MeanB,ColorDiff,BrightPct,DarkPct,LaplacianVar
2013\K1\10X\02_03-2013_04_03-10_49-K1-10X.jpeg,OK,Clean image,2288,1712,106.3,149.1,41.3,71.83,0.0%,0.9%,1275.61
2013\K1\10X\02_03-2013_04_06-10_05-K1-10X.jpeg,OK,Clean image,2288,1712,95.0,136.6,38.6,65.33,0.1%,2.1%,1644.52
2013\K1\10X\02_03-2013_04_07-10_23-K1-10X.jpeg,OK,Clean image,2288,1712,98.5,143.1,36.3,71.23,0.0%,0.1%,392.04
2013\K1\10X\02_03-2013_04_11-10_00-K1-10X.jpeg,BORDERLINE_BLUR,Borderline blurry (Laplacian var: 65.70),2288,1712,96.4,147.4,42.9,69.66,0.0%,0.0%,65.70
2013\K1\10X\02_03-2013_04_16-09_31-K1-10X.jpeg,OK,Clean image,2288,1712,93.2,135.6,75.0,40.47,0.0%,0.0%,645.08
2013\K1\10X\02_03-2013_04_17-11_05-K1-10X.jpeg,OK,Clean image,2288,1712,91.6,136.6,66.9,46.62,0.3%,0.0%,1559.90
2013\K1\10X\02_03-2013_04_23-10_26-K1-10X.jpeg,OK,Clean image,2288,1712,104.2,144.0,69.1,49.99,0.3%,0.0%,1564.64
2013\K1\10X\02_03-2013_04_24-09_56-K1-10X.jpeg,OK,Clean image,2288,1712,103.8,140.9,68.2,48.50,0.2%,0.0%,1597.28
2013\K1\10X\02_03-2013_04_25-10_02-K1-10X.jpeg,OK,Clean image,2288,1712,102.9,138.8,70.2,45.79,0.1%,0.0%,1202.93
2013\K1\10X\02_03-2013_05_05-09_58-K1-10X.jpeg,OK,Clean image,2288,1712,122.1,137.6,75.8,41.28,0.0%,0.0%,808.18
2013\K1\10X\02_03-2013_05_06-09_45-K1-10X.jpeg,OK,Clean image,2288,1712,129.0,141.6,79.1,41.75,0.0%,0.0%,784.12
2013\K1\10X\02_03-2013_05_07-10_04-K1-10X.jpeg,OK,Clean image,2288,1712,121.9,128.2,72.9,37.08,0.0%,0.0%,369.67
2013\K1\10X\02_03-2013_05_08-11_25-K1-10X.jpeg,OK,Clean image,2288,1712,116.4,121.7,67.8,36.33,0.0%,0.0%,728.41
2013\K1\10X\02_03-2013_05_09-10_42-K1-10X.jpeg,OK,Clean image,2288,1712,125.6,130.0,73.1,38.45,0.0%,0.0%,456.21
2013\K1\10X\02_03-2013_05_10-10_47-K1-10X.jpeg,OK,Clean image,2288,1712,136.0,138.3,76.6,42.10,0.0%,0.0%,168.31
2013\K1\10X\02_03-2013_05_17-10_15-K1-10X.jpeg,OK,Clean image,2288,1712,131.9,130.2,70.7,42.06,0.0%,0.0%,727.60
2013\K1\10X\02_03-2013_05_18-09_36-K1-10X.jpeg,OK,Clean image,2288,1712,136.1,130.1,70.0,44.56,0.0%,0.0%,558.52
2013\K1\10X\02_03-2013_05_21-10_06-K1-10X.jpeg,OK,Clean image,2288,1712,137.7,125.4,71.6,44.13,0.0%,0.0%,534.09
2013\K1\10X\02_03-2013_05_25-10_13-K1-10X.jpeg,OK,Clean image,2288,1712,142.1,121.5,74.9,44.81,0.0%,0.0%,317.28
2013\K1\10X\02_03-2013_05_28-10_04-K1-10X.jpeg,OK,Clean image,2288,1712,151.8,128.0,85.2,44.41,0.0%,0.0%,573.89
2013\K1\10X\02_03-2013_05_31-10_10-K1-10X.jpeg,OK,Clean image,2288,1712,149.4,127.4,83.6,43.90,0.0%,0.0%,217.48
2013\K1\10X\02_03-2013_06_04-10_15-K1-10X.jpeg,OK,Clean image,2288,1712,146.2,126.8,85.7,40.36,0.0%,0.0%,426.58
2013\K1\10X\02_03-2013_06_12-10_07-K1-10X.jpeg,OK,Clean image,2288,1712,147.7,129.0,89.6,38.75,0.0%,0.0%,926.24
2013\K1\10X\02_03-2013_06_14-09_52-K1-10X.jpeg,OK,Clean image,2288,1712,146.4,126.9,89.2,38.13,0.0%,0.0%,882.94
2013\K1\10X\02_03-2013_06_15-10_01-K1-10X.jpeg,OK,Clean image,2288,1712,146.8,127.9,90.9,37.32,0.0%,0.0%,968.70
2013\K1\10X\02_03-2013_06_17-09_54-K1-10X.jpeg,OK,Clean image,1920,1080,124.4,118.7,123.1,10.00,0.0%,0.0%,1893.84
2013\K1\10X\02_03-2013_06_19-09_51-K1-10X.jpeg,OK,Clean image,2288,1712,148.4,131.7,92.7,37.12,0.0%,0.0%,187.33
2013\K1\10X\02_03-2013_06_21-09_47-K1-10X.jpeg,OK,Clean image,2288,1712,146.0,128.7,91.1,36.63,0.0%,0.0%,1022.52
2013\K1\10X\02_03-2013_06_22-10_11-K1-10X.jpeg,OK,Clean image,2288,1712,138.7,122.9,86.0,35.21,0.0%,0.0%,939.33
2013\K1\10X\02_03-2013_06_25-10_04-K1-10X.jpeg,OK,Clean image,2288,1712,136.3,126.4,95.4,27.37,0.0%,0.0%,605.75
2013\K1\10X\02_03-2013_06_26-09_47-K1-10X.jpeg,OK,Clean image,2288,1712,133.8,122.3,96.9,24.73,0.1%,0.0%,1653.94
2013\K1\10X\02_03-2013_06_27-10_06-K1-10X.jpeg,OK,Clean image,2288,1712,134.1,123.0,94.6,26.48,0.1%,0.0%,1513.16
2013\K1\10X\02_03-2013_06_28-09_51-K1-10X.jpeg,OK,Clean image,2288,1712,134.7,123.1,94.6,26.87,0.1%,0.0%,1462.62
2013\K1\10X\02_03-2013_06_30-09_49-K1-10X.jpeg,OK,Clean image,2288,1712,132.7,122.3,93.8,26.02,0.1%,0.0%,1450.81
2013\K1\10X\02_03-2013_07_03-09_50-K1-10X.jpeg,OK,Clean image,2288,1712,129.4,121.1,90.0,26.40,0.1%,0.1%,1720.69
2013\K1\10X\02_03-2013_07_04-10_09-K1-10X.jpeg,OK,Clean image,2288,1712,132.5,120.8,93.2,26.28,0.1%,0.0%,1494.53
2013\K1\10X\02_03-2013_07_10-10_15-K1-10X.jpeg,OK,Clean image,2288,1712,133.0,121.9,89.4,29.12,0.0%,0.0%,157.62
2013\K1\10X\02_03-2013_07_11-10_15-K1-10X.jpeg,OK,Clean image,2288,1712,132.5,121.3,92.2,27.00,0.1%,0.0%,1384.49
2013\K1\10X\02_03-2013_07_12-09_52-K1-10X.jpeg,OK,Clean image,2288,1712,130.3,119.7,93.1,24.96,0.1%,0.0%,1441.65
2013\K1\10X\02_03-2013_07_13-10_04-K1-10X.jpeg,OK,Clean image,2288,1712,130.9,120.5,94.6,24.31,0.1%,0.0%,1479.34
2013\K1\10X\02_03-2013_07_15-10_12-K1-10X.jpeg,OK,Clean image,2288,1712,131.2,121.0,91.2,26.78,0.0%,0.0%,787.45
2013\K1\10X\02_03-2013_07_21-10_12-K1-10X.jpeg,OK,Clean image,2288,1712,134.0,121.5,88.6,30.29,0.0%,0.0%,156.25
2013\K1\10X\02_03-2013_07_27-09_53-K1-10X.jpeg,OK,Clean image,2288,1712,134.0,122.6,94.2,26.61,0.0%,0.0%,712.42
2013\K1\10X\02_03-2013_08_14-09_59-K1-10X.jpeg,OK,Clean image,2288,1712,141.6,121.7,107.8,22.62,0.5%,0.0%,2026.51
2013\K1\10X\02_03-2013_08_23-10_15-K1-10X.jpeg,OK,Clean image,2288,1712,141.2,120.4,105.0,24.13,0.3%,0.0%,1735.06
2013\K1\10X\02_03-2013_09_03-10_06-K1-10X.jpeg,OK,Clean image,2288,1712,139.9,124.1,114.9,16.80,0.3%,0.0%,1586.85
2013\K1\10X\02_03-2013_09_04-10_02-K1-10X.jpeg,OK,Clean image,2288,1712,133.3,118.2,109.0,16.41,0.3%,0.0%,1731.71
2013\K1\10X\02_03-2013_09_05-09_52-K1-10X.jpeg,OK,Clean image,2288,1712,143.7,123.7,108.6,23.43,0.1%,0.0%,195.36
2013\K1\10X\02_03-2013_09_07-09_49-K1-10X.jpeg,OK,Clean image,2288,1712,132.2,118.9,112.0,13.91,0.4%,0.0%,1938.03
2013\K1\10X\02_03-2013_09_08-10_05-K1-10X.jpeg,OK,Clean image,2288,1712,133.5,116.9,105.6,18.71,0.4%,0.0%,1855.61
2013\K1\10X\02_03-2013_09_09-09_55-K1-10X.jpeg,OK,Clean image,2288,1712,131.5,119.6,112.7,12.90,0.3%,0.0%,1679.69
2013\K1\10X\02_03-2013_09_11-09_57-K1-10X.jpeg,OK,Clean image,2288,1712,133.5,117.7,109.2,16.50,0.5%,0.0%,2011.08
2013\K1\10X\02_03-2013_09_12-09_45-K1-10X.jpeg,OK,Clean image,2288,1712,126.3,116.2,111.6,10.77,0.3%,0.0%,1842.42
2013\K1\10X\02_03-2013_09_13-09_50-K1-10X.jpeg,OK,Clean image,2288,1712,127.6,116.1,111.7,11.54,0.4%,0.0%,1855.68
2013\K1\10X\02_03-2013_09_14-10_06-K1-10X.jpeg,OK,Clean image,2288,1712,137.7,124.2,116.0,14.75,0.4%,0.0%,1812.38
2013\K1\10X\02_03-2013_09_15-09_49-K1-10X.jpeg,OK,Clean image,2288,1712,125.9,116.0,113.2,9.67,0.2%,0.0%,1526.44
2013\K1\10X\02_03-2013_09_16-10_04-K1-10X.jpeg,OK,Clean image,2288,1712,131.9,119.6,113.9,12.53,0.3%,0.0%,1731.28
2013\K1\10X\02_03-2013_09_19-10_59-K1-10X.jpeg,OK,Clean image,2288,1712,153.6,123.3,95.9,38.49,0.3%,0.0%,1205.38
2013\K1\10X\02_03-2013_09_20-10_06-K1-10X.jpeg,OK,Clean image,2288,1712,131.6,119.9,117.5,11.06,0.3%,0.0%,1558.32
2013\K1\10X\02_03-2013_09_21-09_44-K1-10X.jpeg,OK,Clean image,2288,1712,128.9,124.0,125.5,7.23,0.2%,0.0%,1220.43
2013\K1\10X\02_03-2013_09_22-09_54-K1-10X.jpeg,OK,Clean image,2288,1712,129.5,121.7,119.3,8.65,0.3%,0.0%,1412.07
2013\K1\10X\02_03-2013_09_23-10_04-K1-10X.jpeg,OK,Clean image,2288,1712,128.1,116.4,109.5,12.69,0.2%,0.0%,1381.60
2013\K1\10X\02_03-2013_09_24-10_16-K1-10X.jpeg,OK,Clean image,2288,1712,132.1,116.3,109.8,15.40,0.4%,0.0%,1851.06
2013\K1\10X\02_03-2013_09_25-09_54-K1-10X.jpeg,OK,Clean image,2288,1712,124.4,117.8,117.1,7.65,0.2%,0.0%,1201.70
2013\K1\10X\02_03-2013_09_27-10_01-K1-10X.jpeg,OK,Clean image,2288,1712,129.4,121.1,118.7,8.96,0.3%,0.0%,1471.19
2013\K1\10X\02_03-2013_09_28-09_48-K1-10X.jpeg,OK,Clean image,2288,1712,131.5,129.0,131.6,6.55,0.2%,0.0%,947.63
2013\K1\10X\02_03-2013_09_29-09_57-K1-10X.jpeg,OK,Clean image,2288,1712,125.1,122.5,126.4,6.87,0.2%,0.0%,941.22
2013\K1\10X\02_03-2013_10_25-09_52-K1-10X.jpeg,OK,Clean image,2288,1712,150.4,112.3,85.5,43.23,0.2%,0.0%,1189.02
2013\K1\10X\02_03-2013_10_26-10_08-K1-10X.jpeg,OK,Clean image,2288,1712,131.5,130.2,131.8,5.20,0.1%,0.0%,611.38
2013\K1\10X\02_03-2013_10_31-09_53-K1-10X.jpeg,OK,Clean image,2288,1712,126.7,118.0,116.9,8.75,0.3%,0.0%,1260.11
2013\K1\10X\02_03-2013_11_01-09_57-K1-10X.jpeg,OK,Clean image,2288,1712,127.2,117.9,114.5,9.52,0.3%,0.0%,1198.95
2013\K1\10X\02_03-2013_11_03-09_48-K1-10X.jpeg,OK,Clean image,2288,1712,122.4,120.7,124.3,6.06,0.1%,0.0%,981.28
2013\K1\10X\02_03-2013_11_06-10_02-K1-10X.jpeg,OK,Clean image,2288,1712,163.5,128.4,95.0,45.69,0.3%,0.0%,1440.71
2013\K1\10X\02_03-2013_11_08-09_57-K1-10X.jpeg,OK,Clean image,2288,1712,151.2,112.2,104.9,30.99,0.1%,0.0%,765.16
2013\K1\10X\02_03-2013_11_09-10_08-K1-10X.jpeg,OK,Clean image,2288,1712,157.0,118.9,93.0,42.65,0.2%,0.0%,1168.20
2013\K1\10X\02_03-2013_11_11-09_52-K1-10X.jpeg,OK,Clean image,2288,1712,140.1,117.9,101.6,25.70,0.1%,0.0%,863.80
2013\K1\10X\02_03-2013_11_15-10_07-K1-10X.jpeg,OK,Clean image,2288,1712,145.1,116.1,91.7,35.56,0.1%,0.0%,945.11
2013\K1\10X\02_03-2013_11_17-10_05-K1-10X.jpeg,OK,Clean image,2288,1712,126.9,125.4,126.2,4.00,0.0%,0.0%,566.93
2013\K1\10X\02_03-2013_11_18-09_48-K1-10X.jpeg,OK,Clean image,2288,1712,151.2,120.7,94.4,37.89,0.1%,0.0%,941.03
2013\K1\10X\02_03-2013_11_19-10_03-K1-10X.jpeg,OK,Clean image,2288,1712,125.2,124.0,124.5,6.46,0.1%,0.0%,847.24
2013\K1\10X\02_03-2013_11_21-10_15-K1-10X.jpeg,OK,Clean image,2288,1712,128.6,123.1,120.5,7.71,0.2%,0.0%,1176.12
2013\K1\10X\02_03-2013_11_22-10_14-K1-10X.jpeg,OK,Clean image,2288,1712,128.7,124.5,125.1,6.04,0.1%,0.0%,883.90
2013\K1\10X\02_03-2013_11_24-10_11-K1-10X.jpeg,OK,Clean image,2288,1712,146.1,118.0,98.8,31.59,0.1%,0.0%,858.24
2013\K1\10X\02_03-2013_11_25-10_07-K1-10X.jpeg,OK,Clean image,2288,1712,142.5,111.9,96.9,30.39,0.1%,0.0%,882.06
2013\K1\10X\02_03-2013_11_26-10_16-K1-10X.jpeg,OK,Clean image,2288,1712,147.2,114.0,94.2,35.35,0.2%,0.0%,1067.40
2013\K1\10X\02_03-2013_11_27-09_57-K1-10X.jpeg,OK,Clean image,2288,1712,139.3,111.8,103.7,23.80,0.1%,0.0%,906.50
2013\K1\10X\02_03-2013_11_30-10_00-K1-10X.jpeg,OK,Clean image,2288,1712,121.2,123.5,123.7,5.27,0.0%,0.0%,299.42
2013\K1\10X\02_03-2013_12_02-09_54-K1-10X.jpeg,OK,Clean image,2288,1712,140.9,129.4,115.7,17.09,0.1%,0.0%,762.21
2013\K1\10X\02_03-2013_12_04-10_14-K1-10X.jpeg,OK,Clean image,2288,1712,148.8,121.3,94.3,36.38,0.1%,0.0%,977.90
2013\K1\10X\02_03-2013_12_05-10_16-K1-10X.jpeg,OK,Clean image,2288,1712,142.4,118.9,99.9,28.46,0.1%,0.0%,1159.43
2013\K1\10X\02_03-2013_12_07-09_57-K1-10X.jpeg,OK,Clean image,2288,1712,135.1,116.6,116.2,14.60,0.0%,0.0%,713.18
2013\K1\10X\02_03-2013_12_08-09_50-K1-10X.jpeg,OK,Clean image,2288,1712,116.4,118.1,118.4,5.13,0.0%,0.0%,384.79
2013\K1\10X\02_03-2013_12_11-10_15-K1-10X.jpeg,OK,Clean image,2288,1712,123.2,128.5,125.5,5.48,0.0%,0.0%,617.36
2013\K1\10X\02_03-2013_12_12-10_11-K1-10X.jpeg,OK,Clean image,2288,1712,134.5,129.9,123.6,8.11,0.0%,0.0%,337.92
2013\K1\10X\02_03-2013_12_13-09_56-K1-10X.jpeg,OK,Clean image,2288,1712,145.7,120.9,98.8,31.34,0.0%,0.0%,866.02
2013\K1\10X\02_03-2013_12_14-11_34-K1-10X.jpeg,OK,Clean image,2288,1712,124.7,116.4,106.8,13.24,0.3%,0.0%,1838.16
2013\K1\10X\02_03-2013_12_15-10_08-K1-10X.jpeg,OK,Clean image,2288,1712,123.5,130.7,128.8,7.34,0.1%,0.0%,740.55
2013\K1\10X\02_03-2013_12_16-10_07-K1-10X.jpeg,OK,Clean image,2288,1712,128.1,129.4,131.8,6.65,0.1%,0.0%,736.48
2013\K1\10X\02_03-2013_12_17-10_04-K1-10X.jpeg,OK,Clean image,2288,1712,116.9,120.1,120.2,5.94,0.0%,0.0%,581.39
2013\K1\10X\02_03-2013_12_18-10_02-K1-10X.jpeg,OK,Clean image,2288,1712,119.3,118.0,121.1,5.92,0.0%,0.0%,595.84
2013\K1\10X\02_03-2013_12_19-10_58-K1-10X.jpeg,OK,Clean image,2288,1712,118.9,118.5,113.6,8.70,0.2%,0.0%,1661.34
2013\K1\10X\02_03-2013_12_20-10_02-K1-10X.jpeg,OK,Clean image,2288,1712,115.5,118.1,118.8,5.89,0.0%,0.0%,552.67
2013\K1\10X\02_03-2013_12_23-09_51-K1-10X.jpeg,OK,Clean image,2288,1712,119.8,119.7,121.9,5.79,0.0%,0.0%,614.95
2013\K1\10X\02_03-2013_12_24-09_50-K1-10X.jpeg,OK,Clean image,2288,1712,124.0,122.4,125.8,6.15,0.0%,0.0%,675.31
2013\K1\10X\02_03-2013_12_25-10_48-K1-10X.jpeg,OK,Clean image,2288,1712,131.3,125.4,114.4,12.29,0.1%,0.0%,1066.07
2013\K1\10X\02_03-2013_12_26-09_59-K1-10X.jpeg,OK,Clean image,2288,1712,142.6,129.0,108.2,23.27,0.0%,0.0%,904.73
2013\K1\10X\02_03-2013_12_28-11_01-K1-10X.jpeg,OK,Clean image,2288,1712,126.0,125.0,116.0,9.33,0.1%,0.0%,1366.26
2013\K1\10X\02_03-2013_12_29-11_06-K1-10X.jpeg,OK,Clean image,2288,1712,126.8,120.2,121.9,8.20,0.0%,0.0%,899.58
2013\K1\10X\02_03-2013_12_30-09_51-K1-10X.jpeg,OK,Clean image,2288,1712,141.0,117.0,92.8,32.21,0.0%,0.0%,155.75
2013\K1\10X\02_03-2013_12_31-11_50-K1-10X.jpeg,OK,Clean image,2288,1712,144.9,123.8,91.7,35.75,0.1%,0.0%,1215.76
2013\K1\1X\02_03-2013_02_27-09_14-K1-1X.jpeg,OK,Clean image,2288,1712,122.5,145.0,46.0,66.03,0.0%,0.3%,524.98
2013\K1\1X\02_03-2013_02_28-09_32-K1-1X.jpeg,OK,Clean image,2288,1712,123.1,157.6,56.4,67.57,0.0%,0.0%,248.89
2013\K1\1X\02_03-2013_03_01-10_04-K1-1X.jpeg,OK,Clean image,2288,1712,119.9,147.1,38.9,72.17,0.0%,0.9%,543.84
2013\K1\1X\02_03-2013_03_02-10_55-K1-1X.jpeg,OK,Clean image,2288,1712,117.9,147.9,35.9,74.70,0.0%,1.5%,521.16
2013\K1\1X\02_03-2013_03_03-10_42-K1-1X.jpeg,OK,Clean image,2288,1712,118.9,149.3,41.3,72.00,0.0%,0.3%,302.13
2013\K1\1X\02_03-2013_03_04-09_58-K1-1X.jpeg,OK,Clean image,2288,1712,116.7,151.9,53.4,65.70,0.0%,0.0%,226.54
2013\K1\1X\02_03-2013_03_05-11_54-K1-1X.jpeg,OK,Clean image,2288,1712,112.3,145.2,44.7,67.07,0.0%,0.2%,357.45
2013\K1\1X\02_03-2013_03_06-09_35-K1-1X.jpeg,OK,Clean image,2288,1712,115.3,145.1,45.3,66.49,0.0%,0.2%,575.00
2013\K1\1X\02_03-2013_03_07-09_55-K1-1X.jpeg,OK,Clean image,2288,1712,118.6,147.2,39.7,71.70,0.0%,0.8%,576.10
2013\K1\1X\02_03-2013_03_08-10_35-K1-1X.jpeg,OK,Clean image,2288,1712,124.1,154.0,45.5,72.32,0.0%,0.1%,298.23
2013\K1\1X\02_03-2013_03_09-09_51-K1-1X.jpeg,OK,Clean image,2288,1712,121.6,149.8,51.0,65.88,0.0%,0.0%,280.45
2013\K1\1X\02_03-2013_03_10-10_41-K1-1X.jpeg,OK,Clean image,2288,1712,119.4,146.7,37.8,72.61,0.0%,1.0%,453.50
2013\K1\1X\02_03-2013_03_11-09_24-K1-1X.jpeg,OK,Clean image,2288,1712,124.7,148.2,45.3,68.66,0.0%,0.4%,520.73
2013\K1\1X\02_03-2013_03_12-10_39-K1-1X.jpeg,OK,Clean image,2288,1712,123.1,149.4,39.7,73.16,0.0%,0.5%,309.63
2013\K1\1X\02_03-2013_03_13-09_27-K1-1X.jpeg,OK,Clean image,2288,1712,127.0,150.9,43.2,71.89,0.0%,0.2%,339.09
2013\K1\1X\02_03-2013_03_14-10_11-K1-1X.jpeg,OK,Clean image,2288,1712,119.4,149.7,38.7,74.02,0.0%,1.1%,464.83
2013\K1\1X\02_03-2013_03_15-10_30-K1-1X.jpeg,OK,Clean image,2288,1712,119.5,149.3,35.7,75.81,0.0%,0.7%,351.89
2013\K1\1X\02_03-2013_04_03-09_17-K1-1X.jpeg,OK,Clean image,2288,1712,121.3,154.6,54.8,66.60,0.0%,0.1%,444.12
2013\K1\1X\02_03-2013_04_04-11_22-K1-1X.jpeg,OK,Clean image,2288,1712,110.6,149.4,49.1,66.93,0.0%,0.1%,368.31
2013\K1\1X\02_03-2013_04_05-09_48-K1-1X.jpeg,OK,Clean image,2288,1712,113.1,151.6,51.4,66.80,0.0%,0.3%,696.22
2013\K1\1X\02_03-2013_04_07-09_53-K1-1X.jpeg,OK,Clean image,2288,1712,113.4,152.5,48.5,69.34,0.0%,0.3%,574.90
2013\K1\1X\02_03-2013_04_08-10_10-K1-1X.jpeg,OK,Clean image,2288,1712,113.2,154.5,50.9,69.06,0.0%,0.2%,556.26
2013\K1\1X\02_03-2013_04_09-09_56-K1-1X.jpeg,OK,Clean image,2288,1712,110.6,149.6,65.9,55.80,0.0%,0.0%,467.91
2013\K1\1X\02_03-2013_04_10-10_45-K1-1X.jpeg,OK,Clean image,2288,1712,101.2,140.2,60.6,53.04,0.0%,0.0%,230.28
2013\K1\1X\02_03-2013_04_11-10_01-K1-1X.jpeg,OK,Clean image,2288,1712,107.5,152.3,54.9,64.95,0.0%,0.2%,785.72
2013\K1\1X\02_03-2013_04_15-11_16-K1-1X.jpeg,OK,Clean image,2288,1712,110.5,149.7,64.8,56.63,0.0%,0.0%,714.32
2013\K1\1X\02_03-2013_04_16-09_00-K1-1X.jpeg,OK,Clean image,2288,1712,124.9,148.0,121.2,18.39,0.0%,0.0%,709.18
2013\K1\1X\02_03-2013_04_18-08_18-K1-1X.jpeg,OK,Clean image,2288,1712,114.1,150.8,88.4,41.57,0.0%,0.0%,642.52
2013\K1\1X\02_03-2013_04_19-09_08-K1-1X.jpeg,OK,Clean image,2288,1712,114.0,147.2,84.5,41.79,0.0%,0.0%,379.31
2013\K1\1X\02_03-2013_04_20-10_27-K1-1X.jpeg,OK,Clean image,2288,1712,117.5,153.8,91.1,41.79,0.0%,0.0%,471.69
2013\K1\1X\02_03-2013_04_23-09_24-K1-1X.jpeg,OK,Clean image,2288,1712,120.9,152.6,80.7,47.95,0.0%,0.0%,648.26
2013\K1\1X\02_03-2013_04_24-09_56-K1-1X.jpeg,OK,Clean image,2288,1712,116.7,148.5,75.9,48.43,0.0%,0.0%,601.97
2013\K1\1X\02_03-2013_04_25-10_02-K1-1X.jpeg,OK,Clean image,2288,1712,120.8,155.4,83.3,48.10,0.0%,0.0%,607.77
2013\K1\1X\02_03-2013_05_03-08_28-K1-1X.jpeg,OK,Clean image,2288,1712,129.3,141.5,83.0,39.07,0.0%,0.0%,394.54
2013\K1\1X\02_03-2013_05_04-10_45-K1-1X.jpeg,OK,Clean image,2288,1712,140.3,148.3,82.6,44.37,0.0%,0.0%,298.94
2013\K1\1X\02_03-2013_05_06-09_46-K1-1X.jpeg,OK,Clean image,2288,1712,140.0,147.1,83.6,42.88,0.0%,0.0%,351.42
2013\K1\1X\02_03-2013_05_07-09_33-K1-1X.jpeg,OK,Clean image,2288,1712,142.5,144.1,85.9,39.78,0.0%,0.0%,255.79
2013\K1\1X\02_03-2013_05_08-10_23-K1-1X.jpeg,OK,Clean image,2288,1712,134.3,135.9,77.3,40.49,0.0%,0.0%,295.48
2013\K1\1X\02_03-2013_05_10-10_16-K1-1X.jpeg,OK,Clean image,2288,1712,134.2,133.1,79.5,37.37,0.0%,0.0%,285.30
2013\K1\1X\02_03-2013_05_17-11_50-K1-1X.jpeg,OK,Clean image,2288,1712,149.1,140.8,76.8,48.24,0.0%,0.0%,468.23
2013\K1\1X\02_03-2013_05_18-10_08-K1-1X.jpeg,OK,Clean image,2288,1712,140.9,129.7,68.5,48.29,0.0%,0.0%,328.02
2013\K1\1X\02_03-2013_05_20-09_47-K1-1X.jpeg,OK,Clean image,2288,1712,152.6,134.5,75.9,51.11,0.0%,0.0%,386.07
2013\K1\1X\02_03-2013_05_28-10_06-K1-1X.jpeg,OK,Clean image,2288,1712,160.1,135.6,87.5,48.40,0.0%,0.0%,322.23
2013\K1\1X\02_03-2013_05_29-09_49-K1-1X.jpeg,OK,Clean image,2288,1712,158.6,135.4,88.2,46.96,0.0%,0.0%,394.60
2013\K1\1X\02_03-2013_06_05-10_05-K1-1X.jpeg,OK,Clean image,2288,1712,157.5,135.4,91.4,44.05,0.0%,0.0%,570.13
2013\K1\1X\02_03-2013_06_09-10_14-K1-1X.jpeg,OK,Clean image,2288,1712,156.9,135.3,89.8,44.72,0.0%,0.0%,581.59
2013\K1\1X\02_03-2013_06_12-10_08-K1-1X.jpeg,OK,Clean image,2288,1712,156.2,136.0,90.6,43.73,0.0%,0.0%,568.45
2013\K1\1X\02_03-2013_06_16-10_10-K1-1X.jpeg,OK,Clean image,2288,1712,156.0,134.9,91.8,42.81,0.0%,0.0%,618.60
2013\K1\1X\02_03-2013_06_19-09_52-K1-1X.jpeg,OK,Clean image,2288,1712,153.9,135.6,93.7,40.15,0.0%,0.0%,561.02
2013\K1\1X\02_03-2013_06_21-09_49-K1-1X.jpeg,OK,Clean image,2288,1712,153.5,136.0,94.5,39.28,0.0%,0.0%,579.38
2013\K1\1X\02_03-2013_06_23-09_56-K1-1X.jpeg,OK,Clean image,2288,1712,150.3,137.3,101.9,32.30,0.0%,0.0%,531.32
2013\K1\1X\02_03-2013_06_26-09_49-K1-1X.jpeg,OK,Clean image,2288,1712,149.2,136.3,103.1,30.73,0.0%,0.0%,582.56
2013\K1\1X\02_03-2013_06_27-10_07-K1-1X.jpeg,OK,Clean image,2288,1712,150.1,136.6,99.5,33.75,0.0%,0.0%,533.71
2013\K1\1X\02_03-2013_07_03-09_52-K1-1X.jpeg,OK,Clean image,2288,1712,147.3,135.6,105.1,28.15,0.0%,0.0%,637.30
2013\K1\1X\02_03-2013_07_05-10_16-K1-1X.jpeg,OK,Clean image,2288,1712,146.5,135.6,103.1,28.92,0.0%,0.0%,573.89
2013\K1\1X\02_03-2013_07_06-10_05-K1-1X.jpeg,OK,Clean image,2288,1712,147.3,135.7,101.6,30.41,0.0%,0.0%,573.24
2013\K1\1X\02_03-2013_07_12-09_53-K1-1X.jpeg,OK,Clean image,2288,1712,145.5,135.6,105.6,26.65,0.0%,0.0%,644.25
2013\K1\1X\02_03-2013_07_27-09_57-K1-1X.jpeg,OK,Clean image,2288,1712,148.4,135.8,103.1,30.19,0.0%,0.0%,712.59
2013\K1\1X\02_03-2013_07_30-10_12-K1-1X.jpeg,OK,Clean image,2288,1712,148.3,135.9,103.7,29.74,0.0%,0.0%,745.99
2013\K1\1X\02_03-2013_07_31-09_13-K1-1X.jpeg,OK,Clean image,2288,1712,147.3,135.7,106.2,27.40,0.0%,0.0%,824.77
2013\K1\1X\02_03-2013_08_14-10_01-K1-1X.jpeg,OK,Clean image,2288,1712,149.1,129.7,114.6,23.05,0.3%,0.0%,1493.52
2013\K1\1X\02_03-2013_08_23-10_16-K1-1X.jpeg,OK,Clean image,2288,1712,145.2,126.2,111.0,22.83,0.3%,0.0%,1418.98
2013\K1\1X\02_03-2013_09_03-10_07-K1-1X.jpeg,OK,Clean image,2288,1712,145.8,130.7,119.0,17.93,0.2%,0.0%,1257.33
2013\K1\1X\02_03-2013_09_04-10_03-K1-1X.jpeg,OK,Clean image,2288,1712,148.0,131.9,121.3,17.87,0.4%,0.0%,1592.43
2013\K1\1X\02_03-2013_09_05-09_53-K1-1X.jpeg,OK,Clean image,2288,1712,147.3,131.0,119.1,18.90,0.4%,0.0%,1441.92
2013\K1\1X\02_03-2013_09_06-10_07-K1-1X.jpeg,OK,Clean image,2288,1712,145.2,127.9,117.5,18.60,0.5%,0.0%,1967.34
2013\K1\1X\02_03-2013_09_07-09_49-K1-1X.jpeg,OK,Clean image,2288,1712,143.4,129.8,120.8,15.29,0.4%,0.0%,1663.59
2013\K1\1X\02_03-2013_09_08-10_06-K1-1X.jpeg,OK,Clean image,2288,1712,141.2,124.8,112.8,19.01,0.2%,0.0%,1449.35
2013\K1\1X\02_03-2013_09_09-09_55-K1-1X.jpeg,OK,Clean image,2288,1712,140.2,127.1,118.4,14.78,0.2%,0.0%,1455.85
2013\K1\1X\02_03-2013_09_10-09_46-K1-1X.jpeg,OK,Clean image,2288,1712,140.5,129.1,122.6,12.65,0.4%,0.0%,1609.50
2013\K1\1X\02_03-2013_09_11-09_59-K1-1X.jpeg,OK,Clean image,2288,1712,144.1,128.2,117.3,18.00,0.4%,0.0%,1737.86
2013\K1\1X\02_03-2013_09_12-09_46-K1-1X.jpeg,OK,Clean image,2288,1712,140.0,128.7,121.1,13.09,0.3%,0.0%,1466.06
2013\K1\1X\02_03-2013_09_13-09_52-K1-1X.jpeg,OK,Clean image,2288,1712,140.0,127.0,119.0,14.31,0.3%,0.0%,1496.17
2013\K1\1X\02_03-2013_09_14-10_07-K1-1X.jpeg,OK,Clean image,2288,1712,140.9,126.1,116.0,16.66,0.2%,0.0%,1456.33
2013\K1\1X\02_03-2013_09_15-09_50-K1-1X.jpeg,OK,Clean image,2288,1712,134.4,125.0,118.9,11.27,0.2%,0.0%,1205.76
2013\K1\1X\02_03-2013_09_16-10_06-K1-1X.jpeg,OK,Clean image,2288,1712,142.2,128.5,119.7,15.20,0.3%,0.0%,1427.54
2013\K1\1X\02_03-2013_09_19-11_01-K1-1X.jpeg,OK,Clean image,2288,1712,156.4,129.1,104.1,34.91,0.2%,0.0%,989.27
2013\K1\1X\02_03-2013_09_20-10_07-K1-1X.jpeg,OK,Clean image,2288,1712,143.5,130.7,123.8,13.94,0.3%,0.0%,1435.03
2013\K1\1X\02_03-2013_09_21-09_46-K1-1X.jpeg,OK,Clean image,2288,1712,135.8,128.0,124.0,10.51,0.2%,0.0%,1089.53
2013\K1\1X\02_03-2013_09_22-09_55-K1-1X.jpeg,OK,Clean image,2288,1712,139.4,130.2,123.4,11.57,0.2%,0.0%,1243.52
2013\K1\1X\02_03-2013_09_23-10_05-K1-1X.jpeg,OK,Clean image,2288,1712,140.0,127.0,118.0,14.78,0.2%,0.0%,1224.13
2013\K1\1X\02_03-2013_09_24-09_45-K1-1X.jpeg,OK,Clean image,2288,1712,138.8,130.8,127.9,9.21,0.3%,0.0%,1256.64
2013\K1\1X\02_03-2013_09_25-09_56-K1-1X.jpeg,OK,Clean image,2288,1712,139.3,130.8,125.4,10.94,0.2%,0.0%,1078.74
2013\K1\1X\02_03-2013_09_26-10_06-K1-1X.jpeg,OK,Clean image,2288,1712,139.8,129.1,122.2,12.59,0.3%,0.0%,1350.31
2013\K1\1X\02_03-2013_09_27-10_04-K1-1X.jpeg,OK,Clean image,2288,1712,141.1,130.1,123.9,12.43,0.3%,0.0%,1292.12
2013\K1\1X\02_03-2013_09_28-09_51-K1-1X.jpeg,OK,Clean image,2288,1712,133.7,128.3,125.5,9.68,0.1%,0.0%,854.99
2013\K1\1X\02_03-2013_09_29-10_00-K1-1X.jpeg,OK,Clean image,2288,1712,133.5,128.0,125.9,9.52,0.1%,0.0%,877.30
2013\K1\1X\02_03-2013_10_25-09_52-K1-1X.jpeg,OK,Clean image,2288,1712,167.0,128.0,102.6,42.94,0.1%,0.0%,1029.27
2013\K1\1X\02_03-2013_10_26-10_09-K1-1X.jpeg,OK,Clean image,2288,1712,133.4,127.5,124.9,8.70,0.1%,0.0%,832.43
2013\K1\1X\02_03-2013_10_27-09_50-K1-1X.jpeg,OK,Clean image,2288,1712,140.9,128.5,122.5,12.99,0.2%,0.0%,1275.98
2013\K1\1X\02_03-2013_10_28-09_54-K1-1X.jpeg,OK,Clean image,2288,1712,140.8,128.6,121.9,13.15,0.2%,0.0%,1307.77
2013\K1\1X\02_03-2013_10_31-09_53-K1-1X.jpeg,OK,Clean image,2288,1712,144.4,132.1,124.1,14.06,0.2%,0.0%,1056.30
2013\K1\1X\02_03-2013_11_01-09_58-K1-1X.jpeg,OK,Clean image,2288,1712,144.5,131.9,122.5,15.06,0.1%,0.0%,993.76
2013\K1\1X\02_03-2013_11_03-09_48-K1-1X.jpeg,OK,Clean image,2288,1712,143.0,132.4,124.7,12.91,0.0%,0.0%,758.87
2013\K1\1X\02_03-2013_11_04-10_03-K1-1X.jpeg,OK,Clean image,2288,1712,142.8,128.5,117.3,17.06,0.0%,0.0%,601.49
2013\K1\1X\02_03-2013_11_05-09_48-K1-1X.jpeg,OK,Clean image,2288,1712,154.2,122.4,94.9,39.55,0.0%,0.0%,754.90
2013\K1\1X\02_03-2013_11_06-10_03-K1-1X.jpeg,OK,Clean image,2288,1712,163.9,131.7,104.8,39.37,0.0%,0.0%,546.05
2013\K1\1X\02_03-2013_11_07-09_46-K1-1X.jpeg,OK,Clean image,2288,1712,166.5,131.2,104.4,41.38,0.0%,0.0%,429.03
2013\K1\1X\02_03-2013_11_08-09_58-K1-1X.jpeg,OK,Clean image,2288,1712,153.6,132.8,129.8,16.89,0.0%,0.0%,580.97
2013\K1\1X\02_03-2013_11_09-10_09-K1-1X.jpeg,OK,Clean image,2288,1712,167.7,130.7,107.8,39.95,0.0%,0.0%,414.72
2013\K1\1X\02_03-2013_11_11-09_53-K1-1X.jpeg,OK,Clean image,2288,1712,150.0,131.6,122.4,18.50,0.0%,0.0%,741.80
2013\K1\1X\02_03-2013_11_12-10_04-K1-1X.jpeg,OK,Clean image,2288,1712,136.2,126.8,121.3,10.43,0.0%,0.0%,404.61
2013\K1\1X\02_03-2013_11_13-09_46-K1-1X.jpeg,OK,Clean image,2288,1712,136.0,132.2,132.0,8.86,0.0%,0.0%,568.94
2013\K1\1X\02_03-2013_11_14-10_01-K1-1X.jpeg,OK,Clean image,2288,1712,138.9,132.5,131.4,9.35,0.0%,0.0%,728.05
2013\K1\1X\02_03-2013_11_15-10_08-K1-1X.jpeg,OK,Clean image,2288,1712,158.6,130.9,110.2,32.32,0.0%,0.0%,527.74
2013\K1\1X\02_03-2013_11_17-10_06-K1-1X.jpeg,OK,Clean image,2288,1712,141.2,137.9,138.5,6.51,0.0%,0.0%,528.89
2013\K1\1X\02_03-2013_11_18-09_49-K1-1X.jpeg,OK,Clean image,2288,1712,159.1,131.4,109.9,32.79,0.0%,0.0%,626.89
2013\K1\1X\02_03-2013_11_19-10_04-K1-1X.jpeg,OK,Clean image,2288,1712,131.3,126.9,122.2,9.46,0.0%,0.0%,656.93
2013\K1\1X\02_03-2013_11_21-10_16-K1-1X.jpeg,OK,Clean image,2288,1712,137.4,129.7,123.1,11.02,0.0%,0.0%,796.89
2013\K1\1X\02_03-2013_11_22-10_15-K1-1X.jpeg,OK,Clean image,2288,1712,143.9,136.3,133.3,8.63,0.0%,0.0%,719.77
2013\K1\1X\02_03-2013_11_24-10_12-K1-1X.jpeg,OK,Clean image,2288,1712,156.8,132.7,122.4,22.95,0.0%,0.0%,721.42
2013\K1\1X\02_03-2013_11_25-10_08-K1-1X.jpeg,OK,Clean image,2288,1712,155.2,134.2,128.0,18.47,0.0%,0.0%,606.27
2013\K1\1X\02_03-2013_11_26-09_45-K1-1X.jpeg,OK,Clean image,2288,1712,159.7,133.3,122.9,24.59,0.0%,0.0%,293.07
2013\K1\1X\02_03-2013_11_27-09_58-K1-1X.jpeg,OK,Clean image,2288,1712,155.3,133.8,128.4,18.24,0.0%,0.0%,667.50
2013\K1\1X\02_03-2013_11_30-10_02-K1-1X.jpeg,OK,Clean image,2288,1712,127.6,130.1,127.2,6.73,0.0%,0.0%,558.98
2013\K1\1X\02_03-2013_12_02-09_55-K1-1X.jpeg,OK,Clean image,2288,1712,140.5,134.0,120.0,14.19,0.0%,0.0%,451.82
2013\K1\1X\02_03-2013_12_04-10_16-K1-1X.jpeg,OK,Clean image,2288,1712,154.2,134.7,111.9,28.29,0.0%,0.0%,560.19
2013\K1\1X\02_03-2013_12_05-09_45-K1-1X.jpeg,OK,Clean image,2288,1712,145.5,137.3,135.6,8.68,0.0%,0.0%,689.00
2013\K1\1X\02_03-2013_12_07-09_58-K1-1X.jpeg,OK,Clean image,2288,1712,145.5,136.4,136.3,9.50,0.0%,0.0%,465.27
2013\K1\1X\02_03-2013_12_08-09_52-K1-1X.jpeg,OK,Clean image,2288,1712,130.2,128.1,129.5,5.55,0.0%,0.0%,398.16
2013\K1\1X\02_03-2013_12_09-09_50-K1-1X.jpeg,OK,Clean image,2288,1712,129.5,128.0,129.8,5.74,0.0%,0.0%,388.63
2013\K1\1X\02_03-2013_12_11-10_16-K1-1X.jpeg,OK,Clean image,2288,1712,127.7,133.9,131.5,4.35,0.0%,0.0%,2304.99
2013\K1\1X\02_03-2013_12_12-10_12-K1-1X.jpeg,OK,Clean image,2288,1712,133.7,130.5,119.7,10.34,0.0%,0.0%,411.51
2013\K1\1X\02_03-2013_12_13-09_58-K1-1X.jpeg,OK,Clean image,2288,1712,151.4,135.3,117.8,22.51,0.0%,0.0%,444.30
2013\K1\1X\02_03-2013_12_14-11_35-K1-1X.jpeg,OK,Clean image,2288,1712,139.1,135.1,123.2,12.44,0.0%,0.0%,1087.66
2013\K1\1X\02_03-2013_12_15-10_10-K1-1X.jpeg,OK,Clean image,2288,1712,140.4,138.5,140.4,6.84,0.0%,0.0%,610.78
2013\K1\1X\02_03-2013_12_16-10_08-K1-1X.jpeg,OK,Clean image,2288,1712,141.7,140.0,142.1,6.57,0.0%,0.0%,555.23
2013\K1\1X\02_03-2013_12_17-10_06-K1-1X.jpeg,OK,Clean image,2288,1712,132.9,131.8,133.2,5.95,0.0%,0.0%,425.71
2013\K1\1X\02_03-2013_12_18-10_04-K1-1X.jpeg,OK,Clean image,2288,1712,131.4,129.4,130.2,5.16,0.0%,0.0%,432.79
2013\K1\1X\02_03-2013_12_19-10_59-K1-1X.jpeg,OK,Clean image,2288,1712,140.9,138.1,135.0,7.32,0.0%,0.0%,923.10
2013\K1\1X\02_03-2013_12_20-10_04-K1-1X.jpeg,OK,Clean image,2288,1712,131.5,130.4,131.8,5.66,0.0%,0.0%,376.22
2013\K1\1X\02_03-2013_12_23-09_52-K1-1X.jpeg,OK,Clean image,2288,1712,134.5,133.0,134.8,5.55,0.0%,0.0%,404.88
2013\K1\1X\02_03-2013_12_24-09_52-K1-1X.jpeg,OK,Clean image,2288,1712,138.6,136.3,139.6,5.95,0.0%,0.0%,431.63
2013\K1\1X\02_03-2013_12_25-10_50-K1-1X.jpeg,OK,Clean image,2288,1712,139.1,135.9,127.1,9.39,0.0%,0.0%,516.63
2013\K1\1X\02_03-2013_12_26-10_01-K1-1X.jpeg,OK,Clean image,2288,1712,142.9,136.3,117.9,17.54,0.0%,0.0%,497.64
2013\K1\1X\02_03-2013_12_28-11_02-K1-1X.jpeg,OK,Clean image,2288,1712,142.7,137.6,133.0,8.21,0.0%,0.0%,621.46
2013\K1\1X\02_03-2013_12_29-11_07-K1-1X.jpeg,OK,Clean image,2288,1712,136.3,135.5,137.6,6.92,0.0%,0.0%,548.18
2013\K1\1X\02_03-2013_12_30-09_52-K1-1X.jpeg,OK,Clean image,2288,1712,148.2,136.3,130.6,12.97,0.0%,0.0%,381.34
2013\K1\1X\02_03-2013_12_31-11_51-K1-1X.jpeg,OK,Clean image,2288,1712,143.1,135.2,108.2,24.34,0.0%,0.0%,586.23
2014\K1\10X\02_03-2014_01_02-11_05-K1-10X.jpeg,OK,Clean image,2288,1712,146.9,124.2,96.3,34.03,0.1%,0.0%,1102.72
2014\K1\10X\02_03-2014_01_03-10_14-K1-10X.jpeg,OK,Clean image,2288,1712,131.0,130.1,124.7,6.71,0.0%,0.0%,857.12
2014\K1\10X\02_03-2014_01_06-09_56-K1-10X.jpeg,OK,Clean image,2288,1712,125.3,123.1,125.8,6.58,0.0%,0.0%,716.88
2014\K1\10X\02_03-2014_01_07-09_51-K1-10X.jpeg,OK,Clean image,2288,1712,125.4,123.4,127.8,7.04,0.0%,0.0%,697.35
2014\K1\10X\02_03-2014_01_08-10_05-K1-10X.jpeg,OK,Clean image,2288,1712,123.9,121.5,125.8,7.43,0.0%,0.0%,795.90
2014\K1\10X\02_03-2014_01_09-09_50-K1-10X.jpeg,OK,Clean image,2288,1712,125.7,123.1,127.1,7.13,0.0%,0.0%,735.56
2014\K1\10X\02_03-2014_01_10-10_05-K1-10X.jpeg,OK,Clean image,2288,1712,138.7,135.8,139.8,8.07,0.1%,0.0%,986.89
2014\K1\10X\02_03-2014_01_11-10_04-K1-10X.jpeg,OK,Clean image,2288,1712,124.4,122.0,125.1,7.21,0.1%,0.0%,870.16
2014\K1\10X\02_03-2014_01_12-10_48-K1-10X.jpeg,OK,Clean image,2288,1712,121.0,118.5,118.7,8.89,0.1%,0.0%,1419.71
2014\K1\10X\02_03-2014_01_13-10_42-K1-10X.jpeg,OK,Clean image,2288,1712,125.5,114.7,113.8,11.60,0.0%,0.0%,1039.10
2014\K1\10X\02_03-2014_01_14-10_05-K1-10X.jpeg,OK,Clean image,2288,1712,124.4,120.5,109.6,12.32,0.0%,0.0%,1127.09
2014\K1\10X\02_03-2014_01_16-09_51-K1-10X.jpeg,OK,Clean image,2288,1712,124.7,121.5,118.0,7.33,0.0%,0.0%,621.68
2014\K1\10X\02_03-2014_01_17-09_58-K1-10X.jpeg,OK,Clean image,2288,1712,132.4,129.1,131.1,8.02,0.0%,0.0%,775.37
2014\K1\10X\02_03-2014_01_19-10_55-K1-10X.jpeg,OK,Clean image,2288,1712,122.1,121.0,103.4,15.65,0.0%,0.0%,965.82
2014\K1\10X\02_03-2014_01_21-09_56-K1-10X.jpeg,OK,Clean image,2288,1712,133.7,121.1,99.0,24.73,0.0%,0.0%,1169.68
2014\K1\10X\02_03-2014_01_22-10_01-K1-10X.jpeg,OK,Clean image,2288,1712,129.1,119.1,108.6,15.20,0.0%,0.0%,878.57
2014\K1\10X\02_03-2014_01_23-10_09-K1-10X.jpeg,OK,Clean image,2288,1712,126.2,125.6,128.2,7.89,0.0%,0.0%,665.23
2014\K1\10X\02_03-2014_01_24-10_01-K1-10X.jpeg,LOW_CONTRAST,Low color contrast (std dev: 14.9),2288,1712,127.1,124.0,125.6,5.38,0.0%,0.0%,349.82
2014\K1\10X\02_03-2014_01_25-10_08-K1-10X.jpeg,OK,Clean image,2288,1712,128.8,128.1,100.4,21.81,0.0%,0.0%,691.25
2014\K1\10X\02_03-2014_01_28-11_38-K1-10X.jpeg,OK,Clean image,2288,1712,127.0,130.8,102.6,22.04,0.1%,0.0%,1580.89
2014\K1\10X\02_03-2014_01_29-10_41-K1-10X.jpeg,OK,Clean image,2288,1712,128.9,121.5,101.0,21.52,0.0%,0.0%,887.12
2014\K1\10X\02_03-2014_01_30-10_21-K1-10X.jpeg,OK,Clean image,2288,1712,127.9,131.1,122.2,11.01,0.1%,0.0%,1250.88
2014\K1\10X\02_03-2014_01_31-09_59-K1-10X.jpeg,OK,Clean image,2288,1712,119.3,120.6,114.5,8.70,0.0%,0.0%,662.16
2014\K1\10X\02_03-2014_02_01-09_49-K1-10X.jpeg,OK,Clean image,2288,1712,123.9,124.7,124.0,8.42,0.0%,0.0%,583.53
2014\K1\10X\02_03-2014_02_07-11_06-K1-10X.jpeg,OK,Clean image,2288,1712,117.7,127.7,88.5,27.65,0.0%,0.0%,227.21
2014\K1\10X\02_03-2014_02_11-10_16-K1-10X.jpeg,OK,Clean image,2288,1712,110.1,118.5,96.2,16.05,0.0%,0.0%,1139.70
2014\K1\10X\02_03-2014_02_12-10_34-K1-10X.jpeg,OK,Clean image,2288,1712,116.9,126.8,84.7,29.60,0.1%,0.0%,1921.37
2014\K1\10X\02_03-2014_02_13-10_13-K1-10X.jpeg,OK,Clean image,2288,1712,102.9,116.8,85.3,21.54,0.0%,0.0%,1223.97
2014\K1\10X\02_03-2014_02_14-10_11-K1-10X.jpeg,OK,Clean image,2288,1712,103.5,119.0,86.5,22.07,0.0%,0.0%,1112.46
2014\K1\10X\02_03-2014_02_15-10_09-K1-10X.jpeg,OK,Clean image,2288,1712,125.3,133.2,94.7,29.07,0.0%,0.0%,967.96
2014\K1\10X\02_03-2014_02_17-09_52-K1-10X.jpeg,OK,Clean image,2288,1712,112.6,121.6,97.2,17.54,0.0%,0.0%,1221.61
2014\K1\10X\02_03-2014_02_18-10_02-K1-10X.jpeg,OK,Clean image,2288,1712,102.8,119.6,83.4,24.66,0.0%,0.0%,1337.39
2014\K1\10X\02_03-2014_02_19-09_45-K1-10X.jpeg,OK,Clean image,2288,1712,105.3,120.9,85.0,24.31,0.0%,0.0%,804.69
2014\K1\10X\02_03-2014_02_20-10_09-K1-10X.jpeg,OK,Clean image,2288,1712,120.3,135.3,86.3,33.77,0.1%,0.0%,1724.20
2014\K1\10X\02_03-2014_02_21-09_57-K1-10X.jpeg,OK,Clean image,2288,1712,113.0,134.7,94.5,27.32,0.1%,0.0%,1414.55
2014\K1\10X\02_03-2014_02_23-09_59-K1-10X.jpeg,OK,Clean image,2288,1712,111.1,136.0,92.8,29.26,0.0%,0.0%,668.83
2014\K1\10X\02_03-2014_02_24-09_45-K1-10X.jpeg,OK,Clean image,2288,1712,112.4,129.2,82.4,31.98,0.0%,0.0%,692.95
2014\K1\10X\02_03-2014_02_25-11_03-K1-10X.jpeg,OK,Clean image,2288,1712,119.9,123.2,119.3,9.03,0.0%,0.0%,99.68
2014\K1\10X\02_03-2014_02_26-10_08-K1-10X.jpeg,OK,Clean image,2288,1712,120.4,138.7,102.4,25.40,0.0%,0.0%,505.02
2014\K1\10X\02_03-2014_02_27-10_33-K1-10X.jpeg,OK,Clean image,2288,1712,117.8,136.5,90.2,32.20,0.0%,0.0%,586.27
2014\K1\10X\02_03-2014_02_28-10_02-K1-10X.jpeg,OK,Clean image,2288,1712,109.2,131.7,92.9,26.14,0.0%,0.0%,830.12
2014\K1\10X\02_03-2014_03_01-10_17-K1-10X.jpeg,OK,Clean image,2288,1712,130.4,144.2,82.9,42.35,0.0%,0.0%,530.75
2014\K1\10X\02_03-2014_03_03-10_02-K1-10X.jpeg,OK,Clean image,2288,1712,124.5,137.9,74.3,43.12,0.0%,0.0%,455.72
2014\K1\10X\02_03-2014_03_04-10_48-K1-10X.jpeg,OK,Clean image,2288,1712,127.3,149.0,81.2,45.75,0.0%,0.0%,622.32
2014\K1\10X\02_03-2014_03_05-09_46-K1-10X.jpeg,OK,Clean image,2288,1712,116.6,139.7,100.0,26.63,0.0%,0.0%,684.05
2014\K1\10X\02_03-2014_03_06-10_13-K1-10X.jpeg,OK,Clean image,2288,1712,112.2,135.0,82.2,35.48,0.0%,0.0%,296.00
2014\K1\10X\02_03-2014_03_07-09_55-K1-10X.jpeg,OK,Clean image,2288,1712,113.2,137.9,71.1,44.61,0.0%,0.0%,697.03
2014\K1\10X\02_03-2014_03_10-09_56-K1-10X.jpeg,BORDERLINE_BLUR,Borderline blurry (Laplacian var: 66.24),2288,1712,105.0,143.4,101.7,28.87,0.0%,0.0%,66.24
2014\K1\10X\02_03-2014_03_11-10_38-K1-10X.jpeg,OK,Clean image,2288,1712,98.7,140.0,70.0,47.07,0.0%,0.0%,595.62
2014\K1\10X\02_03-2014_03_12-10_01-K1-10X.jpeg,OK,Clean image,2288,1712,94.4,130.2,52.3,52.02,0.0%,0.0%,997.22
2014\K1\10X\02_03-2014_03_14-10_30-K1-10X.jpeg,OK,Clean image,2288,1712,98.1,138.9,65.1,49.54,0.0%,0.0%,547.18
2014\K1\10X\02_03-2014_03_15-10_00-K1-10X.jpeg,OK,Clean image,2288,1712,101.8,144.0,50.7,62.21,0.0%,0.3%,1631.88
2014\K1\10X\02_03-2014_03_23-09_58-K1-10X.jpeg,OK,Clean image,2288,1712,101.7,149.8,49.6,66.84,0.0%,0.4%,1702.36
2014\K1\10X\02_03-2014_03_24-10_02-K1-10X.jpeg,OK,Clean image,2288,1712,98.6,142.0,50.6,60.90,0.0%,0.1%,1188.11
2014\K1\10X\02_03-2014_03_26-10_07-K1-10X.jpeg,OK,Clean image,2288,1712,100.5,144.8,54.6,60.22,0.0%,0.0%,814.21
2014\K1\10X\02_03-2014_03_29-09_53-K1-10X.jpeg,OK,Clean image,2288,1712,93.2,134.3,57.7,51.18,0.0%,0.0%,431.88
2014\K1\10X\02_03-2014_03_31-11_08-K1-10X.jpeg,OK,Clean image,2288,1712,97.7,131.7,81.0,33.99,0.5%,0.0%,2126.48
2014\K1\10X\02_03-2014_04_01-10_00-K1-10X.jpeg,OK,Clean image,2288,1712,104.7,134.4,79.4,36.73,0.4%,0.0%,1834.15
2014\K1\10X\02_03-2014_04_08-09_46-K1-10X.jpeg,OK,Clean image,2288,1712,108.9,136.0,73.9,41.37,0.1%,0.0%,841.20
2014\K1\10X\02_03-2014_04_10-10_02-K1-10X.jpeg,OK,Clean image,2288,1712,111.0,140.6,88.1,35.07,0.0%,0.0%,574.77
2014\K1\10X\02_03-2014_04_11-10_03-K1-10X.jpeg,OK,Clean image,2288,1712,109.3,141.5,77.3,42.86,0.2%,0.0%,1385.49
2014\K1\10X\02_03-2014_04_12-09_52-K1-10X.jpeg,OK,Clean image,2288,1712,109.0,134.2,73.7,40.41,0.0%,0.0%,592.82
2014\K1\10X\02_03-2014_04_13-09_53-K1-10X.jpeg,OK,Clean image,2288,1712,111.5,138.8,73.4,43.71,0.0%,0.0%,430.27
2014\K1\10X\02_03-2014_04_17-10_00-K1-10X.jpeg,OK,Clean image,2288,1712,115.3,140.6,64.5,50.81,0.0%,0.0%,365.30
2014\K1\10X\02_03-2014_04_20-10_00-K1-10X.jpeg,OK,Clean image,2288,1712,117.7,148.9,66.2,55.19,0.0%,0.0%,359.77
2014\K1\10X\02_03-2014_04_21-10_00-K1-10X.jpeg,OK,Clean image,2288,1712,118.6,145.9,68.2,51.86,0.0%,0.0%,307.21
2014\K1\10X\02_03-2014_04_22-10_00-K1-10X.jpeg,OK,Clean image,2288,1712,112.9,145.9,65.2,53.82,0.0%,0.0%,643.00
2014\K1\10X\02_03-2014_04_23-10_00-K1-10X.jpeg,OK,Clean image,2288,1712,111.5,144.0,63.4,53.70,0.0%,0.0%,477.86
2014\K1\10X\02_03-2014_04_24-10_00-K1-10X.jpeg,OK,Clean image,2288,1712,113.1,139.3,64.3,50.03,0.0%,0.0%,446.57
2014\K1\10X\02_03-2014_04_25-10_00-K1-10X.jpeg,OK,Clean image,2288,1712,120.0,144.4,66.7,51.81,0.0%,0.0%,409.85
2014\K1\10X\02_03-2014_04_27-10_00-K1-10X.jpeg,OK,Clean image,2288,1712,113.7,138.3,66.6,47.77,0.0%,0.0%,489.60
2014\K1\10X\02_03-2014_04_28-10_57-K1-10X.jpeg,OK,Clean image,2288,1712,111.5,132.2,60.0,48.20,0.0%,0.0%,461.79
2014\K1\10X\02_03-2014_04_29-10_00-K1-10X.jpeg,OK,Clean image,2288,1712,116.5,134.0,67.9,44.14,0.0%,0.0%,273.44
2014\K1\10X\02_03-2014_04_30-10_59-K1-10X.jpeg,OK,Clean image,2288,1712,121.3,137.8,70.5,44.92,0.0%,0.0%,418.82
2014\K1\10X\02_03-2014_05_01-11_01-K1-10X.jpeg,OK,Clean image,2288,1712,110.1,122.3,60.2,41.49,0.0%,0.0%,495.37
2014\K1\10X\02_03-2014_05_02-11_02-K1-10X.jpeg,OK,Clean image,2288,1712,124.9,135.4,73.3,41.54,0.0%,0.0%,614.63
2014\K1\10X\02_03-2014_05_04-09_30-K1-10X.jpeg,OK,Clean image,2288,1712,123.2,128.6,70.5,39.36,0.0%,0.0%,516.58
2014\K1\10X\02_03-2014_05_05-10_00-K1-10X.jpeg,OK,Clean image,2288,1712,126.2,127.3,71.0,39.07,0.0%,0.0%,537.51
2014\K1\10X\02_03-2014_05_06-11_00-K1-10X.jpeg,OK,Clean image,2288,1712,141.2,138.3,78.7,42.73,0.0%,0.0%,352.28
2014\K1\10X\02_03-2014_05_07-11_00-K1-10X.jpeg,OK,Clean image,2288,1712,140.9,136.4,85.1,38.07,0.0%,0.0%,564.09
2014\K1\10X\02_03-2014_05_08-10_30-K1-10X.jpeg,OK,Clean image,2288,1712,132.8,126.4,75.5,38.62,0.0%,0.0%,295.06
2014\K1\10X\02_03-2014_05_09-09_00-K1-10X.jpeg,OK,Clean image,2288,1712,133.4,122.1,71.2,41.54,0.0%,0.0%,234.73
2014\K1\10X\02_03-2014_05_10-11_01-K1-10X.jpeg,OK,Clean image,2288,1712,148.4,134.0,89.3,39.47,0.0%,0.0%,495.58
2014\K1\10X\02_03-2014_05_11-11_01-K1-10X.jpeg,OK,Clean image,2288,1712,149.5,133.8,88.8,40.47,0.0%,0.0%,476.97
2014\K1\10X\02_03-2014_05_12-10_00-K1-10X.jpeg,OK,Clean image,2288,1712,139.5,122.6,77.3,41.51,0.0%,0.0%,249.45
2014\K1\10X\02_03-2014_05_13-10_00-K1-10X.jpeg,OK,Clean image,2288,1712,147.5,127.1,76.3,47.50,0.0%,0.0%,225.73
2014\K1\10X\02_03-2014_05_14-11_03-K1-10X.jpeg,OK,Clean image,2288,1712,147.3,127.5,86.5,40.51,0.0%,0.0%,307.10
2014\K1\10X\02_03-2014_05_15-10_00-K1-10X.jpeg,OK,Clean image,2288,1712,122.9,124.0,127.8,5.73,0.0%,0.0%,621.94
2014\K1\10X\02_03-2014_05_16-10_00-K1-10X.jpeg,OK,Clean image,2288,1712,122.9,123.3,126.4,5.31,0.0%,0.0%,548.88
2014\K1\10X\02_03-2014_05_17-08_30-K1-10X.jpeg,OK,Clean image,2288,1712,124.8,124.2,123.2,4.90,0.0%,0.0%,612.27
2014\K1\10X\02_03-2014_05_18-08_30-K1-10X.jpeg,OK,Clean image,2288,1712,126.9,124.4,122.5,5.54,0.0%,0.0%,647.34
2014\K1\10X\02_03-2014_05_19-08_30-K1-10X.jpeg,OK,Clean image,2288,1712,122.0,123.2,127.5,6.20,0.0%,0.0%,650.26
2014\K1\10X\02_03-2014_05_20-11_00-K1-10X.jpeg,OK,Clean image,2288,1712,140.7,128.4,101.6,26.16,0.0%,0.0%,685.09
2014\K1\10X\02_03-2014_05_21-10_12-K1-10X.jpeg,OK,Clean image,2288,1712,123.2,120.8,113.8,7.78,0.0%,0.0%,560.57
2014\K1\10X\02_03-2014_05_22-10_00-K1-10X.jpeg,OK,Clean image,2288,1712,142.0,121.1,80.4,41.02,0.0%,0.0%,379.65
2014\K1\10X\02_03-2014_05_23-10_00-K1-10X.jpeg,OK,Clean image,2288,1712,125.1,125.2,130.8,7.11,0.0%,0.0%,604.01
2014\K1\10X\02_03-2014_05_24-09_00-K1-10X.jpeg,OK,Clean image,2288,1712,157.3,131.3,81.4,50.54,0.0%,0.0%,554.95
2014\K1\10X\02_03-2014_05_25-10_00-K1-10X.jpeg,OK,Clean image,2288,1712,135.6,127.7,115.0,14.20,0.0%,0.0%,878.93
2014\K1\10X\02_03-2014_05_26-11_14-K1-10X.jpeg,OK,Clean image,2288,1712,137.5,130.8,121.4,11.51,0.0%,0.0%,845.06
2014\K1\10X\02_03-2014_05_27-11_30-K1-10X.jpeg,OK,Clean image,2288,1712,128.5,127.4,123.9,6.34,0.0%,0.0%,763.92
2014\K1\10X\02_03-2014_05_28-11_30-K1-10X.jpeg,OK,Clean image,2288,1712,126.5,127.9,127.5,6.11,0.0%,0.0%,820.82
2014\K1\10X\02_03-2014_05_29-10_00-K1-10X.jpeg,OK,Clean image,2288,1712,124.4,125.7,130.0,6.76,0.0%,0.0%,301.47
2014\K1\10X\02_03-2014_05_31-10_50-K1-10X.jpeg,OK,Clean image,2288,1712,129.2,127.6,128.2,5.74,0.0%,0.0%,684.52
2014\K1\10X\02_03-2014_06_01-10_51-K1-10X.jpeg,OK,Clean image,2288,1712,130.8,127.0,122.3,7.98,0.0%,0.0%,904.80
2014\K1\10X\02_03-2014_06_02-10_53-K1-10X.jpeg,OK,Clean image,2288,1712,126.1,127.6,130.7,6.24,0.0%,0.0%,709.42
2014\K1\10X\02_03-2014_06_03-10_49-K1-10X.jpeg,OK,Clean image,2288,1712,117.3,119.0,122.9,6.66,0.0%,0.0%,781.88
2014\K1\10X\02_03-2014_06_04-10_08-K1-10X.jpeg,OK,Clean image,2288,1712,127.3,128.5,132.3,6.98,0.0%,0.0%,843.51
2014\K1\10X\02_03-2014_06_05-10_00-K1-10X.jpeg,OK,Clean image,2288,1712,128.0,122.3,117.4,7.30,0.0%,0.0%,370.57
2014\K1\10X\02_03-2014_06_06-10_10-K1-10X.jpeg,OK,Clean image,2288,1712,145.0,119.1,71.4,49.03,0.0%,0.0%,431.16
2014\K1\10X\02_03-2014_06_07-10_11-K1-10X.jpeg,OK,Clean image,2288,1712,127.2,127.4,130.9,5.41,0.0%,0.0%,781.80
2014\K1\10X\02_03-2014_06_08-10_12-K1-10X.jpeg,OK,Clean image,2288,1712,132.9,132.5,135.4,4.81,0.0%,0.0%,721.91
2014\K1\10X\02_03-2014_06_09-10_18-K1-10X.jpeg,OK,Clean image,2288,1712,124.7,124.7,128.1,5.11,0.0%,0.0%,825.58
2014\K1\10X\02_03-2014_06_10-10_19-K1-10X.jpeg,OK,Clean image,2288,1712,132.1,131.9,134.7,4.90,0.0%,0.0%,820.75
2014\K1\10X\02_03-2014_06_11-10_00-K1-10X.jpeg,OK,Clean image,2288,1712,127.4,125.6,129.2,5.03,0.0%,0.0%,818.62
2014\K1\10X\02_03-2014_06_17-09_30-K1-10X.jpeg,OK,Clean image,2288,1712,138.9,118.8,82.5,37.62,0.1%,0.0%,1470.64
2014\K1\10X\02_03-2014_06_18-11_30-K1-10X.jpeg,OK,Clean image,2288,1712,134.4,118.4,88.0,30.96,0.1%,0.0%,1704.91
2014\K1\10X\02_03-2014_06_19-11_14-K1-10X.jpeg,OK,Clean image,2288,1712,152.7,132.0,93.2,39.71,0.2%,0.0%,1597.81
2014\K1\10X\02_03-2014_06_21-09_30-K1-10X.jpeg,OK,Clean image,2288,1712,137.4,118.5,83.7,35.86,0.1%,0.0%,1570.69
2014\K1\10X\02_03-2014_06_22-09_00-K1-10X.jpeg,OK,Clean image,2288,1712,138.0,118.4,83.2,36.60,0.1%,0.0%,1559.89
2014\K1\10X\02_03-2014_06_23-09_00-K1-10X.jpeg,OK,Clean image,2288,1712,138.5,119.5,83.2,36.90,0.1%,0.0%,960.45
2014\K1\10X\02_03-2014_06_24-10_00-K1-10X.jpeg,OK,Clean image,2288,1712,136.5,118.7,84.7,34.60,0.1%,0.0%,1593.34
2014\K1\10X\02_03-2014_06_25-10_00-K1-10X.jpeg,OK,Clean image,2288,1712,137.5,118.8,82.8,36.43,0.1%,0.0%,1492.63
2014\K1\10X\02_03-2014_07_02-10_00-K1-10X.jpeg,OK,Clean image,2288,1712,144.1,122.5,84.3,39.91,0.1%,0.0%,728.36
2014\K1\10X\02_03-2014_07_08-10_00-K1-10X.jpeg,OK,Clean image,2288,1712,143.3,122.8,88.1,36.80,0.2%,0.0%,1692.08
2014\K1\10X\02_03-2014_07_09-10_41-K1-10X.jpeg,OK,Clean image,2288,1712,149.6,131.1,96.4,35.53,0.2%,0.0%,1786.55
2014\K1\10X\02_03-2014_07_10-09_30-K1-10X.jpeg,OK,Clean image,2288,1712,136.9,119.3,84.5,34.96,0.1%,0.0%,1559.14
2014\K1\10X\02_03-2014_07_19-09_00-K1-10X.jpeg,OK,Clean image,2288,1712,145.1,124.5,89.6,36.99,0.1%,0.0%,1484.70
2014\K1\10X\02_03-2014_07_31-10_28-K1-10X.jpeg,OK,Clean image,2288,1712,151.7,132.1,95.8,37.28,0.1%,0.0%,1053.01
2014\K1\10X\02_03-2014_08_07-10_00-K1-10X.jpeg,OK,Clean image,2288,1712,136.6,117.9,87.6,32.68,0.1%,0.0%,1615.97
2014\K1\10X\02_03-2014_08_08-10_00-K1-10X.jpeg,OK,Clean image,2288,1712,141.4,123.9,92.5,32.66,0.1%,0.0%,1583.37
2014\K1\10X\02_03-2014_08_09-09_30-K1-10X.jpeg,OK,Clean image,2288,1712,134.9,118.5,88.6,30.90,0.1%,0.0%,1525.73
2014\K1\10X\02_03-2014_08_10-10_00-K1-10X.jpeg,OK,Clean image,2288,1712,136.2,118.9,87.9,32.29,0.1%,0.0%,1510.88
2014\K1\10X\02_03-2014_08_11-10_00-K1-10X.jpeg,OK,Clean image,2288,1712,135.2,119.7,88.6,31.12,0.1%,0.0%,1403.47
2014\K1\10X\02_03-2014_08_18-10_00-K1-10X.jpeg,OK,Clean image,2288,1712,138.0,119.8,85.8,34.86,0.0%,0.0%,565.47
2014\K1\10X\02_03-2014_08_19-10_00-K1-10X.jpeg,OK,Clean image,2288,1712,147.9,125.7,84.5,42.28,0.0%,0.0%,577.44
2014\K1\10X\02_03-2014_08_20-10_00-K1-10X.jpeg,OK,Clean image,2288,1712,136.1,118.9,87.5,32.40,0.1%,0.0%,1393.59
2014\K1\10X\02_03-2014_08_21-10_00-K1-10X.jpeg,OK,Clean image,2288,1712,146.3,126.7,93.0,35.58,0.1%,0.0%,1547.98
2014\K1\10X\02_03-2014_08_22-09_00-K1-10X.jpeg,OK,Clean image,2288,1712,151.6,132.2,96.1,36.99,0.2%,0.0%,1620.35
2014\K1\10X\02_03-2014_08_23-10_00-K1-10X.jpeg,OK,Clean image,2288,1712,136.9,118.8,84.4,35.03,0.1%,0.0%,1345.08
2014\K1\10X\02_03-2014_08_24-09_30-K1-10X.jpeg,OK,Clean image,2288,1712,139.0,120.4,82.9,37.39,0.0%,0.0%,316.82
2014\K1\10X\02_03-2014_08_25-09_30-K1-10X.jpeg,OK,Clean image,2288,1712,137.6,119.2,83.6,35.99,0.1%,0.0%,1244.94
2014\K1\10X\02_03-2014_08_26-10_00-K1-10X.jpeg,OK,Clean image,2288,1712,147.3,125.3,83.0,42.85,0.0%,0.0%,1030.09
2014\K1\10X\02_03-2014_08_28-10_00-K1-10X.jpeg,OK,Clean image,2288,1712,137.2,119.8,85.1,34.75,0.1%,0.0%,1388.17
2014\K1\10X\02_03-2014_08_29-09_30-K1-10X.jpeg,OK,Clean image,2288,1712,137.3,120.3,86.6,33.84,0.1%,0.0%,1295.02
2014\K1\10X\02_03-2014_08_30-10_00-K1-10X.jpeg,OK,Clean image,2288,1712,138.2,119.6,85.3,35.25,0.1%,0.0%,1350.06
2014\K1\10X\02_03-2014_08_31-10_00-K1-10X.jpeg,OK,Clean image,2288,1712,140.7,122.1,87.6,35.39,0.1%,0.0%,1548.65
2014\K1\10X\02_03-2014_09_01-10_00-K1-10X.jpeg,OK,Clean image,2288,1712,137.5,120.0,86.1,34.29,0.1%,0.0%,1415.59
2014\K1\10X\02_03-2014_09_02-10_00-K1-10X.jpeg,OK,Clean image,2288,1712,139.2,121.8,87.3,34.61,0.0%,0.0%,1195.40
2014\K1\10X\02_03-2014_09_03-10_00-K1-10X.jpeg,OK,Clean image,2288,1712,136.4,120.1,88.9,31.70,0.1%,0.0%,1225.20
2014\K1\10X\02_03-2014_09_04-10_00-K1-10X.jpeg,OK,Clean image,2288,1712,137.1,119.9,88.3,32.53,0.1%,0.0%,1318.39
2014\K1\10X\02_03-2014_09_05-10_00-K1-10X.jpeg,OK,Clean image,2288,1712,136.5,120.1,89.7,31.22,0.0%,0.0%,1178.11
2014\K1\10X\02_03-2014_09_06-09_00-K1-10X.jpeg,OK,Clean image,2288,1712,136.6,119.5,88.0,32.45,0.1%,0.0%,1219.32
2014\K1\10X\02_03-2014_09_07-10_00-K1-10X.jpeg,OK,Clean image,2288,1712,143.4,124.7,92.3,34.13,0.1%,0.0%,1438.63
2014\K1\10X\02_03-2014_09_08-11_11-K1-10X.jpeg,OK,Clean image,2288,1712,138.4,120.1,89.4,32.67,0.1%,0.0%,1372.53
2014\K1\10X\02_03-2014_09_09-09_30-K1-10X.jpeg,OK,Clean image,2288,1712,137.6,120.3,87.2,33.60,0.0%,0.0%,92.44
2014\K1\10X\02_03-2014_09_10-11_20-K1-10X.jpeg,OK,Clean image,2288,1712,138.0,119.7,89.1,32.61,0.0%,0.0%,1321.82
2014\K1\10X\02_03-2014_09_11-10_00-K1-10X.jpeg,OK,Clean image,2288,1712,136.7,118.8,88.7,32.04,0.1%,0.0%,1462.12
2014\K1\10X\02_03-2014_09_12-11_45-K1-10X.jpeg,OK,Clean image,2288,1712,130.0,115.5,90.3,26.52,0.0%,0.0%,1497.70
2014\K1\10X\02_03-2014_09_13-10_00-K1-10X.jpeg,OK,Clean image,2288,1712,136.9,119.3,89.4,31.72,0.1%,0.0%,1482.63
2014\K1\10X\02_03-2014_09_14-10_37-K1-10X.jpeg,OK,Clean image,2288,1712,139.3,120.9,86.1,35.51,0.0%,0.0%,96.80
2014\K1\10X\02_03-2014_09_15-10_00-K1-10X.jpeg,OK,Clean image,2288,1712,135.5,119.4,89.5,30.69,0.1%,0.0%,1392.46
2014\K1\10X\02_03-2014_09_16-10_00-K1-10X.jpeg,OK,Clean image,2288,1712,136.1,119.2,89.0,31.44,0.1%,0.0%,1341.50
2014\K1\10X\02_03-2014_09_17-10_39-K1-10X.jpeg,OK,Clean image,2288,1712,136.9,118.8,88.3,32.36,0.1%,0.0%,1426.49
2014\K1\10X\02_03-2014_09_19-09_30-K1-10X.jpeg,OK,Clean image,2288,1712,137.8,121.5,93.5,29.54,0.1%,0.0%,1500.54
2014\K1\10X\02_03-2014_09_20-10_00-K1-10X.jpeg,OK,Clean image,2288,1712,137.2,119.6,90.4,31.27,0.1%,0.0%,1580.67
2014\K1\10X\02_03-2014_09_21-10_00-K1-10X.jpeg,OK,Clean image,2288,1712,138.2,119.8,89.6,32.43,0.2%,0.0%,1730.08
2014\K1\10X\02_03-2014_09_22-10_20-K1-10X.jpeg,OK,Clean image,2288,1712,132.1,120.5,110.5,15.23,1.0%,0.0%,2190.72
2014\K1\10X\02_03-2014_09_23-10_00-K1-10X.jpeg,OK,Clean image,2288,1712,125.4,114.1,103.2,15.43,0.8%,0.0%,2172.25
2014\K1\10X\02_03-2014_09_24-10_00-K1-10X.jpeg,OK,Clean image,2288,1712,146.8,121.3,93.4,35.63,0.3%,0.0%,1416.00
2014\K1\10X\02_03-2014_09_25-10_06-K1-10X.jpeg,OK,Clean image,2288,1712,131.1,114.1,97.1,22.79,0.6%,0.0%,2250.55
2014\K1\10X\02_03-2014_10_06-10_00-K1-10X.jpeg,OK,Clean image,2288,1712,129.1,114.0,110.8,13.60,0.4%,0.0%,2462.47
2014\K1\10X\02_03-2014_10_07-10_40-K1-10X.jpeg,OK,Clean image,2288,1712,137.3,112.9,101.4,24.19,0.6%,0.0%,2961.79
2014\K1\10X\02_03-2014_10_18-10_42-K1-10X.jpeg,OK,Clean image,2288,1712,155.7,114.7,89.4,44.22,0.2%,0.0%,1287.49
2014\K1\10X\02_03-2014_10_19-10_10-K1-10X.jpeg,OK,Clean image,2288,1712,156.2,112.8,85.0,47.43,0.0%,0.0%,190.36
2014\K1\10X\02_03-2014_10_20-09_00-K1-10X.jpeg,OK,Clean image,2288,1712,116.7,117.2,117.7,7.23,0.3%,0.0%,1634.41
2014\K1\10X\02_03-2014_10_21-10_04-K1-10X.jpeg,OK,Clean image,2288,1712,126.6,115.1,106.1,14.17,0.5%,0.0%,2536.86
2014\K1\10X\02_03-2014_10_22-10_00-K1-10X.jpeg,OK,Clean image,2288,1712,129.5,119.7,116.9,9.42,0.3%,0.0%,1716.74
2014\K1\10X\02_03-2014_10_23-10_00-K1-10X.jpeg,OK,Clean image,2288,1712,153.4,126.5,107.9,30.38,0.4%,0.0%,1492.16
2014\K1\10X\02_03-2014_10_24-10_07-K1-10X.jpeg,OK,Clean image,2288,1712,129.7,118.5,116.4,10.36,0.3%,0.0%,1811.74
2014\K1\10X\02_03-2014_10_25-10_00-K1-10X.jpeg,OK,Clean image,2288,1712,125.6,118.0,119.8,8.34,0.3%,0.0%,1694.01
2014\K1\10X\02_03-2014_10_26-09_30-K1-10X.jpeg,OK,Clean image,2288,1712,153.2,114.5,90.1,42.12,0.2%,0.0%,1217.47
2014\K1\10X\02_03-2014_10_27-10_00-K1-10X.jpeg,OK,Clean image,2288,1712,149.4,112.0,87.1,41.64,0.2%,0.0%,1214.83
2014\K1\10X\02_03-2014_10_28-08_30-K1-10X.jpeg,OK,Clean image,2288,1712,139.8,114.6,100.6,26.23,0.1%,0.0%,1064.24
2014\K1\10X\02_03-2014_10_29-10_25-K1-10X.jpeg,OK,Clean image,2288,1712,147.2,113.6,91.5,37.18,0.2%,0.0%,2319.95
2014\K1\10X\02_03-2014_10_30-10_00-K1-10X.jpeg,OK,Clean image,2288,1712,158.8,112.7,104.4,36.28,0.0%,0.0%,709.35
2014\K1\10X\02_03-2014_11_01-10_00-K1-10X.jpeg,OK,Clean image,2288,1712,163.4,123.3,97.2,44.16,0.2%,0.0%,1364.23
2014\K1\10X\02_03-2014_11_02-10_00-K1-10X.jpeg,OK,Clean image,2288,1712,141.4,114.1,100.0,27.76,0.4%,0.0%,3096.88
2014\K1\10X\02_03-2014_11_04-10_43-K1-10X.jpeg,OK,Clean image,2288,1712,142.4,110.6,89.9,35.04,0.3%,0.0%,2982.38
2014\K1\10X\02_03-2014_11_05-10_00-K1-10X.jpeg,OK,Clean image,2288,1712,139.2,112.1,97.3,28.02,0.3%,0.0%,3000.67
2014\K1\10X\02_03-2014_11_06-10_00-K1-10X.jpeg,OK,Clean image,2288,1712,136.0,109.7,95.8,26.93,0.3%,0.0%,2997.48
2014\K1\10X\02_03-2014_11_07-10_01-K1-10X.jpeg,OK,Clean image,2288,1712,138.3,112.5,98.5,26.66,0.3%,0.0%,2873.68
2014\K1\10X\02_03-2014_11_08-09_30-K1-10X.jpeg,OK,Clean image,2288,1712,142.9,120.6,106.3,24.43,0.3%,0.0%,2180.88
2014\K1\10X\02_03-2014_11_11-09_30-K1-10X.jpeg,OK,Clean image,2288,1712,139.8,117.1,100.4,26.28,0.1%,0.0%,1626.23
2014\K1\10X\02_03-2014_11_12-09_30-K1-10X.jpeg,OK,Clean image,2288,1712,142.8,119.2,103.2,26.43,0.1%,0.0%,1722.05
2014\K1\10X\02_03-2014_11_13-10_00-K1-10X.jpeg,OK,Clean image,2288,1712,153.7,121.6,98.9,36.53,0.1%,0.0%,1589.47
2014\K1\10X\02_03-2014_11_14-10_05-K1-10X.jpeg,OK,Clean image,2288,1712,150.1,117.1,93.2,37.94,0.1%,0.0%,1467.23
2014\K1\10X\02_03-2014_11_15-10_05-K1-10X.jpeg,OK,Clean image,2288,1712,156.6,120.9,92.4,42.80,0.0%,0.0%,629.48
2014\K1\10X\02_03-2014_11_16-10_00-K1-10X.jpeg,OK,Clean image,2288,1712,170.7,126.3,93.0,51.81,0.1%,0.0%,772.38
2014\K1\10X\02_03-2014_11_17-10_00-K1-10X.jpeg,OK,Clean image,2288,1712,158.7,119.2,96.4,41.59,0.1%,0.0%,1008.08
2014\K1\10X\02_03-2014_11_18-10_00-K1-10X.jpeg,OK,Clean image,2288,1712,147.2,124.6,109.5,25.18,0.2%,0.0%,2064.04
2014\K1\10X\02_03-2014_11_19-10_00-K1-10X.jpeg,OK,Clean image,2288,1712,140.8,118.6,104.4,24.31,0.2%,0.0%,1721.46
2014\K1\10X\02_03-2014_11_20-10_00-K1-10X.jpeg,OK,Clean image,2288,1712,157.1,116.7,90.7,44.28,0.0%,0.0%,799.00
2014\K1\10X\02_03-2014_11_21-10_01-K1-10X.jpeg,OK,Clean image,2288,1712,152.5,116.8,115.3,25.52,0.0%,0.0%,731.09
2014\K1\10X\02_03-2014_11_22-10_01-K1-10X.jpeg,OK,Clean image,2288,1712,158.2,116.0,102.2,37.30,0.1%,0.0%,704.27
2014\K1\10X\02_03-2014_11_23-10_02-K1-10X.jpeg,OK,Clean image,2288,1712,132.7,113.0,105.3,18.69,0.2%,0.0%,2504.00
2014\K1\10X\02_03-2014_11_24-10_00-K1-10X.jpeg,OK,Clean image,2288,1712,158.8,121.2,101.4,38.23,0.2%,0.0%,1198.53
2014\K1\10X\02_03-2014_11_25-10_31-K1-10X.jpeg,OK,Clean image,2288,1712,140.3,113.3,98.0,28.25,0.3%,0.0%,1994.59
2014\K1\10X\02_03-2014_11_27-10_00-K1-10X.jpeg,OK,Clean image,2288,1712,130.9,112.4,103.6,18.47,0.2%,0.0%,2215.18
2014\K1\10X\02_03-2014_11_28-10_00-K1-10X.jpeg,OK,Clean image,2288,1712,143.7,117.3,97.7,30.64,0.2%,0.0%,1506.90
2014\K1\10X\02_03-2014_11_29-10_00-K1-10X.jpeg,OK,Clean image,2288,1712,135.6,117.8,110.7,17.02,0.3%,0.0%,2184.43
2014\K1\10X\02_03-2014_11_30-10_00-K1-10X.jpeg,OK,Clean image,2288,1712,147.7,119.0,98.8,32.60,0.2%,0.0%,1320.07
2014\K1\10X\02_03-2014_12_01-09_30-K1-10X.jpeg,OK,Clean image,2288,1712,143.3,113.4,97.5,30.48,0.1%,0.0%,960.02
2014\K1\10X\02_03-2014_12_04-10_00-K1-10X.jpeg,OK,Clean image,2288,1712,151.3,115.7,91.1,40.15,0.1%,0.0%,1124.21
2014\K1\10X\02_03-2014_12_07-10_00-K1-10X.jpeg,OK,Clean image,2288,1712,142.5,113.4,91.1,34.32,0.1%,0.0%,1109.15
2014\K1\10X\02_03-2014_12_08-10_00-K1-10X.jpeg,OK,Clean image,2288,1712,148.8,122.3,81.7,44.91,0.1%,0.0%,1295.19
2014\K1\10X\02_03-2014_12_09-10_35-K1-10X.jpeg,OK,Clean image,2288,1712,138.2,118.4,83.6,36.94,0.1%,0.0%,1733.21
2014\K1\10X\02_03-2014_12_11-10_00-K1-10X.jpeg,OK,Clean image,2288,1712,128.5,126.0,97.4,23.08,0.1%,0.0%,2259.27
2014\K1\10X\02_03-2014_12_13-11_21-K1-10X.jpeg,OK,Clean image,2288,1712,140.4,119.3,81.3,40.23,0.0%,0.0%,946.33
2014\K1\10X\02_03-2014_12_14-10_00-K1-10X.jpeg,OK,Clean image,2288,1712,139.2,117.8,81.0,39.66,0.0%,0.0%,1151.47
2014\K1\10X\02_03-2014_12_16-10_00-K1-10X.jpeg,OK,Clean image,2288,1712,128.5,125.4,80.3,34.55,0.6%,0.1%,3757.68
2014\K1\10X\02_03-2014_12_17-10_50-K1-10X.jpeg,OK,Clean image,2288,1712,129.2,122.6,75.3,38.20,0.4%,0.2%,3690.64
2014\K1\10X\02_03-2014_12_18-10_51-K1-10X.jpeg,OK,Clean image,2288,1712,138.2,121.5,72.3,45.36,0.0%,0.0%,1004.16
2014\K1\10X\02_03-2014_12_19-10_00-K1-10X.jpeg,OK,Clean image,2288,1712,138.5,120.9,82.0,39.10,0.0%,0.0%,1162.02
2014\K1\10X\02_03-2014_12_20-10_00-K1-10X.jpeg,OK,Clean image,2288,1712,129.1,117.5,110.0,17.22,0.0%,0.0%,1065.94
2014\K1\10X\02_03-2014_12_24-10_00-K1-10X.jpeg,OK,Clean image,2288,1712,124.7,127.6,72.0,39.53,0.3%,0.2%,3558.37
2014\K1\10X\02_03-2014_12_25-08_30-K1-10X.jpeg,OK,Clean image,2288,1712,127.1,131.0,86.3,30.81,0.3%,0.0%,3040.50
2014\K1\10X\02_03-2014_12_26-10_00-K1-10X.jpeg,OK,Clean image,2288,1712,126.7,129.1,74.4,38.82,0.1%,0.1%,2986.81
2014\K1\10X\02_03-2014_12_27-09_31-K1-10X.jpeg,OK,Clean image,2288,1712,131.1,123.2,73.1,41.30,0.0%,0.0%,1327.69
2014\K1\10X\02_03-2014_12_29-10_00-K1-10X.jpeg,OK,Clean image,2288,1712,122.1,121.1,120.4,11.41,0.0%,0.0%,944.03
2014\K1\10X\02_03-2014_12_30-09_00-K1-10X.jpeg,OK,Clean image,2288,1712,128.2,128.6,127.5,11.03,0.0%,0.0%,741.42
2014\K1\10X\02_03-2014_12_31-11_07-K1-10X.jpeg,OK,Clean image,2288,1712,123.9,123.0,67.8,41.74,0.0%,0.0%,1305.36
2014\K1\1X\02_03-2014_01_02-11_07-K1-1X.jpeg,OK,Clean image,2288,1712,143.8,132.6,112.5,21.60,0.0%,0.0%,494.04
2014\K1\1X\02_03-2014_01_03-10_15-K1-1X.jpeg,OK,Clean image,2288,1712,134.8,131.7,127.1,7.00,0.0%,0.0%,389.57
2014\K1\1X\02_03-2014_01_06-09_58-K1-1X.jpeg,OK,Clean image,2288,1712,138.4,137.3,139.8,5.87,0.0%,0.0%,379.09
2014\K1\1X\02_03-2014_01_07-09_52-K1-1X.jpeg,OK,Clean image,2288,1712,138.3,136.7,140.0,5.87,0.0%,0.0%,363.52
2014\K1\1X\02_03-2014_01_08-10_06-K1-1X.jpeg,OK,Clean image,2288,1712,135.9,135.3,136.5,5.93,0.0%,0.0%,418.94
2014\K1\1X\02_03-2014_01_09-09_51-K1-1X.jpeg,OK,Clean image,2288,1712,138.0,136.8,138.7,5.68,0.0%,0.0%,368.73
2014\K1\1X\02_03-2014_01_10-10_07-K1-1X.jpeg,OK,Clean image,2288,1712,130.9,130.1,132.9,5.55,0.0%,0.0%,360.07
2014\K1\1X\02_03-2014_01_11-10_38-K1-1X.jpeg,OK,Clean image,2288,1712,136.7,134.9,136.4,6.42,0.0%,0.0%,641.28
2014\K1\1X\02_03-2014_01_12-10_50-K1-1X.jpeg,OK,Clean image,2288,1712,139.7,138.3,140.0,6.86,0.0%,0.0%,649.54
2014\K1\1X\02_03-2014_01_13-10_43-K1-1X.jpeg,OK,Clean image,2288,1712,139.2,137.5,138.8,9.17,0.0%,0.0%,476.82
2014\K1\1X\02_03-2014_01_14-10_06-K1-1X.jpeg,OK,Clean image,2288,1712,137.7,134.6,133.1,7.52,0.0%,0.0%,498.28
2014\K1\1X\02_03-2014_01_16-09_52-K1-1X.jpeg,OK,Clean image,2288,1712,140.7,137.6,129.2,9.23,0.0%,0.0%,274.89
2014\K1\1X\02_03-2014_01_17-10_00-K1-1X.jpeg,OK,Clean image,2288,1712,138.4,136.7,133.3,6.79,0.0%,0.0%,350.46
2014\K1\1X\02_03-2014_01_19-10_57-K1-1X.jpeg,OK,Clean image,2288,1712,139.9,136.3,128.7,10.03,0.0%,0.0%,385.54
2014\K1\1X\02_03-2014_01_21-09_57-K1-1X.jpeg,OK,Clean image,2288,1712,146.5,140.4,127.7,14.81,0.0%,0.0%,492.06
2014\K1\1X\02_03-2014_01_22-10_03-K1-1X.jpeg,OK,Clean image,2288,1712,140.8,138.7,138.9,7.62,0.0%,0.0%,243.12
2014\K1\1X\02_03-2014_01_23-10_11-K1-1X.jpeg,OK,Clean image,2288,1712,136.0,134.4,137.8,6.25,0.0%,0.0%,283.89
2014\K1\1X\02_03-2014_01_24-10_03-K1-1X.jpeg,OK,Clean image,2288,1712,127.7,126.3,129.2,6.61,0.0%,0.0%,144.09
2014\K1\1X\02_03-2014_01_25-10_10-K1-1X.jpeg,OK,Clean image,2288,1712,141.5,140.7,114.6,20.55,0.0%,0.0%,297.69
2014\K1\1X\02_03-2014_01_26-09_46-K1-1X.jpeg,OK,Clean image,2288,1712,140.6,140.8,142.7,10.42,0.0%,0.0%,391.19
2014\K1\1X\02_03-2014_01_27-09_47-K1-1X.jpeg,OK,Clean image,2288,1712,128.4,131.5,132.3,9.16,0.0%,0.0%,215.11
2014\K1\1X\02_03-2014_01_28-11_40-K1-1X.jpeg,OK,Clean image,2288,1712,135.2,136.2,136.5,7.86,0.0%,0.0%,400.32
2014\K1\1X\02_03-2014_01_29-10_10-K1-1X.jpeg,OK,Clean image,2288,1712,143.8,141.5,119.4,19.75,0.0%,0.0%,249.73
2014\K1\1X\02_03-2014_01_30-10_23-K1-1X.jpeg,OK,Clean image,2288,1712,134.0,142.5,120.8,15.40,0.0%,0.0%,409.65
2014\K1\1X\02_03-2014_01_31-10_01-K1-1X.jpeg,OK,Clean image,2288,1712,132.7,139.5,115.7,16.68,0.0%,0.0%,286.20
2014\K1\1X\02_03-2014_02_01-09_51-K1-1X.jpeg,OK,Clean image,2288,1712,132.3,138.5,125.2,10.35,0.0%,0.0%,309.00
2014\K1\1X\02_03-2014_02_07-11_08-K1-1X.jpeg,OK,Clean image,2288,1712,121.8,135.5,83.2,35.40,0.0%,0.0%,485.41
2014\K1\1X\02_03-2014_02_11-09_45-K1-1X.jpeg,OK,Clean image,2288,1712,136.1,141.1,124.3,12.29,0.0%,0.0%,272.08
2014\K1\1X\02_03-2014_02_12-10_35-K1-1X.jpeg,OK,Clean image,2288,1712,123.1,138.5,79.5,39.56,0.0%,0.0%,443.41
2014\K1\1X\02_03-2014_02_13-10_15-K1-1X.jpeg,OK,Clean image,2288,1712,121.5,139.8,86.5,35.58,0.0%,0.0%,355.24
2014\K1\1X\02_03-2014_02_14-10_13-K1-1X.jpeg,OK,Clean image,2288,1712,122.6,141.5,87.7,35.96,0.0%,0.0%,317.68
2014\K1\1X\02_03-2014_02_15-10_10-K1-1X.jpeg,OK,Clean image,2288,1712,128.0,150.3,98.4,35.22,0.0%,0.0%,297.86
2014\K1\1X\02_03-2014_02_17-09_54-K1-1X.jpeg,OK,Clean image,2288,1712,122.3,143.4,89.1,36.25,0.0%,0.0%,350.17
2014\K1\1X\02_03-2014_02_18-10_03-K1-1X.jpeg,OK,Clean image,2288,1712,123.5,141.8,80.7,40.90,0.0%,0.0%,331.93
2014\K1\1X\02_03-2014_02_19-09_47-K1-1X.jpeg,OK,Clean image,2288,1712,123.1,136.9,76.2,40.58,0.0%,0.0%,230.94
2014\K1\1X\02_03-2014_02_20-10_10-K1-1X.jpeg,OK,Clean image,2288,1712,124.6,142.3,75.9,44.45,0.0%,0.0%,341.14
2014\K1\1X\02_03-2014_02_21-09_58-K1-1X.jpeg,OK,Clean image,2288,1712,127.2,147.1,81.8,43.63,0.0%,0.0%,307.17
2014\K1\1X\02_03-2014_02_23-10_00-K1-1X.jpeg,OK,Clean image,2288,1712,127.8,148.3,82.6,43.91,0.0%,0.0%,327.36
2014\K1\1X\02_03-2014_02_24-09_47-K1-1X.jpeg,OK,Clean image,2288,1712,128.2,147.5,78.4,46.23,0.0%,0.0%,245.04
2014\K1\1X\02_03-2014_02_25-11_04-K1-1X.jpeg,OK,Clean image,2288,1712,140.3,140.5,138.0,6.68,0.0%,0.0%,170.26
2014\K1\1X\02_03-2014_02_26-10_09-K1-1X.jpeg,OK,Clean image,2288,1712,118.7,142.4,94.8,31.87,0.0%,0.0%,119.43
2014\K1\1X\02_03-2014_02_27-10_34-K1-1X.jpeg,OK,Clean image,2288,1712,119.6,144.0,89.1,36.78,0.0%,0.0%,139.45
2014\K1\1X\02_03-2014_02_28-10_03-K1-1X.jpeg,OK,Clean image,2288,1712,124.8,149.0,89.5,39.71,0.0%,0.0%,160.41
2014\K1\1X\02_03-2014_03_01-10_18-K1-1X.jpeg,OK,Clean image,2288,1712,129.9,151.7,85.1,44.56,0.0%,0.0%,129.59
2014\K1\1X\02_03-2014_03_03-10_03-K1-1X.jpeg,OK,Clean image,2288,1712,124.0,140.8,74.0,44.60,0.0%,0.0%,96.66
2014\K1\1X\02_03-2014_03_04-10_49-K1-1X.jpeg,BORDERLINE_BLUR,Borderline blurry (Laplacian var: 77.11),2288,1712,112.2,134.3,71.5,41.92,0.0%,0.0%,77.11
2014\K1\1X\02_03-2014_03_05-09_47-K1-1X.jpeg,OK,Clean image,2288,1712,125.3,148.9,83.2,43.81,0.0%,0.0%,124.80
2014\K1\1X\02_03-2014_03_06-10_14-K1-1X.jpeg,BORDERLINE_BLUR,Borderline blurry (Laplacian var: 61.62),2288,1712,111.5,134.1,75.7,38.95,0.0%,0.0%,61.62
2014\K1\1X\02_03-2014_03_07-09_56-K1-1X.jpeg,OK,Clean image,2288,1712,120.5,146.9,75.5,47.61,0.0%,0.0%,116.17
2014\K1\1X\02_03-2014_03_10-09_58-K1-1X.jpeg,BORDERLINE_BLUR,Borderline blurry (Laplacian var: 73.36),2288,1712,119.8,147.2,120.6,20.35,0.0%,0.0%,73.36
2014\K1\1X\02_03-2014_03_11-10_40-K1-1X.jpeg,OK,Clean image,2288,1712,104.8,156.5,81.1,50.26,0.0%,0.0%,191.98
2014\K1\1X\02_03-2014_03_12-10_03-K1-1X.jpeg,OK,Clean image,2288,1712,105.6,145.9,58.9,58.00,0.0%,0.0%,229.81
2014\K1\1X\02_03-2014_03_14-10_32-K1-1X.jpeg,OK,Clean image,2288,1712,103.8,154.7,76.7,52.06,0.0%,0.0%,135.84
2014\K1\1X\02_03-2014_03_15-10_01-K1-1X.jpeg,OK,Clean image,2288,1712,104.0,152.2,49.0,68.84,0.0%,0.3%,344.17
2014\K1\1X\02_03-2014_03_23-09_59-K1-1X.jpeg,OK,Clean image,2288,1712,102.4,156.5,46.9,73.09,0.0%,0.4%,382.34
2014\K1\1X\02_03-2014_03_24-10_03-K1-1X.jpeg,OK,Clean image,2288,1712,107.8,155.4,55.5,66.65,0.0%,0.0%,281.57
2014\K1\1X\02_03-2014_03_26-10_09-K1-1X.jpeg,OK,Clean image,2288,1712,104.4,149.8,83.4,44.22,0.0%,0.0%,136.89
2014\K1\1X\02_03-2014_03_29-09_54-K1-1X.jpeg,OK,Clean image,2288,1712,99.3,142.3,62.6,53.10,0.0%,0.0%,113.63
2014\K1\1X\02_03-2014_03_31-11_09-K1-1X.jpeg,OK,Clean image,2288,1712,112.7,146.2,91.1,36.71,0.0%,0.0%,1002.27
2014\K1\1X\02_03-2014_04_01-10_01-K1-1X.jpeg,OK,Clean image,2288,1712,111.0,138.4,83.0,36.95,0.0%,0.0%,565.58
2014\K1\1X\02_03-2014_04_02-10_03-K1-1X.jpeg,OK,Clean image,2288,1712,113.4,139.6,79.2,40.24,0.0%,0.0%,502.49
2014\K1\1X\02_03-2014_04_03-10_03-K1-1X.jpeg,OK,Clean image,2288,1712,113.9,138.4,81.3,38.09,0.0%,0.0%,398.10
2014\K1\1X\02_03-2014_04_04-09_58-K1-1X.jpeg,OK,Clean image,2288,1712,124.1,151.4,86.4,43.35,0.0%,0.0%,501.07
2014\K1\1X\02_03-2014_04_05-09_58-K1-1X.jpeg,OK,Clean image,2288,1712,121.9,147.6,82.3,43.59,0.0%,0.0%,432.45
2014\K1\1X\02_03-2014_04_06-09_53-K1-1X.jpeg,OK,Clean image,2288,1712,126.2,146.2,84.7,40.98,0.0%,0.0%,298.03
2014\K1\1X\02_03-2014_04_07-10_01-K1-1X.jpeg,OK,Clean image,2288,1712,126.0,147.0,80.1,44.60,0.0%,0.0%,310.84
2014\K1\1X\02_03-2014_04_08-09_48-K1-1X.jpeg,OK,Clean image,2288,1712,126.7,147.5,84.5,41.98,0.0%,0.0%,324.91
2014\K1\1X\02_03-2014_04_09-09_48-K1-1X.jpeg,OK,Clean image,2288,1712,126.7,151.8,85.5,44.19,0.0%,0.0%,452.94
2014\K1\1X\02_03-2014_04_10-10_04-K1-1X.jpeg,OK,Clean image,2288,1712,113.6,139.0,89.7,32.87,0.0%,0.0%,196.20
2014\K1\1X\02_03-2014_04_11-10_04-K1-1X.jpeg,OK,Clean image,2288,1712,116.7,141.4,77.1,42.89,0.0%,0.0%,303.53
2014\K1\1X\02_03-2014_04_12-09_53-K1-1X.jpeg,OK,Clean image,2288,1712,120.2,142.4,83.2,39.49,0.0%,0.0%,202.48
2014\K1\1X\02_03-2014_04_13-09_54-K1-1X.jpeg,OK,Clean image,2288,1712,123.3,147.0,77.0,46.69,0.0%,0.0%,208.13
2014\K1\1X\02_03-2014_04_14-09_54-K1-1X.jpeg,OK,Clean image,2288,1712,122.4,143.9,84.8,39.44,0.0%,0.0%,188.47
2014\K1\1X\02_03-2014_04_15-09_54-K1-1X.jpeg,OK,Clean image,2288,1712,142.4,143.6,136.7,5.23,0.0%,0.0%,294.60
2014\K1\1X\02_03-2014_04_16-10_16-K1-1X.jpeg,OK,Clean image,2288,1712,125.7,153.1,81.9,47.49,0.0%,0.0%,255.68
2014\K1\1X\02_03-2014_04_17-10_00-K1-1X.jpeg,OK,Clean image,2288,1712,127.7,144.8,70.5,49.53,0.0%,0.0%,203.94
2014\K1\1X\02_03-2014_04_18-10_00-K1-1X.jpeg,OK,Clean image,2288,1712,125.4,145.1,68.8,50.88,0.0%,0.0%,211.71
2014\K1\1X\02_03-2014_04_19-10_00-K1-1X.jpeg,OK,Clean image,2288,1712,119.7,141.8,72.9,45.95,0.0%,0.0%,212.36
2014\K1\1X\02_03-2014_04_20-10_00-K1-1X.jpeg,OK,Clean image,2288,1712,125.6,145.9,71.6,49.61,0.0%,0.0%,263.37
2014\K1\1X\02_03-2014_04_21-10_00-K1-1X.jpeg,OK,Clean image,2288,1712,117.7,136.3,70.0,44.22,0.0%,0.0%,207.64
2014\K1\1X\02_03-2014_04_22-10_00-K1-1X.jpeg,OK,Clean image,2288,1712,119.2,143.8,70.7,48.81,0.0%,0.0%,373.82
2014\K1\1X\02_03-2014_04_23-10_00-K1-1X.jpeg,OK,Clean image,2288,1712,121.4,142.7,71.2,47.70,0.0%,0.0%,316.81
2014\K1\1X\02_03-2014_04_24-10_00-K1-1X.jpeg,OK,Clean image,2288,1712,126.7,146.0,75.1,47.25,0.0%,0.0%,300.01
2014\K1\1X\02_03-2014_04_25-10_00-K1-1X.jpeg,OK,Clean image,2288,1712,125.2,139.4,70.0,46.29,0.0%,0.0%,298.20
2014\K1\1X\02_03-2014_04_27-10_00-K1-1X.jpeg,OK,Clean image,2288,1712,122.8,136.7,72.3,43.03,0.0%,0.0%,330.26
2014\K1\1X\02_03-2014_04_28-10_58-K1-1X.jpeg,OK,Clean image,2288,1712,124.1,135.0,68.5,44.43,0.0%,0.0%,377.35
2014\K1\1X\02_03-2014_04_29-10_00-K1-1X.jpeg,OK,Clean image,2288,1712,136.5,145.8,77.2,45.89,0.0%,0.0%,320.10
2014\K1\1X\02_03-2014_04_30-11_00-K1-1X.jpeg,OK,Clean image,2288,1712,128.2,136.1,74.6,41.29,0.0%,0.0%,354.26
2014\K1\1X\02_03-2014_05_01-11_02-K1-1X.jpeg,OK,Clean image,2288,1712,139.5,144.6,78.6,44.65,0.0%,0.0%,506.71
2014\K1\1X\02_03-2014_05_02-11_03-K1-1X.jpeg,OK,Clean image,2288,1712,141.9,143.2,79.3,44.01,0.0%,0.0%,524.25
2014\K1\1X\02_03-2014_05_04-09_30-K1-1X.jpeg,OK,Clean image,2288,1712,147.0,140.9,77.9,46.48,0.0%,0.0%,512.08
2014\K1\1X\02_03-2014_05_05-10_00-K1-1X.jpeg,OK,Clean image,2288,1712,149.9,139.8,78.6,47.60,0.0%,0.0%,535.57
2014\K1\1X\02_03-2014_05_06-11_01-K1-1X.jpeg,OK,Clean image,2288,1712,154.2,142.1,81.3,48.61,0.0%,0.0%,374.18
2014\K1\1X\02_03-2014_05_07-09_00-K1-1X.jpeg,OK,Clean image,2288,1712,153.4,138.1,81.6,47.83,0.0%,0.0%,434.72
2014\K1\1X\02_03-2014_05_08-10_30-K1-1X.jpeg,OK,Clean image,2288,1712,154.5,137.8,82.7,47.87,0.0%,0.0%,389.25
2014\K1\1X\02_03-2014_05_09-09_30-K1-1X.jpeg,OK,Clean image,2288,1712,144.8,125.3,72.8,47.98,0.0%,0.0%,228.92
2014\K1\1X\02_03-2014_05_10-11_02-K1-1X.jpeg,OK,Clean image,2288,1712,160.0,135.6,85.1,49.94,0.0%,0.0%,462.54
2014\K1\1X\02_03-2014_05_11-11_02-K1-1X.jpeg,OK,Clean image,2288,1712,160.1,135.7,86.1,49.31,0.0%,0.0%,430.17
2014\K1\1X\02_03-2014_05_12-10_00-K1-1X.jpeg,OK,Clean image,2288,1712,151.7,127.3,76.4,50.16,0.0%,0.0%,293.93
2014\K1\1X\02_03-2014_05_13-10_00-K1-1X.jpeg,OK,Clean image,2288,1712,157.5,135.0,84.8,48.48,0.0%,0.0%,295.82
2014\K1\1X\02_03-2014_05_14-11_04-K1-1X.jpeg,OK,Clean image,2288,1712,159.0,134.0,88.9,46.70,0.0%,0.0%,354.60
2014\K1\1X\02_03-2014_05_15-10_00-K1-1X.jpeg,OK,Clean image,2288,1712,142.0,133.3,125.4,11.16,0.0%,0.0%,553.40
2014\K1\1X\02_03-2014_05_16-10_00-K1-1X.jpeg,OK,Clean image,2288,1712,142.1,133.1,124.1,12.01,0.0%,0.0%,493.62
2014\K1\1X\02_03-2014_05_17-08_30-K1-1X.jpeg,OK,Clean image,2288,1712,143.4,133.3,120.9,14.99,0.0%,0.0%,548.89
2014\K1\1X\02_03-2014_05_18-08_30-K1-1X.jpeg,OK,Clean image,2288,1712,153.3,134.6,99.1,36.13,0.0%,0.0%,581.84
2014\K1\1X\02_03-2014_05_19-08_30-K1-1X.jpeg,OK,Clean image,2288,1712,154.8,134.4,97.0,38.52,0.0%,0.0%,565.91
2014\K1\1X\02_03-2014_05_20-11_01-K1-1X.jpeg,OK,Clean image,2288,1712,155.2,134.1,93.7,41.00,0.0%,0.0%,674.42
2014\K1\1X\02_03-2014_05_21-10_13-K1-1X.jpeg,OK,Clean image,2288,1712,145.5,129.3,99.9,30.38,0.0%,0.0%,511.98
2014\K1\1X\02_03-2014_05_22-10_00-K1-1X.jpeg,OK,Clean image,2288,1712,154.9,131.1,84.3,47.07,0.0%,0.0%,392.69
2014\K1\1X\02_03-2014_05_23-10_00-K1-1X.jpeg,OK,Clean image,2288,1712,149.6,134.2,106.6,28.69,0.0%,0.0%,559.37
2014\K1\1X\02_03-2014_05_24-09_00-K1-1X.jpeg,OK,Clean image,2288,1712,159.2,133.3,86.3,48.62,0.0%,0.0%,479.35
2014\K1\1X\02_03-2014_05_25-10_00-K1-1X.jpeg,OK,Clean image,2288,1712,146.5,131.1,108.7,25.20,0.0%,0.0%,543.04
2014\K1\1X\02_03-2014_05_26-11_15-K1-1X.jpeg,OK,Clean image,2288,1712,145.4,130.7,110.1,23.53,0.0%,0.0%,479.72
2014\K1\1X\02_03-2014_05_27-11_31-K1-1X.jpeg,OK,Clean image,2288,1712,142.8,130.0,111.5,20.89,0.0%,0.0%,434.55
2014\K1\1X\02_03-2014_05_28-11_31-K1-1X.jpeg,OK,Clean image,2288,1712,143.2,129.9,112.0,20.82,0.0%,0.0%,454.60
2014\K1\1X\02_03-2014_05_29-10_00-K1-1X.jpeg,OK,Clean image,2288,1712,142.9,132.0,121.3,14.36,0.0%,0.0%,412.32
2014\K1\1X\02_03-2014_05_31-10_51-K1-1X.jpeg,OK,Clean image,2288,1712,136.7,130.0,126.4,7.46,0.0%,0.0%,345.29
2014\K1\1X\02_03-2014_06_01-10_52-K1-1X.jpeg,OK,Clean image,2288,1712,138.0,129.5,121.0,11.39,0.0%,0.0%,425.91
2014\K1\1X\02_03-2014_06_02-10_54-K1-1X.jpeg,OK,Clean image,2288,1712,136.8,130.6,126.1,7.61,0.0%,0.0%,357.27
2014\K1\1X\02_03-2014_06_03-10_50-K1-1X.jpeg,OK,Clean image,2288,1712,129.5,121.8,116.4,9.03,0.0%,0.0%,367.09
2014\K1\1X\02_03-2014_06_04-10_09-K1-1X.jpeg,OK,Clean image,2288,1712,137.4,129.8,125.5,8.69,0.0%,0.0%,376.79
2014\K1\1X\02_03-2014_06_05-10_00-K1-1X.jpeg,OK,Clean image,2288,1712,135.8,128.1,120.6,10.10,0.0%,0.0%,329.90
2014\K1\1X\02_03-2014_06_06-10_11-K1-1X.jpeg,OK,Clean image,2288,1712,141.6,134.1,130.2,8.37,0.0%,0.0%,318.18
2014\K1\1X\02_03-2014_06_07-10_12-K1-1X.jpeg,OK,Clean image,2288,1712,139.8,132.1,127.3,9.21,0.0%,0.0%,299.87
2014\K1\1X\02_03-2014_06_08-10_13-K1-1X.jpeg,OK,Clean image,2288,1712,134.4,128.2,124.9,8.13,0.0%,0.0%,242.28
2014\K1\1X\02_03-2014_06_09-10_19-K1-1X.jpeg,OK,Clean image,2288,1712,136.2,129.1,125.3,8.49,0.0%,0.0%,271.10
2014\K1\1X\02_03-2014_06_10-10_20-K1-1X.jpeg,OK,Clean image,2288,1712,140.7,133.1,127.8,9.36,0.0%,0.0%,253.16
2014\K1\1X\02_03-2014_06_11-10_00-K1-1X.jpeg,OK,Clean image,2288,1712,139.4,131.7,127.1,9.27,0.0%,0.0%,244.40
2014\K1\1X\02_03-2014_06_16-09_00-K1-1X.jpeg,OK,Clean image,2288,1712,159.6,135.9,88.5,47.37,0.0%,0.0%,516.54
2014\K1\1X\02_03-2014_06_17-09_30-K1-1X.jpeg,OK,Clean image,2288,1712,159.8,135.8,88.0,47.90,0.0%,0.0%,457.61
2014\K1\1X\02_03-2014_06_18-11_30-K1-1X.jpeg,OK,Clean image,2288,1712,136.1,119.9,82.7,35.62,0.0%,0.0%,415.64
2014\K1\1X\02_03-2014_06_19-11_15-K1-1X.jpeg,OK,Clean image,2288,1712,156.8,134.7,88.9,45.26,0.0%,0.0%,398.30
2014\K1\1X\02_03-2014_06_21-09_30-K1-1X.jpeg,OK,Clean image,2288,1712,157.0,135.1,90.5,44.32,0.0%,0.0%,479.27
2014\K1\1X\02_03-2014_06_22-09_00-K1-1X.jpeg,OK,Clean image,2288,1712,158.5,135.6,89.3,46.13,0.0%,0.0%,478.20
2014\K1\1X\02_03-2014_06_23-09_00-K1-1X.jpeg,OK,Clean image,2288,1712,158.3,136.1,90.3,45.37,0.0%,0.0%,511.39
2014\K1\1X\02_03-2014_06_24-10_00-K1-1X.jpeg,OK,Clean image,2288,1712,156.1,135.3,90.9,43.46,0.0%,0.0%,454.70
2014\K1\1X\02_03-2014_06_25-10_00-K1-1X.jpeg,OK,Clean image,2288,1712,158.3,136.0,88.4,46.60,0.0%,0.0%,419.78
2014\K1\1X\02_03-2014_07_02-10_00-K1-1X.jpeg,OK,Clean image,2288,1712,159.6,134.8,88.6,47.36,0.0%,0.0%,461.40
2014\K1\1X\02_03-2014_07_08-10_00-K1-1X.jpeg,OK,Clean image,2288,1712,156.4,134.9,91.9,43.04,0.0%,0.0%,468.32
2014\K1\1X\02_03-2014_07_09-10_42-K1-1X.jpeg,OK,Clean image,2288,1712,155.2,135.1,91.4,42.58,0.0%,0.0%,479.40
2014\K1\1X\02_03-2014_07_10-09_30-K1-1X.jpeg,OK,Clean image,2288,1712,156.1,135.7,90.2,43.88,0.0%,0.0%,459.99
2014\K1\1X\02_03-2014_07_19-09_00-K1-1X.jpeg,OK,Clean image,2288,1712,157.4,134.8,93.0,42.95,0.0%,0.0%,469.87
2014\K1\1X\02_03-2014_07_31-10_29-K1-1X.jpeg,OK,Clean image,2288,1712,155.0,134.4,92.7,41.56,0.0%,0.0%,411.51
2014\K1\1X\02_03-2014_08_07-10_00-K1-1X.jpeg,OK,Clean image,2288,1712,157.1,134.0,92.6,43.01,0.0%,0.0%,533.13
2014\K1\1X\02_03-2014_08_08-10_00-K1-1X.jpeg,OK,Clean image,2288,1712,152.9,134.3,94.3,39.06,0.0%,0.0%,486.25
2014\K1\1X\02_03-2014_08_09-09_30-K1-1X.jpeg,OK,Clean image,2288,1712,155.5,134.7,93.0,41.64,0.0%,0.0%,493.79
2014\K1\1X\02_03-2014_08_10-10_00-K1-1X.jpeg,OK,Clean image,2288,1712,155.1,134.1,92.6,41.64,0.0%,0.0%,482.92
2014\K1\1X\02_03-2014_08_11-10_00-K1-1X.jpeg,OK,Clean image,2288,1712,155.0,134.7,92.3,41.78,0.0%,0.0%,477.25
2014\K1\1X\02_03-2014_08_18-10_00-K1-1X.jpeg,OK,Clean image,2288,1712,156.8,135.1,92.1,43.13,0.0%,0.0%,426.40
2014\K1\1X\02_03-2014_08_19-10_00-K1-1X.jpeg,OK,Clean image,2288,1712,157.8,134.2,86.8,47.34,0.0%,0.0%,362.63
2014\K1\1X\02_03-2014_08_20-10_00-K1-1X.jpeg,OK,Clean image,2288,1712,156.1,134.6,92.4,42.46,0.0%,0.0%,456.56
2014\K1\1X\02_03-2014_08_21-10_00-K1-1X.jpeg,OK,Clean image,2288,1712,154.8,133.9,93.2,41.07,0.0%,0.0%,493.72
2014\K1\1X\02_03-2014_08_22-09_01-K1-1X.jpeg,OK,Clean image,2288,1712,155.5,135.0,92.9,41.73,0.0%,0.0%,516.79
2014\K1\1X\02_03-2014_08_23-10_00-K1-1X.jpeg,OK,Clean image,2288,1712,156.3,134.4,89.4,44.62,0.0%,0.0%,423.04
2014\K1\1X\02_03-2014_08_24-09_30-K1-1X.jpeg,OK,Clean image,2288,1712,157.1,135.0,89.9,44.78,0.0%,0.0%,467.49
2014\K1\1X\02_03-2014_08_25-09_30-K1-1X.jpeg,OK,Clean image,2288,1712,156.5,135.3,91.7,43.19,0.0%,0.0%,504.68
2014\K1\1X\02_03-2014_08_26-10_00-K1-1X.jpeg,OK,Clean image,2288,1712,144.3,122.0,75.0,46.18,0.0%,0.0%,184.27
2014\K1\1X\02_03-2014_08_28-10_00-K1-1X.jpeg,OK,Clean image,2288,1712,156.3,135.3,91.5,43.20,0.0%,0.0%,451.40
2014\K1\1X\02_03-2014_08_29-09_30-K1-1X.jpeg,OK,Clean image,2288,1712,155.6,136.0,93.6,41.39,0.0%,0.0%,448.76
2014\K1\1X\02_03-2014_08_30-10_00-K1-1X.jpeg,OK,Clean image,2288,1712,157.3,134.4,89.9,44.93,0.0%,0.0%,427.30
2014\K1\1X\02_03-2014_08_31-10_00-K1-1X.jpeg,OK,Clean image,2288,1712,155.5,134.5,91.3,42.80,0.0%,0.0%,488.04
2014\K1\1X\02_03-2014_09_01-10_00-K1-1X.jpeg,OK,Clean image,2288,1712,155.9,134.8,90.5,43.55,0.0%,0.0%,450.20
2014\K1\1X\02_03-2014_09_02-10_00-K1-1X.jpeg,OK,Clean image,2288,1712,154.1,134.4,91.8,41.54,0.0%,0.0%,377.09
2014\K1\1X\02_03-2014_09_03-10_00-K1-1X.jpeg,OK,Clean image,2288,1712,156.5,135.4,93.9,41.72,0.0%,0.0%,399.37
2014\K1\1X\02_03-2014_09_04-10_00-K1-1X.jpeg,OK,Clean image,2288,1712,154.6,134.7,95.7,39.26,0.0%,0.0%,431.35
2014\K1\1X\02_03-2014_09_05-10_00-K1-1X.jpeg,OK,Clean image,2288,1712,154.9,135.2,95.1,39.86,0.0%,0.0%,413.87
2014\K1\1X\02_03-2014_09_06-09_00-K1-1X.jpeg,OK,Clean image,2288,1712,155.9,135.8,96.2,39.81,0.0%,0.0%,447.38
2014\K1\1X\02_03-2014_09_07-10_00-K1-1X.jpeg,OK,Clean image,2288,1712,154.7,134.0,94.4,40.22,0.0%,0.0%,444.77
2014\K1\1X\02_03-2014_09_08-11_11-K1-1X.jpeg,OK,Clean image,2288,1712,156.0,134.2,93.3,41.84,0.0%,0.0%,433.36
2014\K1\1X\02_03-2014_09_09-09_30-K1-1X.jpeg,OK,Clean image,2288,1712,156.0,134.8,94.5,40.98,0.0%,0.0%,532.50
2014\K1\1X\02_03-2014_09_10-11_20-K1-1X.jpeg,OK,Clean image,2288,1712,156.1,134.1,93.2,41.89,0.0%,0.0%,449.88
2014\K1\1X\02_03-2014_09_11-10_00-K1-1X.jpeg,OK,Clean image,2288,1712,155.9,134.1,93.8,41.35,0.0%,0.0%,500.17
2014\K1\1X\02_03-2014_09_12-11_45-K1-1X.jpeg,OK,Clean image,2288,1712,155.3,137.0,101.0,36.22,0.0%,0.0%,523.24
2014\K1\1X\02_03-2014_09_13-10_00-K1-1X.jpeg,OK,Clean image,2288,1712,150.3,129.3,90.2,40.10,0.0%,0.0%,474.99
2014\K1\1X\02_03-2014_09_14-10_37-K1-1X.jpeg,OK,Clean image,2288,1712,156.5,134.8,92.7,42.55,0.0%,0.0%,475.36
2014\K1\1X\02_03-2014_09_15-10_00-K1-1X.jpeg,OK,Clean image,2288,1712,154.5,134.7,94.6,39.96,0.0%,0.0%,446.96
2014\K1\1X\02_03-2014_09_16-10_00-K1-1X.jpeg,OK,Clean image,2288,1712,154.7,134.5,94.3,40.26,0.0%,0.0%,497.35
2014\K1\1X\02_03-2014_09_17-10_39-K1-1X.jpeg,OK,Clean image,2288,1712,153.8,134.3,95.4,38.96,0.0%,0.0%,489.72
2014\K1\1X\02_03-2014_09_19-09_30-K1-1X.jpeg,OK,Clean image,2288,1712,153.8,134.6,96.3,38.30,0.0%,0.0%,530.20
2014\K1\1X\02_03-2014_09_20-10_00-K1-1X.jpeg,OK,Clean image,2288,1712,154.3,134.1,94.8,39.68,0.0%,0.0%,538.11
2014\K1\1X\02_03-2014_09_21-10_00-K1-1X.jpeg,OK,Clean image,2288,1712,153.0,133.4,94.7,38.86,0.0%,0.0%,626.54
2014\K1\1X\02_03-2014_09_22-10_20-K1-1X.jpeg,OK,Clean image,2288,1712,126.3,119.7,112.9,9.87,1.8%,0.0%,1150.94
2014\K1\1X\02_03-2014_09_23-10_00-K1-1X.jpeg,OK,Clean image,2288,1712,125.8,119.9,113.0,9.13,0.8%,0.0%,1089.88
2014\K1\1X\02_03-2014_09_24-10_00-K1-1X.jpeg,OK,Clean image,2288,1712,134.7,116.7,97.1,25.04,0.1%,0.0%,901.29
2014\K1\1X\02_03-2014_09_25-10_06-K1-1X.jpeg,OK,Clean image,2288,1712,132.8,120.3,105.9,17.92,0.3%,0.0%,978.04
2014\K1\1X\02_03-2014_10_06-10_00-K1-1X.jpeg,OK,Clean image,2288,1712,146.0,130.4,125.4,15.42,0.2%,0.0%,1902.27
2014\K1\1X\02_03-2014_10_07-10_40-K1-1X.jpeg,OK,Clean image,2288,1712,150.6,130.2,121.6,20.01,0.2%,0.0%,2185.88
2014\K1\1X\02_03-2014_10_18-10_42-K1-1X.jpeg,OK,Clean image,2288,1712,166.5,128.9,106.1,40.27,0.1%,0.0%,1241.55
2014\K1\1X\02_03-2014_10_19-10_10-K1-1X.jpeg,OK,Clean image,2288,1712,169.7,126.3,103.4,44.20,0.1%,0.0%,721.45
2014\K1\1X\02_03-2014_10_20-09_00-K1-1X.jpeg,OK,Clean image,2288,1712,140.0,135.8,132.0,9.21,0.1%,0.0%,1238.07
2014\K1\1X\02_03-2014_10_21-10_04-K1-1X.jpeg,OK,Clean image,2288,1712,146.0,132.8,125.1,14.77,0.3%,0.0%,2238.80
2014\K1\1X\02_03-2014_10_22-10_00-K1-1X.jpeg,OK,Clean image,2288,1712,145.0,132.9,129.6,12.91,0.1%,0.0%,1278.77
2014\K1\1X\02_03-2014_10_23-10_00-K1-1X.jpeg,OK,Clean image,2288,1712,157.8,135.0,123.8,22.81,0.1%,0.0%,1129.42
2014\K1\1X\02_03-2014_10_24-10_07-K1-1X.jpeg,OK,Clean image,2288,1712,146.1,132.4,128.8,13.96,0.1%,0.0%,1471.26
2014\K1\1X\02_03-2014_10_25-10_00-K1-1X.jpeg,OK,Clean image,2288,1712,143.5,131.7,128.1,13.21,0.1%,0.0%,1389.18
2014\K1\1X\02_03-2014_10_26-09_30-K1-1X.jpeg,OK,Clean image,2288,1712,169.8,130.8,108.2,41.08,0.1%,0.0%,804.34
2014\K1\1X\02_03-2014_10_27-10_00-K1-1X.jpeg,OK,Clean image,2288,1712,164.2,128.5,109.1,36.69,0.0%,0.0%,781.89
2014\K1\1X\02_03-2014_10_28-08_30-K1-1X.jpeg,OK,Clean image,2288,1712,155.7,134.6,127.3,19.31,0.0%,0.0%,765.91
2014\K1\1X\02_03-2014_10_29-10_25-K1-1X.jpeg,OK,Clean image,2288,1712,160.6,131.6,116.7,29.35,0.0%,0.0%,812.29
2014\K1\1X\02_03-2014_10_30-10_00-K1-1X.jpeg,OK,Clean image,2288,1712,165.9,130.7,126.8,26.59,0.0%,0.0%,200.48
2014\K1\1X\02_03-2014_10_31-09_30-K1-1X.jpeg,OK,Clean image,2288,1712,154.3,129.8,129.7,17.85,0.0%,0.0%,207.58
2014\K1\1X\02_03-2014_11_01-10_00-K1-1X.jpeg,OK,Clean image,2288,1712,164.7,127.7,105.5,39.47,0.0%,0.0%,402.41
2014\K1\1X\02_03-2014_11_02-10_00-K1-1X.jpeg,OK,Clean image,2288,1712,155.6,130.5,119.5,24.18,0.1%,0.0%,1045.25
2014\K1\1X\02_03-2014_11_03-10_00-K1-1X.jpeg,OK,Clean image,2288,1712,158.2,129.5,114.0,29.45,0.0%,0.0%,947.36
2014\K1\1X\02_03-2014_11_04-10_43-K1-1X.jpeg,OK,Clean image,2288,1712,163.5,130.5,110.3,35.46,0.1%,0.0%,1108.05
2014\K1\1X\02_03-2014_11_05-10_00-K1-1X.jpeg,OK,Clean image,2288,1712,158.6,133.5,121.0,25.14,0.1%,0.0%,1032.73
2014\K1\1X\02_03-2014_11_06-10_00-K1-1X.jpeg,OK,Clean image,2288,1712,156.2,130.6,117.2,26.05,0.1%,0.0%,1040.05
2014\K1\1X\02_03-2014_11_07-10_02-K1-1X.jpeg,OK,Clean image,2288,1712,158.4,133.0,120.4,25.32,0.1%,0.0%,999.72
2014\K1\1X\02_03-2014_11_08-09_30-K1-1X.jpeg,OK,Clean image,2288,1712,146.5,126.4,114.7,21.24,0.0%,0.0%,606.54
2014\K1\1X\02_03-2014_11_09-09_30-K1-1X.jpeg,OK,Clean image,2288,1712,151.0,130.9,121.5,19.77,0.0%,0.0%,849.60
2014\K1\1X\02_03-2014_11_10-09_30-K1-1X.jpeg,OK,Clean image,2288,1712,154.2,134.5,125.1,19.46,0.0%,0.0%,837.24
2014\K1\1X\02_03-2014_11_11-09_30-K1-1X.jpeg,OK,Clean image,2288,1712,151.9,131.9,122.7,19.95,0.0%,0.0%,550.57
2014\K1\1X\02_03-2014_11_12-09_30-K1-1X.jpeg,OK,Clean image,2288,1712,157.8,133.6,121.1,24.56,0.0%,0.0%,589.10
2014\K1\1X\02_03-2014_11_13-10_00-K1-1X.jpeg,OK,Clean image,2288,1712,151.8,123.4,108.7,28.74,0.0%,0.0%,446.42
2014\K1\1X\02_03-2014_11_14-10_05-K1-1X.jpeg,OK,Clean image,2288,1712,166.5,134.2,113.4,35.41,0.0%,0.0%,617.12
2014\K1\1X\02_03-2014_11_15-10_05-K1-1X.jpeg,OK,Clean image,2288,1712,163.1,130.6,107.9,36.81,0.0%,0.0%,435.27
2014\K1\1X\02_03-2014_11_16-10_00-K1-1X.jpeg,OK,Clean image,2288,1712,173.7,128.1,99.0,49.85,0.0%,0.0%,402.61
2014\K1\1X\02_03-2014_11_17-09_59-K1-1X.jpeg,OK,Clean image,2288,1712,167.2,130.5,114.6,35.05,0.0%,0.0%,316.38
2014\K1\1X\02_03-2014_11_18-10_00-K1-1X.jpeg,OK,Clean image,2288,1712,146.0,127.1,115.7,20.27,0.0%,0.0%,556.38
2014\K1\1X\02_03-2014_11_19-10_00-K1-1X.jpeg,OK,Clean image,2288,1712,146.7,128.0,117.9,19.39,0.0%,0.0%,593.08
2014\K1\1X\02_03-2014_11_20-10_00-K1-1X.jpeg,OK,Clean image,2288,1712,168.1,131.0,111.9,37.48,0.0%,0.0%,298.74
2014\K1\1X\02_03-2014_11_21-10_01-K1-1X.jpeg,OK,Clean image,2288,1712,154.4,133.8,134.7,15.31,0.0%,0.0%,247.92
2014\K1\1X\02_03-2014_11_22-10_01-K1-1X.jpeg,LOW_CONTRAST,Low color contrast (std dev: 14.6),2288,1712,163.2,131.1,124.7,25.98,0.0%,0.0%,240.77
2014\K1\1X\02_03-2014_11_23-10_02-K1-1X.jpeg,OK,Clean image,2288,1712,155.5,131.9,119.9,23.80,0.0%,0.0%,989.65
2014\K1\1X\02_03-2014_11_24-10_00-K1-1X.jpeg,OK,Clean image,2288,1712,168.6,131.1,113.9,36.53,0.0%,0.0%,448.19
2014\K1\1X\02_03-2014_11_25-10_31-K1-1X.jpeg,OK,Clean image,2288,1712,158.3,131.1,116.7,27.79,0.0%,0.0%,770.90
2014\K1\1X\02_03-2014_11_26-10_31-K1-1X.jpeg,OK,Clean image,2288,1712,157.7,133.6,125.9,21.53,0.0%,0.0%,306.44
2014\K1\1X\02_03-2014_11_27-10_00-K1-1X.jpeg,OK,Clean image,2288,1712,155.3,135.3,124.6,20.68,0.0%,0.0%,994.86
2014\K1\1X\02_03-2014_11_28-10_00-K1-1X.jpeg,OK,Clean image,2288,1712,153.8,131.5,117.0,24.60,0.0%,0.0%,618.71
2014\K1\1X\02_03-2014_11_29-10_00-K1-1X.jpeg,OK,Clean image,2288,1712,146.3,127.5,119.8,18.22,0.0%,0.0%,868.22
2014\K1\1X\02_03-2014_11_30-10_00-K1-1X.jpeg,OK,Clean image,2288,1712,151.1,126.5,112.7,25.58,0.0%,0.0%,525.95
2014\K1\1X\02_03-2014_12_01-09_30-K1-1X.jpeg,OK,Clean image,2288,1712,156.9,132.3,124.9,21.51,0.0%,0.0%,407.14
2014\K1\1X\02_03-2014_12_03-10_45-K1-1X.jpeg,OK,Clean image,2288,1712,162.8,132.1,121.5,27.62,0.0%,0.0%,319.16
2014\K1\1X\02_03-2014_12_04-10_00-K1-1X.jpeg,OK,Clean image,2288,1712,164.7,129.6,106.8,38.63,0.0%,0.0%,385.99
2014\K1\1X\02_03-2014_12_05-10_00-K1-1X.jpeg,OK,Clean image,2288,1712,145.5,118.4,95.8,33.15,0.0%,0.0%,390.89
2014\K1\1X\02_03-2014_12_06-10_00-K1-1X.jpeg,OK,Clean image,2288,1712,147.2,134.3,115.6,21.38,0.0%,0.0%,592.21
2014\K1\1X\02_03-2014_12_07-10_00-K1-1X.jpeg,OK,Clean image,2288,1712,157.5,134.2,123.3,22.92,0.0%,0.0%,415.93
2014\K1\1X\02_03-2014_12_08-10_00-K1-1X.jpeg,OK,Clean image,2288,1712,159.1,138.4,97.7,41.16,0.0%,0.0%,453.79
2014\K1\1X\02_03-2014_12_09-10_35-K1-1X.jpeg,OK,Clean image,2288,1712,153.4,137.5,99.9,36.15,0.0%,0.0%,627.83
2014\K1\1X\02_03-2014_12_10-10_00-K1-1X.jpeg,OK,Clean image,2288,1712,152.2,134.6,126.8,17.54,0.0%,0.0%,274.46
2014\K1\1X\02_03-2014_12_11-10_00-K1-1X.jpeg,OK,Clean image,2288,1712,139.2,133.3,110.9,19.89,0.0%,0.0%,677.97
2014\K1\1X\02_03-2014_12_12-10_00-K1-1X.jpeg,OK,Clean image,2288,1712,155.4,136.0,122.0,22.72,0.0%,0.0%,482.62
2014\K1\1X\02_03-2014_12_13-11_21-K1-1X.jpeg,OK,Clean image,2288,1712,154.6,137.6,96.9,39.14,0.0%,0.0%,278.25
2014\K1\1X\02_03-2014_12_14-10_00-K1-1X.jpeg,OK,Clean image,2288,1712,154.4,138.0,125.2,20.35,0.0%,0.0%,466.12
2014\K1\1X\02_03-2014_12_15-10_00-K1-1X.jpeg,OK,Clean image,2288,1712,132.3,135.1,88.2,33.25,0.0%,0.0%,792.94
2014\K1\1X\02_03-2014_12_16-10_00-K1-1X.jpeg,OK,Clean image,2288,1712,136.1,137.2,80.8,40.35,0.0%,0.0%,1011.35
2014\K1\1X\02_03-2014_12_17-10_50-K1-1X.jpeg,OK,Clean image,2288,1712,138.3,136.2,74.8,45.09,0.0%,0.0%,1075.65
2014\K1\1X\02_03-2014_12_18-10_51-K1-1X.jpeg,OK,Clean image,2288,1712,152.6,140.9,85.5,46.22,0.0%,0.0%,507.44
2014\K1\1X\02_03-2014_12_19-10_00-K1-1X.jpeg,OK,Clean image,2288,1712,147.4,139.4,130.3,15.11,0.0%,0.0%,333.53
2014\K1\1X\02_03-2014_12_20-10_00-K1-1X.jpeg,OK,Clean image,2288,1712,143.1,138.5,133.9,12.11,0.0%,0.0%,419.00
2014\K1\1X\02_03-2014_12_21-10_00-K1-1X.jpeg,OK,Clean image,2288,1712,128.7,132.6,82.8,34.65,0.0%,0.0%,635.27
2014\K1\1X\02_03-2014_12_22-10_00-K1-1X.jpeg,OK,Clean image,2288,1712,141.8,137.1,80.9,43.36,0.0%,0.0%,537.71
2014\K1\1X\02_03-2014_12_23-10_00-K1-1X.jpeg,OK,Clean image,2288,1712,142.7,145.3,75.1,49.34,0.0%,0.0%,1103.73
2014\K1\1X\02_03-2014_12_24-10_00-K1-1X.jpeg,OK,Clean image,2288,1712,132.8,137.2,70.9,46.03,0.0%,0.0%,1018.61
2014\K1\1X\02_03-2014_12_25-08_30-K1-1X.jpeg,OK,Clean image,2288,1712,125.6,130.2,79.7,34.15,0.0%,0.0%,625.19
2014\K1\1X\02_03-2014_12_26-10_00-K1-1X.jpeg,OK,Clean image,2288,1712,129.1,132.5,72.8,41.44,0.0%,0.0%,764.96
2014\K1\1X\02_03-2014_12_27-09_31-K1-1X.jpeg,OK,Clean image,2288,1712,146.2,143.1,87.5,42.27,0.0%,0.0%,479.62
2014\K1\1X\02_03-2014_12_29-10_00-K1-1X.jpeg,OK,Clean image,2288,1712,140.3,140.5,138.8,10.13,0.0%,0.0%,340.94
2014\K1\1X\02_03-2014_12_30-09_00-K1-1X.jpeg,OK,Clean image,2288,1712,133.2,134.3,133.0,9.54,0.0%,0.0%,221.06
2014\K1\1X\02_03-2014_12_31-11_07-K1-1X.jpeg,OK,Clean image,2288,1712,136.4,140.6,82.0,41.88,0.0%,0.0%,307.24
2015\K1\10X\02_03-2015_01_02-10_51-K1-10X.jpeg,OK,Clean image,2288,1712,145.0,140.5,80.6,47.53,0.0%,0.0%,1352.30
2015\K1\10X\02_03-2015_01_11-10_00-K1-10X.jpeg,OK,Clean image,2288,1712,117.8,118.3,117.3,8.44,0.0%,0.0%,526.77
2015\K1\10X\02_03-2015_01_15-10_52-K1-10X.jpeg,OK,Clean image,2288,1712,126.2,124.1,121.3,11.04,0.0%,0.0%,1506.84
2015\K1\10X\02_03-2015_01_16-10_00-K1-10X.jpeg,OK,Clean image,2288,1712,131.2,132.1,75.0,41.05,0.0%,0.0%,81.01
2015\K1\10X\02_03-2015_01_17-10_00-K1-10X.jpeg,OK,Clean image,2288,1712,111.1,114.3,69.7,31.19,0.1%,0.0%,2288.99
2015\K1\10X\02_03-2015_01_19-10_00-K1-10X.jpeg,OK,Clean image,2288,1712,114.5,116.8,71.4,32.00,0.2%,0.0%,2497.87
2015\K1\10X\02_03-2015_01_21-09_30-K1-10X.jpeg,OK,Clean image,2288,1712,131.6,131.9,78.7,38.93,0.0%,0.0%,2152.37
2015\K1\10X\02_03-2015_02_05-10_00-K1-10X.jpeg,OK,Clean image,2288,1712,125.2,137.5,73.2,43.73,0.2%,0.1%,2707.27
2015\K1\10X\02_03-2015_02_06-09_30-K1-10X.jpeg,OK,Clean image,2288,1712,111.9,124.9,58.6,44.49,0.0%,0.0%,490.14
2015\K1\10X\02_03-2015_02_08-10_00-K1-10X.jpeg,OK,Clean image,2288,1712,108.4,122.6,55.3,45.44,0.0%,0.1%,1441.23
2015\K1\10X\02_03-2015_02_10-10_00-K1-10X.jpeg,OK,Clean image,2288,1712,120.7,138.7,71.3,45.72,0.0%,0.0%,650.86
2015\K1\10X\02_03-2015_02_11-10_25-K1-10X.jpeg,OK,Clean image,2288,1712,120.5,140.6,75.2,44.22,0.0%,0.0%,912.89
2015\K1\10X\02_03-2015_02_11-10_30-K1-10X.jpeg,OK,Clean image,2288,1712,115.8,134.9,69.2,44.28,0.0%,0.0%,723.22
2015\K1\10X\02_03-2015_02_13-09_30-K1-10X.jpeg,OK,Clean image,2288,1712,113.5,132.1,70.8,41.78,0.0%,0.0%,863.01
2015\K1\10X\02_03-2015_02_14-11_00-K1-10X.jpeg,OK,Clean image,2288,1712,116.3,132.8,64.1,46.35,0.0%,0.0%,512.27
2015\K1\10X\02_03-2015_02_15-11_00-K1-10X.jpeg,OK,Clean image,2288,1712,117.8,134.1,66.5,45.76,0.0%,0.0%,720.94
2015\K1\10X\02_03-2015_02_17-10_00-K1-10X.jpeg,OK,Clean image,2288,1712,111.7,133.0,68.9,43.34,0.0%,0.0%,950.19
2015\K1\10X\02_03-2015_02_18-10_30-K1-10X.jpeg,LOW_CONTRAST,Low color contrast (std dev: 14.1),2288,1712,119.0,138.1,68.3,46.68,0.0%,0.0%,189.18
2015\K1\10X\02_03-2015_02_19-10_00-K1-10X.jpeg,OK,Clean image,2288,1712,122.8,141.7,63.6,52.29,0.1%,0.1%,1785.86
2015\K1\10X\02_03-2015_02_20-10_00-K1-10X.jpeg,OK,Clean image,2288,1712,111.1,129.9,67.4,42.47,0.0%,0.0%,869.76
2015\K1\10X\02_03-2015_02_21-10_30-K1-10X.jpeg,BORDERLINE_BLUR,Borderline blurry (Laplacian var: 62.49),2288,1712,114.4,134.3,66.7,45.35,0.0%,0.0%,62.49
2015\K1\10X\02_03-2015_02_22-10_06-K1-10X.jpeg,OK,Clean image,2288,1712,106.0,131.8,57.4,49.69,0.1%,0.4%,2116.72
2015\K1\10X\02_03-2015_02_23-10_07-K1-10X.jpeg,LOW_CONTRAST,Low color contrast (std dev: 13.4),2288,1712,116.0,135.1,61.9,48.83,0.0%,0.0%,15.59
2015\K1\10X\02_03-2015_02_24-10_07-K1-10X.jpeg,OK,Clean image,2288,1712,118.6,137.2,59.8,52.01,0.0%,0.0%,785.68
2015\K1\10X\02_03-2015_02_25-09_00-K1-10X.jpeg,OK,Clean image,2288,1712,109.6,132.1,67.1,43.73,0.0%,0.0%,1010.08
2015\K1\10X\02_03-2015_02_26-10_00-K1-10X.jpeg,OK,Clean image,2288,1712,110.1,130.9,65.0,43.99,0.1%,0.1%,1979.31
2015\K1\10X\02_03-2015_02_27-09_30-K1-10X.jpeg,OK,Clean image,2288,1712,108.3,127.6,56.1,47.85,0.0%,0.0%,960.36
2015\K1\10X\02_03-2015_02_28-10_00-K1-10X.jpeg,OK,Clean image,2288,1712,112.3,133.8,54.0,53.40,0.0%,0.1%,1060.96
2015\K1\10X\02_03-2015_03_01-10_00-K1-10X.jpeg,OK,Clean image,2288,1712,108.7,132.3,56.1,50.85,0.0%,0.3%,1936.43
2015\K1\10X\02_03-2015_03_03-10_00-K1-10X.jpeg,OK,Clean image,2288,1712,106.8,135.5,56.2,52.91,0.0%,0.0%,739.20
2015\K1\10X\02_03-2015_03_04-10_00-K1-10X.jpeg,OK,Clean image,2288,1712,104.9,134.4,56.7,51.82,0.0%,0.1%,1336.80
2015\K1\10X\02_03-2015_03_05-09_30-K1-10X.jpeg,OK,Clean image,2288,1712,108.7,138.3,57.4,53.99,0.0%,0.0%,100.53
2015\K1\10X\02_03-2015_03_06-10_00-K1-10X.jpeg,OK,Clean image,2288,1712,104.6,133.7,49.7,56.05,0.0%,0.6%,1882.77
2015\K1\10X\02_03-2015_03_09-10_00-K1-10X.jpeg,OK,Clean image,2288,1712,106.1,137.8,38.2,66.39,0.0%,0.0%,308.25
2015\K1\10X\02_03-2015_03_10-10_00-K1-10X.jpeg,OK,Clean image,2288,1712,103.3,136.0,41.8,62.80,0.0%,1.4%,1712.31
2015\K1\10X\02_03-2015_03_11-09_00-K1-10X.jpeg,OK,Clean image,2288,1712,102.1,140.8,55.9,56.69,0.0%,0.0%,646.46
2015\K1\10X\02_03-2015_03_12-10_00-K1-10X.jpeg,BORDERLINE_BLUR,Borderline blurry (Laplacian var: 46.96),2288,1712,105.6,144.0,84.0,40.05,0.0%,0.0%,46.96
2015\K1\10X\02_03-2015_03_13-10_55-K1-10X.jpeg,OK,Clean image,2288,1712,103.6,142.9,58.1,56.64,0.0%,0.0%,420.64
2015\K1\10X\02_03-2015_03_14-10_00-K1-10X.jpeg,OK,Clean image,2288,1712,102.7,136.9,57.2,53.19,0.0%,0.0%,346.76
2015\K1\10X\02_03-2015_03_16-11_00-K1-10X.jpeg,OK,Clean image,2288,1712,101.0,136.2,73.9,41.58,0.0%,0.0%,349.76
2015\K1\10X\02_03-2015_03_19-10_00-K1-10X.jpeg,OK,Clean image,2288,1712,94.8,138.3,68.0,46.93,0.0%,0.0%,484.01
2015\K1\10X\02_03-2015_03_20-10_06-K1-10X.jpeg,OK,Clean image,2288,1712,94.0,141.9,65.5,50.96,0.0%,0.0%,423.62
2015\K1\10X\02_03-2015_03_22-10_00-K1-10X.jpeg,OK,Clean image,2288,1712,109.4,154.8,52.8,68.09,0.1%,0.3%,1489.76
2015\K1\10X\02_03-2015_03_23-10_00-K1-10X.jpeg,OK,Clean image,2288,1712,94.3,133.3,36.5,64.51,0.1%,4.0%,2075.56
2015\K1\10X\02_03-2015_03_24-10_00-K1-10X.jpeg,BORDERLINE_BLUR,Borderline blurry (Laplacian var: 40.59),2288,1712,94.1,140.6,53.0,58.46,0.0%,0.0%,40.59
2015\K1\10X\02_03-2015_03_25-10_51-K1-10X.jpeg,OK,Clean image,2288,1712,105.1,155.6,63.6,61.38,0.0%,0.0%,1240.34
2015\K1\10X\02_03-2015_03_26-10_26-K1-10X.jpeg,OK,Clean image,2288,1712,90.4,132.7,39.7,62.00,0.1%,3.0%,2159.24
2015\K1\10X\02_03-2015_03_27-10_00-K1-10X.jpeg,OK,Clean image,2288,1712,94.7,134.9,38.1,64.57,0.1%,2.6%,1744.12
2015\K1\10X\02_03-2015_03_28-09_00-K1-10X.jpeg,OK,Clean image,2288,1712,93.8,140.8,50.1,60.50,0.0%,0.2%,1102.00
2015\K1\10X\02_03-2015_03_29-10_00-K1-10X.jpeg,OK,Clean image,2288,1712,91.9,139.0,62.5,51.05,0.0%,0.0%,379.27
2015\K1\10X\02_03-2015_03_30-08_30-K1-10X.jpeg,OK,Clean image,2288,1712,96.0,123.2,62.2,40.87,0.5%,0.1%,2625.48
2015\K1\10X\02_03-2015_04_01-12_00-K1-10X.jpeg,OK,Clean image,2288,1712,91.1,130.7,54.1,51.15,0.2%,0.7%,2148.68
2015\K1\10X\02_03-2015_04_02-10_00-K1-10X.jpeg,OK,Clean image,2288,1712,99.4,135.9,65.8,46.90,0.1%,0.0%,1576.59
2015\K1\10X\02_03-2015_04_04-10_00-K1-10X.jpeg,OK,Clean image,2288,1712,98.1,135.0,62.2,48.59,0.1%,0.0%,1559.27
2015\K1\10X\02_03-2015_04_05-09_00-K1-10X.jpeg,OK,Clean image,2288,1712,94.6,123.5,59.1,43.12,0.5%,0.3%,2672.78
2015\K1\10X\02_03-2015_04_06-10_00-K1-10X.jpeg,OK,Clean image,2288,1712,93.7,131.5,59.3,48.24,0.5%,0.6%,2668.93
2015\K1\10X\02_03-2015_04_07-10_00-K1-10X.jpeg,OK,Clean image,2288,1712,94.0,129.4,51.4,52.09,0.3%,0.9%,2289.62
2015\K1\10X\02_03-2015_04_08-10_00-K1-10X.jpeg,OK,Clean image,2288,1712,92.5,124.8,51.7,48.88,0.4%,1.0%,2424.39
2015\K1\10X\02_03-2015_04_09-10_00-K1-10X.jpeg,OK,Clean image,2288,1712,95.3,132.3,67.4,43.32,0.0%,0.0%,1365.02
2015\K1\10X\02_03-2015_04_10-10_00-K1-10X.jpeg,OK,Clean image,2288,1712,103.2,139.4,70.0,46.57,1.0%,0.4%,3323.11
2015\K1\10X\02_03-2015_04_12-10_00-K1-10X.jpeg,OK,Clean image,2288,1712,103.9,148.0,84.9,42.16,0.1%,0.0%,1786.12
2015\K1\10X\02_03-2015_04_13-10_00-K1-10X.jpeg,OK,Clean image,2288,1712,93.1,128.0,58.2,46.53,0.0%,0.0%,163.28
2015\K1\10X\02_03-2015_04_16-10_00-K1-10X.jpeg,OK,Clean image,2288,1712,96.0,129.6,63.7,44.14,0.6%,0.4%,2752.12
2015\K1\10X\02_03-2015_04_17-10_00-K1-10X.jpeg,OK,Clean image,2288,1712,97.3,132.3,65.2,44.96,0.8%,0.4%,2992.76
2015\K1\10X\02_03-2015_04_18-10_00-K1-10X.jpeg,OK,Clean image,2288,1712,102.2,140.8,65.8,50.01,0.0%,0.0%,136.79
2015\K1\10X\02_03-2015_04_22-10_00-K1-10X.jpeg,OK,Clean image,2288,1712,96.9,135.7,77.6,38.76,0.0%,0.0%,1232.30
2015\K1\10X\02_03-2015_04_24-10_00-K1-10X.jpeg,OK,Clean image,2288,1712,95.8,129.9,68.6,41.11,0.7%,0.0%,2184.59
2015\K1\10X\02_03-2015_04_25-11_32-K1-10X.jpeg,OK,Clean image,2288,1712,101.4,139.0,74.4,43.20,1.0%,0.1%,2699.48
2015\K1\10X\02_03-2015_04_26-11_30-K1-10X.jpeg,OK,Clean image,2288,1712,97.1,132.4,66.3,44.17,0.6%,0.1%,2363.64
2015\K1\10X\02_03-2015_04_27-11_07-K1-10X.jpeg,OK,Clean image,2288,1712,106.3,137.8,62.8,50.08,0.4%,0.0%,1549.33
2015\K1\10X\02_03-2015_04_28-10_00-K1-10X.jpeg,OK,Clean image,2288,1712,98.7,132.4,63.4,46.07,0.5%,0.0%,1948.02
2015\K1\10X\02_03-2015_04_29-10_12-K1-10X.jpeg,OK,Clean image,2288,1712,110.3,141.2,64.7,51.10,0.2%,0.0%,1155.26
2015\K1\10X\02_03-2015_04_30-08_30-K1-10X.jpeg,OK,Clean image,2288,1712,112.3,138.2,68.2,46.78,0.3%,0.0%,1511.19
2015\K1\10X\02_03-2015_05_02-10_00-K1-10X.jpeg,OK,Clean image,2288,1712,112.4,138.8,69.8,46.05,0.0%,0.0%,610.64
2015\K1\10X\02_03-2015_05_05-10_55-K1-10X.jpeg,OK,Clean image,2288,1712,105.7,127.4,59.1,45.52,0.1%,0.0%,1074.18
2015\K1\10X\02_03-2015_05_06-10_00-K1-10X.jpeg,OK,Clean image,2288,1712,116.3,133.4,60.4,48.70,0.1%,0.0%,1030.92
2015\K1\10X\02_03-2015_05_09-10_00-K1-10X.jpeg,OK,Clean image,2288,1712,120.8,130.3,65.4,43.37,0.0%,0.0%,389.21
2015\K1\10X\02_03-2015_05_11-10_00-K1-10X.jpeg,OK,Clean image,2288,1712,120.0,127.7,60.1,45.26,0.0%,0.0%,678.23
2015\K1\10X\02_03-2015_05_12-10_21-K1-10X.jpeg,OK,Clean image,2288,1712,135.4,140.6,68.0,48.83,0.1%,0.0%,933.60
2015\K1\10X\02_03-2015_05_13-10_00-K1-10X.jpeg,OK,Clean image,2288,1712,131.4,134.8,64.5,47.65,0.1%,0.0%,923.71
2015\K1\10X\02_03-2015_05_15-08_30-K1-10X.jpeg,OK,Clean image,2288,1712,123.7,123.6,61.1,43.31,0.0%,0.0%,724.91
2015\K1\10X\02_03-2015_05_16-10_00-K1-10X.jpeg,OK,Clean image,2288,1712,125.2,122.1,58.6,45.17,0.0%,0.0%,671.87
2015\K1\10X\02_03-2015_05_17-08_30-K1-10X.jpeg,OK,Clean image,2288,1712,127.5,121.6,59.6,45.61,0.0%,0.0%,517.31
2015\K1\10X\02_03-2015_05_19-08_00-K1-10X.jpeg,LOW_CONTRAST,Low color contrast (std dev: 13.7),2288,1712,133.8,124.0,63.1,47.16,0.0%,0.0%,11.41
2015\K1\10X\02_03-2015_05_20-08_30-K1-10X.jpeg,OK,Clean image,2288,1712,137.4,126.4,68.7,45.84,0.0%,0.0%,530.62
2015\K1\10X\02_03-2015_05_21-09_00-K1-10X.jpeg,OK,Clean image,2288,1712,139.9,127.0,68.7,47.54,0.0%,0.0%,493.23
2015\K1\10X\02_03-2015_05_22-10_00-K1-10X.jpeg,OK,Clean image,2288,1712,139.8,129.2,77.2,41.78,0.0%,0.0%,427.76
2015\K1\10X\02_03-2015_05_23-10_28-K1-10X.jpeg,OK,Clean image,2288,1712,153.7,137.4,80.0,49.14,0.0%,0.0%,542.66
2015\K1\10X\02_03-2015_05_26-09_00-K1-10X.jpeg,OK,Clean image,2288,1712,145.1,125.7,78.0,44.73,0.0%,0.0%,582.56
2015\K1\10X\02_03-2015_05_27-10_00-K1-10X.jpeg,OK,Clean image,2288,1712,144.6,125.1,75.8,45.93,0.0%,0.0%,321.16
2015\K1\10X\02_03-2015_05_28-09_00-K1-10X.jpeg,OK,Clean image,2288,1712,148.9,126.7,78.7,46.85,0.0%,0.0%,485.61
2015\K1\10X\02_03-2015_05_29-10_42-K1-1X.jpeg,OK,Clean image,2288,1712,150.7,128.5,83.3,44.95,0.0%,0.0%,445.58
2015\K1\10X\02_03-2015_05_29-11_00-K1-10X.jpeg,OK,Clean image,2288,1712,149.4,129.9,86.1,42.22,0.0%,0.0%,397.48
2015\K1\10X\02_03-2015_05_31-10_25-K1-10X.jpeg,LOW_CONTRAST,Low color contrast (std dev: 12.8),2288,1712,153.1,128.3,82.4,47.17,0.0%,0.0%,19.98
2015\K1\10X\02_03-2015_06_01-11_10-K1-1X.jpeg,OK,Clean image,2288,1712,145.5,128.0,93.8,34.48,0.0%,0.0%,724.48
2015\K1\10X\02_03-2015_06_01-11_30-K1-10X.jpeg,OK,Clean image,2288,1712,134.3,116.4,81.5,35.23,0.0%,0.0%,601.54
2015\K1\10X\02_03-2015_06_02-10_00-K1-10X.jpeg,OK,Clean image,2288,1712,157.7,129.2,77.5,53.46,0.0%,0.0%,252.01
2015\K1\10X\02_03-2015_06_03-10_30-K1-10X.jpeg,OK,Clean image,2288,1712,140.0,121.7,87.2,35.15,0.0%,0.0%,393.06
2015\K1\10X\02_03-2015_06_04-10_00-K1-10X.jpeg,OK,Clean image,2288,1712,150.8,125.7,83.2,45.09,0.0%,0.0%,300.88
2015\K1\10X\02_03-2015_06_05-10_30-K1-10X.jpeg,OK,Clean image,2288,1712,156.9,134.0,91.7,43.44,0.0%,0.0%,418.92
2015\K1\10X\02_03-2015_06_06-09_00-K1-10X.jpeg,OK,Clean image,2288,1712,135.8,117.8,82.7,35.35,0.0%,0.0%,346.91
2015\K1\10X\02_03-2015_06_08-10_00-K1-10X.jpeg,OK,Clean image,2288,1712,149.9,127.9,87.5,41.58,0.0%,0.0%,335.27
2015\K1\10X\02_03-2015_06_09-10_00-K1-10X.jpeg,OK,Clean image,2288,1712,154.4,131.0,87.2,44.83,0.0%,0.0%,303.64
2015\K1\10X\02_03-2015_06_10-10_00-K1-10X.jpeg,OK,Clean image,2288,1712,149.6,126.8,86.0,42.38,0.0%,0.0%,375.12
2015\K1\10X\02_03-2015_06_20-10_00-K1-10X.jpeg,OK,Clean image,2288,1712,135.0,117.0,86.5,32.41,0.2%,0.0%,2084.32
2015\K1\10X\02_03-2015_07_02-11_52-K1-10X.jpeg,OK,Clean image,2288,1712,149.5,129.6,93.6,37.31,0.2%,0.0%,2020.51
2015\K1\10X\02_03-2015_07_03-10_00-K1-10X.jpeg,OK,Clean image,2288,1712,138.3,121.1,86.6,34.44,0.1%,0.0%,1649.41
2015\K1\10X\02_03-2015_07_04-08_01-K1-10X.jpeg,OK,Clean image,2288,1712,142.7,122.7,84.6,38.71,0.3%,0.0%,1848.59
2015\K1\10X\02_03-2015_07_05-08_30-K1-10X.jpeg,OK,Clean image,2288,1712,135.5,117.2,81.6,36.01,0.2%,0.0%,1759.04
2015\K1\10X\02_03-2015_07_08-11_28-K1-10X.jpeg,OK,Clean image,2288,1712,139.3,123.4,89.1,33.50,0.1%,0.0%,1860.34
2015\K1\10X\02_03-2015_07_10-10_00-K1-10X.jpeg,OK,Clean image,2288,1712,140.0,122.1,87.9,34.79,0.1%,0.0%,1884.33
2015\K1\10X\02_03-2015_07_12-10_00-K1-10X.jpeg,OK,Clean image,2288,1712,139.6,122.0,86.9,35.17,0.1%,0.0%,1773.48
2015\K1\10X\02_03-2015_07_14-09_30-K1-10X.jpeg,OK,Clean image,2288,1712,134.9,118.8,85.7,32.86,0.2%,0.0%,1836.67
2015\K1\10X\02_03-2015_07_18-11_38-K1-10X.jpeg,OK,Clean image,2288,1712,131.4,117.4,86.5,29.97,0.1%,0.0%,2019.04
2015\K1\10X\02_03-2015_07_19-10_00-K1-10X.jpeg,OK,Clean image,2288,1712,139.3,120.2,84.6,36.54,0.2%,0.0%,1910.01
2015\K1\10X\02_03-2015_07_20-11_39-K1-10X.jpeg,OK,Clean image,2288,1712,140.2,123.4,86.9,35.56,0.1%,0.0%,1730.49
2015\K1\10X\02_03-2015_07_23-11_54-K1-10X.jpeg,OK,Clean image,2288,1712,131.0,118.1,87.9,28.76,0.1%,0.0%,2074.11
2015\K1\10X\02_03-2015_07_25-11_13-K1-10X.jpeg,OK,Clean image,2288,1712,139.9,122.4,81.6,38.89,0.0%,0.0%,92.02
2015\K1\10X\02_03-2015_07_26-09_00-K1-10X.jpeg,OK,Clean image,2288,1712,135.4,117.7,83.9,34.35,0.3%,0.0%,1992.84
2015\K1\10X\02_03-2015_07_27-09_00-K1-10X.jpeg,OK,Clean image,2288,1712,137.4,118.5,80.4,38.02,0.1%,0.0%,550.74
2015\K1\10X\02_03-2015_07_28-10_00-K1-10X.jpeg,OK,Clean image,2288,1712,143.5,125.4,90.6,35.29,0.2%,0.0%,1839.51
2015\K1\10X\02_03-2015_07_29-10_41-K1-10X.jpeg,OK,Clean image,2288,1712,138.5,125.2,96.5,28.03,0.1%,0.0%,1719.53
2015\K1\10X\02_03-2015_07_30-10_42-K1-10X.jpeg,OK,Clean image,2288,1712,138.6,125.0,94.3,29.56,0.0%,0.0%,1066.83
2015\K1\10X\02_03-2015_07_31-10_44-K1-10X.jpeg,OK,Clean image,2288,1712,146.5,128.5,92.0,36.37,0.1%,0.0%,1855.24
2015\K1\10X\02_03-2015_08_01-10_44-K1-10X.jpeg,OK,Clean image,2288,1712,118.4,121.0,119.6,9.20,0.3%,0.0%,1210.49
2015\K1\10X\02_03-2015_08_02-10_00-K1-10X.jpeg,OK,Clean image,2288,1712,124.5,117.0,107.9,13.08,0.4%,0.0%,1951.07
2015\K1\10X\02_03-2015_08_03-10_00-K1-10X.jpeg,OK,Clean image,2288,1712,134.4,125.7,116.2,13.91,0.6%,0.0%,2314.84
2015\K1\10X\02_03-2015_08_04-10_00-K1-10X.jpeg,OK,Clean image,2288,1712,141.0,116.3,92.6,32.27,0.6%,0.0%,1845.73
2015\K1\10X\02_03-2015_08_05-10_00-K1-10X.jpeg,OK,Clean image,2288,1712,139.5,114.8,92.4,31.38,0.6%,0.0%,1874.08
2015\K1\10X\02_03-2015_08_06-10_00-K1-10X.jpeg,OK,Clean image,2288,1712,138.5,114.3,93.4,30.10,0.7%,0.0%,2055.93
2015\K1\10X\02_03-2015_08_07-09_30-K1-10X.jpeg,OK,Clean image,2288,1712,134.7,117.4,104.2,20.42,0.7%,0.0%,1936.11
2015\K1\10X\02_03-2015_08_08-10_00-K1-10X.jpeg,OK,Clean image,2288,1712,142.9,117.3,96.8,30.82,0.8%,0.0%,2146.92
2015\K1\10X\02_03-2015_08_10-10_00-K1-10X.jpeg,OK,Clean image,2288,1712,140.1,115.9,96.3,29.21,0.7%,0.0%,1874.02
2015\K1\10X\02_03-2015_08_11-10_00-K1-10X.jpeg,OK,Clean image,2288,1712,137.2,115.2,97.6,26.46,0.7%,0.0%,1928.50
2015\K1\10X\02_03-2015_08_12-10_05-K1-10X.jpeg,OK,Clean image,2288,1712,141.8,117.3,97.8,29.39,0.8%,0.0%,2124.32
2015\K1\10X\02_03-2015_08_13-10_05-K1-10X.jpeg,OK,Clean image,2288,1712,148.1,123.9,105.3,28.57,1.0%,0.0%,2352.69
2015\K1\10X\02_03-2015_08_14-10_06-K1-10X.jpeg,OK,Clean image,2288,1712,145.6,121.4,102.0,29.16,0.9%,0.0%,2176.76
2015\K1\10X\02_03-2015_08_15-10_07-K1-10X.jpeg,OK,Clean image,2288,1712,139.7,116.5,98.3,27.63,0.7%,0.0%,2037.64
2015\K1\10X\02_03-2015_08_16-10_13-K1-10X.jpeg,OK,Clean image,2288,1712,139.7,115.5,96.2,29.07,0.7%,0.0%,2022.25
2015\K1\10X\02_03-2015_08_17-10_14-K1-10X.jpeg,OK,Clean image,2288,1712,144.5,120.1,99.3,30.19,0.7%,0.0%,2007.20
2015\K1\10X\02_03-2015_08_18-10_15-K1-10X.jpeg,OK,Clean image,2288,1712,143.5,118.1,97.8,30.46,0.7%,0.0%,2116.94
2015\K1\10X\02_03-2015_08_19-10_16-K1-10X.jpeg,OK,Clean image,2288,1712,143.5,118.5,99.2,29.58,0.8%,0.0%,2227.60
2015\K1\10X\02_03-2015_08_20-10_17-K1-10X.jpeg,OK,Clean image,2288,1712,149.0,122.2,99.4,33.07,0.9%,0.0%,2152.13
2015\K1\10X\02_03-2015_08_22-10_00-K1-10X.jpeg,OK,Clean image,2288,1712,139.9,118.1,100.6,26.23,0.7%,0.0%,1866.11
2015\K1\10X\02_03-2015_08_24-09_00-K1-10X.jpeg,OK,Clean image,2288,1712,130.4,122.8,118.2,8.94,0.5%,0.0%,1356.10
2015\K1\10X\02_03-2015_08_30-10_00-K1-10X.jpeg,OK,Clean image,2288,1712,145.8,121.1,100.8,30.00,0.8%,0.0%,1946.89
2015\K1\10X\02_03-2015_09_01-08_30-K1-10X.jpeg,OK,Clean image,2288,1712,128.1,126.2,125.4,5.99,0.5%,0.0%,1045.03
2015\K1\10X\02_03-2015_09_02-10_00-K1-10X.jpeg,OK,Clean image,2288,1712,139.3,116.6,100.7,25.81,0.8%,0.0%,2185.01
2015\K1\10X\02_03-2015_09_03-10_15-K1-10X.jpeg,OK,Clean image,2288,1712,138.2,115.4,98.2,26.79,0.7%,0.0%,1991.93
2015\K1\10X\02_03-2015_09_06-10_00-K1-10X.jpeg,OK,Clean image,2288,1712,141.5,117.2,96.5,30.02,0.5%,0.0%,1486.42
2015\K1\10X\02_03-2015_09_07-11_21-K1-10X.jpeg,OK,Clean image,2288,1712,159.0,124.2,88.8,46.81,0.5%,0.0%,1308.91
2015\K1\10X\02_03-2015_09_08-11_03-K1-10X.jpeg,OK,Clean image,2288,1712,154.6,123.6,91.5,42.07,0.4%,0.0%,1244.87
2015\K1\10X\02_03-2015_09_10-10_00-K1-10X.jpeg,OK,Clean image,2288,1712,150.7,122.5,91.9,39.21,0.3%,0.0%,1080.36
2015\K1\10X\02_03-2015_09_13-09_00-K1-10X.jpeg,OK,Clean image,2288,1712,129.9,128.1,126.4,4.17,0.2%,0.0%,708.33
2015\K1\10X\02_03-2015_09_14-09_00-K1-10X.jpeg,OK,Clean image,2288,1712,126.3,125.4,127.3,5.37,0.2%,0.0%,801.83
2015\K1\10X\02_03-2015_09_15-09_30-K1-10X.jpeg,OK,Clean image,2288,1712,137.2,128.5,119.5,11.89,0.0%,0.0%,111.81
2015\K1\10X\02_03-2015_09_16-10_00-K1-10X.jpeg,OK,Clean image,2288,1712,134.6,117.6,104.6,20.04,0.5%,0.0%,1713.61
2015\K1\10X\02_03-2015_10_15-09_07-K1-10X.jpeg,OK,Clean image,2288,1712,130.1,127.3,125.2,4.16,0.1%,0.0%,552.98
2015\K1\10X\02_03-2015_10_25-10_00-K1-10X.jpeg,OK,Clean image,2288,1712,143.2,113.7,92.3,33.95,0.2%,0.0%,759.17
2015\K1\10X\02_03-2015_10_26-10_00-K1-10X.jpeg,OK,Clean image,2288,1712,132.0,117.9,110.8,14.17,0.1%,0.0%,707.76
2015\K1\10X\02_03-2015_10_28-11_13-K1-10X.jpeg,OK,Clean image,2288,1712,162.9,126.2,102.1,40.59,0.5%,0.0%,981.96
2015\K1\10X\02_03-2015_11_02-10_00-K1-10X.jpeg,OK,Clean image,2288,1712,125.1,120.0,120.4,6.36,0.1%,0.0%,368.91
2015\K1\10X\02_03-2015_11_03-10_00-K1-10X.jpeg,OK,Clean image,2288,1712,125.7,121.0,122.4,6.75,0.4%,0.0%,1222.32
2015\K1\10X\02_03-2015_11_04-10_06-K1-10X.jpeg,OK,Clean image,2288,1712,123.3,118.0,117.3,7.11,0.3%,0.0%,1196.93
2015\K1\10X\02_03-2015_11_09-10_38-K1-10X.jpeg,OK,Clean image,2288,1712,149.4,114.8,90.5,39.26,0.2%,0.0%,1053.77
2015\K1\10X\02_03-2015_11_10-10_00-K1-10X.jpeg,OK,Clean image,2288,1712,125.1,118.2,120.1,7.09,0.1%,0.0%,706.38
2015\K1\10X\02_03-2015_11_13-10_54-K1-10X.jpeg,OK,Clean image,2288,1712,139.0,114.8,102.0,24.85,0.5%,0.0%,2955.91
2015\K1\10X\02_03-2015_11_14-10_54-K1-10X.jpeg,OK,Clean image,2288,1712,138.7,112.9,97.3,27.69,0.4%,0.0%,2613.60
2015\K1\10X\02_03-2015_11_15-10_55-K1-10X.jpeg,OK,Clean image,2288,1712,133.2,112.5,101.9,21.11,0.4%,0.0%,2146.47
2015\K1\10X\02_03-2015_11_16-10_00-K1-10X.jpeg,OK,Clean image,2288,1712,142.0,127.1,115.8,17.51,0.3%,0.0%,1266.39
2015\K1\10X\02_03-2015_11_19-10_00-K1-10X.jpeg,OK,Clean image,2288,1712,133.3,124.4,118.9,9.91,0.3%,0.0%,1297.71
2015\K1\10X\02_03-2015_11_20-10_53-K1-10X.jpeg,OK,Clean image,2288,1712,138.2,113.6,98.6,26.47,0.5%,0.0%,2313.10
2015\K1\10X\02_03-2015_11_21-10_00-K1-10X.jpeg,OK,Clean image,2288,1712,125.9,120.6,120.0,6.56,0.3%,0.0%,1116.12
2015\K1\10X\02_03-2015_11_23-10_00-K1-10X.jpeg,OK,Clean image,2288,1712,130.5,124.5,122.4,7.24,0.3%,0.0%,1259.40
2015\K1\10X\02_03-2015_11_24-10_00-K1-10X.jpeg,OK,Clean image,2288,1712,127.2,122.0,121.6,6.68,0.3%,0.0%,1153.14
2015\K1\10X\02_03-2015_11_27-10_00-K1-10X.jpeg,OK,Clean image,2288,1712,146.3,113.7,96.3,33.33,0.2%,0.0%,1055.10
2015\K1\10X\02_03-2015_11_29-09_00-K1-10X.jpeg,OK,Clean image,2288,1712,126.7,126.7,128.1,3.21,0.1%,0.0%,487.78
2015\K1\10X\02_03-2015_12_01-10_00-K1-10X.jpeg,OK,Clean image,2288,1712,119.5,117.1,119.1,5.00,0.2%,0.0%,1083.65
2015\K1\10X\02_03-2015_12_02-10_00-K1-10X.jpeg,OK,Clean image,2288,1712,127.5,124.8,127.5,5.12,0.3%,0.0%,957.19
2015\K1\10X\02_03-2015_12_04-10_00-K1-10X.jpeg,OK,Clean image,2288,1712,124.3,121.3,122.7,5.33,0.2%,0.0%,750.92
2015\K1\10X\02_03-2015_12_05-10_19-K1-10X.jpeg,OK,Clean image,2288,1712,133.2,117.8,109.2,16.13,0.3%,0.0%,826.01
2015\K1\10X\02_03-2015_12_06-10_21-K1-10X.jpeg,OK,Clean image,2288,1712,128.8,112.8,103.6,16.97,0.5%,0.0%,2019.67
2015\K1\10X\02_03-2015_12_07-10_00-K1-10X.jpeg,OK,Clean image,2288,1712,130.7,121.4,119.2,8.82,0.5%,0.0%,1754.49
2015\K1\10X\02_03-2015_12_09-10_00-K1-10X.jpeg,OK,Clean image,2288,1712,123.7,118.9,119.5,6.26,0.4%,0.0%,1348.02
2015\K1\10X\02_03-2015_12_10-10_00-K1-10X.jpeg,OK,Clean image,2288,1712,130.8,120.4,112.8,12.11,0.1%,0.0%,96.84
2015\K1\10X\02_03-2015_12_11-10_00-K1-10X.jpeg,OK,Clean image,2288,1712,126.9,121.2,120.8,6.00,0.4%,0.0%,1455.12
2015\K1\10X\02_03-2015_12_17-10_01-K1-10X.jpeg,OK,Clean image,2288,1712,143.2,114.2,93.9,32.93,0.3%,0.0%,1295.00
2015\K1\10X\02_03-2015_12_18-10_01-K1-10X.jpeg,OK,Clean image,2288,1712,129.6,125.2,125.0,5.63,0.4%,0.0%,1221.44
2015\K1\10X\02_03-2015_12_19-10_00-K1-10X.jpeg,OK,Clean image,2288,1712,142.9,137.0,134.1,9.39,0.0%,0.0%,660.09
2015\K1\10X\02_03-2015_12_21-10_00-K1-10X.jpeg,OK,Clean image,2288,1712,127.0,124.1,124.1,5.35,0.1%,0.0%,94.43
2015\K1\10X\02_03-2015_12_23-10_32-K1-10X.jpeg,OK,Clean image,2288,1712,131.5,123.3,121.3,8.58,0.5%,0.0%,1760.69
2015\K1\10X\02_03-2015_12_28-10_00-K1-10X.jpeg,OK,Clean image,2288,1712,123.5,120.4,121.2,5.99,0.4%,0.0%,1297.77
2015\K1\10X\02_03-2015_12_31-09_30-K1-10X.jpeg,OK,Clean image,2288,1712,147.0,112.9,95.7,34.20,0.1%,0.0%,733.63
2015\K1\1X\02_03-2015_01_01-11_08-K1-1X.jpeg,OK,Clean image,2288,1712,142.1,147.3,76.6,49.41,0.0%,0.0%,656.93
2015\K1\1X\02_03-2015_01_02-10_51-K1-1X.jpeg,OK,Clean image,2288,1712,142.1,143.3,79.7,46.89,0.0%,0.0%,340.02
2015\K1\1X\02_03-2015_01_03-10_00-K1-1X.jpeg,OK,Clean image,2288,1712,125.3,133.7,64.5,47.46,0.0%,0.0%,483.85
2015\K1\1X\02_03-2015_01_04-10_53-K1-1X.jpeg,OK,Clean image,2288,1712,130.6,129.9,126.6,5.83,0.1%,0.0%,328.77
2015\K1\1X\02_03-2015_01_05-10_00-K1-1X.jpeg,OK,Clean image,2288,1712,121.9,123.3,119.3,8.09,0.0%,0.0%,113.86
2015\K1\1X\02_03-2015_01_06-10_54-K1-1X.jpeg,OK,Clean image,2288,1712,142.8,143.1,129.6,14.53,0.0%,0.0%,336.32
2015\K1\1X\02_03-2015_01_07-10_55-K1-1X.jpeg,OK,Clean image,2288,1712,138.1,142.3,135.2,11.31,0.0%,0.0%,190.79
2015\K1\1X\02_03-2015_01_08-10_55-K1-1X.jpeg,OK,Clean image,2288,1712,137.0,142.3,84.6,39.94,0.0%,0.0%,745.60
2015\K1\1X\02_03-2015_01_09-10_00-K1-1X.jpeg,OK,Clean image,2288,1712,137.8,140.6,85.2,39.40,0.0%,0.0%,527.50
2015\K1\1X\02_03-2015_01_10-10_00-K1-1X.jpeg,OK,Clean image,2288,1712,135.0,143.9,90.4,36.53,0.0%,0.0%,775.64
2015\K1\1X\02_03-2015_01_11-10_00-K1-1X.jpeg,OK,Clean image,2288,1712,118.6,117.4,118.7,4.95,0.0%,0.0%,1975.84
2015\K1\1X\02_03-2015_01_12-10_00-K1-1X.jpeg,OK,Clean image,2288,1712,126.0,127.0,119.2,7.81,0.0%,0.0%,579.11
2015\K1\1X\02_03-2015_01_13-10_00-K1-1X.jpeg,OK,Clean image,2288,1712,134.2,139.6,81.7,39.68,0.0%,0.0%,567.44
2015\K1\1X\02_03-2015_01_14-10_00-K1-1X.jpeg,OK,Clean image,2288,1712,135.9,141.8,78.6,42.98,0.0%,0.0%,889.50
2015\K1\1X\02_03-2015_01_15-10_52-K1-1X.jpeg,OK,Clean image,2288,1712,139.1,139.8,136.9,8.05,0.0%,0.0%,304.54
2015\K1\1X\02_03-2015_01_16-10_00-K1-1X.jpeg,OK,Clean image,2288,1712,133.3,135.5,86.9,34.54,0.0%,0.0%,469.15
2015\K1\1X\02_03-2015_01_17-10_00-K1-1X.jpeg,OK,Clean image,2288,1712,132.1,136.0,79.8,38.41,0.0%,0.0%,562.21
2015\K1\1X\02_03-2015_01_19-10_00-K1-1X.jpeg,OK,Clean image,2288,1712,135.7,138.5,82.2,38.56,0.0%,0.0%,612.49
2015\K1\1X\02_03-2015_01_20-10_00-K1-1X.jpeg,OK,Clean image,2288,1712,137.5,141.4,81.1,41.14,0.0%,0.0%,384.43
2015\K1\1X\02_03-2015_01_21-09_30-K1-1X.jpeg,OK,Clean image,2288,1712,140.1,142.4,86.0,39.33,0.0%,0.0%,517.26
2015\K1\1X\02_03-2015_02_05-10_00-K1-1X.jpeg,OK,Clean image,2288,1712,133.3,146.2,69.4,51.46,0.5%,0.0%,452.39
2015\K1\1X\02_03-2015_02_06-09_30-K1-1X.jpeg,OK,Clean image,2288,1712,130.8,143.3,69.7,49.16,0.3%,0.0%,438.94
2015\K1\1X\02_03-2015_02_07-11_58-K1-1X.jpeg,OK,Clean image,2288,1712,133.1,147.0,64.3,55.56,0.0%,0.0%,400.96
2015\K1\1X\02_03-2015_02_08-10_00-K1-1X.jpeg,OK,Clean image,2288,1712,118.9,133.7,62.1,47.87,0.3%,0.0%,230.24
2015\K1\1X\02_03-2015_02_09-11_27-K1-1X.jpeg,OK,Clean image,2288,1712,128.5,149.0,99.2,33.79,0.0%,0.0%,248.10
2015\K1\1X\02_03-2015_02_10-10_00-K1-1X.jpeg,OK,Clean image,2288,1712,128.5,151.3,81.4,46.96,0.2%,0.0%,193.57
2015\K1\1X\02_03-2015_02_12-10_00-K1-1X.jpeg,OK,Clean image,2288,1712,109.8,130.0,95.6,23.56,0.0%,0.0%,128.22
2015\K1\1X\02_03-2015_02_13-09_30-K1-1X.jpeg,OK,Clean image,2288,1712,128.2,150.6,84.1,44.64,0.0%,0.0%,202.75
2015\K1\1X\02_03-2015_02_14-11_00-K1-1X.jpeg,OK,Clean image,2288,1712,126.8,145.5,74.9,47.29,0.0%,0.0%,137.15
2015\K1\1X\02_03-2015_02_15-11_00-K1-1X.jpeg,OK,Clean image,2288,1712,126.3,145.2,73.6,48.04,0.1%,0.0%,132.91
2015\K1\1X\02_03-2015_02_16-10_00-K1-1X.jpeg,OK,Clean image,2288,1712,126.9,150.1,81.8,45.83,0.0%,0.0%,143.85
2015\K1\1X\02_03-2015_02_17-10_00-K1-1X.jpeg,OK,Clean image,2288,1712,123.9,147.4,80.0,45.24,0.0%,0.0%,166.02
2015\K1\1X\02_03-2015_02_18-10_30-K1-1X.jpeg,BORDERLINE_BLUR,Borderline blurry (Laplacian var: 70.59),2288,1712,128.5,147.1,88.2,39.50,0.2%,0.0%,70.59
2015\K1\1X\02_03-2015_02_19-10_00-K1-1X.jpeg,OK,Clean image,2288,1712,110.8,136.0,70.9,43.47,0.1%,0.0%,193.11
2015\K1\1X\02_03-2015_02_20-10_00-K1-1X.jpeg,OK,Clean image,2288,1712,124.8,145.7,105.9,27.44,0.0%,0.0%,179.04
2015\K1\1X\02_03-2015_02_21-10_30-K1-1X.jpeg,OK,Clean image,2288,1712,117.4,136.6,65.7,47.41,0.0%,0.0%,190.94
2015\K1\1X\02_03-2015_02_22-10_06-K1-1X.jpeg,OK,Clean image,2288,1712,126.8,149.5,58.0,61.05,0.3%,0.2%,378.92
2015\K1\1X\02_03-2015_02_23-10_07-K1-1X.jpeg,OK,Clean image,2288,1712,130.8,148.2,67.3,53.98,0.0%,0.0%,268.34
2015\K1\1X\02_03-2015_02_24-10_07-K1-1X.jpeg,OK,Clean image,2288,1712,129.5,148.5,65.6,55.47,0.0%,0.0%,175.54
2015\K1\1X\02_03-2015_02_25-09_00-K1-1X.jpeg,OK,Clean image,2288,1712,116.8,140.9,76.5,43.11,0.0%,0.0%,131.47
2015\K1\1X\02_03-2015_02_26-10_00-K1-1X.jpeg,OK,Clean image,2288,1712,129.5,147.7,70.1,51.76,0.4%,0.0%,305.73
2015\K1\1X\02_03-2015_02_27-09_30-K1-1X.jpeg,OK,Clean image,2288,1712,122.5,140.4,60.7,53.18,0.0%,0.0%,188.80
2015\K1\1X\02_03-2015_02_28-10_00-K1-1X.jpeg,OK,Clean image,2288,1712,129.9,148.0,57.8,60.22,0.0%,0.0%,243.64
2015\K1\1X\02_03-2015_03_01-10_00-K1-1X.jpeg,OK,Clean image,2288,1712,127.6,149.2,60.5,59.18,0.0%,0.0%,361.28
2015\K1\1X\02_03-2015_03_02-10_00-K1-1X.jpeg,BORDERLINE_BLUR,Borderline blurry (Laplacian var: 53.81),2288,1712,109.8,138.6,73.8,43.26,0.0%,0.0%,53.81
2015\K1\1X\02_03-2015_03_03-10_00-K1-1X.jpeg,OK,Clean image,2288,1712,125.7,147.6,62.8,56.61,0.4%,0.0%,205.86
2015\K1\1X\02_03-2015_03_04-10_00-K1-1X.jpeg,OK,Clean image,2288,1712,118.2,143.2,63.5,53.13,0.3%,0.0%,238.81
2015\K1\1X\02_03-2015_03_05-09_30-K1-1X.jpeg,OK,Clean image,2288,1712,121.1,144.7,57.3,58.32,0.0%,0.0%,312.89
2015\K1\1X\02_03-2015_03_06-10_00-K1-1X.jpeg,OK,Clean image,2288,1712,125.1,149.8,54.8,63.45,0.2%,0.1%,368.78
2015\K1\1X\02_03-2015_03_07-10_00-K1-1X.jpeg,OK,Clean image,2288,1712,121.4,146.4,51.1,63.52,0.0%,0.1%,214.40
2015\K1\1X\02_03-2015_03_08-08_30-K1-1X.jpeg,OK,Clean image,2288,1712,123.7,143.0,65.4,51.69,0.0%,0.1%,314.71
2015\K1\1X\02_03-2015_03_09-10_00-K1-1X.jpeg,OK,Clean image,2288,1712,124.6,151.5,52.6,65.92,0.0%,0.2%,368.14
2015\K1\1X\02_03-2015_03_10-10_00-K1-1X.jpeg,OK,Clean image,2288,1712,119.1,146.3,49.1,64.81,0.3%,0.3%,317.27
2015\K1\1X\02_03-2015_03_11-09_00-K1-1X.jpeg,OK,Clean image,2288,1712,107.9,141.2,64.0,51.48,0.0%,0.0%,182.95
2015\K1\1X\02_03-2015_03_12-10_00-K1-1X.jpeg,BORDERLINE_BLUR,Borderline blurry (Laplacian var: 19.90),2288,1712,105.2,136.9,89.3,32.14,0.0%,0.0%,19.90
2015\K1\1X\02_03-2015_03_13-10_56-K1-1X.jpeg,OK,Clean image,2288,1712,118.4,156.9,70.5,57.57,0.0%,0.0%,146.44
2015\K1\1X\02_03-2015_03_14-10_00-K1-1X.jpeg,OK,Clean image,2288,1712,116.7,151.2,75.6,50.41,0.1%,0.0%,125.47
2015\K1\1X\02_03-2015_03_16-11_00-K1-1X.jpeg,OK,Clean image,2288,1712,109.7,143.4,87.5,37.35,0.0%,0.0%,124.45
2015\K1\1X\02_03-2015_03_19-10_00-K1-1X.jpeg,OK,Clean image,2288,1712,111.3,153.4,84.3,46.13,0.0%,0.0%,174.77
2015\K1\1X\02_03-2015_03_20-10_07-K1-1X.jpeg,OK,Clean image,2288,1712,111.2,153.5,70.9,55.15,0.1%,0.0%,172.63
2015\K1\1X\02_03-2015_03_22-10_00-K1-1X.jpeg,OK,Clean image,2288,1712,117.4,155.2,48.9,70.88,0.1%,0.3%,338.22
2015\K1\1X\02_03-2015_03_23-10_00-K1-1X.jpeg,OK,Clean image,2288,1712,114.3,151.2,44.8,71.03,0.6%,1.0%,364.05
2015\K1\1X\02_03-2015_03_24-10_00-K1-1X.jpeg,OK,Clean image,2288,1712,111.1,155.8,70.7,56.74,0.0%,0.0%,331.84
2015\K1\1X\02_03-2015_03_25-10_52-K1-1X.jpeg,OK,Clean image,2288,1712,111.3,159.1,67.4,61.12,0.1%,0.0%,347.77
2015\K1\1X\02_03-2015_03_26-10_26-K1-1X.jpeg,OK,Clean image,2288,1712,110.9,152.9,46.9,70.72,0.3%,1.3%,492.70
2015\K1\1X\02_03-2015_03_27-10_00-K1-1X.jpeg,OK,Clean image,2288,1712,109.2,147.4,44.3,68.74,0.2%,1.1%,372.88
2015\K1\1X\02_03-2015_03_28-09_00-K1-1X.jpeg,OK,Clean image,2288,1712,109.4,157.6,61.7,63.96,0.1%,0.1%,374.99
2015\K1\1X\02_03-2015_03_29-10_00-K1-1X.jpeg,OK,Clean image,2288,1712,109.2,156.5,77.9,52.44,0.3%,0.0%,224.41
2015\K1\1X\02_03-2015_03_30-08_30-K1-1X.jpeg,OK,Clean image,2288,1712,122.7,143.8,82.1,41.17,0.4%,0.1%,761.06
2015\K1\1X\02_03-2015_04_01-12_00-K1-1X.jpeg,OK,Clean image,2288,1712,111.8,149.7,62.8,57.99,0.0%,0.2%,687.78
2015\K1\1X\02_03-2015_04_02-10_00-K1-1X.jpeg,OK,Clean image,2288,1712,111.1,146.1,76.0,46.77,0.3%,0.0%,541.03
2015\K1\1X\02_03-2015_04_03-10_00-K1-1X.jpeg,OK,Clean image,2288,1712,114.5,156.3,78.5,51.88,0.0%,0.0%,245.88
2015\K1\1X\02_03-2015_04_04-10_00-K1-1X.jpeg,OK,Clean image,2288,1712,117.4,152.2,75.3,51.31,0.0%,0.0%,760.28
2015\K1\1X\02_03-2015_04_05-09_00-K1-1X.jpeg,OK,Clean image,2288,1712,118.1,146.3,67.4,52.60,0.1%,0.3%,853.49
2015\K1\1X\02_03-2015_04_06-10_00-K1-1X.jpeg,OK,Clean image,2288,1712,117.2,151.9,67.4,56.36,0.4%,0.2%,788.21
2015\K1\1X\02_03-2015_04_07-10_00-K1-1X.jpeg,OK,Clean image,2288,1712,115.1,149.6,60.4,59.45,0.2%,0.3%,695.90
2015\K1\1X\02_03-2015_04_08-10_00-K1-1X.jpeg,OK,Clean image,2288,1712,113.5,146.6,64.5,54.75,0.3%,0.2%,785.61
2015\K1\1X\02_03-2015_04_09-10_00-K1-1X.jpeg,OK,Clean image,2288,1712,100.4,137.4,69.3,45.39,0.0%,0.0%,691.44
2015\K1\1X\02_03-2015_04_10-10_00-K1-1X.jpeg,OK,Clean image,2288,1712,112.8,146.7,70.2,51.03,0.2%,0.1%,960.82
2015\K1\1X\02_03-2015_04_11-11_49-K1-1X.jpeg,OK,Clean image,2288,1712,113.8,154.4,83.9,46.96,0.0%,0.0%,740.35
2015\K1\1X\02_03-2015_04_12-10_00-K1-1X.jpeg,OK,Clean image,2288,1712,110.5,152.6,91.9,40.51,0.1%,0.0%,949.67
2015\K1\1X\02_03-2015_04_13-10_00-K1-1X.jpeg,OK,Clean image,2288,1712,112.1,143.6,68.7,49.92,0.0%,0.2%,999.17
2015\K1\1X\02_03-2015_04_16-10_00-K1-1X.jpeg,OK,Clean image,2288,1712,106.9,135.8,64.4,47.60,0.3%,0.2%,844.32
2015\K1\1X\02_03-2015_04_17-10_00-K1-1X.jpeg,OK,Clean image,2288,1712,114.6,147.1,72.0,50.09,0.3%,0.2%,1038.64
2015\K1\1X\02_03-2015_04_18-10_00-K1-1X.jpeg,OK,Clean image,2288,1712,115.8,149.1,76.5,48.38,0.0%,0.1%,1025.99
2015\K1\1X\02_03-2015_04_22-10_00-K1-1X.jpeg,OK,Clean image,2288,1712,113.9,153.9,92.9,40.76,0.2%,0.0%,535.04
2015\K1\1X\02_03-2015_04_23-10_00-K1-1X.jpeg,OK,Clean image,2288,1712,112.2,150.4,89.5,40.61,0.0%,0.0%,869.21
2015\K1\1X\02_03-2015_04_24-10_00-K1-1X.jpeg,OK,Clean image,2288,1712,119.3,149.4,76.8,48.44,0.0%,0.0%,1091.46
2015\K1\1X\02_03-2015_04_25-11_32-K1-1X.jpeg,OK,Clean image,2288,1712,117.6,151.4,80.8,47.12,0.1%,0.0%,1384.43
2015\K1\1X\02_03-2015_04_26-11_30-K1-1X.jpeg,OK,Clean image,2288,1712,118.1,151.2,77.7,49.01,0.1%,0.0%,1084.93
2015\K1\1X\02_03-2015_04_27-11_07-K1-1X.jpeg,OK,Clean image,2288,1712,118.0,147.3,69.8,51.66,0.0%,0.0%,748.55
2015\K1\1X\02_03-2015_04_28-10_00-K1-1X.jpeg,OK,Clean image,2288,1712,119.2,151.5,72.6,52.56,0.0%,0.0%,802.23
2015\K1\1X\02_03-2015_04_29-10_13-K1-1X.jpeg,OK,Clean image,2288,1712,115.6,143.1,70.7,48.28,0.2%,0.0%,435.31
2015\K1\1X\02_03-2015_04_30-08_30-K1-1X.jpeg,OK,Clean image,2288,1712,120.4,142.5,74.5,45.34,0.2%,0.0%,492.57
2015\K1\1X\02_03-2015_05_02-10_00-K1-1X.jpeg,OK,Clean image,2288,1712,126.4,142.8,97.8,30.02,0.1%,0.0%,320.46
2015\K1\1X\02_03-2015_05_05-10_55-K1-1X.jpeg,OK,Clean image,2288,1712,117.9,140.3,73.2,44.81,0.1%,0.0%,466.88
2015\K1\1X\02_03-2015_05_06-10_00-K1-1X.jpeg,OK,Clean image,2288,1712,126.3,146.2,74.1,48.11,0.1%,0.0%,446.36
2015\K1\1X\02_03-2015_05_07-10_00-K1-1X.jpeg,OK,Clean image,2288,1712,130.8,148.0,75.7,48.19,0.0%,0.0%,478.96
2015\K1\1X\02_03-2015_05_08-10_00-K1-1X.jpeg,OK,Clean image,2288,1712,127.1,141.6,71.0,47.08,0.0%,0.0%,347.86
2015\K1\1X\02_03-2015_05_09-10_00-K1-1X.jpeg,OK,Clean image,2288,1712,129.2,141.2,81.8,39.63,0.0%,0.0%,252.30
2015\K1\1X\02_03-2015_05_11-10_00-K1-1X.jpeg,OK,Clean image,2288,1712,130.9,140.0,71.9,45.51,0.0%,0.0%,264.65
2015\K1\1X\02_03-2015_05_12-10_21-K1-1X.jpeg,OK,Clean image,2288,1712,136.3,144.3,75.3,46.18,0.1%,0.0%,379.57
2015\K1\1X\02_03-2015_05_13-10_00-K1-1X.jpeg,OK,Clean image,2288,1712,130.9,138.6,71.9,44.71,0.1%,0.0%,329.96
2015\K1\1X\02_03-2015_05_14-08_00-K1-1X.jpeg,OK,Clean image,2288,1712,132.8,138.8,83.2,37.23,0.1%,0.0%,388.98
2015\K1\1X\02_03-2015_05_15-08_30-K1-1X.jpeg,OK,Clean image,2288,1712,133.9,138.3,78.8,40.14,0.2%,0.0%,383.58
2015\K1\1X\02_03-2015_05_16-10_00-K1-1X.jpeg,OK,Clean image,2288,1712,133.9,134.8,68.7,45.27,0.0%,0.0%,339.24
2015\K1\1X\02_03-2015_05_17-08_29-K1-1X.jpeg,OK,Clean image,2288,1712,139.3,136.0,70.5,46.34,0.1%,0.0%,351.09
2015\K1\1X\02_03-2015_05_19-08_00-K1-1X.jpeg,OK,Clean image,2288,1712,146.8,138.0,74.7,48.18,0.0%,0.0%,416.23
2015\K1\1X\02_03-2015_05_20-08_30-K1-1X.jpeg,OK,Clean image,2288,1712,150.9,140.0,77.2,49.30,0.1%,0.0%,363.45
2015\K1\1X\02_03-2015_05_21-09_00-K1-1X.jpeg,OK,Clean image,2288,1712,155.7,139.2,72.4,55.50,0.0%,0.0%,317.93
2015\K1\1X\02_03-2015_05_22-10_00-K1-1X.jpeg,OK,Clean image,2288,1712,132.8,119.6,70.7,41.44,0.0%,0.0%,217.19
2015\K1\1X\02_03-2015_05_23-10_28-K1-1X.jpeg,OK,Clean image,2288,1712,159.6,137.4,72.9,57.87,0.0%,0.0%,266.39
2015\K1\1X\02_03-2015_05_26-09_00-K1-1X.jpeg,OK,Clean image,2288,1712,149.1,135.3,112.0,25.14,0.0%,0.0%,310.03
2015\K1\1X\02_03-2015_05_27-10_00-K1-1X.jpeg,OK,Clean image,2288,1712,143.4,127.2,86.2,38.23,0.0%,0.0%,232.23
2015\K1\1X\02_03-2015_05_28-09_00-K1-1X.jpeg,OK,Clean image,2288,1712,142.4,134.1,128.3,10.94,0.0%,0.0%,250.52
2015\K1\1X\02_03-2015_05_31-10_25-K1-1X.jpeg,OK,Clean image,2288,1712,142.5,133.5,129.3,9.93,0.0%,0.0%,216.79
2015\K1\1X\02_03-2015_06_02-10_00-K1-1X.jpeg,OK,Clean image,2288,1712,167.0,136.8,84.0,55.34,0.0%,0.0%,225.36
2015\K1\1X\02_03-2015_06_03-10_29-K1-1X.jpeg,OK,Clean image,2288,1712,149.0,124.9,84.7,42.90,0.0%,0.0%,191.97
2015\K1\1X\02_03-2015_06_04-10_00-K1-1X.jpeg,OK,Clean image,2288,1712,151.2,133.3,109.1,28.15,0.0%,0.0%,190.57
2015\K1\1X\02_03-2015_06_05-10_30-K1-1X.jpeg,OK,Clean image,2288,1712,162.8,135.0,86.5,50.87,0.0%,0.0%,200.24
2015\K1\1X\02_03-2015_06_06-09_00-K1-1X.jpeg,OK,Clean image,2288,1712,150.1,128.7,92.4,38.58,0.0%,0.0%,219.37
2015\K1\1X\02_03-2015_06_08-10_00-K1-1X.jpeg,OK,Clean image,2288,1712,159.8,134.8,90.7,46.10,0.0%,0.0%,223.84
2015\K1\1X\02_03-2015_06_09-10_00-K1-1X.jpeg,OK,Clean image,2288,1712,149.0,134.8,117.2,21.27,0.0%,0.0%,220.77
2015\K1\1X\02_03-2015_06_10-10_00-K1-1X.jpeg,OK,Clean image,2288,1712,159.8,133.1,87.5,48.27,0.0%,0.0%,229.56
2015\K1\1X\02_03-2015_06_20-10_00-K1-1X.jpeg,OK,Clean image,2288,1712,155.0,133.1,93.2,41.23,0.0%,0.0%,501.24
2015\K1\1X\02_03-2015_07_02-11_53-K1-1X.jpeg,OK,Clean image,2288,1712,158.0,132.9,87.4,47.05,0.0%,0.0%,406.38
2015\K1\1X\02_03-2015_07_03-10_00-K1-1X.jpeg,OK,Clean image,2288,1712,156.2,133.7,89.3,44.67,0.0%,0.0%,423.84
2015\K1\1X\02_03-2015_07_04-08_02-K1-1X.jpeg,OK,Clean image,2288,1712,158.2,134.2,86.5,47.83,0.0%,0.0%,477.22
2015\K1\1X\02_03-2015_07_05-08_30-K1-1X.jpeg,OK,Clean image,2288,1712,157.8,134.6,88.6,46.23,0.0%,0.0%,468.32
2015\K1\1X\02_03-2015_07_07-10_00-K1-1X.jpeg,OK,Clean image,2288,1712,157.4,134.2,87.3,46.77,0.0%,0.0%,430.41
2015\K1\1X\02_03-2015_07_08-11_29-K1-1X.jpeg,OK,Clean image,2288,1712,149.6,129.5,87.0,41.77,0.0%,0.0%,427.89
2015\K1\1X\02_03-2015_07_10-10_00-K1-1X.jpeg,OK,Clean image,2288,1712,157.3,133.3,87.8,46.43,0.0%,0.0%,471.49
2015\K1\1X\02_03-2015_07_11-10_00-K1-1X.jpeg,OK,Clean image,2288,1712,157.0,133.2,87.2,46.57,0.0%,0.0%,445.82
2015\K1\1X\02_03-2015_07_12-10_00-K1-1X.jpeg,OK,Clean image,2288,1712,158.1,134.2,86.8,47.65,0.0%,0.0%,437.52
2015\K1\1X\02_03-2015_07_14-09_29-K1-1X.jpeg,OK,Clean image,2288,1712,156.3,132.1,85.2,47.51,0.0%,0.0%,458.34
2015\K1\1X\02_03-2015_07_15-10_00-K1-1X.jpeg,OK,Clean image,2288,1712,154.3,134.3,91.7,41.76,0.0%,0.0%,352.74
2015\K1\1X\02_03-2015_07_18-11_40-K1-1X.jpeg,OK,Clean image,2288,1712,143.7,124.8,83.8,39.98,0.0%,0.0%,457.59
2015\K1\1X\02_03-2015_07_19-10_00-K1-1X.jpeg,OK,Clean image,2288,1712,155.2,132.9,86.5,45.85,0.0%,0.0%,513.83
2015\K1\1X\02_03-2015_07_20-11_40-K1-1X.jpeg,OK,Clean image,2288,1712,152.9,130.5,83.0,46.63,0.0%,0.0%,396.43
2015\K1\1X\02_03-2015_07_21-09_30-K1-1X.jpeg,OK,Clean image,2288,1712,157.4,133.8,85.4,47.97,0.0%,0.0%,465.92
2015\K1\1X\02_03-2015_07_22-10_00-K1-1X.jpeg,OK,Clean image,2288,1712,157.2,133.4,84.8,48.21,0.0%,0.0%,453.05
2015\K1\1X\02_03-2015_07_23-11_55-K1-1X.jpeg,OK,Clean image,2288,1712,142.2,125.8,86.2,37.45,0.0%,0.0%,455.98
2015\K1\1X\02_03-2015_07_24-10_00-K1-1X.jpeg,OK,Clean image,2288,1712,158.5,133.9,83.7,49.91,0.0%,0.0%,423.38
2015\K1\1X\02_03-2015_07_25-11_14-K1-1X.jpeg,OK,Clean image,2288,1712,154.1,131.9,84.3,46.58,0.0%,0.0%,394.24
2015\K1\1X\02_03-2015_07_26-09_00-K1-1X.jpeg,OK,Clean image,2288,1712,155.3,133.8,88.4,44.73,0.0%,0.0%,543.98
2015\K1\1X\02_03-2015_07_27-09_00-K1-1X.jpeg,OK,Clean image,2288,1712,157.9,134.4,88.0,46.57,0.0%,0.0%,464.60
2015\K1\1X\02_03-2015_07_28-10_00-K1-1X.jpeg,OK,Clean image,2288,1712,157.4,133.8,88.0,46.26,0.0%,0.0%,421.17
2015\K1\1X\02_03-2015_07_29-10_42-K1-1X.jpeg,OK,Clean image,2288,1712,157.5,132.8,83.8,49.20,0.0%,0.0%,371.55
2015\K1\1X\02_03-2015_07_30-10_43-K1-1X.jpeg,OK,Clean image,2288,1712,154.1,133.8,90.1,42.75,0.0%,0.0%,337.30
2015\K1\1X\02_03-2015_07_31-10_45-K1-1X.jpeg,OK,Clean image,2288,1712,156.4,133.3,86.3,46.89,0.0%,0.0%,336.33
2015\K1\1X\02_03-2015_08_01-10_45-K1-1X.jpeg,OK,Clean image,2288,1712,122.8,122.1,113.6,11.35,0.1%,0.0%,290.20
2015\K1\1X\02_03-2015_08_02-10_00-K1-1X.jpeg,OK,Clean image,2288,1712,131.4,132.2,132.3,8.36,0.9%,0.0%,850.91
2015\K1\1X\02_03-2015_08_03-10_00-K1-1X.jpeg,OK,Clean image,2288,1712,132.4,132.9,133.0,8.54,1.1%,0.0%,892.63
2015\K1\1X\02_03-2015_08_04-10_00-K1-1X.jpeg,OK,Clean image,2288,1712,144.7,126.7,110.6,22.96,1.0%,0.0%,1074.92
2015\K1\1X\02_03-2015_08_05-10_00-K1-1X.jpeg,OK,Clean image,2288,1712,150.9,130.8,114.0,24.79,0.9%,0.0%,1104.28
2015\K1\1X\02_03-2015_08_06-10_00-K1-1X.jpeg,OK,Clean image,2288,1712,148.6,130.5,117.2,21.58,1.0%,0.0%,1374.37
2015\K1\1X\02_03-2015_08_07-09_30-K1-1X.jpeg,OK,Clean image,2288,1712,144.9,130.7,121.1,17.02,1.0%,0.0%,1270.54
2015\K1\1X\02_03-2015_08_08-10_00-K1-1X.jpeg,OK,Clean image,2288,1712,149.7,128.7,112.7,24.78,1.0%,0.0%,1288.43
2015\K1\1X\02_03-2015_08_10-10_00-K1-1X.jpeg,OK,Clean image,2288,1712,146.3,127.2,112.6,22.74,0.9%,0.0%,1299.37
2015\K1\1X\02_03-2015_08_11-10_00-K1-1X.jpeg,OK,Clean image,2288,1712,149.0,131.6,119.3,20.52,0.9%,0.0%,1339.86
2015\K1\1X\02_03-2015_08_12-10_06-K1-1X.jpeg,OK,Clean image,2288,1712,148.9,128.7,114.9,23.14,0.9%,0.0%,1361.97
2015\K1\1X\02_03-2015_08_13-10_06-K1-1X.jpeg,OK,Clean image,2288,1712,152.8,131.8,117.0,24.17,1.0%,0.0%,1441.76
2015\K1\1X\02_03-2015_08_14-10_07-K1-1X.jpeg,OK,Clean image,2288,1712,147.5,128.4,114.0,22.68,0.8%,0.0%,1278.78
2015\K1\1X\02_03-2015_08_15-10_08-K1-1X.jpeg,OK,Clean image,2288,1712,151.9,133.5,118.7,22.60,1.1%,0.0%,1007.00
2015\K1\1X\02_03-2015_08_16-10_14-K1-1X.jpeg,OK,Clean image,2288,1712,151.1,132.7,117.2,22.84,0.9%,0.0%,949.07
2015\K1\1X\02_03-2015_08_17-10_15-K1-1X.jpeg,OK,Clean image,2288,1712,145.6,127.6,113.4,22.00,1.4%,0.0%,942.56
2015\K1\1X\02_03-2015_08_18-10_16-K1-1X.jpeg,OK,Clean image,2288,1712,150.8,128.4,112.3,25.68,0.3%,0.0%,1290.52
2015\K1\1X\02_03-2015_08_19-10_17-K1-1X.jpeg,OK,Clean image,2288,1712,148.6,128.4,112.9,24.04,1.0%,0.0%,1060.98
2015\K1\1X\02_03-2015_08_20-10_18-K1-1X.jpeg,OK,Clean image,2288,1712,153.9,131.4,113.2,27.23,0.9%,0.0%,1327.78
2015\K1\1X\02_03-2015_08_22-10_00-K1-1X.jpeg,OK,Clean image,2288,1712,146.4,128.4,114.7,21.52,0.9%,0.0%,1206.35
2015\K1\1X\02_03-2015_08_23-09_00-K1-1X.jpeg,OK,Clean image,2288,1712,141.7,133.9,128.5,12.15,0.1%,0.0%,529.94
2015\K1\1X\02_03-2015_08_24-09_00-K1-1X.jpeg,OK,Clean image,2288,1712,140.6,133.7,129.8,12.03,0.7%,0.0%,945.63
2015\K1\1X\02_03-2015_08_25-09_30-K1-1X.jpeg,OK,Clean image,2288,1712,143.2,128.7,118.4,16.95,0.2%,0.0%,1051.09
2015\K1\1X\02_03-2015_08_27-10_03-K1-1X.jpeg,OK,Clean image,2288,1712,145.7,126.8,114.3,21.24,0.4%,0.0%,1519.47
2015\K1\1X\02_03-2015_08_28-10_00-K1-1X.jpeg,OK,Clean image,2288,1712,148.9,131.7,120.5,19.48,0.4%,0.0%,1464.48
2015\K1\1X\02_03-2015_08_30-10_00-K1-1X.jpeg,OK,Clean image,2288,1712,150.6,131.5,117.1,22.67,1.2%,0.0%,826.39
2015\K1\1X\02_03-2015_08_31-10_00-K1-1X.jpeg,OK,Clean image,2288,1712,149.8,130.9,117.3,21.85,0.3%,0.0%,1254.15
2015\K1\1X\02_03-2015_09_01-08_30-K1-1X.jpeg,OK,Clean image,2288,1712,138.3,134.9,133.9,9.51,0.8%,0.0%,933.72
2015\K1\1X\02_03-2015_09_02-10_00-K1-1X.jpeg,OK,Clean image,2288,1712,146.5,127.5,113.3,22.47,1.0%,0.0%,1057.09
2015\K1\1X\02_03-2015_09_03-10_16-K1-1X.jpeg,OK,Clean image,2288,1712,149.2,130.3,117.2,21.76,0.8%,0.0%,1406.66
2015\K1\1X\02_03-2015_09_04-10_17-K1-1X.jpeg,OK,Clean image,2288,1712,144.4,128.3,116.1,19.81,0.2%,0.0%,1040.99
2015\K1\1X\02_03-2015_09_05-10_30-K1-1X.jpeg,OK,Clean image,2288,1712,161.1,132.0,109.7,34.25,0.1%,0.0%,631.48
2015\K1\1X\02_03-2015_09_06-10_00-K1-1X.jpeg,OK,Clean image,2288,1712,149.9,130.3,114.5,23.75,0.7%,0.0%,986.98
2015\K1\1X\02_03-2015_09_07-11_22-K1-1X.jpeg,OK,Clean image,2288,1712,159.8,127.4,94.6,43.49,0.0%,0.0%,469.09
2015\K1\1X\02_03-2015_09_08-11_04-K1-1X.jpeg,OK,Clean image,2288,1712,155.6,129.4,104.9,33.80,0.5%,0.0%,806.66
2015\K1\1X\02_03-2015_09_09-11_05-K1-1X.jpeg,OK,Clean image,2288,1712,158.5,131.5,105.4,35.44,0.1%,0.0%,895.09
2015\K1\1X\02_03-2015_09_10-10_00-K1-1X.jpeg,OK,Clean image,2288,1712,155.5,131.6,105.6,33.27,0.7%,0.0%,503.03
2015\K1\1X\02_03-2015_09_12-10_00-K1-1X.jpeg,OK,Clean image,2288,1712,151.2,131.2,109.9,27.53,0.1%,0.0%,698.98
2015\K1\1X\02_03-2015_09_13-09_00-K1-1X.jpeg,OK,Clean image,2288,1712,135.0,132.3,130.2,7.45,0.0%,0.0%,540.13
2015\K1\1X\02_03-2015_09_14-09_00-K1-1X.jpeg,OK,Clean image,2288,1712,136.8,133.9,131.5,9.49,0.7%,0.0%,572.44
2015\K1\1X\02_03-2015_09_15-09_30-K1-1X.jpeg,OK,Clean image,2288,1712,142.1,133.2,127.0,11.91,0.3%,0.0%,812.50
2015\K1\1X\02_03-2015_09_16-10_00-K1-1X.jpeg,OK,Clean image,2288,1712,144.1,131.3,121.6,15.75,0.7%,0.0%,1103.01
2015\K1\1X\02_03-2015_09_17-10_00-K1-1X.jpeg,OK,Clean image,2288,1712,145.1,130.5,122.0,15.98,0.3%,0.0%,1275.61
2015\K1\1X\02_03-2015_09_19-10_00-K1-1X.jpeg,OK,Clean image,2288,1712,146.1,128.1,111.2,23.28,0.1%,0.0%,818.40
2015\K1\1X\02_03-2015_10_05-10_00-K1-1X.jpeg,OK,Clean image,2288,1712,138.8,126.9,121.9,13.08,0.2%,0.0%,934.95
2015\K1\1X\02_03-2015_10_15-09_08-K1-1X.jpeg,OK,Clean image,2288,1712,136.6,133.2,131.1,6.83,0.1%,0.0%,556.02
2015\K1\1X\02_03-2015_10_25-10_00-K1-1X.jpeg,OK,Clean image,2288,1712,145.9,123.3,109.5,24.32,0.1%,0.0%,657.00
2015\K1\1X\02_03-2015_10_26-10_00-K1-1X.jpeg,OK,Clean image,2288,1712,144.3,132.3,127.5,12.44,0.0%,0.0%,399.43
2015\K1\1X\02_03-2015_10_29-11_16-K1-1X.jpeg,OK,Clean image,2288,1712,157.1,132.7,127.9,20.16,0.0%,0.0%,554.03
2015\K1\1X\02_03-2015_11_02-10_00-K1-1X.jpeg,OK,Clean image,2288,1712,135.3,128.2,126.8,9.04,0.3%,0.0%,1105.61
2015\K1\1X\02_03-2015_11_03-10_00-K1-1X.jpeg,OK,Clean image,2288,1712,135.4,129.0,127.9,9.26,0.3%,0.0%,950.80
2015\K1\1X\02_03-2015_11_04-09_56-K1-1X.jpeg,OK,Clean image,2288,1712,138.4,133.5,133.5,8.44,0.3%,0.0%,1124.20
2015\K1\1X\02_03-2015_11_08-12_00-K1-1X.jpeg,OK,Clean image,2288,1712,162.6,128.2,101.0,41.07,0.2%,0.0%,1385.75
2015\K1\1X\02_03-2015_11_09-10_39-K1-1X.jpeg,OK,Clean image,2288,1712,161.7,129.5,107.7,36.03,0.1%,0.0%,752.30
2015\K1\1X\02_03-2015_11_10-10_00-K1-1X.jpeg,OK,Clean image,2288,1712,145.9,134.7,132.0,12.09,0.2%,0.0%,1198.49
2015\K1\1X\02_03-2015_11_14-10_55-K1-1X.jpeg,OK,Clean image,2288,1712,156.9,132.4,117.4,26.48,0.1%,0.0%,985.06
2015\K1\1X\02_03-2015_11_16-10_00-K1-1X.jpeg,OK,Clean image,2288,1712,142.1,127.9,118.4,16.30,0.0%,0.0%,508.79
2015\K1\1X\02_03-2015_11_17-10_36-K1-1X.jpeg,OK,Clean image,2288,1712,153.8,132.2,118.4,23.63,0.0%,0.0%,512.15
2015\K1\1X\02_03-2015_11_18-10_00-K1-1X.jpeg,OK,Clean image,2288,1712,137.0,127.7,124.3,10.41,0.0%,0.0%,167.68
2015\K1\1X\02_03-2015_11_19-10_00-K1-1X.jpeg,OK,Clean image,2288,1712,144.0,132.4,125.9,12.86,0.0%,0.0%,655.82
2015\K1\1X\02_03-2015_11_20-10_54-K1-1X.jpeg,OK,Clean image,2288,1712,153.3,131.5,116.5,24.79,0.1%,0.0%,717.30
2015\K1\1X\02_03-2015_11_21-10_00-K1-1X.jpeg,OK,Clean image,2288,1712,128.7,120.6,118.7,10.46,0.0%,0.0%,531.07
2015\K1\1X\02_03-2015_11_23-10_00-K1-1X.jpeg,OK,Clean image,2288,1712,146.2,136.4,130.9,12.15,0.0%,0.0%,388.56
2015\K1\1X\02_03-2015_11_27-10_00-K1-1X.jpeg,OK,Clean image,2288,1712,157.7,131.3,121.6,24.16,0.0%,0.0%,412.17
2015\K1\1X\02_03-2015_11_28-10_00-K1-1X.jpeg,OK,Clean image,2288,1712,144.7,133.8,129.6,11.37,0.0%,0.0%,415.12
2015\K1\1X\02_03-2015_11_29-09_00-K1-1X.jpeg,OK,Clean image,2288,1712,129.1,127.9,124.4,7.10,0.3%,0.0%,215.90
2015\K1\1X\02_03-2015_11_30-10_00-K1-1X.jpeg,OK,Clean image,2288,1712,154.5,134.5,130.2,17.38,0.0%,0.0%,347.03
2015\K1\1X\02_03-2015_12_01-10_00-K1-1X.jpeg,OK,Clean image,2288,1712,144.4,138.6,137.6,9.54,0.0%,0.0%,498.67
2015\K1\1X\02_03-2015_12_02-10_00-K1-1X.jpeg,OK,Clean image,2288,1712,141.3,136.2,136.7,9.02,0.1%,0.0%,620.74
2015\K1\1X\02_03-2015_12_03-10_00-K1-1X.jpeg,OK,Clean image,2288,1712,138.3,132.0,131.3,8.27,0.0%,0.0%,557.09
2015\K1\1X\02_03-2015_12_04-10_00-K1-1X.jpeg,OK,Clean image,2288,1712,141.8,133.9,132.2,9.63,0.1%,0.0%,669.47
2015\K1\1X\02_03-2015_12_05-10_19-K1-1X.jpeg,OK,Clean image,2288,1712,147.1,131.1,124.8,15.88,0.2%,0.0%,1172.15
2015\K1\1X\02_03-2015_12_06-10_21-K1-1X.jpeg,OK,Clean image,2288,1712,145.5,128.3,119.3,17.80,0.1%,0.0%,982.57
2015\K1\1X\02_03-2015_12_07-10_00-K1-1X.jpeg,OK,Clean image,2288,1712,139.8,127.3,121.3,13.61,0.0%,0.0%,712.89
2015\K1\1X\02_03-2015_12_09-10_00-K1-1X.jpeg,OK,Clean image,2288,1712,140.5,131.5,126.9,12.02,0.0%,0.0%,663.53
2015\K1\1X\02_03-2015_12_10-10_00-K1-1X.jpeg,OK,Clean image,2288,1712,139.6,127.0,120.3,13.41,0.1%,0.0%,735.21
2015\K1\1X\02_03-2015_12_11-10_00-K1-1X.jpeg,OK,Clean image,2288,1712,136.9,127.7,123.5,11.04,0.1%,0.0%,795.95
2015\K1\1X\02_03-2015_12_12-09_00-K1-1X.jpeg,OK,Clean image,2288,1712,136.7,134.0,132.5,6.63,0.0%,0.0%,476.57
2015\K1\1X\02_03-2015_12_13-10_00-K1-1X.jpeg,OK,Clean image,2288,1712,138.6,129.8,126.3,11.11,0.1%,0.0%,727.02
2015\K1\1X\02_03-2015_12_14-10_00-K1-1X.jpeg,OK,Clean image,2288,1712,130.5,122.8,121.6,7.70,0.0%,0.0%,111.42
2015\K1\1X\02_03-2015_12_15-10_00-K1-1X.jpeg,OK,Clean image,2288,1712,139.4,130.4,127.0,10.34,0.1%,0.0%,811.53
2015\K1\1X\02_03-2015_12_16-11_12-K1-1X.jpeg,OK,Clean image,2288,1712,154.6,131.8,114.1,27.04,0.0%,0.0%,263.64
2015\K1\1X\02_03-2015_12_17-10_02-K1-1X.jpeg,OK,Clean image,2288,1712,159.1,133.4,119.1,26.68,0.0%,0.0%,685.15
2015\K1\1X\02_03-2015_12_18-10_02-K1-1X.jpeg,OK,Clean image,2288,1712,137.2,131.4,127.0,9.93,0.0%,0.0%,468.16
2015\K1\1X\02_03-2015_12_19-10_01-K1-1X.jpeg,OK,Clean image,2288,1712,142.5,136.5,133.5,9.43,0.0%,0.0%,659.08
2015\K1\1X\02_03-2015_12_20-10_00-K1-1X.jpeg,OK,Clean image,2288,1712,140.0,135.2,132.7,8.87,0.0%,0.0%,602.70
2015\K1\1X\02_03-2015_12_21-10_00-K1-1X.jpeg,OK,Clean image,2288,1712,127.1,122.1,120.2,8.53,0.0%,0.0%,660.74
2015\K1\1X\02_03-2015_12_22-10_00-K1-1X.jpeg,OK,Clean image,2288,1712,141.1,134.0,130.5,9.53,0.1%,0.0%,831.10
2015\K1\1X\02_03-2015_12_23-10_33-K1-1X.jpeg,OK,Clean image,2288,1712,143.0,134.1,130.9,10.87,0.1%,0.0%,865.12
2015\K1\1X\02_03-2015_12_26-10_00-K1-1X.jpeg,OK,Clean image,2288,1712,148.9,136.2,124.9,16.19,0.0%,0.0%,649.18
2015\K1\1X\02_03-2015_12_28-10_00-K1-1X.jpeg,OK,Clean image,2288,1712,126.5,121.7,119.7,9.06,0.0%,0.0%,656.81
2015\K1\1X\02_03-2015_12_29-10_00-K1-1X.jpeg,OK,Clean image,2288,1712,143.6,116.1,104.7,25.91,0.0%,0.0%,437.16
2015\K1\1X\02_03-2015_12_30-10_00-K1-1X.jpeg,OK,Clean image,2288,1712,141.4,134.2,129.9,10.12,0.0%,0.0%,618.33
2015\K1\1X\02_03-2015_12_31-09_30-K1-1X.jpeg,OK,Clean image,2288,1712,142.5,115.6,106.9,23.79,0.0%,0.0%,522.79
